1,1,1,1,1,1,1,1,1,1,1,1,1,1,1,1,1,1,1,1,1,1,1,1,1,1,1,1,1,1,1,1,1,1,1,1,1,1,1,1,1,1,1,1,1,1,1,1,1,1,1,1,1,1,1,1,1,1,1,1,1,1,1,0,0,0,0,0,0,0,0,0,0,0,0,0,0,0,0,0,0,0,0,0,0,0,0,0,0,0,0,0,0,0,0,0,0,0,0,0,0,0,0,0,0,0,0,0,0,0,0,0,0,0,0,0,0,0,0,0,0,0,0,0,0,0,0,0,0,0,0,0,0,0,1,1,1,1,1,1,1,1,1,1,1,1,1,1,1,1,1,1,1,1,1,1,1,1,1,1,1,1,1,1,1,1,1,1,1,1,1,1,1,1,1,1,1,1,1,1,1,1,1,1,1,1,1,1,1,1,1,1,1,1,1,1,1,1,1,1,1,1,1,1,1,1,1,1,1,1,1,1,1,1,1,1,1,1,1,1,1,1,1,1,1,1,1,1,1,1,1,1,1,1,1,1,1,1,1,1,1,1,1,1,1,1,1,1,1,1,1,1,1,1,1,1,1,1,1,1,1,1,1,0,0,0,0,0,0,0,0,0,0,0,0,0,0,0,0,0,0,0,0,0,0,0,0,0,0,0,0,0,0,0,0,0,0,0,0,0,0,0,0,0,0,0,0,0,0,0,0,0,0,0,0,0,0,0,0,0,0,0,0,0,0,0,0,0,0,0,0,0,0,0,1,1,1,1,1,1,1,1,1,1,1,1,1,1,1,1,1,1,1,1,1,1,1,1,1,1,1,1,1,1,1,1,1,1,1,1,1,1,1,1,1,1,1,1,1,1,1,1,1,1,1,1,1,1,1,1,1,1,1,1,1,1,1,1,1,1
1,1,1,1,1,1,1,1,1,1,1,1,1,1,1,1,1,1,1,1,1,1,1,1,1,1,1,1,1,1,1,1,1,1,1,1,1,1,1,1,1,1,1,1,1,1,1,1,1,1,1,1,1,1,1,1,1,1,1,1,1,1,1,0,0,0,0,0,0,0,0,0,0,0,0,0,0,0,0,0,0,0,0,0,0,0,0,0,0,0,0,0,1,1,1,1,1,1,1,1,1,1,1,1,1,1,1,1,1,1,1,1,1,1,1,1,1,1,1,1,1,1,1,1,1,1,1,1,1,1,1,1,1,1,1,1,1,1,1,1,1,1,1,1,1,1,1,1,1,1,1,1,1,1,1,1,1,1,1,1,1,1,1,1,1,1,1,1,1,1,1,1,1,1,1,1,1,1,1,1,1,1,1,1,1,1,1,1,1,1,1,1,1,1,1,1,1,1,1,1,1,1,1,1,1,1,1,1,1,1,1,1,1,1,1,1,1,1,1,1,1,1,1,1,1,1,1,1,1,1,1,1,1,1,1,1,1,1,1,1,1,1,1,1,1,1,1,1,1,1,1,1,1,1,1,1,1,1,1,1,1,1,1,0,0,0,0,0,0,0,0,0,0,0,0,0,0,0,0,0,0,0,0,0,0,0,0,0,0,0,0,0,1,1,1,1,1,1,1,1,1,1,1,1,1,1,1,1,1,1,1,1,1,1,1,1,1,1,1,1,1,1,1,1,1,1,1,1,1,1,1,1,1,1,1,1,1,1,1,1,1,1,1,1,1,1,1,1,1,1,1,1,1,1,1,1,1,1,1,1,1,1,1,1,1,1,1,1,1,1,1,1,1,1,1,1,1,1,1,1,1,1,1,1,1,1,1,1,1,1,1,1,1,1,1,1,1,1,1,1
1,1,1,1,1,1,1,1,1,1,1,1,1,1,1,1,1,1,1,1,1,1,1,1,1,1,1,1,1,1,1,1,1,1,1,1,1,1,1,1,1,1,1,1,1,1,1,1,1,1,1,1,1,1,1,1,1,1,1,1,1,1,1,1,1,1,1,1,1,1,1,1,1,1,1,1,1,1,1,1,1,1,1,1,1,1,1,1,1,1,1,1,1,1,1,1,1,1,1,1,1,1,1,1,1,1,1,1,1,1,1,1,1,1,1,1,1,1,1,1,1,1,1,1,1,1,1,1,1,1,1,1,1,1,1,1,1,1,1,1,1,1,1,1,1,1,1,1,1,1,1,1,1,1,1,1,1,1,1,1,1,1,1,1,1,1,1,1,1,1,1,1,1,1,1,1,1,1,1,1,1,1,1,1,1,1,1,1,1,1,1,1,1,1,1,1,1,1,1,1,1,1,1,1,1,1,1,1,1,1,1,1,1,1,1,1,1,1,1,1,1,1,1,1,1,1,1,1,1,1,1,1,1,1,1,1,1,1,1,1,1,1,1,1,1,1,1,1,1,1,1,1,1,1,1,1,1,1,1,1,1,1,1,1,1,1,1,1,1,1,1,1,1,1,1,1,1,1,1,1,1,1,1,1,1,1,1,1,1,1,1,1,1,1,1,1,1,1,1,1,1,1,1,1,1,1,1,1,1,1,1,1,1,1,1,1,1,1,1,1,1,1,1,1,1,1,1,1,1,1,1,1,1,1,1,1,1,1,1,1,1,1,1,1,1,1,1,1,1,1,1,1,1,1,1,1,1,1,1,1,1,1,1,1,1,1,1,1,1,1,1,1,1,1,1,1,1,1,1,1,1,1,1,1,1,1,1,1,1,1,1,1,1,1,1,1,1,1,1,1
2,2,2,2,2,2,2,2,2,2,2,2,2,2,2,2,2,2,2,2,2,2,2,2,2,2,2,2,2,2,2,2,2,2,2,2,2,2,2,2,2,2,2,2,2,2,2,2,2,2,2,2,2,2,2,2,1,1,1,1,1,1,1,1,1,1,1,1,1,1,1,1,1,1,1,1,1,1,1,1,1,1,1,1,1,1,1,1,1,1,1,1,1,1,1,1,1,1,1,1,1,1,1,1,1,1,1,1,1,1,1,1,1,1,1,1,1,1,1,1,1,1,1,1,1,1,1,1,1,1,1,1,1,1,1,1,1,1,1,1,1,1,1,1,1,1,1,1,1,1,1,1,1,1,1,1,1,1,1,1,1,1,1,1,1,1,1,1,1,1,1,2,2,2,2,2,2,2,2,2,2,2,2,2,2,2,2,2,2,2,2,2,2,2,2,2,2,2,2,2,2,2,2,2,2,2,2,2,2,2,2,2,2,2,2,2,2,2,2,2,2,2,2,2,2,2,2,2,2,2,2,2,2,2,2,2,2,2,2,2,2,2,2,2,2,2,2,2,2,2,2,2,2,2,2,2,2,1,1,1,1,1,1,1,1,1,1,1,1,1,1,1,1,1,1,1,1,1,1,1,1,1,1,1,1,1,1,1,1,1,1,1,1,1,1,1,1,1,1,1,1,1,1,1,1,1,1,1,1,1,1,1,1,1,1,1,1,1,1,1,1,1,1,1,1,1,1,1,1,1,1,1,1,1,1,1,1,1,1,1,1,1,1,1,1,1,1,1,1,1,1,1,1,1,1,1,1,1,1,1,1,1,1,1,1,1,1,1,1,1,1,2,2,2,2,2,2,2,2,2,2,2,2,2,2,2,2,2,2,2,2,2,2,2,2,2,2,2,2,2
3,3,3,3,3,3,3,3,3,3,3,3,3,3,3,3,3,3,3,3,3,3,3,3,3,3,3,3,3,3,3,3,3,3,3,3,3,3,3,3,3,3,3,3,3,3,3,3,3,3,3,3,3,3,3,3,3,2,2,2,2,2,3,1,1,1,1,1,1,1,1,1,1,1,1,1,1,1,1,1,1,1,1,1,1,1,1,1,1,1,1,1,1,1,1,1,1,1,1,1,1,1,1,1,1,1,1,1,1,1,1,2,2,2,2,2,2,2,2,2,2,2,2,2,2,2,2,2,2,2,2,2,2,2,2,2,2,2,2,2,2,2,2,2,2,2,2,2,2,2,2,2,2,2,2,2,2,2,2,3,3,3,3,3,3,3,3,3,3,3,3,3,3,3,3,3,3,3,3,3,3,3,3,3,3,3,3,3,3,3,3,3,3,3,3,3,3,3,3,3,3,3,3,3,3,3,3,3,3,3,3,3,3,3,3,3,3,3,3,3,3,3,3,3,3,3,3,3,3,3,3,3,3,3,3,3,3,3,3,3,3,3,3,3,3,3,3,3,3,3,3,3,3,4,4,4,3,3,3,3,3,3,3,1,1,1,1,1,1,1,1,1,1,1,1,1,1,1,1,1,1,1,1,1,1,1,1,1,1,1,1,1,1,1,1,1,1,1,1,1,1,1,1,1,1,1,1,1,1,1,1,2,2,2,2,2,2,2,2,2,2,2,2,2,2,2,2,2,2,2,2,2,2,2,2,2,2,2,2,2,2,2,2,2,2,2,2,2,2,2,2,2,2,2,2,2,2,2,2,3,3,3,3,3,3,3,3,3,3,3,3,3,3,3,3,3,3,3,3,3,3,3,3,3,3,3,3,3,3,3,3,3,3,3,3,3,3,3,3,3
5,5,5,5,5,5,5,5,5,5,5,5,5,5,5,5,5,5,5,5,5,5,5,5,5,5,5,5,5,5,5,5,5,5,5,5,5,5,5,5,5,5,5,5,5,5,5,6,6,6,6,6,6,6,6,6,5,4,4,4,4,4,4,2,2,2,1,1,2,1,1,1,2,2,2,2,2,2,2,2,2,2,2,2,2,2,2,2,2,2,2,2,2,2,2,2,2,2,2,2,2,2,2,2,2,2,2,2,2,3,3,3,3,3,3,3,3,3,3,3,3,3,3,3,3,3,3,3,3,3,3,4,4,4,4,4,4,4,4,4,4,4,4,4,4,4,4,4,4,4,4,4,4,4,4,4,4,4,4,4,4,4,4,4,4,4,4,4,4,4,4,5,5,5,5,5,5,5,5,5,5,5,5,5,5,5,5,5,5,5,5,5,5,5,5,5,5,5,5,5,5,5,5,5,5,5,5,5,5,5,5,5,5,5,5,5,5,5,5,5,5,5,5,5,5,5,5,5,5,5,5,5,5,5,5,5,5,5,5,5,5,5,5,5,5,5,5,6,6,6,6,6,6,6,6,6,5,4,4,4,4,4,4,2,2,2,1,1,2,1,1,1,2,2,2,2,2,2,2,2,2,2,2,2,2,2,2,2,2,2,2,2,2,2,2,2,2,2,2,2,2,2,2,2,2,2,2,2,2,3,3,3,3,3,3,3,3,3,3,3,3,3,3,3,3,3,3,3,3,3,3,4,4,4,4,4,4,4,4,4,4,4,4,4,4,4,4,4,4,4,4,4,4,4,4,4,4,4,4,4,4,4,4,4,4,4,4,4,4,4,4,5,5,5,5,5,5,5,5,5,5,5,5,5,5,5,5,5,5,5,5,5,5,5,5,5,5,5,5,5
8,8,8,8,8,8,8,8,8,8,8,8,8,8,8,8,8,8,8,8,8,8,8,8,8,8,8,8,8,8,8,8,8,8,8,8,8,8,9,9,9,9,9,9,9,9,9,9,9,9,9,9,9,9,9,9,7,7,7,7,7,7,7,3,3,2,2,2,2,2,2,2,2,3,3,3,3,3,3,3,3,3,3,3,3,3,3,3,3,3,3,3,3,3,4,4,4,4,4,4,4,4,4,4,4,4,4,4,4,4,4,4,4,4,4,4,4,4,5,5,5,5,5,5,5,5,5,5,5,5,6,6,6,6,6,6,6,6,6,6,6,6,6,6,6,6,6,6,6,6,6,6,7,7,7,7,7,7,7,7,7,7,7,7,7,7,7,7,7,7,7,7,7,8,8,8,8,8,8,8,8,8,8,8,8,8,8,8,8,8,8,8,8,8,8,8,8,8,8,8,8,8,8,8,8,8,8,8,8,8,8,8,8,8,8,8,8,8,8,8,8,8,8,8,8,8,8,8,8,8,8,8,8,9,9,9,9,9,9,9,9,9,9,9,9,9,9,9,9,9,9,9,9,10,10,10,8,7,7,7,7,7,7,3,3,2,2,2,2,2,2,2,2,3,3,3,3,3,3,3,3,3,3,3,3,3,3,3,3,3,3,3,3,3,4,4,4,4,4,4,4,4,4,4,4,4,4,4,4,4,4,4,4,4,4,4,4,4,5,5,5,5,5,5,5,5,5,5,5,5,6,6,6,6,6,6,6,6,6,6,6,6,6,6,6,6,6,6,6,6,6,6,7,7,7,7,7,7,7,7,7,7,7,7,7,7,7,7,7,7,7,7,7,7,8,8,8,8,8,8,8,8,8,8,8,8,8,8,8,8,8,8,8,8,8,8,8,8,8,8
12,12,12,12,12,12,12,12,12,12,12,12,12,12,12,12,12,12,12,12,12,12,12,12,12,12,12,12,12,12,13,13,13,13,13,13,13,13,13,13,13,13,13,13,13,13,13,14,14,14,14,14,14,14,14,14,11,10,10,10,10,10,10,5,4,4,4,4,4,4,4,4,4,4,4,4,4,4,4,4,4,4,4,4,4,4,4,5,5,5,5,5,5,5,6,6,6,6,6,6,6,6,6,6,6,6,6,6,7,7,7,7,7,7,7,7,7,7,7,7,7,7,7,7,7,7,7,8,8,8,9,9,9,9,9,9,9,9,9,9,10,10,9,10,9,10,10,10,10,10,10,10,10,10,10,10,10,10,10,10,10,10,10,10,10,11,11,11,11,11,11,11,11,11,11,11,11,11,11,11,11,11,11,11,11,11,11,11,11,11,11,12,12,12,12,12,12,12,12,12,12,12,12,12,12,12,12,12,12,12,12,12,12,12,12,12,12,12,12,12,12,12,12,12,12,13,13,13,13,13,13,13,13,13,13,13,13,13,13,13,13,13,13,13,13,13,14,14,14,14,14,14,14,14,15,15,12,11,10,10,10,10,11,5,4,4,4,4,4,4,4,4,4,4,4,4,4,4,4,4,4,4,4,4,4,4,4,5,5,5,5,5,5,5,6,6,6,6,6,6,6,6,6,6,6,6,6,6,7,7,7,7,7,7,7,7,7,7,7,7,7,7,7,7,7,7,7,8,8,8,9,9,9,9,9,9,9,9,10,9,9,10,9,10,10,9,10,10,10,10,10,10,10,10,10,10,10,10,10,10,10,10,10,10,10,10,11,11,11,11,11,11,11,11,11,11,11,11,11,11,11,11,11,11,11,11,11,11,11,11,11,11,12,12,12,12,12,12,12,12
17,17,17,17,17,17,17,17,17,17,17,17,17,17,17,17,17,17,17,17,17,17,17,17,17,17,18,18,18,18,18,18,18,18,18,18,18,18,18,19,19,19,19,19,19,19,20,20,20,20,20,20,20,20,21,21,17,15,15,15,15,15,15,7,6,6,6,6,6,6,6,6,6,6,6,6,6,6,6,6,6,7,7,7,7,7,7,7,7,7,7,8,8,8,8,9,9,9,9,9,9,9,9,9,9,9,10,10,10,10,10,10,10,10,10,11,11,11,11,11,11,11,11,11,11,11,11,11,12,12,13,13,13,14,14,14,14,14,14,14,14,14,14,14,14,14,14,14,14,14,14,14,14,15,15,15,15,15,15,15,15,15,15,15,15,15,15,15,15,16,16,16,16,16,16,16,16,16,16,16,16,16,16,16,16,16,16,16,16,16,16,16,17,17,17,17,17,17,17,17,17,17,17,17,17,17,17,17,17,17,17,17,17,17,17,17,17,17,17,18,18,18,18,18,18,18,18,18,18,18,18,18,18,18,18,18,18,19,19,19,19,19,19,19,19,19,20,20,20,20,20,21,21,21,21,22,17,16,15,15,15,15,15,7,6,6,6,6,6,6,6,6,6,6,6,6,6,6,6,6,6,7,7,7,7,7,7,7,7,7,7,8,8,8,8,9,9,9,9,9,9,9,9,9,9,9,10,10,10,10,10,10,10,10,10,11,11,11,11,11,11,11,11,11,11,11,11,11,12,12,13,13,13,14,14,14,14,14,14,14,14,14,14,14,14,14,14,14,14,14,14,14,14,15,15,15,15,15,15,15,15,15,15,15,15,15,15,15,15,16,16,16,16,16,16,16,16,16,16,16,16,16,16,16,16,16,16,16,16,16,16,16,17,17,17,17,17,17,17,17
23,23,23,23,23,23,23,23,23,23,23,23,23,23,23,23,23,23,23,23,23,23,23,23,23,23,23,23,24,24,24,24,24,24,24,24,25,25,25,25,25,26,26,26,26,27,27,27,27,28,28,28,28,28,28,29,24,22,21,21,21,21,21,11,8,8,8,8,8,8,8,8,8,8,8,9,9,9,9,9,9,9,9,9,10,10,10,10,10,10,11,11,11,12,12,12,12,13,13,13,13,13,13,13,13,13,14,14,14,14,14,14,14,15,15,15,15,15,15,15,15,15,15,15,15,15,16,16,17,17,18,18,18,19,19,19,19,19,19,19,19,19,19,19,19,19,19,19,19,19,19,19,20,20,20,20,20,20,20,20,21,21,21,21,21,21,21,21,21,21,21,21,21,22,22,22,22,22,22,22,22,22,22,22,22,22,22,22,22,22,22,22,22,22,22,22,23,23,23,23,23,23,23,23,23,23,23,23,23,23,23,23,23,23,23,23,23,23,23,23,23,23,23,23,24,24,24,24,24,24,24,24,24,24,25,25,25,25,25,26,26,26,26,26,26,27,27,27,28,28,28,28,29,29,29,30,24,22,21,21,21,21,21,11,8,8,8,8,8,8,8,8,8,8,8,9,9,9,9,9,9,9,9,9,10,10,10,10,10,10,11,11,11,12,12,12,12,13,13,13,13,13,13,13,13,13,14,14,14,14,14,14,15,15,15,15,15,15,15,15,15,15,15,15,15,15,16,16,17,17,18,18,18,19,19,19,19,19,19,19,19,19,19,19,19,19,19,19,19,19,19,19,20,20,20,20,20,20,20,21,21,21,21,21,21,21,21,21,21,21,21,21,21,22,22,22,22,22,22,22,22,22,22,22,22,22,22,22,22,22,22,22,22,22,22,22,23,23,23,23
28,28,28,28,28,28,28,28,28,28,28,28,28,28,28,28,29,29,29,29,29,29,29,29,29,29,30,30,30,30,30,31,31,31,31,31,32,32,32,32,33,33,34,34,34,35,35,35,36,36,36,36,37,37,37,38,32,29,28,27,27,27,28,15,12,11,11,11,11,11,11,11,11,11,12,12,12,12,12,12,13,13,13,13,13,13,13,14,14,14,14,15,15,16,16,17,17,17,17,17,17,18,18,18,18,18,18,18,19,19,19,19,19,20,20,20,20,20,20,20,20,20,20,20,20,21,21,21,22,22,23,23,24,24,24,24,24,24,24,24,24,24,24,24,24,24,24,24,25,25,25,25,25,25,26,26,26,26,26,26,26,26,26,26,26,26,26,26,27,27,27,27,27,27,27,27,27,27,27,27,27,27,27,27,27,27,27,27,27,27,27,27,28,28,28,28,28,28,28,28,28,28,29,28,29,28,29,29,29,29,29,29,29,29,29,29,29,29,29,29,29,29,29,29,30,30,30,30,30,30,31,31,31,31,32,32,32,32,33,33,33,34,34,34,34,35,35,36,36,36,37,37,37,38,38,39,33,30,29,28,28,28,28,15,12,11,11,11,11,11,11,11,11,11,12,12,12,12,12,12,13,13,13,13,13,13,13,14,14,14,14,15,15,16,16,17,17,17,17,17,17,18,18,18,18,18,18,18,19,19,19,19,19,20,20,20,20,20,20,20,20,20,20,20,20,21,21,21,22,22,23,23,24,24,24,24,24,24,24,24,24,24,24,24,24,24,24,24,25,25,25,25,25,25,26,26,26,26,26,26,26,26,26,26,26,26,26,26,27,27,27,27,27,27,27,27,27,27,27,27,27,27,27,27,27,27,27,27,27,27,27,27,28,28,28,28,28,28,28,28
33,33,33,33,33,33,33,33,33,33,33,33,33,33,34,34,34,34,34,34,34,34,34,34,35,35,35,36,36,36,37,37,37,37,38,38,38,39,39,40,40,41,41,42,42,43,44,44,45,45,45,46,46,46,47,48,41,37,35,35,35,35,35,20,15,14,14,14,14,14,14,14,14,15,15,15,16,16,16,16,16,16,17,17,17,17,17,18,18,18,19,19,20,20,21,21,22,22,22,22,22,22,23,23,23,23,23,24,24,24,24,24,25,25,25,25,26,26,26,26,26,26,26,26,26,26,26,27,27,28,28,29,29,29,30,30,30,30,30,30,30,30,30,30,30,30,30,30,30,30,30,30,31,31,31,31,31,32,32,32,32,32,32,32,32,32,32,32,32,32,32,32,32,32,32,32,32,32,32,32,33,32,33,33,33,32,33,32,33,33,33,33,33,33,33,33,33,33,33,33,33,33,33,33,33,33,33,33,34,34,34,34,34,34,34,34,34,34,34,34,34,35,35,35,35,35,36,36,36,36,37,37,37,38,38,39,39,40,40,40,41,41,42,42,43,43,44,45,45,46,46,46,47,48,48,49,42,38,36,36,35,35,36,20,15,14,14,14,14,14,14,14,14,15,15,15,16,16,16,16,16,16,17,17,17,17,17,18,18,18,19,19,20,20,21,21,22,22,22,22,22,22,23,23,23,23,23,24,24,24,24,25,25,25,25,25,26,26,26,26,26,26,26,26,26,26,26,27,27,28,28,29,29,29,30,30,30,30,30,30,30,30,30,30,30,30,30,30,30,30,30,30,31,31,31,31,31,32,32,32,32,32,32,32,32,32,32,32,32,32,32,32,32,32,32,33,32,33,32,33,32,32,32,33,32,32,32,33,32,33,33,33,33,33,33,33,33,33,33,33
36,36,36,36,36,36,36,36,36,36,36,37,37,37,37,37,37,38,38,38,38,39,39,39,39,40,40,41,41,42,42,43,43,44,44,45,45,46,46,47,48,48,49,50,51,52,52,53,54,54,54,55,55,56,57,58,51,46,44,43,42,42,43,25,20,18,18,18,18,18,17,18,18,18,19,19,19,19,20,20,20,20,21,21,21,21,22,22,22,23,23,24,24,25,25,26,26,27,27,27,27,27,27,28,28,28,28,28,29,29,29,29,30,30,30,30,30,31,31,31,31,31,31,31,31,31,31,32,32,32,33,33,33,34,34,34,34,34,34,34,34,34,34,34,34,34,34,34,34,34,34,34,35,35,35,35,35,35,35,36,36,36,36,36,36,36,36,36,36,36,36,36,36,36,36,36,36,36,36,36,36,36,36,36,36,36,36,36,36,36,36,36,36,36,36,36,36,36,36,36,36,36,36,36,36,36,36,36,37,37,37,37,37,37,37,38,38,38,38,38,39,39,39,40,40,40,41,41,42,42,42,43,43,44,45,45,46,46,47,48,48,49,50,50,51,52,53,53,54,55,55,56,57,57,58,60,52,47,45,44,43,43,44,25,20,18,18,18,18,18,17,18,18,18,19,19,19,20,20,20,20,20,21,21,21,21,22,22,22,23,23,24,24,25,25,26,26,27,27,27,27,27,27,28,28,28,28,28,29,29,29,29,30,30,30,30,30,31,31,31,31,31,31,31,31,31,31,32,32,32,33,33,33,34,34,34,34,34,34,34,34,34,34,34,34,34,34,34,34,34,34,34,34,35,35,35,35,35,36,36,36,36,36,36,36,36,36,36,36,36,36,36,36,36,36,36,36,36,36,36,36,36,36,36,36,36,36,36,36,36,36,36,36,36,36,36,36,36,36,36
37,37,37,37,37,38,38,38,38,38,38,38,39,39,39,39,40,40,40,41,41,42,42,43,43,44,44,45,46,46,47,48,48,49,50,50,51,52,53,53,54,55,56,57,58,59,60,61,62,63,63,64,64,65,66,67,60,55,52,51,50,50,51,31,24,22,21,21,21,21,21,21,21,22,22,23,23,23,23,24,24,24,25,25,25,25,26,26,26,27,27,28,28,29,30,30,30,31,31,31,31,31,32,32,32,32,32,33,33,33,33,33,34,34,34,34,34,34,35,35,35,35,35,35,35,35,35,35,35,36,36,36,36,36,37,37,37,37,37,37,37,37,37,37,37,37,37,37,37,37,37,37,37,37,38,38,38,38,38,38,38,38,38,38,38,38,38,38,38,38,38,38,38,38,38,38,38,38,38,38,38,38,38,38,38,38,38,38,38,38,38,38,38,38,38,38,38,38,38,38,38,38,38,38,38,38,38,38,38,38,39,39,39,39,40,40,40,40,41,41,42,42,43,43,44,44,45,45,46,47,47,48,49,49,50,51,52,53,53,54,55,56,57,58,59,60,61,62,63,63,64,65,66,67,68,69,62,56,53,52,51,51,52,31,24,22,21,21,21,21,21,21,21,22,22,23,23,23,23,24,24,24,25,25,25,25,26,26,26,27,27,28,28,29,30,30,30,31,31,31,31,31,32,32,32,32,32,33,33,33,33,33,34,34,34,34,34,34,35,35,35,35,35,35,35,35,35,35,35,36,36,36,36,36,37,37,37,37,37,37,37,37,37,37,37,37,37,37,37,37,37,37,37,37,38,38,38,38,38,38,38,38,38,38,38,38,38,38,38,38,38,38,38,38,38,38,38,38,38,38,38,38,38,38,38,38,38,38,38,38,38,38,38,38,38,38,38,38,38,38
36,36,36,36,37,37,37,37,37,38,38,38,39,39,40,40,41,41,42,42,43,43,44,45,45,46,47,48,49,50,51,52,52,53,54,55,55,57,58,59,60,61,62,63,65,66,67,68,69,70,70,71,72,73,74,75,69,63,60,58,58,57,58,37,28,25,25,24,24,24,24,24,24,25,25,26,26,26,27,27,27,27,28,28,28,29,29,29,30,30,30,31,32,32,33,33,33,34,34,34,34,34,34,34,35,35,35,35,35,35,35,35,36,36,36,36,37,37,37,37,37,37,37,37,37,37,37,37,37,37,37,37,37,37,37,37,37,37,37,37,37,37,37,37,37,37,37,37,37,37,37,37,38,38,38,38,38,38,38,38,38,38,38,38,38,38,38,38,38,38,38,37,37,37,37,37,37,37,37,37,37,37,37,37,37,37,37,37,37,37,37,37,37,37,37,37,37,37,37,36,37,37,37,37,37,37,37,38,38,38,38,39,39,40,40,40,41,41,42,43,43,44,44,45,46,47,48,48,49,50,51,52,53,54,54,56,56,58,59,60,61,62,63,64,65,66,67,68,70,70,71,72,73,75,76,78,70,64,61,59,59,59,59,37,28,25,25,24,24,24,24,24,24,25,25,26,26,26,27,27,27,27,28,28,28,29,29,29,30,30,30,31,32,32,33,33,33,34,34,34,34,34,34,34,35,35,35,35,35,35,35,35,36,36,36,36,37,37,37,37,37,37,37,37,37,37,37,37,37,37,37,37,37,37,37,37,37,37,37,37,37,37,37,37,37,37,37,37,37,37,37,37,37,38,38,38,38,38,38,38,38,38,38,38,38,38,38,38,38,38,38,37,37,37,37,37,37,37,37,37,37,37,37,37,37,37,37,37,37,37,37,37,37,37,37,37,37,37,37,36
34,34,34,34,34,34,35,35,36,36,37,37,38,38,39,40,40,41,42,42,43,44,45,46,47,48,49,50,51,52,53,54,55,56,57,58,59,60,62,63,64,66,67,68,70,71,73,74,75,76,76,77,78,79,81,82,77,70,67,65,64,64,64,43,33,29,28,27,27,27,26,27,27,27,28,28,29,29,29,29,30,30,30,31,31,31,31,32,32,32,33,33,34,34,34,35,35,35,35,35,35,36,36,36,36,36,36,36,36,36,36,36,36,36,37,37,37,37,37,37,37,37,37,37,37,37,37,37,37,37,36,36,36,36,36,36,36,36,36,36,36,36,36,36,36,36,36,36,36,36,36,36,36,36,36,36,36,36,36,36,36,36,36,36,36,36,36,36,36,35,35,35,35,35,35,35,35,35,35,35,35,35,35,35,35,35,35,35,35,35,35,34,34,34,34,34,34,34,34,34,34,34,34,34,35,35,35,36,36,36,37,37,38,39,39,40,41,41,42,43,44,44,45,46,47,48,49,51,52,53,54,55,56,57,58,59,60,61,63,64,65,66,67,69,70,71,73,74,75,76,77,79,80,82,83,85,78,72,68,66,66,65,66,43,33,29,28,27,27,27,26,27,27,27,28,28,29,29,29,29,30,30,30,31,31,31,31,32,32,32,33,33,34,34,34,35,35,35,35,35,35,36,36,36,36,36,36,36,36,36,36,36,36,36,37,37,37,37,37,37,37,37,37,37,37,37,37,37,37,36,36,36,36,36,36,36,36,36,36,36,36,36,36,36,36,36,36,36,36,36,36,36,36,36,36,36,36,36,36,36,36,36,36,36,36,36,36,36,36,35,35,35,35,35,35,35,35,35,35,35,35,35,35,35,35,35,35,35,35,35,35,34,34,34,34,34,34,34,34,34
30,30,30,31,31,31,32,33,33,34,34,35,36,37,38,39,40,40,41,42,43,44,45,46,48,49,50,52,53,54,55,56,57,58,60,61,62,63,64,66,67,69,70,72,74,75,77,78,79,80,81,82,83,84,86,88,83,77,72,71,69,69,69,49,36,32,30,30,30,29,28,28,29,29,30,30,30,30,31,31,31,31,32,32,32,32,32,33,33,33,33,34,34,34,34,35,35,35,35,35,35,35,35,35,35,35,35,35,35,35,35,35,35,35,35,35,35,35,35,35,35,35,35,35,35,35,35,34,34,34,34,33,33,33,33,32,32,32,32,32,32,32,32,32,32,32,32,32,32,32,32,32,32,32,32,32,32,32,32,32,32,32,32,32,32,32,32,32,32,31,31,31,31,31,30,30,30,30,30,30,30,30,30,30,30,30,30,30,30,30,30,30,30,30,30,30,30,30,30,30,30,30,31,31,31,32,32,33,34,34,35,35,36,37,38,39,40,41,42,43,44,45,46,47,48,50,51,52,53,54,56,57,58,59,60,62,63,64,65,67,68,69,71,72,74,75,77,78,80,81,82,83,85,87,88,91,85,78,74,72,71,71,71,49,36,32,30,30,30,29,28,28,29,29,30,30,30,30,31,31,31,31,32,32,32,32,32,33,33,33,33,34,34,34,34,35,35,35,35,35,35,35,35,35,35,35,35,35,35,35,35,35,35,35,35,35,35,35,35,35,35,35,35,35,35,35,35,34,34,34,34,33,33,33,33,32,32,32,32,32,32,32,32,32,32,32,32,32,32,32,32,32,32,32,32,32,32,32,32,32,32,32,32,32,32,32,32,32,32,31,31,31,31,31,30,30,30,30,30,30,30,30,30,30,30,30,30,30,30,30,30,30,30,30,30,30,30,30,30,30
25,26,26,27,27,28,29,30,31,32,32,33,34,35,37,38,39,40,41,42,43,45,46,47,48,50,51,53,54,55,57,58,59,60,61,62,63,65,66,68,69,71,73,74,76,78,80,81,83,83,84,86,87,88,90,92,88,82,78,75,74,73,73,54,40,34,32,31,31,30,30,29,30,30,30,30,31,31,31,31,31,32,32,32,32,32,32,32,32,33,33,33,33,33,33,33,33,33,33,33,33,33,33,33,33,33,33,32,32,32,32,32,32,32,32,32,32,32,32,32,32,32,32,32,32,32,31,31,30,30,29,29,28,28,28,28,28,28,28,28,28,28,28,28,28,28,28,28,28,28,27,27,27,27,27,27,27,27,27,27,27,27,27,27,27,27,27,27,26,26,26,26,25,25,25,25,25,25,25,25,25,25,25,25,25,25,25,25,25,25,25,25,25,25,25,25,25,25,25,25,25,26,26,27,28,28,29,30,31,32,33,34,35,36,37,38,39,40,42,43,44,45,46,48,49,50,52,53,55,56,57,58,59,61,62,63,64,66,67,69,70,72,73,75,77,78,80,81,83,84,86,87,89,91,92,95,90,84,79,77,76,75,75,54,40,34,32,31,31,30,30,30,30,30,30,30,31,31,31,31,31,32,32,32,32,32,32,32,32,33,33,33,33,33,33,33,33,33,33,33,33,33,33,33,33,33,33,32,32,32,32,32,32,32,32,32,32,32,32,32,32,32,32,32,32,32,31,31,30,30,29,29,28,28,28,28,28,28,28,28,28,28,28,28,28,28,28,28,28,28,27,27,27,27,27,27,27,27,27,27,27,27,27,27,27,27,27,27,26,26,26,26,25,25,25,25,25,25,25,25,25,25,25,25,25,25,25,25,25,25,25,25,25,25,25,25,25,25,25,25
22,22,23,24,25,26,27,28,29,30,32,33,34,35,37,38,39,41,42,43,44,46,47,48,49,51,52,54,55,57,58,59,60,61,62,64,65,66,67,69,70,72,74,76,78,80,81,83,84,85,86,88,89,90,92,94,92,86,81,79,77,76,75,58,43,36,33,32,32,31,30,29,29,30,30,30,30,30,30,30,30,30,31,30,31,30,30,30,30,30,30,30,30,30,30,30,30,30,30,30,30,30,29,29,29,29,28,28,28,28,28,27,27,27,27,27,27,27,27,27,27,27,27,27,27,27,26,26,25,25,24,23,23,23,22,22,22,22,22,22,22,22,22,22,22,22,22,22,22,22,22,22,22,22,21,21,21,21,21,21,21,21,21,21,21,21,21,21,21,20,20,20,20,20,19,19,19,19,19,19,19,19,19,19,19,19,19,20,20,20,20,20,20,20,20,20,20,20,21,21,22,22,23,24,25,26,27,28,30,31,32,33,34,36,37,39,40,41,42,44,45,46,47,49,50,51,53,54,56,57,58,59,61,62,63,64,66,67,68,70,71,73,75,76,78,80,81,83,85,86,88,89,91,93,95,97,93,88,83,81,79,78,77,58,43,36,33,32,32,31,30,30,29,30,30,30,30,30,30,30,30,30,31,30,30,30,30,30,30,30,30,30,30,30,30,30,30,30,30,30,30,30,29,29,29,29,28,28,28,28,28,27,27,27,27,27,27,27,27,27,27,27,27,27,27,27,26,26,25,25,24,23,23,23,22,22,22,22,22,22,22,22,22,22,22,22,22,22,22,22,22,22,22,22,21,21,21,21,21,21,21,21,21,21,21,21,21,21,21,20,20,20,20,20,19,19,19,19,19,19,19,19,19,19,19,19,19,20,20,20,20,20,20,20,20,20,20,20,21,21
19,20,21,22,23,25,26,28,29,31,32,33,35,36,38,39,41,42,43,44,46,47,48,49,50,52,53,55,56,57,59,60,61,62,63,64,65,67,68,70,71,73,75,77,79,80,82,84,85,86,88,89,90,91,93,95,94,89,84,81,79,78,77,61,46,38,34,32,32,30,29,29,28,28,29,28,28,28,28,28,28,28,28,28,28,28,28,27,27,27,27,27,27,27,26,26,26,26,26,26,25,25,25,25,24,24,24,23,23,23,23,22,22,22,22,22,22,22,22,22,22,22,22,22,21,21,21,20,20,19,19,18,18,17,17,17,17,17,17,17,17,17,17,17,17,17,17,17,17,17,17,16,16,16,16,16,16,16,16,16,16,16,16,16,16,16,15,15,15,15,15,15,14,14,14,14,14,14,14,14,14,14,14,14,14,14,14,14,15,15,15,15,15,16,16,16,17,17,18,18,19,20,21,23,24,25,27,28,30,31,32,34,35,37,38,40,41,42,44,45,46,47,48,50,51,52,54,55,57,58,59,60,61,63,64,65,66,67,69,71,72,74,76,77,79,81,82,84,86,87,89,91,92,94,96,98,96,90,86,83,81,80,78,61,46,38,34,32,32,30,29,29,28,28,29,28,28,28,28,28,28,28,28,28,28,28,28,27,27,27,27,27,27,26,26,26,26,26,26,26,25,25,25,25,24,24,24,23,23,23,23,22,22,22,22,22,22,22,22,22,22,22,22,22,21,21,21,20,20,19,19,18,18,17,17,17,17,17,17,17,17,17,17,17,17,17,17,17,17,17,17,16,16,16,16,16,16,16,16,16,16,16,16,16,16,16,15,15,15,15,15,15,14,14,14,14,14,14,14,14,14,14,14,14,14,14,14,14,15,15,15,15,15,16,16,16,17,17,18,18
19,20,22,23,24,26,28,29,31,33,34,35,37,38,40,41,43,44,45,46,47,48,49,50,51,52,54,55,57,58,59,60,61,62,63,65,66,67,68,70,71,73,75,77,79,81,82,84,86,87,88,89,90,91,93,94,94,90,85,82,80,78,76,64,47,39,34,32,31,29,28,27,27,26,26,26,26,26,26,26,25,25,25,25,24,24,24,24,23,23,23,23,22,22,22,21,21,21,21,21,20,20,20,20,19,19,19,18,18,18,18,17,17,17,17,17,17,16,16,16,16,16,16,16,16,16,16,15,15,14,14,13,13,12,12,12,12,12,12,12,12,12,12,12,12,12,12,12,12,12,12,12,12,11,11,11,11,11,11,11,11,11,11,11,11,11,11,11,11,10,10,10,10,10,10,10,10,10,10,10,10,10,10,10,10,10,10,11,11,11,12,12,12,13,14,14,15,16,17,18,19,20,22,23,25,26,28,30,32,33,34,36,37,39,40,42,43,44,45,46,47,48,49,51,52,53,54,56,57,58,59,60,62,63,64,66,67,68,69,71,72,74,76,78,79,81,83,84,86,87,89,91,92,94,96,98,96,92,87,84,82,80,78,64,47,39,34,32,31,29,28,27,27,26,26,26,26,26,26,26,25,25,25,25,24,24,24,24,23,23,23,23,22,22,22,21,21,21,21,21,21,20,20,20,19,19,19,18,18,18,18,17,17,17,17,17,17,16,16,16,16,16,16,16,16,16,16,15,15,14,14,13,13,12,12,12,12,12,12,12,12,12,12,12,12,12,12,12,12,12,12,12,12,11,11,11,11,11,11,11,11,11,11,11,11,11,11,11,11,10,10,10,10,10,10,10,10,10,10,10,10,10,10,10,10,10,10,11,11,11,12,12,12,13,14,14,15,16,17,18
20,22,24,25,27,29,31,32,34,35,37,38,39,41,42,43,44,45,46,47,48,49,50,51,51,53,54,55,57,58,59,60,61,62,63,65,66,67,68,70,71,73,75,77,79,81,82,84,85,86,88,89,90,91,92,93,93,89,85,82,79,77,75,65,49,39,34,31,29,27,25,25,24,24,23,23,23,23,22,22,22,22,21,21,20,20,20,19,19,19,19,18,18,17,17,17,17,16,16,16,16,16,15,15,15,14,14,14,13,13,13,13,12,12,12,12,12,12,12,12,12,12,12,12,12,11,11,11,10,10,9,9,9,8,8,8,8,8,8,8,8,8,8,8,8,8,8,8,8,8,8,8,8,8,7,7,7,7,7,7,7,7,7,7,7,7,7,7,7,7,7,7,6,6,6,6,6,6,6,6,6,6,7,7,7,7,8,8,8,9,10,10,11,12,13,14,15,16,18,19,21,22,24,26,27,29,31,33,34,36,37,38,40,41,43,44,45,46,47,48,48,49,50,51,52,53,54,56,57,58,59,61,62,63,64,66,67,68,69,71,72,74,76,78,79,81,82,84,86,87,89,91,92,93,95,96,95,91,87,84,81,78,76,65,49,39,34,31,29,27,26,25,24,24,23,23,23,23,22,22,22,22,21,21,20,20,20,19,19,19,19,18,18,17,17,17,17,16,16,16,16,16,15,15,15,14,14,14,13,13,13,13,12,12,12,12,12,12,12,12,12,12,12,12,12,11,11,11,10,10,9,9,9,8,8,8,8,8,8,8,8,8,8,8,8,8,8,8,8,8,8,8,8,8,7,7,7,7,7,7,7,7,7,7,7,7,7,7,7,7,7,7,6,6,6,6,6,6,6,6,6,6,7,7,7,7,8,8,8,9,10,10,11,12,13,14,15,16,17,19
24,26,27,29,31,33,34,36,37,38,40,41,42,43,44,45,46,46,47,48,48,49,50,51,51,52,54,55,56,58,59,60,61,62,64,65,66,67,68,70,71,73,75,77,78,80,81,83,85,85,86,87,88,88,89,89,91,87,83,80,77,74,71,65,49,39,33,29,27,25,23,22,21,20,20,20,19,19,19,18,18,18,17,17,16,16,16,15,15,15,14,14,14,13,13,13,12,12,12,12,12,11,11,11,10,10,10,10,9,9,9,9,9,8,8,8,8,8,8,8,8,8,8,8,8,8,8,7,7,7,6,6,6,5,5,5,5,5,5,5,5,5,5,5,5,5,5,5,5,5,5,5,5,5,5,5,5,5,5,4,4,4,4,4,4,4,4,4,4,4,4,4,4,4,4,4,4,4,4,4,4,4,5,5,5,6,6,7,8,9,10,11,12,13,15,16,18,19,21,22,24,26,28,29,31,33,34,36,38,39,40,41,42,43,44,45,46,47,47,48,49,50,50,51,52,53,54,56,57,58,59,60,62,63,64,66,67,68,69,71,72,74,76,77,79,80,82,83,85,86,88,89,90,91,92,92,93,89,85,82,78,76,73,65,49,39,33,29,27,25,23,22,21,20,20,19,19,19,19,18,18,18,17,17,16,16,16,15,15,15,14,14,14,13,13,13,12,12,12,12,12,11,11,11,10,10,10,10,9,9,9,9,9,8,8,8,8,8,8,8,8,8,8,8,8,8,7,7,7,7,6,6,6,5,5,5,5,5,5,5,5,5,5,5,5,5,5,5,5,5,5,5,5,5,5,5,5,5,5,4,4,4,4,4,4,4,4,4,4,4,4,4,4,4,4,4,4,4,4,4,4,4,5,5,5,6,6,7,8,9,9,11,12,13,14,16,17,19,20,22
28,30,32,33,35,36,38,39,40,41,42,43,43,44,45,45,46,46,47,47,48,49,49,50,51,52,53,55,56,58,59,60,61,62,64,65,66,67,68,70,71,73,75,76,78,79,80,82,83,83,84,85,85,85,85,85,87,84,80,76,73,70,67,65,49,38,32,27,25,22,20,18,18,17,16,16,15,15,15,15,14,14,13,13,12,12,12,11,11,11,10,10,10,9,9,9,9,9,8,8,8,8,8,7,7,7,7,6,6,6,6,6,6,6,5,5,5,5,5,5,5,5,5,5,5,5,5,4,4,4,4,4,3,3,3,3,3,3,3,3,3,3,3,3,3,3,3,3,3,3,3,3,3,3,3,3,3,3,3,3,3,3,3,3,3,3,3,3,3,2,2,2,2,2,2,2,2,3,3,3,3,3,4,4,5,5,6,7,9,10,11,12,14,16,18,20,21,23,25,27,29,30,32,34,35,37,38,39,41,42,42,43,44,44,45,46,46,47,47,48,48,49,50,51,52,53,54,55,57,58,59,60,62,63,64,66,67,68,69,71,72,74,75,77,78,79,80,82,83,84,85,86,87,87,87,87,89,86,82,78,74,71,68,65,49,38,32,27,25,22,20,18,18,17,16,16,15,15,15,15,14,14,13,13,12,12,12,11,11,11,10,10,10,9,9,9,9,9,8,8,8,8,8,7,7,7,7,6,6,6,6,6,6,6,5,5,5,5,5,5,5,5,5,5,5,5,5,4,4,4,4,4,3,3,3,3,3,3,3,3,3,3,3,3,3,3,3,3,3,3,3,3,3,3,3,3,3,3,3,3,3,3,3,3,3,3,3,3,3,2,2,2,2,2,2,2,2,3,3,3,3,3,4,4,5,5,6,7,9,10,11,12,14,16,17,19,21,23,24,26
33,34,36,37,38,40,40,41,42,42,43,43,43,44,44,44,45,45,46,46,47,48,49,49,50,51,53,54,56,57,59,60,61,62,64,65,66,67,68,69,71,72,74,75,76,77,78,79,80,80,81,80,80,79,79,78,81,79,75,71,67,64,61,63,47,37,30,25,22,19,17,15,14,13,13,12,12,12,11,11,11,10,10,9,9,9,8,8,8,8,7,7,7,7,6,6,6,6,6,5,5,5,5,5,5,4,4,4,4,4,4,4,4,3,3,3,3,3,3,3,3,3,3,3,3,3,3,3,3,2,2,2,2,2,2,2,2,2,2,2,2,2,2,2,2,2,2,2,2,2,2,2,2,2,2,2,2,2,2,2,2,2,2,2,2,1,1,1,1,1,1,1,1,1,2,2,2,2,2,2,3,3,4,5,6,7,8,9,11,13,14,16,18,20,22,24,26,28,30,32,33,35,36,37,39,40,41,42,42,43,43,43,44,44,45,45,45,46,46,47,48,48,49,50,51,52,53,55,56,58,59,60,62,63,64,66,67,68,69,71,72,73,74,76,77,78,78,80,80,81,82,82,82,82,81,80,83,81,77,73,69,66,63,63,48,37,30,25,22,19,17,15,14,13,13,12,12,12,11,11,11,10,10,9,9,9,8,8,8,8,7,7,7,7,6,6,6,6,6,5,5,5,5,5,5,4,4,4,4,4,4,4,4,3,3,3,3,3,3,3,3,3,3,3,3,3,3,3,3,2,2,2,2,2,2,2,2,2,2,2,2,2,2,2,2,2,2,2,2,2,2,2,2,2,2,2,2,2,2,2,2,2,2,2,2,1,1,1,1,1,1,1,1,1,2,2,2,2,2,2,3,3,4,5,6,7,8,9,11,13,14,16,18,20,22,24,26,28,29,31
37,38,39,40,41,41,42,42,42,42,42,42,42,42,43,43,43,44,44,45,46,47,48,49,50,51,53,54,56,57,59,60,61,62,64,65,66,67,68,69,70,71,73,74,74,75,75,76,76,76,76,75,74,73,71,70,74,73,69,65,61,58,55,60,46,36,28,23,20,16,13,12,11,10,10,9,9,9,8,8,8,7,7,7,6,6,6,5,5,5,5,5,4,4,4,4,4,4,4,3,3,3,3,3,3,3,3,2,2,2,2,2,2,2,2,2,2,2,2,2,2,2,2,2,2,2,2,2,1,1,1,1,1,1,1,1,1,1,1,1,1,1,1,1,1,1,1,1,1,1,1,1,1,1,1,1,1,1,1,1,1,1,1,1,1,1,1,1,1,1,1,1,1,1,1,1,2,2,2,3,3,4,5,6,8,9,11,13,15,17,19,21,23,25,28,30,31,33,35,36,37,39,40,40,41,42,42,42,42,42,42,43,43,43,43,43,44,44,45,46,46,47,49,49,51,52,53,55,56,58,59,60,62,63,64,66,67,68,69,70,71,72,73,74,75,75,76,76,77,77,77,76,76,75,74,72,76,74,71,67,63,59,56,60,46,36,28,23,20,16,14,12,11,10,10,9,9,9,8,8,8,7,7,7,6,6,6,5,5,5,5,5,4,4,4,4,4,4,4,3,3,3,3,3,3,3,3,2,2,2,2,2,2,2,2,2,2,2,2,2,2,2,2,2,2,2,2,2,1,1,1,1,1,1,1,1,1,1,1,1,1,1,1,1,1,1,1,1,1,1,1,1,1,1,1,1,1,1,1,1,1,1,1,1,1,1,1,1,1,1,1,1,1,1,1,1,2,2,2,3,3,4,5,6,7,9,11,13,15,17,19,21,23,25,27,29,31,33,34,36
40,40,40,41,41,41,41,41,40,40,40,40,40,40,41,41,42,43,43,44,45,46,48,49,50,51,53,54,56,57,59,60,61,62,64,65,66,67,67,68,69,70,71,71,72,72,71,71,71,70,69,68,67,65,63,61,66,66,62,58,54,51,48,56,44,34,27,21,17,14,11,9,8,8,7,7,6,6,6,6,5,5,5,4,4,4,4,4,3,3,3,3,3,3,3,2,2,2,2,2,2,2,2,2,2,2,2,1,1,1,1,1,1,1,1,1,1,1,1,1,1,1,1,1,1,1,1,1,1,1,1,1,1,1,1,1,1,1,1,1,1,1,1,1,1,1,1,1,1,1,1,1,1,1,1,1,1,1,1,1,1,1,1,1,1,1,1,1,1,1,1,1,1,1,1,2,2,3,3,4,5,6,8,9,11,13,15,17,20,22,24,26,28,31,33,34,36,37,38,39,40,41,41,41,41,41,41,41,41,40,40,40,40,41,41,42,42,43,44,45,46,47,48,49,51,52,53,55,56,58,59,60,62,63,64,66,67,67,68,69,70,71,71,72,72,72,72,71,71,71,70,69,68,67,65,63,67,67,64,60,56,52,49,56,44,34,27,21,17,14,11,9,8,8,7,7,6,6,6,6,5,5,5,4,4,4,4,4,3,3,3,3,3,3,3,2,2,2,2,2,2,2,2,2,2,2,2,1,1,1,1,1,1,1,1,1,1,1,1,1,1,1,1,1,1,1,1,1,1,1,1,1,1,1,1,1,1,1,1,1,1,1,1,1,1,1,1,1,1,1,1,1,1,1,1,1,1,1,1,1,1,1,1,1,1,1,1,1,1,1,1,1,1,1,1,2,2,3,3,4,5,6,8,9,11,13,15,17,20,22,24,26,28,30,32,34,35,36,38,39
40,40,40,40,39,39,38,38,38,37,37,38,38,38,39,40,41,42,43,44,45,47,48,49,51,52,53,55,56,58,59,60,61,62,63,64,65,66,66,67,67,67,68,68,68,67,66,66,65,63,62,60,58,56,53,51,58,58,55,51,47,44,41,52,42,33,26,20,16,12,9,7,6,5,5,4,4,4,4,4,3,3,3,3,3,2,2,2,2,2,2,2,2,2,1,1,1,1,1,1,1,1,1,1,1,1,1,1,1,1,1,1,1,1,1,1,1,1,1,1,1,1,1,1,1,1,1,1,1,1,1,1,1,1,1,1,1,1,1,1,1,1,1,1,1,1,1,1,1,1,1,1,1,1,1,1,1,1,1,1,1,1,1,1,1,1,1,1,1,1,1,1,1,1,2,2,3,4,5,6,7,9,11,13,15,17,20,22,25,27,29,32,34,35,37,38,39,40,40,41,41,41,40,40,40,39,39,38,38,38,38,38,38,39,39,40,41,42,43,45,46,47,49,50,51,52,54,55,57,58,59,60,62,63,64,65,66,67,67,67,68,68,68,68,68,67,67,66,65,64,63,61,59,57,55,53,59,59,56,52,48,45,42,52,42,33,26,20,16,12,9,7,6,5,5,4,4,4,4,4,3,3,3,3,3,2,2,2,2,2,2,2,2,2,1,1,1,1,1,1,1,1,1,1,1,1,1,1,1,1,1,1,1,1,1,1,1,1,1,1,1,1,1,1,1,1,1,1,1,1,1,1,1,1,1,1,1,1,1,1,1,1,1,1,1,1,1,1,1,1,1,1,1,1,1,1,1,1,1,1,1,1,1,1,1,1,1,1,1,1,1,1,1,1,2,2,3,4,5,6,7,9,11,13,15,17,20,22,25,27,29,31,33,35,37,38,38,39,40,40
39,38,37,37,36,36,35,35,35,35,35,36,36,37,38,40,41,42,43,45,46,47,49,50,51,52,54,55,56,58,59,60,61,62,62,63,64,64,64,64,64,64,64,63,62,61,60,58,57,55,53,51,49,46,44,41,48,50,47,44,41,37,35,48,41,31,25,19,14,10,7,5,4,4,3,3,3,3,2,2,2,2,2,2,2,2,1,1,1,1,1,1,1,1,1,1,1,1,1,1,1,1,1,1,1,1,1,1,1,1,1,1,1,1,1,1,1,1,1,1,1,1,1,1,1,1,1,1,1,1,1,0,0,0,0,0,0,0,0,0,0,0,0,0,0,0,0,0,0,0,0,0,0,0,0,0,0,0,0,0,0,0,0,0,0,1,1,1,1,1,1,1,2,2,3,4,5,6,8,9,11,13,15,18,20,23,25,28,30,33,34,36,37,38,39,40,40,40,40,40,39,39,38,37,37,36,35,35,35,35,35,36,37,38,39,40,41,42,44,45,46,48,49,51,52,53,54,56,57,58,59,60,61,62,63,64,65,65,65,65,65,65,64,64,63,62,60,59,57,55,54,52,50,47,45,42,49,51,48,45,42,38,36,48,41,31,25,19,14,10,7,5,4,4,3,3,3,3,2,2,2,2,2,2,2,2,1,1,1,1,1,1,1,1,1,1,1,1,1,1,1,1,1,1,1,1,1,1,1,1,1,1,1,1,1,1,1,1,1,1,1,1,1,1,1,1,1,1,1,1,1,0,0,0,0,0,0,0,0,0,0,0,0,0,0,0,0,0,0,0,0,0,0,0,0,0,0,0,0,0,0,0,0,0,0,1,1,1,1,1,1,1,2,2,3,4,5,6,8,9,11,13,15,18,20,23,25,28,30,32,34,35,37,38,39,39,40,40,39,39
36,35,34,33,33,32,32,32,32,33,34,34,36,37,38,40,41,43,44,46,47,48,49,51,52,53,54,55,56,57,58,59,60,61,61,62,62,62,61,61,60,60,59,58,56,54,52,50,48,46,44,41,39,36,34,32,39,42,40,37,35,32,30,44,39,30,24,18,14,9,6,4,3,3,2,2,2,2,1,1,1,1,1,1,1,1,1,1,1,1,1,1,1,1,1,1,1,1,1,1,1,1,1,1,1,1,1,1,1,1,1,1,1,0,0,0,0,0,0,0,0,0,0,0,0,0,0,0,0,0,0,0,0,0,0,0,0,0,0,0,0,0,0,0,0,0,0,0,0,0,0,0,0,0,0,0,0,0,0,0,0,0,0,0,0,1,1,1,1,1,1,2,3,4,5,6,8,9,11,13,15,18,20,23,26,28,31,33,35,37,38,39,39,40,40,40,39,39,38,37,36,35,34,34,33,32,32,33,33,33,34,35,36,37,39,41,42,43,45,46,47,49,50,51,52,53,54,56,57,58,59,59,60,61,62,62,63,63,62,62,61,60,59,58,56,55,53,50,48,47,44,42,40,37,35,33,40,43,41,38,35,33,30,44,39,30,24,18,14,9,6,4,3,3,2,2,2,2,1,1,1,1,1,1,1,1,1,1,1,1,1,1,1,1,1,1,1,1,1,1,1,1,1,1,1,1,1,1,1,1,1,1,1,0,0,0,0,0,0,0,0,0,0,0,0,0,0,0,0,0,0,0,0,0,0,0,0,0,0,0,0,0,0,0,0,0,0,0,0,0,0,0,0,0,0,0,0,0,0,0,0,0,0,0,0,1,1,1,1,1,1,2,3,4,5,6,8,9,11,13,15,18,20,23,25,28,31,33,35,36,37,38,39,40,40,39,39,38,37,36
32,31,30,30,29,29,29,30,31,32,33,35,36,38,40,41,43,44,45,47,48,49,50,51,52,53,54,55,56,57,57,58,59,59,59,59,59,58,57,56,55,54,52,51,49,46,44,42,39,37,35,33,30,28,26,23,31,35,34,32,30,27,25,39,37,29,23,18,13,9,5,3,2,2,1,1,1,1,1,1,1,1,1,1,1,1,1,1,1,1,1,1,1,1,1,1,1,1,1,1,1,0,0,0,0,0,0,0,0,0,0,0,0,0,0,0,0,0,0,0,0,0,0,0,0,0,0,0,0,0,0,0,0,0,0,0,0,0,0,0,0,0,0,0,0,0,0,0,0,0,0,0,0,0,0,0,0,0,0,0,0,0,0,0,1,1,1,1,1,2,2,3,4,6,7,9,11,13,16,18,20,23,26,29,31,33,35,37,38,39,39,40,39,39,38,37,36,35,34,33,32,31,30,30,30,29,30,31,31,32,34,35,37,38,40,42,43,45,46,47,48,49,50,51,52,53,54,55,56,57,58,58,59,60,60,60,60,59,58,57,56,54,53,51,49,47,44,42,39,37,35,33,31,29,26,24,32,35,34,33,30,28,26,39,37,29,23,18,13,9,5,3,2,2,1,1,1,1,1,1,1,1,1,1,1,1,1,1,1,1,1,1,1,1,1,1,1,1,1,1,1,0,0,0,0,0,0,0,0,0,0,0,0,0,0,0,0,0,0,0,0,0,0,0,0,0,0,0,0,0,0,0,0,0,0,0,0,0,0,0,0,0,0,0,0,0,0,0,0,0,0,0,0,0,0,0,0,0,0,0,0,0,0,0,1,1,1,1,1,2,2,3,4,6,7,9,11,13,15,18,20,23,26,28,31,33,35,37,38,39,39,39,39,39,38,37,36,35,34,33
28,27,26,26,27,27,28,30,31,33,34,36,38,40,41,43,44,45,46,47,48,49,50,51,51,52,53,54,55,56,56,57,57,57,56,56,55,54,52,51,49,47,45,43,41,38,36,33,31,29,26,24,22,20,18,16,24,29,28,27,25,24,22,35,36,28,23,18,13,9,5,3,2,1,1,1,1,1,1,1,1,1,1,1,1,1,1,1,1,1,0,0,0,0,0,0,0,0,0,0,0,0,0,0,0,0,0,0,0,0,0,0,0,0,0,0,0,0,0,0,0,0,0,0,0,0,0,0,0,0,0,0,0,0,0,0,0,0,0,0,0,0,0,0,0,0,0,0,0,0,0,0,0,0,0,0,0,0,0,0,0,0,1,1,1,1,1,2,2,3,4,5,7,9,11,13,16,18,21,23,26,29,31,33,35,37,38,39,39,39,39,38,37,36,35,34,32,31,30,29,28,27,27,27,27,28,29,30,32,33,35,37,38,40,42,43,45,46,47,48,49,50,50,51,52,53,54,55,55,56,57,57,57,57,57,56,56,55,53,52,50,48,45,43,41,38,36,33,31,29,27,25,23,21,19,17,24,29,29,28,26,24,22,35,36,28,23,18,13,9,5,3,2,1,1,1,1,1,1,1,1,1,1,1,1,1,1,1,1,1,0,0,0,0,0,0,0,0,0,0,0,0,0,0,0,0,0,0,0,0,0,0,0,0,0,0,0,0,0,0,0,0,0,0,0,0,0,0,0,0,0,0,0,0,0,0,0,0,0,0,0,0,0,0,0,0,0,0,0,0,0,0,0,0,0,0,0,0,0,0,0,0,1,1,1,1,1,2,2,3,4,5,7,9,11,13,15,18,20,23,26,28,31,33,35,37,38,39,39,39,39,38,37,36,35,33,32,31,29,28
24,24,24,25,26,27,29,31,33,35,36,38,40,42,43,44,45,46,47,47,48,49,49,50,51,52,52,53,54,54,54,54,54,54,52,51,50,48,46,44,42,40,37,35,33,30,28,25,23,21,19,17,16,14,12,11,18,23,24,23,22,21,19,32,34,28,23,18,14,9,5,3,2,1,1,1,1,1,1,1,1,1,1,0,0,0,0,0,0,0,0,0,0,0,0,0,0,0,0,0,0,0,0,0,0,0,0,0,0,0,0,0,0,0,0,0,0,0,0,0,0,0,0,0,0,0,0,0,0,0,0,0,0,0,0,0,0,0,0,0,0,0,0,0,0,0,0,0,0,0,0,0,0,0,0,0,0,0,0,0,0,1,1,1,1,1,2,3,4,5,6,8,10,12,15,18,21,23,26,29,31,33,35,37,38,39,39,39,38,37,36,35,34,32,31,29,27,26,25,25,24,24,24,25,26,27,29,31,33,35,37,39,40,42,43,45,45,46,47,48,48,49,50,51,51,52,53,54,54,55,55,55,55,54,53,52,51,49,47,45,43,40,38,35,33,30,28,25,23,21,19,18,16,14,13,11,18,24,25,24,23,21,20,32,34,28,23,18,14,9,5,3,2,1,1,1,1,1,1,1,1,1,1,0,0,0,0,0,0,0,0,0,0,0,0,0,0,0,0,0,0,0,0,0,0,0,0,0,0,0,0,0,0,0,0,0,0,0,0,0,0,0,0,0,0,0,0,0,0,0,0,0,0,0,0,0,0,0,0,0,0,0,0,0,0,0,0,0,0,0,0,0,0,0,0,0,0,0,0,0,0,1,1,1,1,1,2,3,4,5,6,8,10,12,15,18,20,23,26,28,31,33,35,37,38,39,39,39,38,37,36,35,33,32,30,28,27,26,25,24
22,22,23,25,27,29,31,33,35,37,39,40,42,43,44,45,45,46,46,47,47,48,49,50,50,51,52,52,52,52,52,51,51,49,48,46,44,42,40,37,35,32,30,28,25,23,21,18,16,15,13,12,10,9,8,7,13,19,21,20,20,19,17,29,33,27,22,18,14,9,5,3,2,1,1,1,1,1,0,0,0,0,0,0,0,0,0,0,0,0,0,0,0,0,0,0,0,0,0,0,0,0,0,0,0,0,0,0,0,0,0,0,0,0,0,0,0,0,0,0,0,0,0,0,0,0,0,0,0,0,0,0,0,0,0,0,0,0,0,0,0,0,0,0,0,0,0,0,0,0,0,0,0,0,0,0,0,0,0,0,1,1,1,1,1,2,3,4,6,7,9,11,14,17,20,23,26,28,31,33,35,37,38,39,39,39,38,37,35,34,33,31,29,27,25,24,23,22,22,21,22,23,24,25,27,29,31,34,35,37,39,41,42,43,44,45,46,46,47,47,48,49,49,50,51,51,52,53,53,53,52,52,51,50,48,46,45,42,40,38,35,33,30,28,25,23,21,18,16,15,13,12,11,9,8,7,13,19,21,21,20,19,18,29,33,27,22,18,14,9,5,3,2,1,1,1,1,1,0,0,0,0,0,0,0,0,0,0,0,0,0,0,0,0,0,0,0,0,0,0,0,0,0,0,0,0,0,0,0,0,0,0,0,0,0,0,0,0,0,0,0,0,0,0,0,0,0,0,0,0,0,0,0,0,0,0,0,0,0,0,0,0,0,0,0,0,0,0,0,0,0,0,0,0,0,0,0,0,0,0,1,1,1,1,1,2,3,4,6,7,9,11,14,17,20,23,26,28,31,33,35,37,38,39,39,39,38,37,35,34,33,31,29,27,25,24,22,22,21,21
21,23,24,27,29,31,34,36,38,39,41,42,43,43,44,44,44,45,45,46,47,47,48,49,49,50,50,50,50,50,49,48,46,44,42,39,37,35,33,30,28,25,23,21,18,16,15,13,11,10,9,8,7,6,5,4,9,15,18,18,18,17,16,26,32,27,22,19,15,10,5,3,2,1,1,1,1,0,0,0,0,0,0,0,0,0,0,0,0,0,0,0,0,0,0,0,0,0,0,0,0,0,0,0,0,0,0,0,0,0,0,0,0,0,0,0,0,0,0,0,0,0,0,0,0,0,0,0,0,0,0,0,0,0,0,0,0,0,0,0,0,0,0,0,0,0,0,0,0,0,0,0,0,0,0,0,0,0,1,1,1,1,1,2,2,3,5,6,9,11,13,16,19,22,25,28,31,33,35,36,38,38,39,38,38,37,35,33,31,29,28,26,24,22,21,20,19,19,20,20,21,23,25,27,29,31,34,36,38,40,41,42,43,44,44,45,45,45,46,46,47,48,48,49,50,50,51,51,50,50,49,48,46,45,42,40,38,35,33,31,28,25,23,21,19,16,15,13,11,10,9,8,7,6,5,4,9,16,18,18,18,17,16,26,32,27,22,19,15,10,5,3,2,1,1,1,1,0,0,0,0,0,0,0,0,0,0,0,0,0,0,0,0,0,0,0,0,0,0,0,0,0,0,0,0,0,0,0,0,0,0,0,0,0,0,0,0,0,0,0,0,0,0,0,0,0,0,0,0,0,0,0,0,0,0,0,0,0,0,0,0,0,0,0,0,0,0,0,0,0,0,0,0,0,0,0,0,0,1,1,1,1,1,2,2,3,5,6,9,11,13,16,19,22,25,28,31,33,35,36,37,38,38,38,38,36,35,33,31,29,27,25,24,22,21,20,19,19,19,20
22,25,27,30,32,34,36,38,40,41,42,42,43,43,43,43,43,44,44,45,46,47,47,48,48,49,49,48,47,46,44,43,41,38,35,33,30,28,26,23,21,19,16,15,13,11,10,8,7,6,5,5,4,3,3,2,6,13,16,16,16,16,15,23,30,26,22,19,15,11,6,3,2,1,1,1,0,0,0,0,0,0,0,0,0,0,0,0,0,0,0,0,0,0,0,0,0,0,0,0,0,0,0,0,0,0,0,0,0,0,0,0,0,0,0,0,0,0,0,0,0,0,0,0,0,0,0,0,0,0,0,0,0,0,0,0,0,0,0,0,0,0,0,0,0,0,0,0,0,0,0,0,0,0,0,0,0,1,1,1,1,1,2,3,4,5,7,9,12,15,18,21,24,27,30,33,35,36,38,38,39,38,38,36,35,33,31,28,26,24,22,21,19,18,17,17,17,18,19,21,23,25,27,30,32,34,37,39,40,41,42,42,43,43,43,44,44,44,45,45,46,47,48,49,49,49,49,48,47,46,45,43,41,38,36,33,31,28,26,23,21,19,17,15,13,11,10,8,7,6,5,5,4,4,3,3,6,13,16,16,16,16,15,23,30,26,22,19,15,11,6,3,2,1,1,1,0,0,0,0,0,0,0,0,0,0,0,0,0,0,0,0,0,0,0,0,0,0,0,0,0,0,0,0,0,0,0,0,0,0,0,0,0,0,0,0,0,0,0,0,0,0,0,0,0,0,0,0,0,0,0,0,0,0,0,0,0,0,0,0,0,0,0,0,0,0,0,0,0,0,0,0,0,0,0,0,0,1,1,1,1,1,2,3,4,5,7,9,12,15,18,21,24,27,30,33,34,36,37,38,38,38,37,36,35,33,31,28,26,24,22,20,19,18,17,17,17,18,19,20
25,28,30,33,35,37,39,40,41,41,41,41,41,41,42,42,42,43,44,44,45,46,47,47,47,46,46,45,43,41,39,37,34,32,29,26,24,21,19,17,15,13,11,10,9,7,6,5,4,4,3,3,2,2,2,1,4,10,14,15,15,15,14,21,29,26,22,19,16,11,6,3,2,1,1,1,0,0,0,0,0,0,0,0,0,0,0,0,0,0,0,0,0,0,0,0,0,0,0,0,0,0,0,0,0,0,0,0,0,0,0,0,0,0,0,0,0,0,0,0,0,0,0,0,0,0,0,0,0,0,0,0,0,0,0,0,0,0,0,0,0,0,0,0,0,0,0,0,0,0,0,0,0,0,0,0,1,1,1,1,1,2,3,4,6,8,10,13,16,19,22,26,29,32,34,36,37,38,38,38,37,36,34,33,31,28,26,23,21,19,18,16,16,15,16,16,17,19,21,23,25,28,31,33,35,37,39,40,41,41,42,42,42,42,42,42,43,44,44,45,46,47,47,48,47,47,46,45,43,41,39,37,34,32,29,26,24,22,19,17,15,13,12,10,9,7,6,5,4,4,3,3,2,2,2,1,4,10,14,15,15,15,15,21,29,26,22,19,16,11,6,3,2,1,1,1,0,0,0,0,0,0,0,0,0,0,0,0,0,0,0,0,0,0,0,0,0,0,0,0,0,0,0,0,0,0,0,0,0,0,0,0,0,0,0,0,0,0,0,0,0,0,0,0,0,0,0,0,0,0,0,0,0,0,0,0,0,0,0,0,0,0,0,0,0,0,0,0,0,0,0,0,0,0,0,0,1,1,1,1,1,2,3,4,6,8,10,13,16,19,22,26,29,31,34,36,37,38,38,38,37,36,34,32,30,28,26,23,21,19,18,16,16,15,15,16,17,19,20,23
29,31,34,36,37,39,40,40,40,40,40,40,40,40,40,41,42,43,43,44,45,45,46,45,45,44,42,40,38,36,33,31,28,25,22,20,18,15,14,12,10,9,7,6,5,4,4,3,3,2,2,2,1,1,1,1,3,8,13,13,14,14,13,20,28,25,21,19,16,12,7,4,2,1,1,1,1,0,0,0,0,0,0,0,0,0,0,0,0,0,0,0,0,0,0,0,0,0,0,0,0,0,0,0,0,0,0,0,0,0,0,0,0,0,0,0,0,0,0,0,0,0,0,0,0,0,0,0,0,0,0,0,0,0,0,0,0,0,0,0,0,0,0,0,0,0,0,0,0,0,0,0,0,0,0,1,1,1,1,2,2,3,5,7,9,11,14,18,21,24,27,30,33,35,37,38,38,38,37,36,34,32,30,28,25,23,20,18,16,15,14,14,14,14,15,17,19,21,24,26,29,32,34,36,38,39,40,41,41,41,41,40,40,40,41,41,42,43,44,44,45,46,46,46,45,44,43,41,38,36,33,31,28,25,23,20,18,16,14,12,10,9,7,6,5,4,4,3,3,2,2,2,1,1,1,1,3,9,13,14,14,14,14,20,28,25,22,19,16,12,7,4,2,1,1,1,1,0,0,0,0,0,0,0,0,0,0,0,0,0,0,0,0,0,0,0,0,0,0,0,0,0,0,0,0,0,0,0,0,0,0,0,0,0,0,0,0,0,0,0,0,0,0,0,0,0,0,0,0,0,0,0,0,0,0,0,0,0,0,0,0,0,0,0,0,0,0,0,0,0,0,0,0,0,0,1,1,1,1,2,2,3,5,7,9,11,14,18,21,24,27,30,33,35,37,38,38,38,37,36,34,32,30,28,25,23,20,18,16,15,14,13,13,14,15,17,19,21,23,26
32,34,36,38,39,39,40,39,39,39,38,38,38,39,40,40,41,42,43,44,44,44,44,43,42,40,38,35,32,30,27,24,22,19,17,14,12,11,9,8,7,6,5,4,3,3,2,2,1,1,1,1,1,1,1,1,2,7,11,12,13,13,13,18,26,25,21,19,16,12,8,4,2,1,1,1,1,0,0,0,0,0,0,0,0,0,0,0,0,0,0,0,0,0,0,0,0,0,0,0,0,0,0,0,0,0,0,0,0,0,0,0,0,0,0,0,0,0,0,0,0,0,0,0,0,0,0,0,0,0,0,0,0,0,0,0,0,0,0,0,0,0,0,0,0,0,0,0,0,0,0,0,0,1,1,1,1,1,2,3,4,5,7,10,12,15,19,22,26,29,32,34,36,37,38,37,37,35,34,32,30,27,25,22,20,18,16,14,13,12,12,12,13,15,17,19,22,25,27,30,33,35,37,38,39,40,40,40,39,39,39,39,39,39,40,41,42,43,44,44,45,45,44,43,42,40,38,35,33,30,27,25,22,19,17,14,13,11,9,8,7,6,5,4,3,3,2,2,1,1,1,1,1,1,1,1,2,7,11,13,13,13,13,18,26,25,21,19,16,12,8,4,2,1,1,1,1,0,0,0,0,0,0,0,0,0,0,0,0,0,0,0,0,0,0,0,0,0,0,0,0,0,0,0,0,0,0,0,0,0,0,0,0,0,0,0,0,0,0,0,0,0,0,0,0,0,0,0,0,0,0,0,0,0,0,0,0,0,0,0,0,0,0,0,0,0,0,0,0,0,0,0,0,1,1,1,1,1,2,3,4,5,7,10,12,15,19,22,26,29,32,34,36,37,37,37,37,35,34,32,30,27,25,22,20,18,16,14,13,12,12,12,13,15,17,19,22,24,27,30
35,37,38,39,39,38,38,37,37,37,37,37,37,38,39,40,41,42,43,43,43,42,41,39,37,35,32,29,26,24,21,19,16,14,12,10,8,7,6,5,4,3,3,2,2,2,1,1,1,1,1,1,1,1,1,1,1,6,10,12,12,12,12,17,25,25,21,19,16,13,8,4,2,1,1,1,1,0,0,0,0,0,0,0,0,0,0,0,0,0,0,0,0,0,0,0,0,0,0,0,0,0,0,0,0,0,0,0,0,0,0,0,0,0,0,0,0,0,0,0,0,0,0,0,0,0,0,0,0,0,0,0,0,0,0,0,0,0,0,0,0,0,0,0,0,0,0,0,0,0,0,0,1,1,1,1,1,2,3,4,6,8,10,13,16,20,23,27,31,33,35,36,37,37,37,35,34,32,30,27,25,22,20,17,15,13,12,11,11,11,12,13,15,17,20,23,26,29,31,34,36,37,39,39,39,39,39,38,37,37,37,37,38,39,40,41,42,43,43,43,43,43,42,40,38,35,33,30,26,24,21,19,16,14,12,10,8,7,6,5,4,3,3,2,2,2,1,1,1,1,1,1,1,1,1,1,1,6,10,12,12,12,12,17,25,25,21,19,16,13,8,4,2,1,1,1,1,0,0,0,0,0,0,0,0,0,0,0,0,0,0,0,0,0,0,0,0,0,0,0,0,0,0,0,0,0,0,0,0,0,0,0,0,0,0,0,0,0,0,0,0,0,0,0,0,0,0,0,0,0,0,0,0,0,0,0,0,0,0,0,0,0,0,0,0,0,0,0,0,0,0,0,1,1,1,1,1,2,3,4,6,8,10,13,16,20,23,27,30,33,35,36,37,37,37,35,34,32,30,27,25,22,19,17,15,13,12,11,10,11,11,13,14,17,20,23,25,28,31,33
37,38,38,38,37,37,36,35,35,35,35,36,37,38,40,41,41,42,42,41,41,39,37,35,33,30,27,23,20,18,16,13,11,9,8,6,5,4,4,3,2,2,2,1,1,1,1,1,1,1,1,1,1,1,1,1,1,5,9,11,11,11,12,16,24,24,21,18,17,13,9,5,3,2,1,1,1,0,0,0,0,0,0,0,0,0,0,0,0,0,0,0,0,0,0,0,0,0,0,0,0,0,0,0,0,0,0,0,0,0,0,0,0,0,0,0,0,0,0,0,0,0,0,0,0,0,0,0,0,0,0,0,0,0,0,0,0,0,0,0,0,0,0,0,0,0,0,0,0,0,0,1,1,1,1,2,2,3,5,6,8,11,14,18,21,24,28,31,34,35,36,37,37,36,34,32,30,27,25,22,20,17,15,13,11,10,9,9,10,11,13,15,17,20,24,27,30,32,34,36,38,38,39,38,38,37,36,36,35,35,36,36,37,39,40,41,42,42,42,42,41,39,38,35,33,30,27,24,21,18,16,13,11,10,8,6,5,5,4,3,2,2,2,1,1,1,1,1,1,1,1,1,1,1,1,1,1,5,9,11,12,12,12,16,24,24,21,18,17,13,9,5,3,2,1,1,1,0,0,0,0,0,0,0,0,0,0,0,0,0,0,0,0,0,0,0,0,0,0,0,0,0,0,0,0,0,0,0,0,0,0,0,0,0,0,0,0,0,0,0,0,0,0,0,0,0,0,0,0,0,0,0,0,0,0,0,0,0,0,0,0,0,0,0,0,0,0,0,0,0,0,1,1,1,1,2,2,3,5,6,9,11,14,18,21,24,28,31,34,35,36,37,37,36,34,32,30,27,25,22,19,17,15,13,11,10,9,9,10,11,13,15,17,20,23,27,29,32,34,36
38,38,37,36,35,34,34,33,34,34,35,36,37,39,40,41,41,41,40,39,37,35,33,30,27,24,21,18,15,13,11,9,8,6,5,4,3,3,2,2,1,1,1,1,1,1,1,1,1,0,0,0,0,0,0,0,1,4,8,10,11,11,11,15,23,24,21,18,16,14,9,5,3,2,1,1,1,0,0,0,0,0,0,0,0,0,0,0,0,0,0,0,0,0,0,0,0,0,0,0,0,0,0,0,0,0,0,0,0,0,0,0,0,0,0,0,0,0,0,0,0,0,0,0,0,0,0,0,0,0,0,0,0,0,0,0,0,0,0,0,0,0,0,0,0,0,0,0,0,0,1,1,1,1,2,3,4,5,7,9,12,15,19,22,26,29,32,34,36,37,37,36,35,33,30,27,25,22,20,17,15,12,11,9,9,8,8,9,11,13,15,18,21,24,28,31,33,35,37,38,38,38,37,36,36,34,34,34,34,34,35,36,38,39,40,41,41,41,41,39,38,35,33,30,27,24,21,18,15,13,11,9,8,6,5,4,3,3,2,2,1,1,1,1,1,1,1,1,1,0,0,0,0,0,0,0,1,4,8,10,11,11,11,15,23,24,21,18,16,14,9,5,3,2,1,1,1,0,0,0,0,0,0,0,0,0,0,0,0,0,0,0,0,0,0,0,0,0,0,0,0,0,0,0,0,0,0,0,0,0,0,0,0,0,0,0,0,0,0,0,0,0,0,0,0,0,0,0,0,0,0,0,0,0,0,0,0,0,0,0,0,0,0,0,0,0,0,0,0,0,1,1,1,1,2,3,4,5,7,9,12,15,19,22,26,29,32,34,36,37,36,36,35,33,30,27,25,22,19,17,15,12,11,9,9,8,8,9,11,12,15,18,21,24,28,31,33,35,36,37
37,36,35,34,33,32,32,32,33,34,35,37,38,39,40,40,40,39,37,35,33,30,27,24,21,18,15,13,11,9,7,6,5,4,3,2,2,2,1,1,1,1,1,1,1,1,1,0,0,0,0,0,0,0,0,0,1,3,7,9,10,10,10,14,21,23,20,18,16,14,10,6,3,2,1,1,1,0,0,0,0,0,0,0,0,0,0,0,0,0,0,0,0,0,0,0,0,0,0,0,0,0,0,0,0,0,0,0,0,0,0,0,0,0,0,0,0,0,0,0,0,0,0,0,0,0,0,0,0,0,0,0,0,0,0,0,0,0,0,0,0,0,0,0,0,0,0,0,0,1,1,1,1,2,3,4,6,8,10,13,16,19,23,27,30,33,35,36,36,36,35,33,31,28,25,22,20,17,15,12,11,9,8,7,7,8,9,10,13,15,19,22,25,29,32,34,36,37,37,37,37,36,35,34,33,32,32,33,34,34,36,37,39,40,40,40,40,39,37,35,33,31,28,25,22,19,16,13,11,9,7,6,5,4,3,2,2,2,1,1,1,1,1,1,1,1,1,0,0,0,0,0,0,0,0,0,1,3,7,10,10,11,11,14,21,23,20,18,16,14,10,6,3,2,1,1,1,0,0,0,0,0,0,0,0,0,0,0,0,0,0,0,0,0,0,0,0,0,0,0,0,0,0,0,0,0,0,0,0,0,0,0,0,0,0,0,0,0,0,0,0,0,0,0,0,0,0,0,0,0,0,0,0,0,0,0,0,0,0,0,0,0,0,0,0,0,0,0,0,1,1,1,1,2,3,4,6,8,10,13,16,19,23,27,30,33,35,36,36,36,35,33,31,28,25,22,19,17,15,12,11,9,8,7,7,8,9,10,13,15,18,22,25,28,31,34,35,36,37,37
35,33,32,31,30,30,31,32,34,35,36,38,39,39,39,38,37,35,33,31,28,25,22,19,16,13,11,9,7,6,5,4,3,2,2,1,1,1,1,1,1,1,1,1,0,0,0,0,0,0,0,0,0,0,0,0,1,2,6,9,10,10,10,13,20,22,20,18,16,14,11,6,4,2,1,1,1,1,0,0,0,0,0,0,0,0,0,0,0,0,0,0,0,0,0,0,0,0,0,0,0,0,0,0,0,0,0,0,0,0,0,0,0,0,0,0,0,0,0,0,0,0,0,0,0,0,0,0,0,0,0,0,0,0,0,0,0,0,0,0,0,0,0,0,0,0,0,0,1,1,1,1,2,3,4,6,8,11,14,17,20,24,28,31,33,35,36,36,35,34,32,29,27,23,20,17,15,13,11,9,8,7,6,6,7,8,10,13,16,19,23,26,29,32,35,36,37,37,37,36,35,34,32,31,31,31,31,32,34,35,37,38,39,40,40,39,37,36,34,31,28,25,22,19,16,14,11,9,7,6,5,4,3,2,2,1,1,1,1,1,1,1,1,1,0,0,0,0,0,0,0,0,0,0,0,0,1,2,6,9,10,10,10,13,20,22,20,18,16,14,11,6,4,2,1,1,1,1,0,0,0,0,0,0,0,0,0,0,0,0,0,0,0,0,0,0,0,0,0,0,0,0,0,0,0,0,0,0,0,0,0,0,0,0,0,0,0,0,0,0,0,0,0,0,0,0,0,0,0,0,0,0,0,0,0,0,0,0,0,0,0,0,0,0,0,0,0,0,1,1,1,1,2,3,4,6,8,11,14,17,20,24,28,31,33,35,36,36,35,34,32,29,27,23,20,17,15,12,10,9,8,7,6,6,7,8,10,13,16,19,22,26,29,32,34,36,36,37,36,35
32,30,29,29,29,30,31,33,34,36,37,38,39,38,37,35,34,31,28,26,23,19,17,14,12,9,7,6,5,4,3,2,2,1,1,1,1,1,1,1,1,0,0,0,0,0,0,0,0,0,0,0,0,0,0,0,1,2,5,8,9,10,10,12,19,22,20,18,16,15,11,7,4,2,1,1,1,1,0,0,0,0,0,0,0,0,0,0,0,0,0,0,0,0,0,0,0,0,0,0,0,0,0,0,0,0,0,0,0,0,0,0,0,0,0,0,0,0,0,0,0,0,0,0,0,0,0,0,0,0,0,0,0,0,0,0,0,0,0,0,0,0,0,0,0,0,0,1,1,1,1,2,3,4,6,9,11,14,18,21,25,28,31,34,35,36,36,34,32,30,27,25,22,18,15,13,11,9,7,6,6,5,6,7,8,10,13,16,20,23,27,30,33,35,36,37,37,36,35,33,32,31,30,29,29,30,31,33,35,36,38,39,39,39,38,36,34,31,29,26,23,20,17,14,12,9,8,6,5,4,3,2,2,1,1,1,1,1,1,1,1,0,0,0,0,0,0,0,0,0,0,0,0,0,0,0,1,2,6,8,9,10,10,12,19,22,20,18,16,15,11,7,4,2,1,1,1,1,0,0,0,0,0,0,0,0,0,0,0,0,0,0,0,0,0,0,0,0,0,0,0,0,0,0,0,0,0,0,0,0,0,0,0,0,0,0,0,0,0,0,0,0,0,0,0,0,0,0,0,0,0,0,0,0,0,0,0,0,0,0,0,0,0,0,0,0,0,1,1,1,1,2,3,4,6,9,11,14,18,21,25,28,31,34,35,36,36,34,32,30,27,25,22,18,15,13,11,9,7,6,6,5,6,7,8,10,13,16,20,23,27,30,32,34,36,36,36,35,34,33
29,28,27,28,28,30,32,34,36,37,38,38,38,36,34,32,29,26,23,20,17,15,12,10,8,6,5,4,3,2,2,1,1,1,1,1,1,1,1,0,0,0,0,0,0,0,0,0,0,0,0,0,0,0,0,0,1,2,5,8,9,9,9,12,18,21,20,18,16,15,12,7,4,2,1,1,1,1,0,0,0,0,0,0,0,0,0,0,0,0,0,0,0,0,0,0,0,0,0,0,0,0,0,0,0,0,0,0,0,0,0,0,0,0,0,0,0,0,0,0,0,0,0,0,0,0,0,0,0,0,0,0,0,0,0,0,0,0,0,0,0,0,0,0,0,0,1,1,1,1,2,3,4,6,9,12,15,18,22,25,29,32,34,35,36,35,34,32,29,26,23,20,17,14,11,9,7,6,5,5,5,5,6,8,10,13,16,20,24,28,31,33,35,36,36,36,35,34,32,30,29,28,28,28,29,30,32,34,36,37,38,38,38,37,34,32,29,26,23,20,17,15,12,10,8,6,5,4,3,2,2,1,1,1,1,1,1,1,1,0,0,0,0,0,0,0,0,0,0,0,0,0,0,0,0,0,1,2,5,8,9,9,9,12,18,21,20,18,16,15,12,7,4,2,1,1,1,1,0,0,0,0,0,0,0,0,0,0,0,0,0,0,0,0,0,0,0,0,0,0,0,0,0,0,0,0,0,0,0,0,0,0,0,0,0,0,0,0,0,0,0,0,0,0,0,0,0,0,0,0,0,0,0,0,0,0,0,0,0,0,0,0,0,0,0,0,1,1,1,1,2,3,4,6,9,12,15,18,22,25,29,32,34,35,36,35,34,32,29,26,23,20,17,14,11,9,7,6,5,5,5,5,6,8,10,13,16,20,24,27,30,33,35,36,36,35,34,33,31,30
26,26,27,28,29,31,34,35,37,37,37,36,35,33,30,27,24,21,18,15,13,10,8,7,5,4,3,2,2,1,1,1,1,1,1,1,0,0,0,0,0,0,0,0,0,0,0,0,0,0,0,0,0,0,0,0,1,1,4,7,8,9,9,11,17,20,20,17,16,15,12,8,5,3,2,1,1,1,0,0,0,0,0,0,0,0,0,0,0,0,0,0,0,0,0,0,0,0,0,0,0,0,0,0,0,0,0,0,0,0,0,0,0,0,0,0,0,0,0,0,0,0,0,0,0,0,0,0,0,0,0,0,0,0,0,0,0,0,0,0,0,0,0,0,0,1,1,1,1,2,3,4,6,9,12,16,19,23,26,29,32,34,35,35,34,33,31,27,24,21,18,15,12,10,8,6,5,5,4,4,5,6,8,10,13,17,21,25,28,31,34,35,36,36,35,34,32,30,29,27,27,26,27,28,30,32,34,36,37,38,38,37,35,33,30,27,24,21,18,16,13,10,8,7,5,4,3,2,2,1,1,1,1,1,1,1,0,0,0,0,0,0,0,0,0,0,0,0,0,0,0,0,0,0,0,0,1,1,4,7,8,9,9,11,17,20,20,17,16,15,12,8,5,3,2,1,1,1,0,0,0,0,0,0,0,0,0,0,0,0,0,0,0,0,0,0,0,0,0,0,0,0,0,0,0,0,0,0,0,0,0,0,0,0,0,0,0,0,0,0,0,0,0,0,0,0,0,0,0,0,0,0,0,0,0,0,0,0,0,0,0,0,0,0,0,1,1,1,1,2,3,4,6,9,12,16,19,23,26,29,32,34,35,35,34,33,31,27,24,21,18,15,12,10,8,6,5,4,4,4,5,6,8,10,13,17,20,24,28,31,33,35,35,35,35,33,32,30,28,27
25,26,27,29,31,33,35,36,37,37,36,34,32,29,25,22,19,16,13,11,9,7,5,4,3,2,2,1,1,1,1,1,1,1,0,0,0,0,0,0,0,0,0,0,0,0,0,0,0,0,0,0,0,0,0,0,0,1,4,6,8,8,9,11,16,20,19,17,15,15,12,9,5,3,2,1,1,1,0,0,0,0,0,0,0,0,0,0,0,0,0,0,0,0,0,0,0,0,0,0,0,0,0,0,0,0,0,0,0,0,0,0,0,0,0,0,0,0,0,0,0,0,0,0,0,0,0,0,0,0,0,0,0,0,0,0,0,0,0,0,0,0,0,0,0,1,1,1,2,3,4,6,9,12,16,20,23,27,30,32,34,35,35,34,32,30,27,23,19,16,13,11,9,7,5,4,4,4,4,5,6,8,10,14,17,21,25,29,32,34,35,35,35,34,33,31,29,27,26,25,25,26,27,29,31,33,35,37,37,37,36,34,32,29,25,22,19,16,14,11,9,7,5,4,3,2,2,1,1,1,1,1,1,1,0,0,0,0,0,0,0,0,0,0,0,0,0,0,0,0,0,0,0,0,0,0,0,1,4,7,8,8,9,11,16,20,20,17,15,15,12,9,5,3,2,1,1,1,0,0,0,0,0,0,0,0,0,0,0,0,0,0,0,0,0,0,0,0,0,0,0,0,0,0,0,0,0,0,0,0,0,0,0,0,0,0,0,0,0,0,0,0,0,0,0,0,0,0,0,0,0,0,0,0,0,0,0,0,0,0,0,0,0,0,0,1,1,1,2,3,4,6,9,12,16,20,23,27,30,32,34,35,35,34,32,30,26,23,19,16,13,11,9,7,5,4,4,4,4,5,6,8,10,14,17,21,25,28,32,34,35,35,35,34,32,30,28,27,25,25
25,26,28,31,33,34,36,36,36,35,33,30,27,24,20,17,14,12,10,8,6,5,3,3,2,1,1,1,1,1,1,1,0,0,0,0,0,0,0,0,0,0,0,0,0,0,0,0,0,0,0,0,0,0,0,0,0,1,3,6,7,8,8,10,15,19,19,17,15,15,13,9,6,3,2,1,1,1,1,0,0,0,0,0,0,0,0,0,0,0,0,0,0,0,0,0,0,0,0,0,0,0,0,0,0,0,0,0,0,0,0,0,0,0,0,0,0,0,0,0,0,0,0,0,0,0,0,0,0,0,0,0,0,0,0,0,0,0,0,0,0,0,0,0,1,1,1,2,3,5,6,9,12,16,20,24,27,30,32,34,34,34,33,31,29,25,22,18,15,12,10,8,6,5,4,3,3,4,5,6,8,11,14,17,21,25,29,32,34,35,35,35,34,32,29,27,26,24,24,24,25,27,29,31,33,35,36,37,36,35,33,31,28,24,20,17,14,12,10,8,6,5,3,3,2,1,1,1,1,1,1,1,0,0,0,0,0,0,0,0,0,0,0,0,0,0,0,0,0,0,0,0,0,0,0,0,0,1,3,6,7,8,8,10,15,19,19,17,15,15,13,9,6,3,2,1,1,1,1,0,0,0,0,0,0,0,0,0,0,0,0,0,0,0,0,0,0,0,0,0,0,0,0,0,0,0,0,0,0,0,0,0,0,0,0,0,0,0,0,0,0,0,0,0,0,0,0,0,0,0,0,0,0,0,0,0,0,0,0,0,0,0,0,0,1,1,1,2,3,5,6,9,12,16,20,24,27,30,32,34,35,34,33,31,29,25,22,18,15,12,10,8,6,5,4,3,3,4,5,6,8,10,14,17,21,25,28,32,34,35,35,34,33,31,29,27,25,24,24,24
26,28,30,33,34,36,36,35,34,32,29,26,22,19,15,12,10,8,6,5,4,3,2,1,1,1,1,1,1,1,0,0,0,0,0,0,0,0,0,0,0,0,0,0,0,0,0,0,0,0,0,0,0,0,0,0,0,1,3,5,7,7,8,10,14,19,19,17,15,15,13,10,6,4,2,1,1,1,1,0,0,0,0,0,0,0,0,0,0,0,0,0,0,0,0,0,0,0,0,0,0,0,0,0,0,0,0,0,0,0,0,0,0,0,0,0,0,0,0,0,0,0,0,0,0,0,0,0,0,0,0,0,0,0,0,0,0,0,0,0,0,0,0,1,1,1,2,3,5,7,9,12,16,20,24,28,31,33,34,34,34,33,30,27,24,21,17,14,11,8,7,5,4,3,3,3,4,4,6,8,11,14,18,21,25,29,32,34,35,35,34,33,31,28,26,24,23,23,23,24,26,28,31,33,35,36,36,36,34,32,29,26,23,19,16,13,10,8,6,5,4,3,2,2,1,1,1,1,1,1,0,0,0,0,0,0,0,0,0,0,0,0,0,0,0,0,0,0,0,0,0,0,0,0,0,0,0,1,3,5,7,7,8,10,14,19,19,17,15,15,13,10,6,4,2,1,1,1,1,0,0,0,0,0,0,0,0,0,0,0,0,0,0,0,0,0,0,0,0,0,0,0,0,0,0,0,0,0,0,0,0,0,0,0,0,0,0,0,0,0,0,0,0,0,0,0,0,0,0,0,0,0,0,0,0,0,0,0,0,0,0,0,0,1,1,1,2,3,5,7,9,12,16,20,24,28,31,33,34,34,34,33,30,27,24,21,17,14,11,8,7,5,4,3,3,3,3,4,6,8,11,14,17,21,25,29,31,34,35,35,34,32,30,28,26,24,23,22,23,24
27,30,32,34,35,35,35,33,30,28,24,21,18,14,11,9,7,5,4,3,2,2,1,1,1,1,1,1,0,0,0,0,0,0,0,0,0,0,0,0,0,0,0,0,0,0,0,0,0,0,0,0,0,0,0,0,0,1,2,5,7,7,8,10,13,18,18,17,15,14,13,10,7,4,2,1,1,1,1,0,0,0,0,0,0,0,0,0,0,0,0,0,0,0,0,0,0,0,0,0,0,0,0,0,0,0,0,0,0,0,0,0,0,0,0,0,0,0,0,0,0,0,0,0,0,0,0,0,0,0,0,0,0,0,0,0,0,0,0,0,0,0,1,1,1,2,3,4,7,9,12,16,20,24,28,31,33,34,34,33,32,30,26,23,20,16,13,10,8,6,4,3,3,2,3,3,5,6,8,11,14,18,22,25,29,32,34,34,34,34,32,29,27,25,23,22,22,22,23,25,28,30,33,34,35,36,35,33,31,28,25,21,18,14,11,9,7,5,4,3,2,2,1,1,1,1,1,1,0,0,0,0,0,0,0,0,0,0,0,0,0,0,0,0,0,0,0,0,0,0,0,0,0,0,0,0,0,1,2,5,7,7,8,10,13,18,19,17,15,14,13,10,7,4,2,1,1,1,1,0,0,0,0,0,0,0,0,0,0,0,0,0,0,0,0,0,0,0,0,0,0,0,0,0,0,0,0,0,0,0,0,0,0,0,0,0,0,0,0,0,0,0,0,0,0,0,0,0,0,0,0,0,0,0,0,0,0,0,0,0,0,0,1,1,1,2,3,4,7,9,12,16,20,24,28,31,33,34,34,33,32,30,26,23,20,16,13,10,8,6,4,3,3,2,3,3,4,6,8,11,14,17,21,25,29,31,33,34,34,33,31,29,27,25,22,21,21,22,23,25
30,32,34,35,35,34,32,30,26,23,20,16,13,10,8,6,5,3,3,2,1,1,1,1,1,1,0,0,0,0,0,0,0,0,0,0,0,0,0,0,0,0,0,0,0,0,0,0,0,0,0,0,0,0,0,0,0,1,2,4,6,7,7,9,12,18,18,17,15,14,13,10,7,4,2,2,1,1,1,0,0,0,0,0,0,0,0,0,0,0,0,0,0,0,0,0,0,0,0,0,0,0,0,0,0,0,0,0,0,0,0,0,0,0,0,0,0,0,0,0,0,0,0,0,0,0,0,0,0,0,0,0,0,0,0,0,0,0,0,0,0,1,1,1,1,2,4,6,9,12,16,20,23,27,31,33,34,34,33,31,29,26,22,19,15,12,9,7,5,4,3,2,2,2,3,4,6,8,11,14,18,22,25,29,32,34,34,34,33,31,28,26,23,22,20,20,21,23,25,27,30,32,34,35,35,35,33,30,26,23,20,17,13,10,8,6,5,3,3,2,1,1,1,1,1,1,0,0,0,0,0,0,0,0,0,0,0,0,0,0,0,0,0,0,0,0,0,0,0,0,0,0,0,0,0,0,0,1,2,4,6,7,7,9,12,18,18,17,15,14,13,10,7,4,2,2,1,1,1,0,0,0,0,0,0,0,0,0,0,0,0,0,0,0,0,0,0,0,0,0,0,0,0,0,0,0,0,0,0,0,0,0,0,0,0,0,0,0,0,0,0,0,0,0,0,0,0,0,0,0,0,0,0,0,0,0,0,0,0,0,0,1,1,1,1,2,4,6,9,12,16,20,23,27,31,33,34,34,33,31,29,26,22,19,15,12,9,7,5,4,3,2,2,2,3,4,6,8,11,14,18,21,25,29,31,33,34,34,33,31,28,26,23,21,20,20,21,23,25,27
32,34,34,35,34,32,29,26,22,19,15,12,10,7,5,4,3,2,2,1,1,1,1,1,0,0,0,0,0,0,0,0,0,0,0,0,0,0,0,0,0,0,0,0,0,0,0,0,0,0,0,0,0,0,0,0,0,1,2,4,6,6,7,9,11,17,18,17,15,14,13,11,7,5,3,2,1,1,1,0,0,0,0,0,0,0,0,0,0,0,0,0,0,0,0,0,0,0,0,0,0,0,0,0,0,0,0,0,0,0,0,0,0,0,0,0,0,0,0,0,0,0,0,0,0,0,0,0,0,0,0,0,0,0,0,0,0,0,0,0,1,1,1,1,2,4,6,9,12,16,19,23,27,30,32,33,33,32,30,28,25,21,18,14,11,9,6,5,3,3,2,2,2,3,4,6,8,11,14,18,22,25,29,32,33,34,34,32,30,27,25,22,20,20,19,21,22,24,27,30,32,34,35,35,34,32,29,26,22,19,15,12,10,7,5,4,3,2,2,1,1,1,1,1,0,0,0,0,0,0,0,0,0,0,0,0,0,0,0,0,0,0,0,0,0,0,0,0,0,0,0,0,0,0,0,0,0,1,2,4,6,6,7,9,11,17,18,17,15,14,13,11,7,5,3,2,1,1,1,0,0,0,0,0,0,0,0,0,0,0,0,0,0,0,0,0,0,0,0,0,0,0,0,0,0,0,0,0,0,0,0,0,0,0,0,0,0,0,0,0,0,0,0,0,0,0,0,0,0,0,0,0,0,0,0,0,0,0,0,0,1,1,1,1,2,4,6,9,12,16,19,23,27,30,32,33,33,32,30,28,25,21,18,14,11,9,6,5,3,3,2,2,2,3,4,6,8,11,14,18,21,25,29,31,33,34,33,32,30,27,25,22,20,19,19,20,22,24,27,30
33,34,34,33,31,29,25,21,17,14,11,9,6,5,3,2,2,1,1,1,1,1,1,0,0,0,0,0,0,0,0,0,0,0,0,0,0,0,0,0,0,0,0,0,0,0,0,0,0,0,0,0,0,0,0,0,0,1,1,3,5,6,7,9,11,16,17,16,15,14,13,11,8,5,3,2,1,1,1,0,0,0,0,0,0,0,0,0,0,0,0,0,0,0,0,0,0,0,0,0,0,0,0,0,0,0,0,0,0,0,0,0,0,0,0,0,0,0,0,0,0,0,0,0,0,0,0,0,0,0,0,0,0,0,0,0,0,0,0,1,1,1,1,2,3,5,8,12,16,19,23,27,30,32,33,33,32,30,27,24,20,17,13,11,8,6,4,3,2,2,2,2,3,4,6,8,11,14,18,22,25,29,32,33,34,33,32,29,26,24,21,19,18,18,19,22,24,27,29,32,34,35,34,34,32,29,25,21,17,14,11,9,7,5,3,2,2,1,1,1,1,1,1,0,0,0,0,0,0,0,0,0,0,0,0,0,0,0,0,0,0,0,0,0,0,0,0,0,0,0,0,0,0,0,0,0,0,1,1,3,6,6,7,9,11,16,17,17,15,14,13,11,8,5,3,2,1,1,1,0,0,0,0,0,0,0,0,0,0,0,0,0,0,0,0,0,0,0,0,0,0,0,0,0,0,0,0,0,0,0,0,0,0,0,0,0,0,0,0,0,0,0,0,0,0,0,0,0,0,0,0,0,0,0,0,0,0,0,0,1,1,1,1,2,3,5,8,12,16,19,23,27,30,32,33,33,32,30,27,24,20,17,13,10,8,6,4,3,2,2,2,2,3,4,6,8,11,14,18,22,25,29,31,33,34,33,32,29,26,24,21,19,18,18,19,22,24,27,29,32
34,34,33,31,28,24,20,17,13,10,8,6,4,3,2,1,1,1,1,1,1,0,0,0,0,0,0,0,0,0,0,0,0,0,0,0,0,0,0,0,0,0,0,0,0,0,0,0,0,0,0,0,0,0,0,0,0,1,1,3,5,6,6,9,10,16,16,16,15,14,13,11,8,5,3,2,1,1,1,1,0,0,0,0,0,0,0,0,0,0,0,0,0,0,0,0,0,0,0,0,0,0,0,0,0,0,0,0,0,0,0,0,0,0,0,0,0,0,0,0,0,0,0,0,0,0,0,0,0,0,0,0,0,0,0,0,0,0,0,1,1,1,2,3,5,8,11,15,19,23,26,29,32,33,33,31,29,26,23,20,16,13,10,7,6,4,3,2,2,2,2,2,4,5,8,11,14,18,22,25,29,31,33,34,33,31,29,26,23,20,18,18,18,19,21,24,27,29,32,33,34,34,33,31,28,25,21,17,13,11,8,6,4,3,2,1,1,1,1,1,1,0,0,0,0,0,0,0,0,0,0,0,0,0,0,0,0,0,0,0,0,0,0,0,0,0,0,0,0,0,0,0,0,0,0,0,0,1,1,3,5,6,6,9,10,16,17,16,15,14,13,11,8,5,3,2,1,1,1,1,0,0,0,0,0,0,0,0,0,0,0,0,0,0,0,0,0,0,0,0,0,0,0,0,0,0,0,0,0,0,0,0,0,0,0,0,0,0,0,0,0,0,0,0,0,0,0,0,0,0,0,0,0,0,0,0,0,0,0,1,1,1,2,3,5,8,11,15,19,23,27,29,32,33,33,31,29,26,23,20,16,13,10,7,6,4,3,2,2,2,2,2,4,5,8,11,14,18,21,25,28,31,33,33,33,31,29,26,23,20,18,17,17,19,21,24,26,29,32,33
33,32,30,27,24,20,16,12,9,7,5,4,3,2,1,1,1,1,1,1,0,0,0,0,0,0,0,0,0,0,0,0,0,0,0,0,0,0,0,0,0,0,0,0,0,0,0,0,0,0,0,0,0,0,0,0,0,1,1,3,5,6,6,8,10,15,16,16,15,14,13,12,9,6,4,2,1,1,1,1,0,0,0,0,0,0,0,0,0,0,0,0,0,0,0,0,0,0,0,0,0,0,0,0,0,0,0,0,0,0,0,0,0,0,0,0,0,0,0,0,0,0,0,0,0,0,0,0,0,0,0,0,0,0,0,0,0,0,1,1,1,2,3,5,7,10,14,18,23,26,29,31,33,32,31,28,26,22,19,15,12,9,7,5,4,2,2,1,1,2,2,3,5,7,11,15,18,22,25,28,31,33,33,33,31,28,25,22,19,18,17,17,18,20,23,26,29,32,33,34,34,33,30,28,24,20,16,13,9,7,5,4,3,2,1,1,1,1,1,1,0,0,0,0,0,0,0,0,0,0,0,0,0,0,0,0,0,0,0,0,0,0,0,0,0,0,0,0,0,0,0,0,0,0,0,0,0,1,1,3,5,6,6,8,10,15,16,16,15,14,13,12,9,6,4,2,1,1,1,1,0,0,0,0,0,0,0,0,0,0,0,0,0,0,0,0,0,0,0,0,0,0,0,0,0,0,0,0,0,0,0,0,0,0,0,0,0,0,0,0,0,0,0,0,0,0,0,0,0,0,0,0,0,0,0,0,0,0,1,1,1,2,3,5,7,10,14,18,23,26,29,31,33,32,31,28,26,22,19,15,12,9,7,5,4,2,2,1,1,2,2,3,5,7,11,14,18,21,25,28,31,33,33,33,31,28,25,22,19,17,16,17,18,20,23,26,29,32,33,34
32,29,26,23,19,16,12,9,7,5,3,2,2,1,1,1,1,1,0,0,0,0,0,0,0,0,0,0,0,0,0,0,0,0,0,0,0,0,0,0,0,0,0,0,0,0,0,0,0,0,0,0,0,0,0,0,0,1,1,2,4,6,6,8,10,14,15,16,15,14,13,12,9,6,4,2,1,1,1,1,0,0,0,0,0,0,0,0,0,0,0,0,0,0,0,0,0,0,0,0,0,0,0,0,0,0,0,0,0,0,0,0,0,0,0,0,0,0,0,0,0,0,0,0,0,0,0,0,0,0,0,0,0,0,0,0,0,1,1,1,2,3,5,7,10,13,17,22,26,29,31,32,32,31,28,25,22,18,15,12,9,7,5,3,2,2,1,1,2,2,3,5,7,10,14,18,22,25,28,31,32,33,32,31,28,25,22,19,17,16,16,17,19,22,26,29,31,33,34,33,32,30,27,23,20,16,12,9,7,5,4,2,2,1,1,1,1,1,0,0,0,0,0,0,0,0,0,0,0,0,0,0,0,0,0,0,0,0,0,0,0,0,0,0,0,0,0,0,0,0,0,0,0,0,0,0,0,1,1,3,4,6,6,8,10,14,16,16,15,14,13,12,9,6,4,2,1,1,1,1,0,0,0,0,0,0,0,0,0,0,0,0,0,0,0,0,0,0,0,0,0,0,0,0,0,0,0,0,0,0,0,0,0,0,0,0,0,0,0,0,0,0,0,0,0,0,0,0,0,0,0,0,0,0,0,0,0,1,1,1,2,3,5,7,10,13,17,22,26,29,31,32,32,31,28,25,22,18,15,12,9,7,5,3,2,2,1,1,2,2,3,5,7,10,14,18,21,25,28,31,32,33,32,30,28,25,22,19,17,16,16,17,19,22,26,29,31,33,34,33
29,26,22,19,15,12,9,6,4,3,2,1,1,1,1,1,0,0,0,0,0,0,0,0,0,0,0,0,0,0,0,0,0,0,0,0,0,0,0,0,0,0,0,0,0,0,0,0,0,0,0,0,0,0,0,0,0,1,1,2,4,5,5,8,9,13,15,16,15,13,13,12,10,7,4,3,2,1,1,1,0,0,0,0,0,0,0,0,0,0,0,0,0,0,0,0,0,0,0,0,0,0,0,0,0,0,0,0,0,0,0,0,0,0,0,0,0,0,0,0,0,0,0,0,0,0,0,0,0,0,0,0,0,0,0,0,1,1,1,1,3,4,6,9,13,17,21,25,29,31,32,32,31,28,25,21,18,14,11,8,6,4,3,2,1,1,1,1,2,3,5,7,10,13,17,22,25,28,30,32,33,32,30,28,24,21,18,16,15,15,16,19,21,25,28,31,33,33,33,32,29,26,23,19,15,12,9,6,4,3,2,1,1,1,1,1,0,0,0,0,0,0,0,0,0,0,0,0,0,0,0,0,0,0,0,0,0,0,0,0,0,0,0,0,0,0,0,0,0,0,0,0,0,0,0,0,0,1,1,2,4,5,6,8,9,13,15,16,15,13,13,12,10,7,4,3,2,1,1,1,0,0,0,0,0,0,0,0,0,0,0,0,0,0,0,0,0,0,0,0,0,0,0,0,0,0,0,0,0,0,0,0,0,0,0,0,0,0,0,0,0,0,0,0,0,0,0,0,0,0,0,0,0,0,0,0,1,1,1,1,3,4,6,9,13,17,21,25,29,31,32,32,31,28,25,21,18,14,11,9,6,4,3,2,1,1,1,1,2,3,5,7,9,13,17,21,25,28,30,32,33,32,30,28,24,21,18,16,15,15,16,19,21,25,28,31,33,33,33,32
25,22,18,15,11,9,6,4,3,2,1,1,1,1,1,0,0,0,0,0,0,0,0,0,0,0,0,0,0,0,0,0,0,0,0,0,0,0,0,0,0,0,0,0,0,0,0,0,0,0,0,0,0,0,0,0,0,1,1,2,3,5,5,8,9,12,15,15,14,13,13,12,10,7,5,3,2,1,1,1,0,0,0,0,0,0,0,0,0,0,0,0,0,0,0,0,0,0,0,0,0,0,0,0,0,0,0,0,0,0,0,0,0,0,0,0,0,0,0,0,0,0,0,0,0,0,0,0,0,0,0,0,0,0,0,1,1,1,1,2,4,6,9,12,16,20,24,28,30,31,31,30,28,25,21,17,14,11,8,6,4,3,2,1,1,1,1,2,3,4,6,9,12,16,21,25,28,30,32,32,32,30,27,24,21,18,16,14,15,16,18,21,24,28,30,32,33,33,31,29,26,22,18,15,12,9,6,4,3,2,1,1,1,1,1,0,0,0,0,0,0,0,0,0,0,0,0,0,0,0,0,0,0,0,0,0,0,0,0,0,0,0,0,0,0,0,0,0,0,0,0,0,0,0,0,0,0,1,1,2,4,5,5,8,9,12,15,15,14,13,13,12,10,7,5,3,2,1,1,1,0,0,0,0,0,0,0,0,0,0,0,0,0,0,0,0,0,0,0,0,0,0,0,0,0,0,0,0,0,0,0,0,0,0,0,0,0,0,0,0,0,0,0,0,0,0,0,0,0,0,0,0,0,0,0,1,1,1,1,2,4,6,9,12,16,20,24,28,30,31,32,30,28,25,21,17,14,11,8,6,4,3,2,1,1,1,1,2,3,4,6,9,12,16,21,25,28,30,31,32,31,30,27,24,21,18,16,14,14,16,18,21,24,27,30,32,33,33,31,29
22,18,14,11,8,6,4,3,2,1,1,1,1,1,0,0,0,0,0,0,0,0,0,0,0,0,0,0,0,0,0,0,0,0,0,0,0,0,0,0,0,0,0,0,0,0,0,0,0,0,0,0,0,0,0,0,0,0,1,2,3,5,5,7,9,12,14,15,14,13,12,12,10,7,5,3,2,1,1,1,0,0,0,0,0,0,0,0,0,0,0,0,0,0,0,0,0,0,0,0,0,0,0,0,0,0,0,0,0,0,0,0,0,0,0,0,0,0,0,0,0,0,0,0,0,0,0,0,0,0,0,0,0,0,0,1,1,1,2,3,5,8,11,15,19,23,27,30,31,31,30,28,25,21,17,13,10,8,6,4,3,2,1,1,1,1,1,2,4,6,9,12,16,20,24,28,30,31,32,31,30,27,24,20,17,15,14,14,15,17,20,24,27,30,32,33,32,31,28,25,22,18,14,11,8,6,4,3,2,1,1,1,1,1,0,0,0,0,0,0,0,0,0,0,0,0,0,0,0,0,0,0,0,0,0,0,0,0,0,0,0,0,0,0,0,0,0,0,0,0,0,0,0,0,0,0,0,1,1,2,3,5,5,7,9,12,14,15,14,13,12,12,10,7,5,3,2,1,1,1,0,0,0,0,0,0,0,0,0,0,0,0,0,0,0,0,0,0,0,0,0,0,0,0,0,0,0,0,0,0,0,0,0,0,0,0,0,0,0,0,0,0,0,0,0,0,0,0,0,0,0,0,0,0,0,1,1,1,2,3,5,8,11,15,19,23,27,30,31,31,30,28,25,21,17,13,10,8,6,4,3,2,1,1,1,1,1,2,4,6,9,12,16,20,24,28,30,31,32,31,30,27,24,20,17,15,14,14,15,17,20,24,27,30,32,33,32,31,28,25
18,14,11,8,6,4,3,2,1,1,1,1,0,0,0,0,0,0,0,0,0,0,0,0,0,0,0,0,0,0,0,0,0,0,0,0,0,0,0,0,0,0,0,0,0,0,0,0,0,0,0,0,0,0,0,0,0,0,1,2,3,5,5,7,9,11,14,15,14,13,12,12,11,8,5,3,2,1,1,1,1,0,0,0,0,0,0,0,0,0,0,0,0,0,0,0,0,0,0,0,0,0,0,0,0,0,0,0,0,0,0,0,0,0,0,0,0,0,0,0,0,0,0,0,0,0,0,0,0,0,0,0,0,0,1,1,1,2,3,5,7,11,15,18,22,26,29,31,31,30,28,25,21,17,13,10,7,5,4,3,2,1,1,1,1,1,2,4,6,8,11,15,19,23,27,30,31,32,31,29,27,24,20,17,15,13,13,14,17,19,23,26,29,31,32,32,30,28,25,22,18,14,11,8,6,4,3,2,1,1,1,1,0,0,0,0,0,0,0,0,0,0,0,0,0,0,0,0,0,0,0,0,0,0,0,0,0,0,0,0,0,0,0,0,0,0,0,0,0,0,0,0,0,0,0,0,0,0,1,2,3,5,5,7,9,11,14,15,14,13,12,12,11,8,5,3,2,1,1,1,1,0,0,0,0,0,0,0,0,0,0,0,0,0,0,0,0,0,0,0,0,0,0,0,0,0,0,0,0,0,0,0,0,0,0,0,0,0,0,0,0,0,0,0,0,0,0,0,0,0,0,0,0,0,1,1,1,2,3,5,7,11,14,18,22,26,29,31,31,30,28,25,21,17,13,10,7,5,4,3,2,1,1,1,1,1,2,3,6,8,11,15,19,23,27,30,31,31,31,29,27,24,20,17,15,13,13,14,17,19,23,26,29,31,32,32,30,28,25,22
14,10,8,6,4,3,2,1,1,1,1,0,0,0,0,0,0,0,0,0,0,0,0,0,0,0,0,0,0,0,0,0,0,0,0,0,0,0,0,0,0,0,0,0,0,0,0,0,0,0,0,0,0,0,0,0,0,0,1,1,3,4,5,7,8,10,14,14,14,13,12,12,11,8,6,4,2,1,1,1,1,0,0,0,0,0,0,0,0,0,0,0,0,0,0,0,0,0,0,0,0,0,0,0,0,0,0,0,0,0,0,0,0,0,0,0,0,0,0,0,0,0,0,0,0,0,0,0,0,0,0,0,0,1,1,1,2,3,4,7,10,14,18,22,25,28,30,31,30,28,25,21,18,14,10,7,5,4,2,2,1,1,1,1,1,2,3,5,8,11,14,18,22,26,29,31,31,31,29,27,23,20,17,14,13,12,13,16,19,22,26,29,31,32,32,30,28,25,21,18,14,11,8,6,4,3,2,1,1,1,1,0,0,0,0,0,0,0,0,0,0,0,0,0,0,0,0,0,0,0,0,0,0,0,0,0,0,0,0,0,0,0,0,0,0,0,0,0,0,0,0,0,0,0,0,0,0,0,1,1,3,4,5,7,8,10,14,14,14,13,12,12,11,8,6,4,2,1,1,1,1,0,0,0,0,0,0,0,0,0,0,0,0,0,0,0,0,0,0,0,0,0,0,0,0,0,0,0,0,0,0,0,0,0,0,0,0,0,0,0,0,0,0,0,0,0,0,0,0,0,0,0,0,1,1,1,2,3,4,7,10,14,18,22,25,28,30,31,30,28,25,21,18,14,10,7,5,4,2,2,1,1,1,1,1,2,3,5,8,11,14,18,22,26,29,31,31,31,29,27,23,20,17,14,13,12,13,15,19,22,26,29,31,32,32,30,28,25,21,18
10,8,5,4,2,2,1,1,1,1,0,0,0,0,0,0,0,0,0,0,0,0,0,0,0,0,0,0,0,0,0,0,0,0,0,0,0,0,0,0,0,0,0,0,0,0,0,0,0,0,0,0,0,0,0,0,0,0,1,1,2,4,5,7,8,10,13,14,14,13,13,12,11,8,6,4,2,1,1,1,1,0,0,0,0,0,0,0,0,0,0,0,0,0,0,0,0,0,0,0,0,0,0,0,0,0,0,0,0,0,0,0,0,0,0,0,0,0,0,0,0,0,0,0,0,0,0,0,0,0,0,0,1,1,1,2,3,4,6,9,13,17,21,24,28,30,30,30,28,25,22,18,14,10,7,5,3,2,2,1,1,1,1,1,2,3,4,7,10,14,17,21,25,28,30,31,30,29,26,23,20,17,14,12,12,12,14,18,22,25,28,30,32,31,30,27,24,21,17,14,10,8,5,4,2,2,1,1,1,1,0,0,0,0,0,0,0,0,0,0,0,0,0,0,0,0,0,0,0,0,0,0,0,0,0,0,0,0,0,0,0,0,0,0,0,0,0,0,0,0,0,0,0,0,0,0,0,0,1,1,3,4,5,7,8,10,13,14,14,13,13,12,11,8,6,4,2,1,1,1,1,0,0,0,0,0,0,0,0,0,0,0,0,0,0,0,0,0,0,0,0,0,0,0,0,0,0,0,0,0,0,0,0,0,0,0,0,0,0,0,0,0,0,0,0,0,0,0,0,0,0,0,1,1,1,2,3,4,6,9,13,17,21,24,28,30,30,30,28,25,22,18,14,10,7,5,3,2,2,1,1,1,1,1,2,3,4,7,10,14,17,21,25,28,30,31,30,29,26,23,20,17,14,12,12,12,14,18,21,25,28,30,32,31,30,27,24,21,17,14
7,5,4,2,1,1,1,1,1,0,0,0,0,0,0,0,0,0,0,0,0,0,0,0,0,0,0,0,0,0,0,0,0,0,0,0,0,0,0,0,0,0,0,0,0,0,0,0,0,0,0,0,0,0,0,0,0,0,1,1,2,3,5,6,8,10,13,13,14,13,13,11,11,9,6,4,3,2,1,1,1,0,0,0,0,0,0,0,0,0,0,0,0,0,0,0,0,0,0,0,0,0,0,0,0,0,0,0,0,0,0,0,0,0,0,0,0,0,0,0,0,0,0,0,0,0,0,0,0,0,0,0,1,1,1,2,4,6,8,12,16,20,24,27,29,30,30,28,25,22,18,14,11,8,5,3,2,1,1,1,1,1,1,1,2,4,6,9,13,17,21,24,28,30,31,30,29,26,23,20,17,14,12,11,12,13,16,20,24,27,30,31,31,30,27,24,21,17,14,10,8,5,4,2,2,1,1,1,1,0,0,0,0,0,0,0,0,0,0,0,0,0,0,0,0,0,0,0,0,0,0,0,0,0,0,0,0,0,0,0,0,0,0,0,0,0,0,0,0,0,0,0,0,0,0,0,0,0,1,1,2,4,5,6,8,10,13,13,14,13,13,11,11,9,6,4,3,2,1,1,1,0,0,0,0,0,0,0,0,0,0,0,0,0,0,0,0,0,0,0,0,0,0,0,0,0,0,0,0,0,0,0,0,0,0,0,0,0,0,0,0,0,0,0,0,0,0,0,0,0,0,0,1,1,1,2,4,6,8,12,16,20,24,27,29,30,30,28,25,22,18,14,11,8,5,3,2,1,1,1,1,1,1,1,2,4,6,9,13,17,21,24,27,30,31,30,28,26,23,20,16,14,12,11,12,13,16,20,24,27,30,31,31,30,27,24,21,17,13,10
5,4,2,1,1,1,1,1,0,0,0,0,0,0,0,0,0,0,0,0,0,0,0,0,0,0,0,0,0,0,0,0,0,0,0,0,0,0,0,0,0,0,0,0,0,0,0,0,0,0,0,0,0,0,0,0,0,0,1,1,2,3,4,6,8,9,13,13,13,13,13,11,11,9,7,4,3,2,1,1,1,0,0,0,0,0,0,0,0,0,0,0,0,0,0,0,0,0,0,0,0,0,0,0,0,0,0,0,0,0,0,0,0,0,0,0,0,0,0,0,0,0,0,0,0,0,0,0,0,0,0,1,1,1,2,3,5,8,11,15,19,23,26,28,30,30,28,25,22,18,14,11,8,5,3,2,1,1,1,1,1,1,1,2,3,5,8,12,16,20,23,27,29,30,30,28,26,23,20,17,14,12,11,11,13,15,19,23,27,29,31,31,30,28,24,20,17,13,10,8,5,4,2,2,1,1,1,1,0,0,0,0,0,0,0,0,0,0,0,0,0,0,0,0,0,0,0,0,0,0,0,0,0,0,0,0,0,0,0,0,0,0,0,0,0,0,0,0,0,0,0,0,0,0,0,0,0,0,1,1,2,3,5,6,8,9,13,13,13,13,13,11,11,9,7,4,3,2,1,1,1,0,0,0,0,0,0,0,0,0,0,0,0,0,0,0,0,0,0,0,0,0,0,0,0,0,0,0,0,0,0,0,0,0,0,0,0,0,0,0,0,0,0,0,0,0,0,0,0,0,0,1,1,1,2,3,5,8,11,14,19,23,26,28,30,30,28,25,22,18,14,11,8,5,3,2,1,1,1,1,1,1,1,2,3,5,8,12,16,20,23,27,29,30,30,28,26,23,20,16,14,12,11,11,13,15,19,23,27,29,31,31,30,28,24,20,17,13,10,8
3,2,1,1,1,1,0,0,0,0,0,0,0,0,0,0,0,0,0,0,0,0,0,0,0,0,0,0,0,0,0,0,0,0,0,0,0,0,0,0,0,0,0,0,0,0,0,0,0,0,0,0,0,0,0,0,0,0,1,1,2,3,4,6,7,9,12,12,13,13,13,11,11,9,7,5,3,2,1,1,1,0,0,0,0,0,0,0,0,0,0,0,0,0,0,0,0,0,0,0,0,0,0,0,0,0,0,0,0,0,0,0,0,0,0,0,0,0,0,0,0,0,0,0,0,0,0,0,0,0,1,1,1,2,3,5,7,10,14,17,21,25,28,29,30,28,26,22,18,15,11,8,6,4,2,1,1,1,1,1,1,1,2,3,5,7,11,14,19,23,26,28,30,30,29,26,23,20,16,13,11,10,10,12,14,18,22,26,29,30,31,30,28,25,21,17,13,10,7,5,4,2,1,1,1,1,0,0,0,0,0,0,0,0,0,0,0,0,0,0,0,0,0,0,0,0,0,0,0,0,0,0,0,0,0,0,0,0,0,0,0,0,0,0,0,0,0,0,0,0,0,0,0,0,0,0,0,0,1,1,2,3,4,6,7,9,12,12,13,13,13,11,11,9,7,5,3,2,1,1,1,0,0,0,0,0,0,0,0,0,0,0,0,0,0,0,0,0,0,0,0,0,0,0,0,0,0,0,0,0,0,0,0,0,0,0,0,0,0,0,0,0,0,0,0,0,0,0,0,0,1,1,1,2,3,5,7,10,14,17,21,25,28,29,30,28,26,22,18,15,11,8,6,4,2,1,1,1,1,1,1,1,2,3,5,7,11,14,19,23,26,28,30,30,28,26,23,20,16,13,11,10,10,12,14,18,22,26,29,30,31,30,28,25,21,17,13,10,7,5
2,1,1,1,1,1,0,0,0,0,0,0,0,0,0,0,0,0,0,0,0,0,0,0,0,0,0,0,0,0,0,0,0,0,0,0,0,0,0,0,0,0,0,0,0,0,0,0,0,0,0,0,0,0,0,0,0,0,1,1,2,3,4,6,7,9,12,12,13,13,13,11,11,10,7,5,3,2,1,1,1,1,0,0,0,0,0,0,0,0,0,0,0,0,0,0,0,0,0,0,0,0,0,0,0,0,0,0,0,0,0,0,0,0,0,0,0,0,0,0,0,0,0,0,0,0,0,0,0,0,1,1,1,2,4,7,9,13,17,20,24,27,29,29,28,26,23,19,15,11,8,6,4,2,1,1,1,1,1,1,1,1,2,4,6,9,13,17,22,25,28,29,30,29,26,23,20,16,13,11,10,10,11,13,17,21,24,28,30,30,30,28,25,21,17,13,10,7,5,4,2,1,1,1,1,1,0,0,0,0,0,0,0,0,0,0,0,0,0,0,0,0,0,0,0,0,0,0,0,0,0,0,0,0,0,0,0,0,0,0,0,0,0,0,0,0,0,0,0,0,0,0,0,0,0,0,0,0,1,1,2,3,4,6,7,9,12,12,13,13,13,11,11,10,7,5,3,2,1,1,1,1,0,0,0,0,0,0,0,0,0,0,0,0,0,0,0,0,0,0,0,0,0,0,0,0,0,0,0,0,0,0,0,0,0,0,0,0,0,0,0,0,0,0,0,0,0,0,0,0,1,1,1,2,4,7,9,13,16,20,24,27,29,29,28,26,23,19,15,11,8,6,4,2,1,1,1,1,1,1,1,1,2,4,6,9,13,17,22,25,28,29,30,29,26,23,20,16,13,11,10,10,11,13,17,21,24,28,30,30,30,28,25,21,17,13,10,7,5,4
1,1,1,1,0,0,0,0,0,0,0,0,0,0,0,0,0,0,0,0,0,0,0,0,0,0,0,0,0,0,0,0,0,0,0,0,0,0,0,0,0,0,0,0,0,0,0,0,0,0,0,0,0,0,0,0,0,0,1,1,2,2,4,6,7,9,12,11,13,13,13,11,11,10,8,5,4,2,1,1,1,1,0,0,0,0,0,0,0,0,0,0,0,0,0,0,0,0,0,0,0,0,0,0,0,0,0,0,0,0,0,0,0,0,0,0,0,0,0,0,0,0,0,0,0,0,0,0,0,1,1,1,2,3,6,9,12,16,19,23,26,28,29,28,27,24,20,16,12,9,6,4,3,2,1,1,1,1,1,1,1,2,4,6,8,12,16,20,24,27,29,29,29,27,23,20,16,13,11,9,9,10,12,16,19,23,27,29,30,30,28,25,22,18,14,10,7,5,4,2,1,1,1,1,0,0,0,0,0,0,0,0,0,0,0,0,0,0,0,0,0,0,0,0,0,0,0,0,0,0,0,0,0,0,0,0,0,0,0,0,0,0,0,0,0,0,0,0,0,0,0,0,0,0,0,0,0,0,1,1,2,3,4,6,7,9,12,11,13,13,13,11,11,10,8,5,4,2,1,1,1,1,0,0,0,0,0,0,0,0,0,0,0,0,0,0,0,0,0,0,0,0,0,0,0,0,0,0,0,0,0,0,0,0,0,0,0,0,0,0,0,0,0,0,0,0,0,0,0,1,1,1,2,3,6,9,12,16,19,23,26,28,29,28,27,24,20,16,12,9,6,4,3,2,1,1,1,1,1,1,1,2,4,6,8,12,16,20,24,27,29,29,29,27,23,20,16,13,11,9,9,10,12,16,19,23,27,29,30,30,28,25,22,18,14,10,7,5,4,2
1,1,1,0,0,0,0,0,0,0,0,0,0,0,0,0,0,0,0,0,0,0,0,0,0,0,0,0,0,0,0,0,0,0,0,0,0,0,0,0,0,0,0,0,0,0,0,0,0,0,0,0,0,0,0,0,0,0,1,1,2,2,4,5,7,8,11,11,13,13,13,11,11,10,8,6,4,2,1,1,1,1,0,0,0,0,0,0,0,0,0,0,0,0,0,0,0,0,0,0,0,0,0,0,0,0,0,0,0,0,0,0,0,0,0,0,0,0,0,0,0,0,0,0,0,0,0,0,1,1,1,2,3,5,7,11,15,18,22,25,27,29,28,27,24,21,17,13,9,6,4,3,2,1,1,1,1,1,1,1,2,3,5,7,11,15,19,23,26,28,29,29,27,24,20,16,13,11,9,9,10,12,15,18,22,26,28,30,30,28,26,22,18,14,10,7,5,4,2,1,1,1,1,0,0,0,0,0,0,0,0,0,0,0,0,0,0,0,0,0,0,0,0,0,0,0,0,0,0,0,0,0,0,0,0,0,0,0,0,0,0,0,0,0,0,0,0,0,0,0,0,0,0,0,0,0,0,0,1,1,2,2,4,5,7,8,11,11,13,13,13,11,11,10,8,6,4,2,1,1,1,1,0,0,0,0,0,0,0,0,0,0,0,0,0,0,0,0,0,0,0,0,0,0,0,0,0,0,0,0,0,0,0,0,0,0,0,0,0,0,0,0,0,0,0,0,0,0,1,1,1,2,3,5,7,11,15,18,22,25,27,29,28,27,24,21,17,13,9,6,4,3,2,1,1,1,1,1,1,1,2,3,5,7,11,14,19,23,26,28,29,28,27,24,20,16,13,11,9,9,10,12,15,18,22,26,28,30,29,28,25,22,18,14,10,7,5,4,2,1
1,1,0,0,0,0,0,0,0,0,0,0,0,0,0,0,0,0,0,0,0,0,0,0,0,0,0,0,0,0,0,0,0,0,0,0,0,0,0,0,0,0,0,0,0,0,0,0,0,0,0,0,0,0,0,0,0,0,1,1,1,2,3,5,7,8,11,11,12,13,13,11,11,10,8,6,4,3,2,1,1,1,0,0,0,0,0,0,0,0,0,0,0,0,0,0,0,0,0,0,0,0,0,0,0,0,0,0,0,0,0,0,0,0,0,0,0,0,0,0,0,0,0,0,0,0,0,0,1,1,1,2,4,6,10,14,17,21,24,27,28,28,27,25,21,18,14,10,7,4,3,2,1,1,1,1,1,1,1,1,2,4,7,10,13,17,21,25,28,29,29,27,25,21,17,13,11,9,8,9,11,13,17,21,25,27,29,29,28,26,23,19,15,11,8,5,3,2,1,1,1,1,0,0,0,0,0,0,0,0,0,0,0,0,0,0,0,0,0,0,0,0,0,0,0,0,0,0,0,0,0,0,0,0,0,0,0,0,0,0,0,0,0,0,0,0,0,0,0,0,0,0,0,0,0,0,0,0,1,1,1,2,3,5,7,8,11,11,12,13,13,11,11,10,8,6,4,3,2,1,1,1,0,0,0,0,0,0,0,0,0,0,0,0,0,0,0,0,0,0,0,0,0,0,0,0,0,0,0,0,0,0,0,0,0,0,0,0,0,0,0,0,0,0,0,0,0,0,1,1,1,2,4,6,10,14,17,21,24,27,28,28,27,25,21,18,14,10,7,4,3,2,1,1,1,1,1,1,1,1,2,4,7,10,13,17,21,25,28,29,28,27,24,21,17,13,11,9,8,9,11,13,17,21,25,27,29,29,28,26,22,19,15,11,8,5,3,2,1,1
1,0,0,0,0,0,0,0,0,0,0,0,0,0,0,0,0,0,0,0,0,0,0,0,0,0,0,0,0,0,0,0,0,0,0,0,0,0,0,0,0,0,0,0,0,0,0,0,0,0,0,0,0,0,0,0,0,0,1,1,1,2,3,5,7,8,10,11,12,13,12,11,11,10,8,6,4,3,2,1,1,1,0,0,0,0,0,0,0,0,0,0,0,0,0,0,0,0,0,0,0,0,0,0,0,0,0,0,0,0,0,0,0,0,0,0,0,0,0,0,0,0,0,0,0,0,0,1,1,1,2,3,5,8,12,16,20,23,26,28,28,27,25,22,18,14,11,7,5,3,2,1,1,1,1,1,1,1,1,2,4,6,9,12,16,20,24,27,28,28,27,25,22,18,14,11,9,8,8,10,12,16,20,23,27,29,29,28,26,23,19,15,12,8,6,4,2,2,1,1,1,0,0,0,0,0,0,0,0,0,0,0,0,0,0,0,0,0,0,0,0,0,0,0,0,0,0,0,0,0,0,0,0,0,0,0,0,0,0,0,0,0,0,0,0,0,0,0,0,0,0,0,0,0,0,0,0,0,1,1,1,2,3,5,7,8,10,11,12,13,12,11,11,11,8,6,4,3,2,1,1,1,0,0,0,0,0,0,0,0,0,0,0,0,0,0,0,0,0,0,0,0,0,0,0,0,0,0,0,0,0,0,0,0,0,0,0,0,0,0,0,0,0,0,0,0,0,1,1,1,2,3,5,8,12,16,20,23,26,28,28,27,25,22,18,14,11,7,5,3,2,1,1,1,1,1,1,1,1,2,4,6,9,12,16,20,24,27,28,28,27,25,22,18,14,11,9,8,8,10,12,16,20,23,26,29,29,28,26,23,19,15,12,8,6,4,2,2,1,1
0,0,0,0,0,0,0,0,0,0,0,0,0,0,0,0,0,0,0,0,0,0,0,0,0,0,0,0,0,0,0,0,0,0,0,0,0,0,0,0,0,0,0,0,0,0,0,0,0,0,0,0,0,0,0,0,0,0,0,1,1,2,3,5,7,8,10,11,11,12,12,12,10,11,9,6,5,3,2,1,1,1,1,0,0,0,0,0,0,0,0,0,0,0,0,0,0,0,0,0,0,0,0,0,0,0,0,0,0,0,0,0,0,0,0,0,0,0,0,0,0,0,0,0,0,0,0,1,1,2,3,5,7,11,15,19,22,25,27,28,27,25,23,19,15,11,8,5,3,2,1,1,1,1,1,1,1,1,2,3,5,7,11,15,19,22,26,28,28,27,25,22,19,15,11,9,8,8,9,11,15,18,22,26,28,29,29,26,23,20,16,12,9,6,4,2,1,1,1,1,0,0,0,0,0,0,0,0,0,0,0,0,0,0,0,0,0,0,0,0,0,0,0,0,0,0,0,0,0,0,0,0,0,0,0,0,0,0,0,0,0,0,0,0,0,0,0,0,0,0,0,0,0,0,0,0,0,0,0,1,1,2,3,5,7,8,10,11,11,12,12,12,10,11,9,6,5,3,2,1,1,1,1,0,0,0,0,0,0,0,0,0,0,0,0,0,0,0,0,0,0,0,0,0,0,0,0,0,0,0,0,0,0,0,0,0,0,0,0,0,0,0,0,0,0,0,0,1,1,2,3,5,7,11,15,19,22,25,27,28,27,25,22,19,15,11,8,5,3,2,1,1,1,1,1,1,1,1,2,3,5,7,11,15,19,22,26,28,28,27,25,22,19,15,11,9,8,8,9,11,15,18,22,26,28,29,28,26,23,20,16,12,9,6,4,2,1,1,1,1
0,0,0,0,0,0,0,0,0,0,0,0,0,0,0,0,0,0,0,0,0,0,0,0,0,0,0,0,0,0,0,0,0,0,0,0,0,0,0,0,0,0,0,0,0,0,0,0,0,0,0,0,0,0,0,0,0,0,0,1,1,2,3,5,7,8,9,11,11,12,12,12,10,10,9,7,5,4,2,1,1,1,1,0,0,0,0,0,0,0,0,0,0,0,0,0,0,0,0,0,0,0,0,0,0,0,0,0,0,0,0,0,0,0,0,0,0,0,0,0,0,0,0,0,0,0,1,1,1,2,4,6,9,13,17,21,24,26,28,27,26,23,20,16,12,9,6,4,2,1,1,1,1,0,1,1,1,1,3,4,7,10,13,17,21,25,27,28,27,25,23,19,16,12,9,8,7,8,10,13,17,21,25,27,28,29,27,24,20,16,13,9,6,4,3,2,1,1,1,1,0,0,0,0,0,0,0,0,0,0,0,0,0,0,0,0,0,0,0,0,0,0,0,0,0,0,0,0,0,0,0,0,0,0,0,0,0,0,0,0,0,0,0,0,0,0,0,0,0,0,0,0,0,0,0,0,0,0,0,1,1,2,3,5,7,8,9,11,11,12,12,12,10,10,9,7,5,4,2,1,1,1,1,0,0,0,0,0,0,0,0,0,0,0,0,0,0,0,0,0,0,0,0,0,0,0,0,0,0,0,0,0,0,0,0,0,0,0,0,0,0,0,0,0,0,0,1,1,1,2,4,6,9,13,17,21,24,26,27,27,26,23,20,16,12,9,6,4,2,1,1,1,1,0,1,1,1,1,3,4,7,10,13,17,21,24,27,28,27,25,23,19,16,12,9,8,7,8,10,13,17,21,25,27,28,29,27,24,20,16,13,9,6,4,3,2,1,1,1,1
0,0,0,0,0,0,0,0,0,0,0,0,0,0,0,0,0,0,0,0,0,0,0,0,0,0,0,0,0,0,0,0,0,0,0,0,0,0,0,0,0,0,0,0,0,0,0,0,0,0,0,0,0,0,0,0,0,0,0,1,1,2,2,5,7,7,9,11,10,11,12,12,10,10,9,7,5,4,2,1,1,1,1,0,0,0,0,0,0,0,0,0,0,0,0,0,0,0,0,0,0,0,0,0,0,0,0,0,0,0,0,0,0,0,0,0,0,0,0,0,0,0,0,0,0,0,1,1,2,3,5,8,11,15,20,23,26,27,27,26,24,21,17,13,10,7,4,3,1,1,1,1,0,0,1,1,1,2,4,6,8,12,16,20,23,26,27,27,26,23,20,16,13,10,8,7,8,10,12,16,20,23,26,28,28,27,25,21,17,13,10,7,5,3,2,1,1,1,1,0,0,0,0,0,0,0,0,0,0,0,0,0,0,0,0,0,0,0,0,0,0,0,0,0,0,0,0,0,0,0,0,0,0,0,0,0,0,0,0,0,0,0,0,0,0,0,0,0,0,0,0,0,0,0,0,0,0,0,0,1,1,2,2,5,7,7,9,11,10,11,12,12,10,10,9,7,5,4,2,1,1,1,1,0,0,0,0,0,0,0,0,0,0,0,0,0,0,0,0,0,0,0,0,0,0,0,0,0,0,0,0,0,0,0,0,0,0,0,0,0,0,0,0,0,0,0,1,1,2,3,5,8,11,15,20,23,26,27,27,26,24,21,17,13,10,7,4,3,1,1,1,1,0,0,1,1,1,2,4,6,8,12,16,20,23,26,27,27,26,23,20,16,13,10,8,7,8,10,12,16,20,23,26,28,28,27,25,21,17,13,10,7,5,3,2,1,1,1,1,0
0,0,0,0,0,0,0,0,0,0,0,0,0,0,0,0,0,0,0,0,0,0,0,0,0,0,0,0,0,0,0,0,0,0,0,0,0,0,0,0,0,0,0,0,0,0,0,0,0,0,0,0,0,0,0,0,0,0,0,1,1,2,2,5,6,7,8,11,10,11,11,12,10,10,9,7,6,4,2,1,1,1,1,0,0,0,0,0,0,0,0,0,0,0,0,0,0,0,0,0,0,0,0,0,0,0,0,0,0,0,0,0,0,0,0,0,0,0,0,0,0,0,0,0,0,1,1,1,3,4,7,10,14,18,22,25,27,27,26,24,21,18,14,10,7,5,3,2,1,1,1,0,0,1,1,1,2,3,5,7,11,14,18,22,25,27,27,26,24,20,17,13,10,8,7,7,9,11,15,18,22,25,27,28,27,26,22,18,14,10,7,5,3,2,1,1,1,1,0,0,0,0,0,0,0,0,0,0,0,0,0,0,0,0,0,0,0,0,0,0,0,0,0,0,0,0,0,0,0,0,0,0,0,0,0,0,0,0,0,0,0,0,0,0,0,0,0,0,0,0,0,0,0,0,0,0,0,0,0,1,1,2,2,5,6,7,8,11,10,11,11,12,10,10,9,7,6,4,2,1,1,1,1,0,0,0,0,0,0,0,0,0,0,0,0,0,0,0,0,0,0,0,0,0,0,0,0,0,0,0,0,0,0,0,0,0,0,0,0,0,0,0,0,0,0,1,1,1,3,4,7,10,14,18,22,25,26,27,26,24,21,18,14,10,7,5,3,2,1,1,1,0,0,1,1,1,2,3,5,7,11,14,18,22,25,27,27,26,23,20,17,13,10,8,7,7,9,11,15,18,22,25,27,28,27,26,22,18,14,10,7,5,3,2,1,1,1,1,0,0
0,0,0,0,0,0,0,0,0,0,0,0,0,0,0,0,0,0,0,0,0,0,0,0,0,0,0,0,0,0,0,0,0,0,0,0,0,0,0,0,0,0,0,0,0,0,0,0,0,0,0,0,0,0,0,0,0,0,0,1,1,2,2,4,6,7,8,11,10,11,11,12,10,10,10,8,6,4,3,2,1,1,1,0,0,0,0,0,0,0,0,0,0,0,0,0,0,0,0,0,0,0,0,0,0,0,0,0,0,0,0,0,0,0,0,0,0,0,0,0,0,0,0,0,0,1,1,2,4,6,9,13,16,20,24,26,27,26,25,22,19,15,11,8,5,3,2,1,1,1,0,0,0,1,1,2,3,4,6,9,13,17,21,24,26,27,26,24,21,18,14,11,8,7,7,8,10,14,17,21,24,27,28,28,26,23,19,15,11,8,5,3,2,1,1,1,1,0,0,0,0,0,0,0,0,0,0,0,0,0,0,0,0,0,0,0,0,0,0,0,0,0,0,0,0,0,0,0,0,0,0,0,0,0,0,0,0,0,0,0,0,0,0,0,0,0,0,0,0,0,0,0,0,0,0,0,0,0,0,1,1,2,2,4,6,7,8,11,10,11,11,12,10,10,10,8,6,4,3,2,1,1,1,0,0,0,0,0,0,0,0,0,0,0,0,0,0,0,0,0,0,0,0,0,0,0,0,0,0,0,0,0,0,0,0,0,0,0,0,0,0,0,0,0,0,1,1,2,4,6,9,12,16,20,24,26,27,26,25,22,19,15,11,8,5,3,2,1,1,1,0,0,0,1,1,2,3,4,6,9,13,17,21,24,26,27,26,24,21,18,14,11,8,7,7,8,10,13,17,21,24,27,28,28,26,23,19,15,11,8,5,3,2,1,1,1,1,0,0,0
0,0,0,0,0,0,0,0,0,0,0,0,0,0,0,0,0,0,0,0,0,0,0,0,0,0,0,0,0,0,0,0,0,0,0,0,0,0,0,0,0,0,0,0,0,0,0,0,0,0,0,0,0,0,0,0,0,0,0,1,1,2,2,4,6,7,8,11,9,10,11,12,10,10,10,8,6,5,3,2,1,1,1,0,0,0,0,0,0,0,0,0,0,0,0,0,0,0,0,0,0,0,0,0,0,0,0,0,0,0,0,0,0,0,0,0,0,0,0,0,0,0,0,0,1,1,1,3,5,8,11,15,19,22,25,27,26,25,23,20,16,12,9,6,4,2,1,1,1,0,0,0,1,1,1,2,4,6,8,12,15,19,23,25,27,27,25,22,18,15,12,9,7,6,7,10,12,16,20,23,26,27,28,26,24,20,16,12,8,6,4,2,1,1,1,1,0,0,0,0,0,0,0,0,0,0,0,0,0,0,0,0,0,0,0,0,0,0,0,0,0,0,0,0,0,0,0,0,0,0,0,0,0,0,0,0,0,0,0,0,0,0,0,0,0,0,0,0,0,0,0,0,0,0,0,0,0,0,0,1,1,2,2,4,6,7,8,11,9,10,11,12,10,10,10,8,6,5,3,2,1,1,1,0,0,0,0,0,0,0,0,0,0,0,0,0,0,0,0,0,0,0,0,0,0,0,0,0,0,0,0,0,0,0,0,0,0,0,0,0,0,0,0,0,1,1,1,3,5,8,11,15,19,22,25,26,26,25,23,20,16,12,9,6,4,2,1,1,1,0,0,0,1,1,1,2,4,6,8,12,15,19,23,25,27,27,25,22,18,15,11,9,7,6,7,10,12,16,20,23,26,27,28,26,24,20,16,12,8,6,4,2,1,1,1,1,0,0,0,0
0,0,0,0,0,0,0,0,0,0,0,0,0,0,0,0,0,0,0,0,0,0,0,0,0,0,0,0,0,0,0,0,0,0,0,0,0,0,0,0,0,0,0,0,0,0,0,0,0,0,0,0,0,0,0,0,0,0,0,1,1,1,2,4,6,7,8,10,9,10,11,12,10,10,10,8,7,5,3,2,1,1,1,1,0,0,0,0,0,0,0,0,0,0,0,0,0,0,0,0,0,0,0,0,0,0,0,0,0,0,0,0,0,0,0,0,0,0,0,0,0,0,0,1,1,1,2,4,7,10,13,17,21,24,26,26,26,23,21,17,13,10,7,4,3,1,1,1,1,0,0,1,1,1,2,3,5,7,10,14,18,21,24,26,27,26,23,20,16,12,9,7,6,6,8,12,15,18,22,25,27,27,27,25,21,18,13,9,6,4,3,2,1,1,1,0,0,0,0,0,0,0,0,0,0,0,0,0,0,0,0,0,0,0,0,0,0,0,0,0,0,0,0,0,0,0,0,0,0,0,0,0,0,0,0,0,0,0,0,0,0,0,0,0,0,0,0,0,0,0,0,0,0,0,0,0,0,0,0,1,1,1,2,4,6,7,8,10,9,10,11,12,10,10,10,8,7,5,3,2,1,1,1,1,0,0,0,0,0,0,0,0,0,0,0,0,0,0,0,0,0,0,0,0,0,0,0,0,0,0,0,0,0,0,0,0,0,0,0,0,0,0,0,1,1,1,2,4,7,10,13,17,21,24,26,26,25,23,21,17,13,10,7,4,3,1,1,1,1,0,0,1,1,1,2,3,5,7,10,14,18,21,24,26,27,26,23,20,16,12,9,7,6,6,8,12,15,18,22,25,27,27,27,25,21,18,13,9,6,4,3,2,1,1,1,0,0,0,0,0
0,0,0,0,0,0,0,0,0,0,0,0,0,0,0,0,0,0,0,0,0,0,0,0,0,0,0,0,0,0,0,0,0,0,0,0,0,0,0,0,0,0,0,0,0,0,0,0,0,0,0,0,0,0,0,0,0,0,0,1,1,1,2,4,6,7,8,10,9,10,11,12,11,10,10,8,7,5,4,2,1,1,1,1,0,0,0,0,0,0,0,0,0,0,0,0,0,0,0,0,0,0,0,0,0,0,0,0,0,0,0,0,0,0,0,0,0,0,0,0,0,0,0,1,1,2,3,5,9,12,16,19,22,25,26,26,24,21,18,15,11,8,5,3,2,1,1,1,0,0,0,1,1,1,2,4,6,9,13,16,20,23,25,26,26,24,21,17,13,10,7,6,6,7,10,14,17,21,24,26,27,27,25,22,19,15,11,7,5,3,2,1,1,1,0,0,0,0,0,0,0,0,0,0,0,0,0,0,0,0,0,0,0,0,0,0,0,0,0,0,0,0,0,0,0,0,0,0,0,0,0,0,0,0,0,0,0,0,0,0,0,0,0,0,0,0,0,0,0,0,0,0,0,0,0,0,0,0,0,1,1,1,2,4,6,7,8,10,9,10,11,12,11,10,10,8,7,5,4,2,1,1,1,1,0,0,0,0,0,0,0,0,0,0,0,0,0,0,0,0,0,0,0,0,0,0,0,0,0,0,0,0,0,0,0,0,0,0,0,0,0,0,0,1,1,2,3,5,8,12,16,19,22,25,26,26,24,21,18,14,11,8,5,3,2,1,1,1,0,0,0,1,1,1,2,4,6,9,13,16,20,23,25,26,26,24,21,17,13,10,7,6,6,7,10,14,17,21,24,26,27,27,25,22,19,15,11,7,4,3,2,1,1,1,0,0,0,0,0,0
0,0,0,0,0,0,0,0,0,0,0,0,0,0,0,0,0,0,0,0,0,0,0,0,0,0,0,0,0,0,0,0,0,0,0,0,0,0,0,0,0,0,0,0,0,0,0,0,0,0,0,0,0,0,0,0,0,0,0,1,1,1,2,4,5,6,8,10,9,10,11,11,11,10,10,8,7,5,4,2,1,1,1,1,0,0,0,0,0,0,0,0,0,0,0,0,0,0,0,0,0,0,0,0,0,0,0,0,0,0,0,0,0,0,0,0,0,0,0,0,0,0,1,1,1,2,4,7,11,14,18,21,24,25,26,24,22,19,16,12,8,6,4,2,1,1,1,0,0,0,1,1,1,2,3,6,8,11,15,18,22,24,26,26,25,22,18,14,11,8,6,6,6,8,12,16,20,23,25,27,27,25,23,20,16,12,8,5,3,2,1,1,1,0,0,0,0,0,0,0,0,0,0,0,0,0,0,0,0,0,0,0,0,0,0,0,0,0,0,0,0,0,0,0,0,0,0,0,0,0,0,0,0,0,0,0,0,0,0,0,0,0,0,0,0,0,0,0,0,0,0,0,0,0,0,0,0,0,0,1,1,1,2,4,5,6,8,10,9,10,11,11,11,10,10,8,7,5,4,2,1,1,1,1,0,0,0,0,0,0,0,0,0,0,0,0,0,0,0,0,0,0,0,0,0,0,0,0,0,0,0,0,0,0,0,0,0,0,0,0,0,0,1,1,1,2,4,7,10,14,18,21,24,25,26,24,22,19,15,12,8,6,4,2,1,1,1,0,0,0,1,1,1,2,3,6,8,11,15,18,22,24,26,26,25,22,18,14,10,8,6,6,6,8,12,16,20,23,25,27,27,25,23,20,16,12,8,5,3,2,1,1,1,0,0,0,0,0,0,0
0,0,0,0,0,0,0,0,0,0,0,0,0,0,0,0,0,0,0,0,0,0,0,0,0,0,0,0,0,0,0,0,0,0,0,0,0,0,0,0,0,0,0,0,0,0,0,0,0,0,0,0,0,0,0,0,0,0,0,1,1,1,2,4,5,6,8,9,9,10,11,11,11,10,10,9,7,6,4,3,1,1,1,1,0,0,0,0,0,0,0,0,0,0,0,0,0,0,0,0,0,0,0,0,0,0,0,0,0,0,0,0,0,0,0,0,0,0,0,0,0,0,1,1,2,3,5,9,13,16,20,23,25,25,25,23,20,16,13,10,6,4,2,1,1,1,0,0,0,0,1,1,1,2,4,7,10,14,17,20,23,25,26,25,23,20,16,12,8,6,5,6,7,10,14,19,22,24,26,27,26,24,21,17,13,9,6,4,2,1,1,1,1,0,0,0,0,0,0,0,0,0,0,0,0,0,0,0,0,0,0,0,0,0,0,0,0,0,0,0,0,0,0,0,0,0,0,0,0,0,0,0,0,0,0,0,0,0,0,0,0,0,0,0,0,0,0,0,0,0,0,0,0,0,0,0,0,0,0,1,1,1,2,4,5,6,8,9,9,10,11,11,11,10,10,9,7,6,4,3,1,1,1,1,0,0,0,0,0,0,0,0,0,0,0,0,0,0,0,0,0,0,0,0,0,0,0,0,0,0,0,0,0,0,0,0,0,0,0,0,0,0,1,1,2,3,5,9,13,16,20,23,25,25,25,23,20,16,13,10,6,4,2,1,1,1,0,0,0,0,1,1,1,2,4,7,10,14,17,20,23,25,26,25,23,20,16,12,8,6,5,6,7,10,14,19,22,24,26,27,26,24,21,17,13,9,6,4,2,1,1,1,1,0,0,0,0,0,0,0
0,0,0,0,0,0,0,0,0,0,0,0,0,0,0,0,0,0,0,0,0,0,0,0,0,0,0,0,0,0,0,0,0,0,0,0,0,0,0,0,0,0,0,0,0,0,0,0,0,0,0,0,0,0,0,0,0,0,0,1,1,1,2,3,5,6,7,9,9,10,11,11,11,10,10,9,8,6,4,3,2,1,1,1,0,0,0,0,0,0,0,0,0,0,0,0,0,0,0,0,0,0,0,0,0,0,0,0,0,0,0,0,0,0,0,0,0,0,0,0,0,1,1,1,2,4,7,10,15,18,22,24,25,25,23,21,17,14,10,7,5,3,2,1,1,1,0,0,0,1,1,1,2,3,6,9,12,16,19,22,24,26,25,24,21,17,13,10,7,5,5,6,9,12,17,21,23,25,26,26,24,22,18,14,10,7,4,3,1,1,1,1,0,0,0,0,0,0,0,0,0,0,0,0,0,0,0,0,0,0,0,0,0,0,0,0,0,0,0,0,0,0,0,0,0,0,0,0,0,0,0,0,0,0,0,0,0,0,0,0,0,0,0,0,0,0,0,0,0,0,0,0,0,0,0,0,0,0,0,1,1,1,2,3,5,6,7,9,9,10,11,11,11,10,10,9,8,6,4,3,2,1,1,1,0,0,0,0,0,0,0,0,0,0,0,0,0,0,0,0,0,0,0,0,0,0,0,0,0,0,0,0,0,0,0,0,0,0,0,0,0,1,1,1,2,4,7,10,15,18,21,24,25,25,23,21,17,14,10,7,5,3,2,1,1,1,0,0,0,1,1,1,2,3,6,9,12,16,19,22,24,26,25,23,21,17,13,10,7,5,5,6,9,12,17,21,23,25,26,26,24,22,18,14,10,7,4,3,1,1,1,1,0,0,0,0,0,0,0,0
0,0,0,0,0,0,0,0,0,0,0,0,0,0,0,0,0,0,0,0,0,0,0,0,0,0,0,0,0,0,0,0,0,0,0,0,0,0,0,0,0,0,0,0,0,0,0,0,0,0,0,0,0,0,0,0,0,0,0,1,1,1,2,3,5,6,7,8,9,10,10,11,11,10,10,9,8,6,5,3,2,1,1,1,0,0,0,0,0,0,0,0,0,0,0,0,0,0,0,0,0,0,0,0,0,0,0,0,0,0,0,0,0,0,0,0,0,0,0,0,0,1,1,2,3,5,9,13,17,20,23,24,25,24,22,18,15,11,8,6,3,2,1,1,1,0,0,0,1,1,1,1,3,4,7,11,14,18,21,23,25,25,24,22,18,15,11,8,6,5,6,8,10,14,19,22,25,26,26,25,22,19,15,12,8,5,3,2,1,1,1,0,0,0,0,0,0,0,0,0,0,0,0,0,0,0,0,0,0,0,0,0,0,0,0,0,0,0,0,0,0,0,0,0,0,0,0,0,0,0,0,0,0,0,0,0,0,0,0,0,0,0,0,0,0,0,0,0,0,0,0,0,0,0,0,0,0,0,0,1,1,1,2,3,5,6,7,8,9,10,10,11,11,10,10,9,8,6,5,3,2,1,1,1,0,0,0,0,0,0,0,0,0,0,0,0,0,0,0,0,0,0,0,0,0,0,0,0,0,0,0,0,0,0,0,0,0,0,0,0,0,1,1,2,3,5,9,13,17,20,23,24,25,24,22,18,15,11,8,6,3,2,1,1,1,0,0,0,1,1,1,1,3,4,7,11,14,18,21,23,25,25,24,22,18,15,11,8,6,5,6,8,10,14,19,22,25,26,26,25,22,19,15,11,8,5,3,2,1,1,1,0,0,0,0,0,0,0,0,0
0,0,0,0,0,0,0,0,0,0,0,0,0,0,0,0,0,0,0,0,0,0,0,0,0,0,0,0,0,0,0,0,0,0,0,0,0,0,0,0,0,0,0,0,0,0,0,0,0,0,0,0,0,0,0,0,0,0,0,1,1,1,1,3,5,6,7,8,9,9,10,11,11,10,10,9,8,7,5,3,2,1,1,1,0,0,0,0,0,0,0,0,0,0,0,0,0,0,0,0,0,0,0,0,0,0,0,0,0,0,0,0,0,0,0,0,0,0,0,0,1,1,1,2,4,7,10,15,19,22,24,25,24,23,20,16,12,9,6,4,2,1,1,1,0,0,0,0,1,1,1,2,4,6,9,13,17,20,22,24,25,24,23,19,16,12,9,6,5,5,6,9,13,17,21,24,25,26,25,23,20,17,13,9,6,4,2,1,1,1,0,0,0,0,0,0,0,0,0,0,0,0,0,0,0,0,0,0,0,0,0,0,0,0,0,0,0,0,0,0,0,0,0,0,0,0,0,0,0,0,0,0,0,0,0,0,0,0,0,0,0,0,0,0,0,0,0,0,0,0,0,0,0,0,0,0,0,0,0,1,1,1,1,3,5,6,7,8,9,9,10,11,11,10,10,9,8,7,5,3,2,1,1,1,0,0,0,0,0,0,0,0,0,0,0,0,0,0,0,0,0,0,0,0,0,0,0,0,0,0,0,0,0,0,0,0,0,0,0,0,1,1,1,2,4,7,10,15,19,22,24,24,24,22,20,16,12,9,6,4,2,1,1,1,0,0,0,0,1,1,1,2,4,6,9,13,17,20,22,24,25,24,22,19,16,12,9,6,5,5,6,9,13,17,21,24,25,26,25,23,20,17,13,9,6,4,2,1,1,1,0,0,0,0,0,0,0,0,0,0
0,0,0,0,0,0,0,0,0,0,0,0,0,0,0,0,0,0,0,0,0,0,0,0,0,0,0,0,0,0,0,0,0,0,0,0,0,0,0,0,0,0,0,0,0,0,0,0,0,0,0,0,0,0,0,0,0,0,0,1,1,1,1,3,5,6,7,8,9,9,10,11,11,10,9,9,8,7,5,4,2,1,1,1,1,0,0,0,0,0,0,0,0,0,0,0,0,0,0,0,0,0,0,0,0,0,0,0,0,0,0,0,0,0,0,0,0,0,0,0,1,1,2,3,5,9,12,17,21,23,24,24,23,21,17,13,10,7,5,3,2,1,1,1,0,0,0,0,1,1,1,3,5,7,11,15,19,21,23,25,25,23,21,17,13,10,7,5,5,6,8,11,15,19,22,25,25,25,24,21,18,14,10,7,5,3,1,1,1,1,0,0,0,0,0,0,0,0,0,0,0,0,0,0,0,0,0,0,0,0,0,0,0,0,0,0,0,0,0,0,0,0,0,0,0,0,0,0,0,0,0,0,0,0,0,0,0,0,0,0,0,0,0,0,0,0,0,0,0,0,0,0,0,0,0,0,0,0,0,1,1,1,1,3,5,6,7,8,9,9,10,11,11,10,9,9,8,7,5,4,2,1,1,1,1,0,0,0,0,0,0,0,0,0,0,0,0,0,0,0,0,0,0,0,0,0,0,0,0,0,0,0,0,0,0,0,0,0,0,0,1,1,2,3,5,9,12,17,20,23,24,24,23,21,17,13,10,7,5,3,2,1,1,1,0,0,0,0,1,1,1,3,5,7,11,15,19,21,23,25,25,23,21,17,13,10,7,5,5,6,8,11,15,19,22,25,25,25,24,21,18,14,10,7,5,3,1,1,1,1,0,0,0,0,0,0,0,0,0,0
0,0,0,0,0,0,0,0,0,0,0,0,0,0,0,0,0,0,0,0,0,0,0,0,0,0,0,0,0,0,0,0,0,0,0,0,0,0,0,0,0,0,0,0,0,0,0,0,0,0,0,0,0,0,0,0,0,0,0,0,1,1,1,3,5,6,7,8,9,9,9,10,10,10,9,9,8,7,6,4,2,1,1,1,1,0,0,0,0,0,0,0,0,0,0,0,0,0,0,0,0,0,0,0,0,0,0,0,0,0,0,0,0,0,0,0,0,0,0,1,1,1,2,4,7,10,14,19,22,23,24,23,22,19,15,11,8,5,3,2,1,1,1,0,0,0,0,1,1,1,2,4,6,9,13,17,20,23,24,24,24,22,18,15,11,8,6,5,5,7,9,13,17,21,24,25,25,24,22,19,15,12,8,5,3,2,1,1,1,0,0,0,0,0,0,0,0,0,0,0,0,0,0,0,0,0,0,0,0,0,0,0,0,0,0,0,0,0,0,0,0,0,0,0,0,0,0,0,0,0,0,0,0,0,0,0,0,0,0,0,0,0,0,0,0,0,0,0,0,0,0,0,0,0,0,0,0,0,0,0,1,1,1,3,5,6,7,8,9,9,9,10,10,10,9,9,8,7,6,4,2,1,1,1,1,0,0,0,0,0,0,0,0,0,0,0,0,0,0,0,0,0,0,0,0,0,0,0,0,0,0,0,0,0,0,0,0,0,0,1,1,1,2,4,7,10,14,19,22,23,24,23,22,19,15,11,8,5,3,2,1,1,1,0,0,0,0,1,1,1,2,4,6,9,13,17,20,23,24,24,24,22,18,15,11,8,6,5,5,7,9,13,17,21,24,25,25,24,22,19,15,12,8,5,3,2,1,1,1,0,0,0,0,0,0,0,0,0,0,0
0,0,0,0,0,0,0,0,0,0,0,0,0,0,0,0,0,0,0,0,0,0,0,0,0,0,0,0,0,0,0,0,0,0,0,0,0,0,0,0,0,0,0,0,0,0,0,0,0,0,0,0,0,0,0,0,0,0,0,0,1,1,1,3,5,6,6,7,9,9,9,10,10,10,9,9,9,8,6,4,3,1,1,1,1,0,0,0,0,0,0,0,0,0,0,0,0,0,0,0,0,0,0,0,0,0,0,0,0,0,0,0,0,0,0,0,0,0,0,1,1,2,3,6,9,12,16,20,23,24,23,22,20,17,13,9,6,4,2,1,1,1,0,0,0,0,0,1,1,2,3,5,8,11,15,19,22,23,24,24,22,20,16,12,9,6,5,4,6,8,11,15,19,22,24,25,24,23,20,16,13,9,6,4,2,1,1,1,0,0,0,0,0,0,0,0,0,0,0,0,0,0,0,0,0,0,0,0,0,0,0,0,0,0,0,0,0,0,0,0,0,0,0,0,0,0,0,0,0,0,0,0,0,0,0,0,0,0,0,0,0,0,0,0,0,0,0,0,0,0,0,0,0,0,0,0,0,0,0,0,1,1,1,3,5,6,6,7,9,9,9,10,10,10,9,9,9,8,6,4,3,1,1,1,1,0,0,0,0,0,0,0,0,0,0,0,0,0,0,0,0,0,0,0,0,0,0,0,0,0,0,0,0,0,0,0,0,0,0,1,1,2,3,6,9,12,16,20,23,23,23,22,20,17,13,9,6,4,2,1,1,1,0,0,0,0,0,1,1,2,3,5,8,11,15,19,22,23,24,24,22,20,16,12,9,6,5,4,6,8,11,15,19,22,24,25,24,23,20,16,13,9,6,4,2,1,1,1,0,0,0,0,0,0,0,0,0,0,0,0
0,0,0,0,0,0,0,0,0,0,0,0,0,0,0,0,0,0,0,0,0,0,0,0,0,0,0,0,0,0,0,0,0,0,0,0,0,0,0,0,0,0,0,0,0,0,0,0,0,0,0,0,0,0,0,0,0,0,0,0,1,1,1,3,4,6,6,7,9,9,9,10,10,10,10,9,9,8,6,5,3,2,1,1,1,0,0,0,0,0,0,0,0,0,0,0,0,0,0,0,0,0,0,0,0,0,0,0,0,0,0,0,0,0,0,0,0,0,1,1,1,2,4,7,10,14,18,21,23,23,23,21,18,14,11,7,5,3,2,1,1,1,0,0,0,0,1,1,1,2,4,6,9,13,17,20,23,24,24,23,21,17,14,10,7,5,4,5,7,10,13,17,21,23,25,24,23,21,18,14,10,7,4,3,2,1,1,1,0,0,0,0,0,0,0,0,0,0,0,0,0,0,0,0,0,0,0,0,0,0,0,0,0,0,0,0,0,0,0,0,0,0,0,0,0,0,0,0,0,0,0,0,0,0,0,0,0,0,0,0,0,0,0,0,0,0,0,0,0,0,0,0,0,0,0,0,0,0,0,0,1,1,1,3,4,6,6,7,9,9,9,10,10,10,10,9,9,8,6,5,3,2,1,1,1,0,0,0,0,0,0,0,0,0,0,0,0,0,0,0,0,0,0,0,0,0,0,0,0,0,0,0,0,0,0,0,0,0,1,1,1,2,4,7,10,14,18,21,23,23,22,21,18,14,10,7,5,3,2,1,1,1,0,0,0,0,1,1,1,2,4,6,9,13,17,20,23,24,24,23,21,17,14,10,7,5,4,5,7,10,13,17,21,23,25,24,23,21,18,14,10,7,4,3,2,1,1,1,0,0,0,0,0,0,0,0,0,0,0,0
0,0,0,0,0,0,0,0,0,0,0,0,0,0,0,0,0,0,0,0,0,0,0,0,0,0,0,0,0,0,0,0,0,0,0,0,0,0,0,0,0,0,0,0,0,0,0,0,0,0,0,0,0,0,0,0,0,0,0,0,1,1,1,3,4,6,6,7,9,8,8,9,10,10,10,9,9,8,7,5,3,2,1,1,1,0,0,0,0,0,0,0,0,0,0,0,0,0,0,0,0,0,0,0,0,0,0,0,0,0,0,0,0,0,0,0,0,0,1,1,2,3,6,9,12,16,20,22,23,23,21,19,16,12,8,5,3,2,1,1,1,0,0,0,0,0,1,1,2,3,5,8,11,15,19,22,23,24,23,21,19,15,11,8,6,4,4,6,8,12,15,19,22,24,24,23,21,19,15,12,8,5,3,2,1,1,1,0,0,0,0,0,0,0,0,0,0,0,0,0,0,0,0,0,0,0,0,0,0,0,0,0,0,0,0,0,0,0,0,0,0,0,0,0,0,0,0,0,0,0,0,0,0,0,0,0,0,0,0,0,0,0,0,0,0,0,0,0,0,0,0,0,0,0,0,0,0,0,0,0,1,1,1,3,4,6,6,7,9,8,8,9,10,10,10,9,9,8,7,5,3,2,1,1,1,0,0,0,0,0,0,0,0,0,0,0,0,0,0,0,0,0,0,0,0,0,0,0,0,0,0,0,0,0,0,0,0,0,1,1,2,3,6,9,12,16,20,22,23,23,21,19,16,12,8,5,3,2,1,1,1,0,0,0,0,0,1,1,2,3,5,8,11,15,19,22,23,24,23,21,19,15,11,8,6,4,4,6,8,12,15,19,22,24,24,23,21,19,15,12,8,5,3,2,1,1,1,0,0,0,0,0,0,0,0,0,0,0,0,0
0,0,0,0,0,0,0,0,0,0,0,0,0,0,0,0,0,0,0,0,0,0,0,0,0,0,0,0,0,0,0,0,0,0,0,0,0,0,0,0,0,0,0,0,0,0,0,0,0,0,0,0,0,0,0,0,0,0,0,0,1,1,1,3,4,6,6,7,9,8,8,9,10,10,10,9,9,8,7,5,3,2,1,1,1,0,0,0,0,0,0,0,0,0,0,0,0,0,0,0,0,0,0,0,0,0,0,0,0,0,0,0,0,0,0,0,0,1,1,1,2,4,7,10,14,18,21,23,23,22,20,17,14,10,7,4,2,1,1,1,0,0,0,0,0,1,1,1,2,4,6,9,13,17,20,23,23,23,22,20,16,13,9,6,5,4,5,7,10,14,17,21,23,24,24,22,20,16,13,9,6,4,2,1,1,1,0,0,0,0,0,0,0,0,0,0,0,0,0,0,0,0,0,0,0,0,0,0,0,0,0,0,0,0,0,0,0,0,0,0,0,0,0,0,0,0,0,0,0,0,0,0,0,0,0,0,0,0,0,0,0,0,0,0,0,0,0,0,0,0,0,0,0,0,0,0,0,0,0,0,1,1,1,3,4,6,6,7,9,8,8,9,10,10,10,9,9,8,7,5,3,2,1,1,1,0,0,0,0,0,0,0,0,0,0,0,0,0,0,0,0,0,0,0,0,0,0,0,0,0,0,0,0,0,0,0,0,1,1,1,2,4,7,10,14,18,21,23,23,22,20,17,14,10,7,4,2,1,1,1,0,0,0,0,0,1,1,1,2,4,6,9,13,17,20,22,23,23,22,20,16,13,9,6,5,4,5,7,10,14,17,21,23,24,24,22,20,16,13,9,6,4,2,1,1,1,0,0,0,0,0,0,0,0,0,0,0,0,0,0
0,0,0,0,0,0,0,0,0,0,0,0,0,0,0,0,0,0,0,0,0,0,0,0,0,0,0,0,0,0,0,0,0,0,0,0,0,0,0,0,0,0,0,0,0,0,0,0,0,0,0,0,0,0,0,0,0,0,0,0,1,1,1,2,4,6,6,7,9,8,8,9,10,10,10,9,9,8,7,5,4,2,1,1,1,1,0,0,0,0,0,0,0,0,0,0,0,0,0,0,0,0,0,0,0,0,0,0,0,0,0,0,0,0,0,0,0,1,1,2,3,6,9,12,16,19,22,23,22,20,18,15,12,8,5,3,2,1,1,1,0,0,0,0,0,1,1,2,3,5,8,11,15,19,21,23,23,22,21,18,14,11,8,5,4,4,5,8,12,16,19,22,24,24,23,20,17,14,11,7,5,3,2,1,1,1,0,0,0,0,0,0,0,0,0,0,0,0,0,0,0,0,0,0,0,0,0,0,0,0,0,0,0,0,0,0,0,0,0,0,0,0,0,0,0,0,0,0,0,0,0,0,0,0,0,0,0,0,0,0,0,0,0,0,0,0,0,0,0,0,0,0,0,0,0,0,0,0,0,0,1,1,1,2,4,6,6,7,9,8,8,9,10,10,10,9,9,8,7,5,4,2,1,1,1,1,0,0,0,0,0,0,0,0,0,0,0,0,0,0,0,0,0,0,0,0,0,0,0,0,0,0,0,0,0,0,0,1,1,2,3,6,9,12,16,19,22,23,22,20,18,15,12,8,5,3,2,1,1,1,0,0,0,0,0,1,1,2,3,5,8,11,15,18,21,23,23,22,21,18,14,11,8,5,4,4,5,8,12,16,19,22,24,24,23,20,17,14,11,7,5,3,2,1,1,1,0,0,0,0,0,0,0,0,0,0,0,0,0,0
0,0,0,0,0,0,0,0,0,0,0,0,0,0,0,0,0,0,0,0,0,0,0,0,0,0,0,0,0,0,0,0,0,0,0,0,0,0,0,0,0,0,0,0,0,0,0,0,0,0,0,0,0,0,0,0,0,0,0,0,1,1,1,2,4,5,6,7,8,8,8,8,10,10,10,9,9,9,7,6,4,2,1,1,1,1,0,0,0,0,0,0,0,0,0,0,0,0,0,0,0,0,0,0,0,0,0,0,0,0,0,0,0,0,0,0,1,1,1,2,4,7,10,14,17,21,22,22,21,19,16,13,10,6,4,2,1,1,1,0,0,0,0,0,1,1,1,2,4,6,9,13,17,20,22,23,23,21,19,16,12,9,6,4,4,4,6,10,14,18,21,23,24,23,21,18,15,12,8,6,3,2,1,1,1,0,0,0,0,0,0,0,0,0,0,0,0,0,0,0,0,0,0,0,0,0,0,0,0,0,0,0,0,0,0,0,0,0,0,0,0,0,0,0,0,0,0,0,0,0,0,0,0,0,0,0,0,0,0,0,0,0,0,0,0,0,0,0,0,0,0,0,0,0,0,0,0,0,0,0,1,1,1,2,4,5,6,7,8,8,8,9,10,10,10,9,9,9,7,6,4,2,1,1,1,1,0,0,0,0,0,0,0,0,0,0,0,0,0,0,0,0,0,0,0,0,0,0,0,0,0,0,0,0,0,0,1,1,1,2,4,7,10,14,17,21,22,22,21,19,16,13,10,6,4,2,1,1,1,0,0,0,0,0,1,1,1,2,4,6,9,13,17,20,22,23,23,21,19,16,12,9,6,4,4,4,6,10,14,18,21,23,24,23,21,18,15,12,8,6,3,2,1,1,1,0,0,0,0,0,0,0,0,0,0,0,0,0,0,0
0,0,0,0,0,0,0,0,0,0,0,0,0,0,0,0,0,0,0,0,0,0,0,0,0,0,0,0,0,0,0,0,0,0,0,0,0,0,0,0,0,0,0,0,0,0,0,0,0,0,0,0,0,0,0,0,0,0,0,0,1,1,1,2,4,5,6,7,8,7,8,8,10,9,10,9,9,9,8,6,4,3,1,1,1,1,0,0,0,0,0,0,0,0,0,0,0,0,0,0,0,0,0,0,0,0,0,0,0,0,0,0,0,0,0,0,1,1,2,3,6,9,12,16,19,21,22,22,20,17,14,11,8,5,3,1,1,1,0,0,0,0,0,0,1,1,1,3,5,8,11,15,18,21,23,23,22,20,17,14,10,7,5,4,4,5,8,12,16,19,22,23,23,22,20,16,13,10,7,4,2,1,1,1,0,0,0,0,0,0,0,0,0,0,0,0,0,0,0,0,0,0,0,0,0,0,0,0,0,0,0,0,0,0,0,0,0,0,0,0,0,0,0,0,0,0,0,0,0,0,0,0,0,0,0,0,0,0,0,0,0,0,0,0,0,0,0,0,0,0,0,0,0,0,0,0,0,0,0,0,1,1,1,2,4,5,6,7,8,7,8,8,10,9,10,9,9,9,8,6,4,3,1,1,1,1,0,0,0,0,0,0,0,0,0,0,0,0,0,0,0,0,0,0,0,0,0,0,0,0,0,0,0,0,0,0,1,1,2,3,6,9,12,16,19,21,22,22,20,17,14,11,8,5,3,1,1,1,0,0,0,0,0,0,1,1,1,3,5,8,11,15,18,21,23,23,22,20,17,14,10,7,5,4,4,5,8,12,16,19,22,23,23,22,20,16,13,10,7,4,2,1,1,1,0,0,0,0,0,0,0,0,0,0,0,0,0,0,0,0
0,0,0,0,0,0,0,0,0,0,0,0,0,0,0,0,0,0,0,0,0,0,0,0,0,0,0,0,0,0,0,0,0,0,0,0,0,0,0,0,0,0,0,0,0,0,0,0,0,0,0,0,0,0,0,0,0,0,0,0,1,1,1,2,3,5,6,7,8,7,8,8,9,9,10,9,9,9,8,6,5,3,2,1,1,1,0,0,0,0,0,0,0,0,0,0,0,0,0,0,0,0,0,0,0,0,0,0,0,0,0,0,0,0,0,1,1,1,2,4,7,10,14,17,20,22,22,21,18,16,12,9,6,4,2,1,1,1,0,0,0,0,0,0,1,1,2,4,6,10,13,16,19,22,23,22,20,18,15,12,8,6,4,3,4,6,9,14,18,21,23,23,23,21,18,14,11,8,5,3,2,1,1,1,0,0,0,0,0,0,0,0,0,0,0,0,0,0,0,0,0,0,0,0,0,0,0,0,0,0,0,0,0,0,0,0,0,0,0,0,0,0,0,0,0,0,0,0,0,0,0,0,0,0,0,0,0,0,0,0,0,0,0,0,0,0,0,0,0,0,0,0,0,0,0,0,0,0,0,0,1,1,1,2,3,5,6,7,8,7,8,8,9,9,10,9,9,9,8,6,5,3,2,1,1,1,0,0,0,0,0,0,0,0,0,0,0,0,0,0,0,0,0,0,0,0,0,0,0,0,0,0,0,0,0,1,1,1,2,4,7,10,14,17,20,22,22,21,18,16,12,9,6,4,2,1,1,1,0,0,0,0,0,0,1,1,2,4,7,10,13,16,19,22,23,22,20,18,15,12,8,6,4,3,4,6,9,14,18,21,23,23,23,21,18,14,11,8,5,3,2,1,1,1,0,0,0,0,0,0,0,0,0,0,0,0,0,0,0,0
0,0,0,0,0,0,0,0,0,0,0,0,0,0,0,0,0,0,0,0,0,0,0,0,0,0,0,0,0,0,0,0,0,0,0,0,0,0,0,0,0,0,0,0,0,0,0,0,0,0,0,0,0,0,0,0,0,0,0,0,1,1,1,2,3,5,6,7,7,7,8,8,9,9,9,9,9,9,8,7,5,3,2,1,1,1,0,0,0,0,0,0,0,0,0,0,0,0,0,0,0,0,0,0,0,0,0,0,0,0,0,0,0,0,0,1,1,2,3,6,8,12,15,19,21,22,22,20,17,14,11,7,5,3,1,1,1,0,0,0,0,0,0,1,1,1,3,5,8,11,15,18,21,22,22,21,19,16,13,10,7,4,3,4,5,8,11,15,19,22,23,23,22,19,16,12,9,6,4,2,1,1,1,0,0,0,0,0,0,0,0,0,0,0,0,0,0,0,0,0,0,0,0,0,0,0,0,0,0,0,0,0,0,0,0,0,0,0,0,0,0,0,0,0,0,0,0,0,0,0,0,0,0,0,0,0,0,0,0,0,0,0,0,0,0,0,0,0,0,0,0,0,0,0,0,0,0,0,0,0,1,1,1,2,3,5,6,7,7,7,8,8,9,9,9,9,9,9,8,7,5,3,2,1,1,1,0,0,0,0,0,0,0,0,0,0,0,0,0,0,0,0,0,0,0,0,0,0,0,0,0,0,0,0,0,1,1,2,3,6,8,12,15,19,21,22,22,20,17,14,11,7,5,3,1,1,1,0,0,0,0,0,0,1,1,1,3,5,8,11,15,18,21,22,22,21,19,16,13,10,7,4,3,4,5,8,11,15,19,22,23,23,22,19,16,12,9,6,4,2,1,1,1,0,0,0,0,0,0,0,0,0,0,0,0,0,0,0,0,0
0,0,0,0,0,0,0,0,0,0,0,0,0,0,0,0,0,0,0,0,0,0,0,0,0,0,0,0,0,0,0,0,0,0,0,0,0,0,0,0,0,0,0,0,0,0,0,0,0,0,0,0,0,0,0,0,0,0,0,0,1,1,1,1,3,5,6,6,7,7,8,8,9,9,9,10,9,9,8,7,5,4,2,1,1,1,1,0,0,0,0,0,0,0,0,0,0,0,0,0,0,0,0,0,0,0,0,0,0,0,0,0,0,0,1,1,1,2,4,7,10,13,17,20,22,22,21,18,15,12,9,6,4,2,1,1,0,0,0,0,0,0,0,1,1,2,4,6,10,13,16,19,21,22,22,20,17,14,11,8,5,4,3,4,6,9,13,17,20,22,23,22,20,17,14,10,7,4,3,2,1,1,1,0,0,0,0,0,0,0,0,0,0,0,0,0,0,0,0,0,0,0,0,0,0,0,0,0,0,0,0,0,0,0,0,0,0,0,0,0,0,0,0,0,0,0,0,0,0,0,0,0,0,0,0,0,0,0,0,0,0,0,0,0,0,0,0,0,0,0,0,0,0,0,0,0,0,0,0,0,1,1,1,1,3,5,6,6,7,7,8,8,9,9,9,10,9,9,8,7,5,4,2,1,1,1,1,0,0,0,0,0,0,0,0,0,0,0,0,0,0,0,0,0,0,0,0,0,0,0,0,0,0,0,1,1,1,2,4,7,10,13,17,20,22,22,21,18,15,12,9,6,4,2,1,1,0,0,0,0,0,0,0,1,1,2,4,6,10,13,16,19,21,22,22,20,17,14,11,8,5,4,3,4,6,9,13,17,20,22,23,22,20,17,14,10,7,4,3,2,1,1,1,0,0,0,0,0,0,0,0,0,0,0,0,0,0,0,0,0
0,0,0,0,0,0,0,0,0,0,0,0,0,0,0,0,0,0,0,0,0,0,0,0,0,0,0,0,0,0,0,0,0,0,0,0,0,0,0,0,0,0,0,0,0,0,0,0,0,0,0,0,0,0,0,0,0,0,0,0,1,1,1,1,3,5,6,6,7,8,8,8,9,9,9,10,9,9,8,7,6,4,2,1,1,1,1,0,0,0,0,0,0,0,0,0,0,0,0,0,0,0,0,0,0,0,0,0,0,0,0,0,0,0,1,1,2,3,5,8,12,15,18,20,22,21,20,17,13,10,7,5,3,1,1,1,0,0,0,0,0,0,1,1,1,3,5,7,11,15,18,20,22,22,21,18,15,12,9,6,4,3,3,5,7,11,15,19,21,23,23,21,19,15,12,8,5,3,2,1,1,1,0,0,0,0,0,0,0,0,0,0,0,0,0,0,0,0,0,0,0,0,0,0,0,0,0,0,0,0,0,0,0,0,0,0,0,0,0,0,0,0,0,0,0,0,0,0,0,0,0,0,0,0,0,0,0,0,0,0,0,0,0,0,0,0,0,0,0,0,0,0,0,0,0,0,0,0,0,0,1,1,1,1,3,5,6,6,7,8,8,8,9,9,9,10,9,9,8,7,6,4,2,1,1,1,1,0,0,0,0,0,0,0,0,0,0,0,0,0,0,0,0,0,0,0,0,0,0,0,0,0,0,0,1,1,2,3,5,8,12,15,18,20,22,21,20,17,13,10,7,4,3,1,1,1,0,0,0,0,0,0,1,1,1,2,5,7,11,14,18,20,22,22,21,18,15,12,9,6,4,3,3,5,7,11,15,19,21,23,23,21,19,15,12,8,5,3,2,1,1,1,0,0,0,0,0,0,0,0,0,0,0,0,0,0,0,0,0,0
0,0,0,0,0,0,0,0,0,0,0,0,0,0,0,0,0,0,0,0,0,0,0,0,0,0,0,0,0,0,0,0,0,0,0,0,0,0,0,0,0,0,0,0,0,0,0,0,0,0,0,0,0,0,0,0,0,0,0,0,1,1,1,1,3,4,6,6,7,8,8,8,9,9,9,10,9,9,9,8,6,4,2,1,1,1,1,0,0,0,0,0,0,0,0,0,0,0,0,0,0,0,0,0,0,0,0,0,0,0,0,0,0,1,1,1,2,4,7,10,13,17,19,21,22,21,18,15,12,8,6,3,2,1,1,0,0,0,0,0,0,0,1,1,2,3,6,9,13,16,19,21,22,21,20,17,13,10,7,5,3,3,4,6,9,13,17,20,22,22,22,20,17,13,10,6,4,2,1,1,1,0,0,0,0,0,0,0,0,0,0,0,0,0,0,0,0,0,0,0,0,0,0,0,0,0,0,0,0,0,0,0,0,0,0,0,0,0,0,0,0,0,0,0,0,0,0,0,0,0,0,0,0,0,0,0,0,0,0,0,0,0,0,0,0,0,0,0,0,0,0,0,0,0,0,0,0,0,0,0,1,1,1,1,3,4,6,6,7,8,8,8,9,9,9,10,9,9,9,8,6,4,2,1,1,1,1,0,0,0,0,0,0,0,0,0,0,0,0,0,0,0,0,0,0,0,0,0,0,0,0,0,0,1,1,1,2,4,7,10,13,17,19,21,22,21,18,15,12,8,6,3,2,1,1,0,0,0,0,0,0,0,1,1,2,3,6,9,13,16,19,21,22,21,20,17,13,10,7,5,3,3,4,6,9,13,17,20,22,22,22,20,17,13,10,6,4,2,1,1,1,0,0,0,0,0,0,0,0,0,0,0,0,0,0,0,0,0,0,0
0,0,0,0,0,0,0,0,0,0,0,0,0,0,0,0,0,0,0,0,0,0,0,0,0,0,0,0,0,0,0,0,0,0,0,0,0,0,0,0,0,0,0,0,0,0,0,0,0,0,0,0,0,0,0,0,0,0,0,0,1,1,1,1,3,4,5,6,7,8,8,8,8,9,9,10,9,9,9,8,6,4,3,2,1,1,1,0,0,0,0,0,0,0,0,0,0,0,0,0,0,0,0,0,0,0,0,0,0,0,0,0,0,1,1,2,3,5,8,12,15,18,20,21,21,20,17,13,10,7,4,3,1,1,1,0,0,0,0,0,0,1,1,1,2,4,7,11,14,17,20,21,22,21,18,15,12,8,6,4,3,3,5,7,11,15,18,21,22,22,21,18,15,11,8,5,3,2,1,1,1,0,0,0,0,0,0,0,0,0,0,0,0,0,0,0,0,0,0,0,0,0,0,0,0,0,0,0,0,0,0,0,0,0,0,0,0,0,0,0,0,0,0,0,0,0,0,0,0,0,0,0,0,0,0,0,0,0,0,0,0,0,0,0,0,0,0,0,0,0,0,0,0,0,0,0,0,0,0,0,1,1,1,1,3,4,6,6,7,8,8,8,8,9,9,10,9,9,9,8,6,5,3,2,1,1,1,0,0,0,0,0,0,0,0,0,0,0,0,0,0,0,0,0,0,0,0,0,0,0,0,0,0,1,1,2,3,5,8,12,15,18,20,21,21,20,17,13,10,7,4,2,1,1,1,0,0,0,0,0,0,1,1,1,2,4,7,10,14,17,20,21,22,21,18,15,11,8,6,4,3,3,5,7,11,15,18,21,22,22,21,18,15,11,8,5,3,2,1,1,1,0,0,0,0,0,0,0,0,0,0,0,0,0,0,0,0,0,0,0
0,0,0,0,0,0,0,0,0,0,0,0,0,0,0,0,0,0,0,0,0,0,0,0,0,0,0,0,0,0,0,0,0,0,0,0,0,0,0,0,0,0,0,0,0,0,0,0,0,0,0,0,0,0,0,0,0,0,0,0,0,1,1,1,3,4,5,6,7,8,7,8,8,8,9,10,9,9,9,8,7,5,3,2,1,1,1,0,0,0,0,0,0,0,0,0,0,0,0,0,0,0,0,0,0,0,0,0,0,0,0,0,0,1,1,2,4,7,10,13,16,19,21,21,21,18,15,12,8,5,3,2,1,1,0,0,0,0,0,0,0,1,1,2,3,5,8,12,16,19,21,21,21,19,17,13,10,7,5,3,3,4,6,9,12,16,19,21,22,21,19,17,13,9,6,4,2,1,1,1,0,0,0,0,0,0,0,0,0,0,0,0,0,0,0,0,0,0,0,0,0,0,0,0,0,0,0,0,0,0,0,0,0,0,0,0,0,0,0,0,0,0,0,0,0,0,0,0,0,0,0,0,0,0,0,0,0,0,0,0,0,0,0,0,0,0,0,0,0,0,0,0,0,0,0,0,0,0,0,0,0,1,1,1,3,4,5,6,7,8,7,8,8,8,9,10,9,9,9,8,7,5,3,2,1,1,1,0,0,0,0,0,0,0,0,0,0,0,0,0,0,0,0,0,0,0,0,0,0,0,0,0,0,1,1,2,4,7,10,13,16,19,21,21,21,18,15,12,8,5,3,2,1,1,0,0,0,0,0,0,0,1,1,2,3,5,8,12,16,19,21,21,21,19,16,13,10,7,5,3,3,4,6,9,12,16,19,21,22,21,19,17,13,9,6,4,2,1,1,1,0,0,0,0,0,0,0,0,0,0,0,0,0,0,0,0,0,0,0,0
0,0,0,0,0,0,0,0,0,0,0,0,0,0,0,0,0,0,0,0,0,0,0,0,0,0,0,0,0,0,0,0,0,0,0,0,0,0,0,0,0,0,0,0,0,0,0,0,0,0,0,0,0,0,0,0,0,0,0,0,0,1,1,1,3,4,5,6,7,8,7,7,8,8,8,10,9,9,9,8,7,5,3,2,1,1,1,0,0,0,0,0,0,0,0,0,0,0,0,0,0,0,0,0,0,0,0,0,0,0,0,0,1,1,2,3,5,8,11,15,18,20,21,21,20,17,14,10,7,4,2,1,1,1,0,0,0,0,0,0,1,1,1,2,4,7,10,14,17,19,21,21,20,18,15,11,8,6,4,3,3,4,7,10,14,18,20,22,21,20,18,15,11,8,5,3,2,1,1,1,0,0,0,0,0,0,0,0,0,0,0,0,0,0,0,0,0,0,0,0,0,0,0,0,0,0,0,0,0,0,0,0,0,0,0,0,0,0,0,0,0,0,0,0,0,0,0,0,0,0,0,0,0,0,0,0,0,0,0,0,0,0,0,0,0,0,0,0,0,0,0,0,0,0,0,0,0,0,0,0,0,1,1,1,3,4,5,6,7,8,7,7,8,8,8,10,9,9,9,8,7,5,3,2,1,1,1,0,0,0,0,0,0,0,0,0,0,0,0,0,0,0,0,0,0,0,0,0,0,0,0,0,1,1,2,3,5,8,11,15,18,20,21,21,20,17,14,10,7,4,2,1,1,1,0,0,0,0,0,0,1,1,1,2,4,7,10,14,17,19,21,21,20,18,15,11,8,6,4,3,3,4,7,10,14,18,20,22,21,20,18,15,11,8,5,3,2,1,1,1,0,0,0,0,0,0,0,0,0,0,0,0,0,0,0,0,0,0,0,0
0,0,0,0,0,0,0,0,0,0,0,0,0,0,0,0,0,0,0,0,0,0,0,0,0,0,0,0,0,0,0,0,0,0,0,0,0,0,0,0,0,0,0,0,0,0,0,0,0,0,0,0,0,0,0,0,0,0,0,0,0,1,1,1,3,4,5,5,7,8,7,7,8,8,8,9,9,9,9,9,7,5,4,2,1,1,1,1,0,0,0,0,0,0,0,0,0,0,0,0,0,0,0,0,0,0,0,0,0,0,0,0,1,1,2,4,7,10,13,16,19,20,21,20,18,15,12,8,5,3,2,1,1,0,0,0,0,0,0,0,1,1,1,3,5,8,11,15,18,20,21,21,19,17,13,9,7,4,3,3,3,5,8,12,16,19,21,22,21,19,16,13,9,6,4,2,1,1,1,0,0,0,0,0,0,0,0,0,0,0,0,0,0,0,0,0,0,0,0,0,0,0,0,0,0,0,0,0,0,0,0,0,0,0,0,0,0,0,0,0,0,0,0,0,0,0,0,0,0,0,0,0,0,0,0,0,0,0,0,0,0,0,0,0,0,0,0,0,0,0,0,0,0,0,0,0,0,0,0,0,0,1,1,1,3,4,5,5,7,8,7,7,8,8,8,9,9,9,9,9,7,5,4,2,1,1,1,1,0,0,0,0,0,0,0,0,0,0,0,0,0,0,0,0,0,0,0,0,0,0,0,0,1,1,2,4,7,10,13,16,19,20,21,20,18,15,12,8,5,3,2,1,1,0,0,0,0,0,0,0,1,1,1,3,5,8,11,15,18,20,21,21,19,17,13,9,7,4,3,3,3,5,8,12,16,19,21,22,21,19,16,13,9,6,4,2,1,1,1,0,0,0,0,0,0,0,0,0,0,0,0,0,0,0,0,0,0,0,0,0
0,0,0,0,0,0,0,0,0,0,0,0,0,0,0,0,0,0,0,0,0,0,0,0,0,0,0,0,0,0,0,0,0,0,0,0,0,0,0,0,0,0,0,0,0,0,0,0,0,0,0,0,0,0,0,0,0,0,0,0,0,1,1,1,3,4,5,5,6,8,7,7,7,8,8,9,9,9,9,9,8,6,4,2,1,1,1,1,0,0,0,0,0,0,0,0,0,0,0,0,0,0,0,0,0,0,0,0,0,0,0,1,1,1,3,5,8,11,14,17,19,21,21,19,17,14,10,7,4,2,1,1,1,0,0,0,0,0,0,1,1,1,2,4,6,9,13,16,19,21,21,20,18,15,11,8,5,4,3,3,4,7,10,14,17,20,21,21,20,18,15,11,8,5,3,1,1,1,1,0,0,0,0,0,0,0,0,0,0,0,0,0,0,0,0,0,0,0,0,0,0,0,0,0,0,0,0,0,0,0,0,0,0,0,0,0,0,0,0,0,0,0,0,0,0,0,0,0,0,0,0,0,0,0,0,0,0,0,0,0,0,0,0,0,0,0,0,0,0,0,0,0,0,0,0,0,0,0,0,0,0,1,1,1,3,4,5,5,6,8,7,7,7,8,8,9,9,9,9,9,8,6,4,2,1,1,1,1,0,0,0,0,0,0,0,0,0,0,0,0,0,0,0,0,0,0,0,0,0,0,0,1,1,1,3,5,8,11,14,17,19,21,21,19,17,14,10,7,4,2,1,1,1,0,0,0,0,0,0,1,1,1,2,4,6,9,13,16,19,20,21,20,18,15,11,8,5,4,3,3,4,7,10,14,17,20,21,21,20,18,15,11,8,5,3,1,1,1,1,0,0,0,0,0,0,0,0,0,0,0,0,0,0,0,0,0,0,0,0,0
0,0,0,0,0,0,0,0,0,0,0,0,0,0,0,0,0,0,0,0,0,0,0,0,0,0,0,0,0,0,0,0,0,0,0,0,0,0,0,0,0,0,0,0,0,0,0,0,0,0,0,0,0,0,0,0,0,0,0,0,0,1,1,1,3,4,5,5,6,8,7,7,7,8,8,9,9,9,9,9,8,6,4,3,2,1,1,1,0,0,0,0,0,0,0,0,0,0,0,0,0,0,0,0,0,0,0,0,0,0,0,1,1,2,4,7,10,13,16,18,20,21,20,18,16,12,9,6,3,2,1,1,0,0,0,0,0,0,0,1,1,1,3,5,7,11,14,18,20,21,21,19,17,13,9,6,4,3,3,3,5,8,12,15,18,20,21,21,19,16,13,9,6,4,2,1,1,1,0,0,0,0,0,0,0,0,0,0,0,0,0,0,0,0,0,0,0,0,0,0,0,0,0,0,0,0,0,0,0,0,0,0,0,0,0,0,0,0,0,0,0,0,0,0,0,0,0,0,0,0,0,0,0,0,0,0,0,0,0,0,0,0,0,0,0,0,0,0,0,0,0,0,0,0,0,0,0,0,0,0,0,1,1,1,3,4,5,5,6,8,7,7,7,8,8,9,9,9,9,9,8,6,4,3,2,1,1,1,0,0,0,0,0,0,0,0,0,0,0,0,0,0,0,0,0,0,0,0,0,0,0,1,1,2,4,7,10,13,16,18,20,21,20,18,16,12,9,6,3,2,1,1,0,0,0,0,0,0,0,1,1,1,3,5,7,11,14,18,20,21,21,19,17,13,9,6,4,3,3,3,5,8,12,15,18,20,21,21,19,16,13,9,6,4,2,1,1,1,0,0,0,0,0,0,0,0,0,0,0,0,0,0,0,0,0,0,0,0,0,0
0,0,0,0,0,0,0,0,0,0,0,0,0,0,0,0,0,0,0,0,0,0,0,0,0,0,0,0,0,0,0,0,0,0,0,0,0,0,0,0,0,0,0,0,0,0,0,0,0,0,0,0,0,0,0,0,0,0,0,0,0,1,1,1,3,4,5,5,6,7,7,7,7,7,8,8,9,9,9,9,8,7,5,3,2,1,1,1,0,0,0,0,0,0,0,0,0,0,0,0,0,0,0,0,0,0,0,0,0,0,1,1,1,3,5,8,11,14,17,19,20,20,19,17,14,11,7,4,2,1,1,1,0,0,0,0,0,0,0,1,1,2,3,6,9,12,16,18,20,21,20,18,15,11,8,5,3,3,3,4,6,10,13,17,19,21,21,20,17,14,11,8,5,3,1,1,1,0,0,0,0,0,0,0,0,0,0,0,0,0,0,0,0,0,0,0,0,0,0,0,0,0,0,0,0,0,0,0,0,0,0,0,0,0,0,0,0,0,0,0,0,0,0,0,0,0,0,0,0,0,0,0,0,0,0,0,0,0,0,0,0,0,0,0,0,0,0,0,0,0,0,0,0,0,0,0,0,0,0,0,0,1,1,1,3,4,5,5,6,7,7,7,7,7,8,8,9,9,9,9,8,7,5,3,2,1,1,1,0,0,0,0,0,0,0,0,0,0,0,0,0,0,0,0,0,0,0,0,0,0,1,1,1,3,5,8,11,14,17,19,20,20,19,17,14,11,7,4,2,1,1,1,0,0,0,0,0,0,0,1,1,2,3,6,9,12,16,18,20,21,20,18,15,11,8,5,3,3,3,4,6,10,13,17,19,21,21,20,17,14,11,8,5,3,1,1,1,0,0,0,0,0,0,0,0,0,0,0,0,0,0,0,0,0,0,0,0,0,0,0
0,0,0,0,0,0,0,0,0,0,0,0,0,0,0,0,0,0,0,0,0,0,0,0,0,0,0,0,0,0,0,0,0,0,0,0,0,0,0,0,0,0,0,0,0,0,0,0,0,0,0,0,0,0,0,0,0,0,0,0,0,1,1,1,3,3,5,5,6,7,7,7,7,7,7,8,9,9,9,9,8,7,5,3,2,1,1,1,0,0,0,0,0,0,0,0,0,0,0,0,0,0,0,0,0,0,0,0,0,0,1,1,2,3,6,10,13,16,18,20,20,20,18,16,12,9,6,3,2,1,1,0,0,0,0,0,0,0,1,1,1,2,4,7,10,14,17,19,20,20,19,16,13,10,6,4,3,2,3,5,8,11,15,18,20,21,20,19,16,13,9,6,4,2,1,1,1,0,0,0,0,0,0,0,0,0,0,0,0,0,0,0,0,0,0,0,0,0,0,0,0,0,0,0,0,0,0,0,0,0,0,0,0,0,0,0,0,0,0,0,0,0,0,0,0,0,0,0,0,0,0,0,0,0,0,0,0,0,0,0,0,0,0,0,0,0,0,0,0,0,0,0,0,0,0,0,0,0,0,0,0,1,1,1,3,4,5,5,6,7,7,7,7,7,7,8,9,9,9,9,8,7,5,3,2,1,1,1,0,0,0,0,0,0,0,0,0,0,0,0,0,0,0,0,0,0,0,0,0,0,1,1,2,3,6,10,13,16,18,20,20,20,18,16,12,9,6,3,2,1,1,0,0,0,0,0,0,0,1,1,1,2,4,7,10,14,17,19,20,20,19,16,13,10,6,4,3,2,3,5,8,11,15,18,20,21,20,19,16,13,9,6,4,2,1,1,1,0,0,0,0,0,0,0,0,0,0,0,0,0,0,0,0,0,0,0,0,0,0,0
0,0,0,0,0,0,0,0,0,0,0,0,0,0,0,0,0,0,0,0,0,0,0,0,0,0,0,0,0,0,0,0,0,0,0,0,0,0,0,0,0,0,0,0,0,0,0,0,0,0,0,0,0,0,0,0,0,0,0,0,0,1,1,1,2,3,5,5,6,7,7,7,6,7,7,8,9,9,9,9,9,7,5,3,2,1,1,1,0,0,0,0,0,0,0,0,0,0,0,0,0,0,0,0,0,0,0,0,0,1,1,1,2,4,7,11,14,17,19,20,20,19,17,14,11,7,5,3,1,1,1,0,0,0,0,0,0,0,1,1,2,3,5,8,12,15,18,20,20,20,18,15,12,8,5,3,3,3,4,6,9,13,16,19,20,20,20,17,14,11,8,5,3,1,1,1,0,0,0,0,0,0,0,0,0,0,0,0,0,0,0,0,0,0,0,0,0,0,0,0,0,0,0,0,0,0,0,0,0,0,0,0,0,0,0,0,0,0,0,0,0,0,0,0,0,0,0,0,0,0,0,0,0,0,0,0,0,0,0,0,0,0,0,0,0,0,0,0,0,0,0,0,0,0,0,0,0,0,0,0,0,1,1,1,2,3,5,5,6,7,7,7,6,7,7,8,9,9,9,9,9,7,5,3,2,1,1,1,0,0,0,0,0,0,0,0,0,0,0,0,0,0,0,0,0,0,0,0,0,1,1,1,2,4,7,11,14,17,19,20,20,19,17,14,11,7,5,3,1,1,1,0,0,0,0,0,0,0,1,1,2,3,5,8,12,15,18,20,20,20,18,15,12,8,5,3,3,3,4,6,9,13,16,19,20,20,20,17,14,11,8,5,3,1,1,1,0,0,0,0,0,0,0,0,0,0,0,0,0,0,0,0,0,0,0,0,0,0,0,0
0,0,0,0,0,0,0,0,0,0,0,0,0,0,0,0,0,0,0,0,0,0,0,0,0,0,0,0,0,0,0,0,0,0,0,0,0,0,0,0,0,0,0,0,0,0,0,0,0,0,0,0,0,0,0,0,0,0,0,0,0,1,1,1,2,3,5,5,6,7,7,7,6,7,7,7,9,9,9,9,9,8,6,4,2,1,1,1,0,0,0,0,0,0,0,0,0,0,0,0,0,0,0,0,0,0,0,0,0,1,1,2,3,5,9,13,15,18,19,20,20,18,16,13,9,6,4,2,1,1,0,0,0,0,0,0,0,1,1,1,2,4,7,10,13,16,19,20,20,19,16,13,10,7,4,3,2,3,4,7,11,14,17,19,20,20,19,16,12,9,6,4,2,1,1,1,0,0,0,0,0,0,0,0,0,0,0,0,0,0,0,0,0,0,0,0,0,0,0,0,0,0,0,0,0,0,0,0,0,0,0,0,0,0,0,0,0,0,0,0,0,0,0,0,0,0,0,0,0,0,0,0,0,0,0,0,0,0,0,0,0,0,0,0,0,0,0,0,0,0,0,0,0,0,0,0,0,0,0,0,0,1,1,1,2,3,5,5,6,7,7,7,6,7,7,7,9,9,9,9,9,8,6,4,2,1,1,1,1,0,0,0,0,0,0,0,0,0,0,0,0,0,0,0,0,0,0,0,0,1,1,2,3,5,9,13,15,18,19,20,20,18,16,13,9,6,4,2,1,1,0,0,0,0,0,0,0,1,1,1,2,4,7,10,13,16,19,20,20,19,16,13,10,7,4,3,2,3,4,7,11,14,17,19,20,20,19,16,12,9,6,4,2,1,1,1,0,0,0,0,0,0,0,0,0,0,0,0,0,0,0,0,0,0,0,0,0,0,0,0
0,0,0,0,0,0,0,0,0,0,0,0,0,0,0,0,0,0,0,0,0,0,0,0,0,0,0,0,0,0,0,0,0,0,0,0,0,0,0,0,0,0,0,0,0,0,0,0,0,0,0,0,0,0,0,0,0,0,0,0,0,1,1,1,2,3,5,5,6,7,7,6,6,7,7,7,9,9,9,9,9,8,6,4,2,1,1,1,1,0,0,0,0,0,0,0,0,0,0,0,0,0,0,0,0,0,0,0,1,1,1,2,4,6,10,14,17,18,19,20,19,17,14,11,8,5,3,1,1,1,0,0,0,0,0,0,0,1,1,1,3,5,8,11,14,17,19,20,19,18,15,12,8,5,3,2,2,3,6,9,12,16,18,20,20,19,18,14,11,8,5,3,1,1,1,0,0,0,0,0,0,0,0,0,0,0,0,0,0,0,0,0,0,0,0,0,0,0,0,0,0,0,0,0,0,0,0,0,0,0,0,0,0,0,0,0,0,0,0,0,0,0,0,0,0,0,0,0,0,0,0,0,0,0,0,0,0,0,0,0,0,0,0,0,0,0,0,0,0,0,0,0,0,0,0,0,0,0,0,0,0,1,1,1,2,3,5,5,6,7,7,6,6,7,7,7,9,9,9,9,9,8,6,4,3,2,1,1,1,0,0,0,0,0,0,0,0,0,0,0,0,0,0,0,0,0,0,0,1,1,1,2,4,6,10,14,17,18,20,20,19,17,14,11,8,5,3,1,1,1,0,0,0,0,0,0,0,1,1,1,3,5,8,11,14,17,19,20,19,18,15,12,8,5,3,2,2,3,6,9,12,16,18,20,20,19,18,14,11,8,5,3,1,1,1,0,0,0,0,0,0,0,0,0,0,0,0,0,0,0,0,0,0,0,0,0,0,0,0,0
0,0,0,0,0,0,0,0,0,0,0,0,0,0,0,0,0,0,0,0,0,0,0,0,0,0,0,0,0,0,0,0,0,0,0,0,0,0,0,0,0,0,0,0,0,0,0,0,0,0,0,0,0,0,0,0,0,0,0,0,0,1,1,1,2,3,5,5,6,7,7,6,6,7,7,7,8,9,9,9,9,8,6,4,3,2,1,1,1,0,0,0,0,0,0,0,0,0,0,0,0,0,0,0,0,0,0,0,1,1,1,3,5,8,11,15,18,19,20,19,18,16,13,9,6,4,2,1,1,1,0,0,0,0,0,0,1,1,1,2,4,6,9,12,15,18,19,20,18,16,14,10,7,4,3,2,3,4,7,10,14,17,19,20,20,18,16,13,9,6,4,2,1,1,1,0,0,0,0,0,0,0,0,0,0,0,0,0,0,0,0,0,0,0,0,0,0,0,0,0,0,0,0,0,0,0,0,0,0,0,0,0,0,0,0,0,0,0,0,0,0,0,0,0,0,0,0,0,0,0,0,0,0,0,0,0,0,0,0,0,0,0,0,0,0,0,0,0,0,0,0,0,0,0,0,0,0,0,0,0,0,1,1,1,2,3,5,5,6,7,7,6,6,7,7,7,8,9,9,9,9,8,6,5,3,2,1,1,1,0,0,0,0,0,0,0,0,0,0,0,0,0,0,0,0,0,0,0,1,1,1,3,5,8,11,15,18,19,20,19,18,16,13,9,6,4,2,1,1,1,0,0,0,0,0,0,1,1,1,2,4,6,9,12,15,18,19,20,18,16,14,10,7,4,3,2,3,4,7,10,14,17,19,20,20,18,16,13,9,6,4,2,1,1,1,0,0,0,0,0,0,0,0,0,0,0,0,0,0,0,0,0,0,0,0,0,0,0,0,0
0,0,0,0,0,0,0,0,0,0,0,0,0,0,0,0,0,0,0,0,0,0,0,0,0,0,0,0,0,0,0,0,0,0,0,0,0,0,0,0,0,0,0,0,0,0,0,0,0,0,0,0,0,0,0,0,0,0,0,0,0,1,1,1,2,3,5,5,5,7,7,6,6,7,6,7,8,9,9,9,9,8,7,5,3,2,1,1,1,0,0,0,0,0,0,0,0,0,0,0,0,0,0,0,0,0,0,0,1,1,2,3,6,9,13,16,18,19,19,19,17,14,11,8,5,3,1,1,1,0,0,0,0,0,0,0,1,1,1,3,4,7,10,14,16,19,19,19,17,15,12,9,6,4,2,2,3,5,8,12,15,18,19,20,19,17,15,11,8,5,3,2,1,1,0,0,0,0,0,0,0,0,0,0,0,0,0,0,0,0,0,0,0,0,0,0,0,0,0,0,0,0,0,0,0,0,0,0,0,0,0,0,0,0,0,0,0,0,0,0,0,0,0,0,0,0,0,0,0,0,0,0,0,0,0,0,0,0,0,0,0,0,0,0,0,0,0,0,0,0,0,0,0,0,0,0,0,0,0,0,0,1,1,1,2,3,5,5,5,7,7,6,6,7,6,7,8,9,9,9,9,8,7,5,3,2,1,1,1,0,0,0,0,0,0,0,0,0,0,0,0,0,0,0,0,0,0,0,1,1,2,3,6,9,13,16,18,19,19,19,17,14,11,8,5,3,1,1,1,0,0,0,0,0,0,0,1,1,1,3,4,7,10,14,16,18,19,19,17,15,12,9,6,4,2,2,3,5,8,12,15,18,19,20,19,17,15,11,8,5,3,2,1,1,0,0,0,0,0,0,0,0,0,0,0,0,0,0,0,0,0,0,0,0,0,0,0,0,0,0
0,0,0,0,0,0,0,0,0,0,0,0,0,0,0,0,0,0,0,0,0,0,0,0,0,0,0,0,0,0,0,0,0,0,0,0,0,0,0,0,0,0,0,0,0,0,0,0,0,0,0,0,0,0,0,0,0,0,0,0,0,1,1,1,1,3,4,5,5,7,7,6,6,7,6,7,8,9,9,9,9,9,7,5,3,2,1,1,1,0,0,0,0,0,0,0,0,0,0,0,0,0,0,0,0,0,0,1,1,1,2,4,7,10,14,17,19,19,19,18,16,13,10,7,4,2,1,1,1,0,0,0,0,0,0,1,1,1,2,3,5,8,12,15,17,19,19,18,16,14,10,7,5,3,2,3,4,6,10,13,16,18,20,20,18,16,13,10,6,4,2,1,1,1,0,0,0,0,0,0,0,0,0,0,0,0,0,0,0,0,0,0,0,0,0,0,0,0,0,0,0,0,0,0,0,0,0,0,0,0,0,0,0,0,0,0,0,0,0,0,0,0,0,0,0,0,0,0,0,0,0,0,0,0,0,0,0,0,0,0,0,0,0,0,0,0,0,0,0,0,0,0,0,0,0,0,0,0,0,0,0,1,1,1,1,3,4,5,5,7,7,6,7,7,6,7,8,9,9,9,9,9,7,5,3,2,1,1,1,0,0,0,0,0,0,0,0,0,0,0,0,0,0,0,0,0,0,1,1,1,2,4,7,10,14,17,19,19,19,18,16,13,10,7,4,2,1,1,1,0,0,0,0,0,0,1,1,1,2,3,5,8,12,15,17,19,19,18,16,14,10,7,5,3,2,3,4,6,10,13,16,18,20,20,18,16,13,10,6,4,2,1,1,1,0,0,0,0,0,0,0,0,0,0,0,0,0,0,0,0,0,0,0,0,0,0,0,0,0,0
0,0,0,0,0,0,0,0,0,0,0,0,0,0,0,0,0,0,0,0,0,0,0,0,0,0,0,0,0,0,0,0,0,0,0,0,0,0,0,0,0,0,0,0,0,0,0,0,0,0,0,0,0,0,0,0,0,0,0,0,0,1,1,1,1,3,4,5,5,7,7,6,7,7,6,7,8,9,9,9,9,9,7,6,4,2,1,1,1,0,0,0,0,0,0,0,0,0,0,0,0,0,0,0,0,0,0,1,1,2,3,5,8,12,15,18,19,19,18,17,14,11,8,5,3,2,1,1,0,0,0,0,0,0,0,1,1,1,2,4,6,10,13,16,18,19,19,18,15,12,9,6,4,2,2,3,5,8,11,14,17,19,19,19,18,15,12,8,5,3,2,1,1,0,0,0,0,0,0,0,0,0,0,0,0,0,0,0,0,0,0,0,0,0,0,0,0,0,0,0,0,0,0,0,0,0,0,0,0,0,0,0,0,0,0,0,0,0,0,0,0,0,0,0,0,0,0,0,0,0,0,0,0,0,0,0,0,0,0,0,0,0,0,0,0,0,0,0,0,0,0,0,0,0,0,0,0,0,0,0,0,1,1,1,1,3,4,5,5,7,7,6,7,7,6,7,8,9,9,9,9,9,7,6,4,2,1,1,1,1,0,0,0,0,0,0,0,0,0,0,0,0,0,0,0,0,0,1,1,2,3,5,8,12,15,18,19,19,18,17,14,11,8,5,3,2,1,1,0,0,0,0,0,0,0,1,1,1,2,4,6,10,13,16,18,19,19,18,15,12,9,6,4,2,2,3,5,8,11,14,17,19,19,19,18,15,12,8,5,3,2,1,1,0,0,0,0,0,0,0,0,0,0,0,0,0,0,0,0,0,0,0,0,0,0,0,0,0,0,0
0,0,0,0,0,0,0,0,0,0,0,0,0,0,0,0,0,0,0,0,0,0,0,0,0,0,0,0,0,0,0,0,0,0,0,0,0,0,0,0,0,0,0,0,0,0,0,0,0,0,0,0,0,0,0,0,0,0,0,0,0,0,1,1,1,3,4,5,5,7,7,6,7,7,6,6,7,9,9,9,9,9,8,6,4,2,1,1,1,1,0,0,0,0,0,0,0,0,0,0,0,0,0,0,0,0,0,1,1,2,4,6,9,13,16,18,19,19,18,16,13,10,7,4,2,1,1,1,0,0,0,0,0,0,0,1,1,2,3,5,8,11,14,17,18,19,18,17,14,11,8,5,3,2,2,4,6,9,13,16,18,19,19,18,16,14,10,7,4,2,1,1,1,0,0,0,0,0,0,0,0,0,0,0,0,0,0,0,0,0,0,0,0,0,0,0,0,0,0,0,0,0,0,0,0,0,0,0,0,0,0,0,0,0,0,0,0,0,0,0,0,0,0,0,0,0,0,0,0,0,0,0,0,0,0,0,0,0,0,0,0,0,0,0,0,0,0,0,0,0,0,0,0,0,0,0,0,0,0,0,0,0,1,1,1,3,4,5,5,7,7,6,7,7,6,6,7,9,9,9,9,9,8,6,4,2,1,1,1,1,0,0,0,0,0,0,0,0,0,0,0,0,0,0,0,0,0,1,1,2,4,6,9,13,16,18,19,19,18,16,13,10,7,4,2,1,1,1,0,0,0,0,0,0,0,1,1,2,3,5,8,11,14,17,18,19,18,16,14,11,8,5,3,2,2,4,6,9,13,16,18,19,19,18,16,14,10,7,4,2,1,1,1,0,0,0,0,0,0,0,0,0,0,0,0,0,0,0,0,0,0,0,0,0,0,0,0,0,0,0
0,0,0,0,0,0,0,0,0,0,0,0,0,0,0,0,0,0,0,0,0,0,0,0,0,0,0,0,0,0,0,0,0,0,0,0,0,0,0,0,0,0,0,0,0,0,0,0,0,0,0,0,0,0,0,0,0,0,0,0,0,0,1,1,1,3,4,5,5,7,7,6,7,6,6,6,7,8,9,9,9,9,8,6,4,3,2,1,1,1,0,0,0,0,0,0,0,0,0,0,0,0,0,0,0,0,1,1,2,3,5,7,11,14,17,19,19,18,17,15,12,8,6,3,2,1,1,0,0,0,0,0,0,0,1,1,1,2,4,6,9,12,15,17,19,19,18,15,12,9,6,4,2,2,3,5,7,11,14,17,18,19,19,17,15,12,9,5,3,2,1,1,0,0,0,0,0,0,0,0,0,0,0,0,0,0,0,0,0,0,0,0,0,0,0,0,0,0,0,0,0,0,0,0,0,0,0,0,0,0,0,0,0,0,0,0,0,0,0,0,0,0,0,0,0,0,0,0,0,0,0,0,0,0,0,0,0,0,0,0,0,0,0,0,0,0,0,0,0,0,0,0,0,0,0,0,0,0,0,0,0,0,1,1,1,3,4,5,5,7,7,6,7,6,6,6,7,8,9,9,9,9,8,6,4,3,2,1,1,1,0,0,0,0,0,0,0,0,0,0,0,0,0,0,0,0,1,1,2,3,5,7,11,14,17,19,19,18,17,15,12,8,6,3,2,1,1,0,0,0,0,0,0,0,1,1,1,2,4,6,9,12,15,17,19,19,18,15,12,9,6,4,2,2,3,5,7,11,14,17,18,19,19,17,15,12,9,5,3,2,1,1,0,0,0,0,0,0,0,0,0,0,0,0,0,0,0,0,0,0,0,0,0,0,0,0,0,0,0,0
0,0,0,0,0,0,0,0,0,0,0,0,0,0,0,0,0,0,0,0,0,0,0,0,0,0,0,0,0,0,0,0,0,0,0,0,0,0,0,0,0,0,0,0,0,0,0,0,0,0,0,0,0,0,0,0,0,0,0,0,0,0,1,1,1,3,4,5,5,7,7,6,7,6,6,6,7,8,9,9,9,9,8,7,5,3,2,1,1,1,0,0,0,0,0,0,0,0,0,0,0,0,0,0,0,0,1,1,2,4,6,9,12,15,18,19,18,17,16,13,10,7,4,3,1,1,1,0,0,0,0,0,0,0,1,1,1,3,4,7,10,13,16,18,19,18,17,14,11,8,5,3,2,2,3,6,9,12,15,17,19,19,18,17,14,11,7,4,2,1,1,1,0,0,0,0,0,0,0,0,0,0,0,0,0,0,0,0,0,0,0,0,0,0,0,0,0,0,0,0,0,0,0,0,0,0,0,0,0,0,0,0,0,0,0,0,0,0,0,0,0,0,0,0,0,0,0,0,0,0,0,0,0,0,0,0,0,0,0,0,0,0,0,0,0,0,0,0,0,0,0,0,0,0,0,0,0,0,0,0,0,0,1,1,1,3,4,5,5,7,7,6,7,6,6,6,7,8,9,9,9,9,8,7,5,3,2,1,1,1,0,0,0,0,0,0,0,0,0,0,0,0,0,0,0,0,1,1,2,4,6,9,12,15,18,19,18,17,16,13,10,7,4,3,1,1,1,0,0,0,0,0,0,0,1,1,1,3,4,7,10,13,16,18,19,18,17,14,11,8,5,3,2,2,3,6,9,12,15,17,19,19,18,17,14,11,7,4,2,1,1,1,0,0,0,0,0,0,0,0,0,0,0,0,0,0,0,0,0,0,0,0,0,0,0,0,0,0,0,0
0,0,0,0,0,0,0,0,0,0,0,0,0,0,0,0,0,0,0,0,0,0,0,0,0,0,0,0,0,0,0,0,0,0,0,0,0,0,0,0,0,0,0,0,0,0,0,0,0,0,0,0,0,0,0,0,0,0,0,0,0,0,1,1,1,2,3,5,5,7,7,6,7,6,6,6,6,8,9,9,9,9,9,7,5,3,2,1,1,1,0,0,0,0,0,0,0,0,0,0,0,0,0,0,0,0,1,1,3,4,7,10,13,16,18,18,18,17,15,12,9,6,4,2,1,1,0,0,0,0,0,0,0,0,1,1,2,3,5,8,11,14,17,18,18,18,16,13,9,7,4,3,2,2,4,7,10,13,16,18,19,19,17,15,13,9,6,3,2,1,1,1,0,0,0,0,0,0,0,0,0,0,0,0,0,0,0,0,0,0,0,0,0,0,0,0,0,0,0,0,0,0,0,0,0,0,0,0,0,0,0,0,0,0,0,0,0,0,0,0,0,0,0,0,0,0,0,0,0,0,0,0,0,0,0,0,0,0,0,0,0,0,0,0,0,0,0,0,0,0,0,0,0,0,0,0,0,0,0,0,0,0,1,1,1,2,3,5,5,7,7,6,7,6,6,6,6,8,9,9,9,9,9,7,5,3,2,1,1,1,0,0,0,0,0,0,0,0,0,0,0,0,0,0,0,0,1,1,3,4,7,10,13,16,18,18,18,17,15,12,9,6,4,2,1,1,0,0,0,0,0,0,0,0,1,1,2,3,5,8,11,14,17,18,18,18,16,13,9,7,4,3,2,2,4,7,10,13,16,18,19,19,17,15,13,9,6,3,2,1,1,1,0,0,0,0,0,0,0,0,0,0,0,0,0,0,0,0,0,0,0,0,0,0,0,0,0,0,0,0
0,0,0,0,0,0,0,0,0,0,0,0,0,0,0,0,0,0,0,0,0,0,0,0,0,0,0,0,0,0,0,0,0,0,0,0,0,0,0,0,0,0,0,0,0,0,0,0,0,0,0,0,0,0,0,0,0,0,0,0,0,0,1,1,1,2,3,5,5,6,7,7,6,6,6,5,6,7,9,9,9,9,9,8,6,3,2,1,1,1,0,0,0,0,0,0,0,0,0,0,0,0,0,0,0,1,1,2,3,5,8,11,14,17,18,18,17,16,13,11,8,5,3,1,1,1,0,0,0,0,0,0,0,1,1,1,2,4,6,9,12,15,17,18,18,17,15,11,8,5,3,2,2,3,5,8,12,15,17,18,19,18,17,14,11,8,5,3,1,1,1,0,0,0,0,0,0,0,0,0,0,0,0,0,0,0,0,0,0,0,0,0,0,0,0,0,0,0,0,0,0,0,0,0,0,0,0,0,0,0,0,0,0,0,0,0,0,0,0,0,0,0,0,0,0,0,0,0,0,0,0,0,0,0,0,0,0,0,0,0,0,0,0,0,0,0,0,0,0,0,0,0,0,0,0,0,0,0,0,0,0,0,1,1,1,2,3,5,5,6,7,7,6,6,6,5,6,7,9,9,9,9,9,8,6,3,2,1,1,1,0,0,0,0,0,0,0,0,0,0,0,0,0,0,0,1,1,2,3,5,8,11,14,17,18,18,17,16,13,11,8,5,3,1,1,1,0,0,0,0,0,0,0,1,1,1,2,4,6,9,12,15,17,18,18,17,15,11,8,5,3,2,2,3,5,8,12,15,17,18,19,18,17,14,11,8,5,3,1,1,1,0,0,0,0,0,0,0,0,0,0,0,0,0,0,0,0,0,0,0,0,0,0,0,0,0,0,0,0,0
0,0,0,0,0,0,0,0,0,0,0,0,0,0,0,0,0,0,0,0,0,0,0,0,0,0,0,0,0,0,0,0,0,0,0,0,0,0,0,0,0,0,0,0,0,0,0,0,0,0,0,0,0,0,0,0,0,0,0,0,0,0,1,1,1,2,3,5,5,6,7,7,6,5,6,5,5,7,8,9,9,9,9,8,6,4,2,1,1,1,1,0,0,0,0,0,0,0,0,0,0,0,0,0,0,1,1,2,4,6,9,12,15,17,18,18,16,15,12,9,6,4,2,1,1,0,0,0,0,0,0,0,0,1,1,2,3,5,7,10,13,16,18,18,18,16,13,10,7,4,3,2,2,3,6,10,13,16,17,18,18,17,16,13,10,6,4,2,1,1,1,0,0,0,0,0,0,0,0,0,0,0,0,0,0,0,0,0,0,0,0,0,0,0,0,0,0,0,0,0,0,0,0,0,0,0,0,0,0,0,0,0,0,0,0,0,0,0,0,0,0,0,0,0,0,0,0,0,0,0,0,0,0,0,0,0,0,0,0,0,0,0,0,0,0,0,0,0,0,0,0,0,0,0,0,0,0,0,0,0,0,0,1,1,1,2,3,5,5,6,7,7,6,6,6,5,5,7,8,9,9,9,9,8,6,4,2,1,1,1,1,0,0,0,0,0,0,0,0,0,0,0,0,0,0,1,1,2,4,6,9,12,15,17,18,18,16,15,12,9,6,4,2,1,1,0,0,0,0,0,0,0,0,1,1,2,3,5,7,10,13,16,18,18,18,16,13,10,7,4,3,2,2,3,6,10,13,16,17,18,18,17,16,13,10,6,4,2,1,1,1,0,0,0,0,0,0,0,0,0,0,0,0,0,0,0,0,0,0,0,0,0,0,0,0,0,0,0,0,0
0,0,0,0,0,0,0,0,0,0,0,0,0,0,0,0,0,0,0,0,0,0,0,0,0,0,0,0,0,0,0,0,0,0,0,0,0,0,0,0,0,0,0,0,0,0,0,0,0,0,0,0,0,0,0,0,0,0,0,0,0,0,1,1,1,2,3,5,5,6,7,7,6,5,6,5,5,7,8,9,9,9,9,8,6,4,3,1,1,1,1,0,0,0,0,0,0,0,0,0,0,0,0,0,0,1,1,3,5,7,10,13,16,18,18,17,16,13,11,8,5,3,2,1,1,0,0,0,0,0,0,0,0,1,1,2,4,6,9,11,14,17,18,18,17,15,12,9,6,4,2,2,2,4,7,11,14,16,18,18,18,17,14,12,8,5,3,1,1,1,0,0,0,0,0,0,0,0,0,0,0,0,0,0,0,0,0,0,0,0,0,0,0,0,0,0,0,0,0,0,0,0,0,0,0,0,0,0,0,0,0,0,0,0,0,0,0,0,0,0,0,0,0,0,0,0,0,0,0,0,0,0,0,0,0,0,0,0,0,0,0,0,0,0,0,0,0,0,0,0,0,0,0,0,0,0,0,0,0,0,0,0,1,1,1,2,3,5,5,6,7,7,6,5,6,5,5,7,8,9,9,9,9,8,6,4,3,2,1,1,1,0,0,0,0,0,0,0,0,0,0,0,0,0,0,1,1,3,5,7,10,13,16,18,18,17,16,13,11,8,5,3,2,1,1,0,0,0,0,0,0,0,0,1,1,2,4,6,9,11,14,17,18,18,17,15,12,9,6,4,2,2,2,4,7,11,14,16,18,18,18,17,14,12,8,5,3,1,1,1,0,0,0,0,0,0,0,0,0,0,0,0,0,0,0,0,0,0,0,0,0,0,0,0,0,0,0,0,0,0
0,0,0,0,0,0,0,0,0,0,0,0,0,0,0,0,0,0,0,0,0,0,0,0,0,0,0,0,0,0,0,0,0,0,0,0,0,0,0,0,0,0,0,0,0,0,0,0,0,0,0,0,0,0,0,0,0,0,0,0,0,0,1,1,1,2,3,5,5,6,7,7,6,5,6,5,5,6,8,9,9,9,9,9,7,5,3,2,1,1,1,0,0,0,0,0,0,0,0,0,0,0,0,0,1,1,2,3,6,8,11,14,17,18,18,16,15,12,9,7,4,2,1,1,1,0,0,0,0,0,0,0,1,1,1,3,4,7,10,12,15,17,18,18,16,14,11,8,5,3,2,2,3,5,8,12,15,17,18,18,17,16,13,10,7,4,2,1,1,1,0,0,0,0,0,0,0,0,0,0,0,0,0,0,0,0,0,0,0,0,0,0,0,0,0,0,0,0,0,0,0,0,0,0,0,0,0,0,0,0,0,0,0,0,0,0,0,0,0,0,0,0,0,0,0,0,0,0,0,0,0,0,0,0,0,0,0,0,0,0,0,0,0,0,0,0,0,0,0,0,0,0,0,0,0,0,0,0,0,0,0,0,1,1,1,2,3,5,5,6,7,7,6,5,6,5,5,6,8,9,9,9,9,9,7,5,3,2,1,1,1,0,0,0,0,0,0,0,0,0,0,0,0,0,1,1,2,3,6,8,11,14,17,18,18,16,15,12,9,7,4,2,1,1,1,0,0,0,0,0,0,0,1,1,1,3,4,7,10,12,15,17,18,17,16,14,11,8,5,3,2,2,3,5,8,12,15,17,18,18,17,16,13,10,7,4,2,1,1,1,0,0,0,0,0,0,0,0,0,0,0,0,0,0,0,0,0,0,0,0,0,0,0,0,0,0,0,0,0,0
0,0,0,0,0,0,0,0,0,0,0,0,0,0,0,0,0,0,0,0,0,0,0,0,0,0,0,0,0,0,0,0,0,0,0,0,0,0,0,0,0,0,0,0,0,0,0,0,0,0,0,0,0,0,0,0,0,0,0,0,0,0,1,1,1,2,3,4,5,5,7,7,6,5,6,5,5,6,7,9,9,9,9,9,7,5,3,2,1,1,1,0,0,0,0,0,0,0,0,0,0,0,0,0,1,1,2,4,6,9,12,15,17,18,17,15,13,11,8,6,3,2,1,1,0,0,0,0,0,0,0,0,1,1,2,3,5,8,11,13,16,17,18,17,15,13,10,6,4,2,2,2,3,6,10,14,16,17,18,18,17,15,12,9,6,3,2,1,1,0,0,0,0,0,0,0,0,0,0,0,0,0,0,0,0,0,0,0,0,0,0,0,0,0,0,0,0,0,0,0,0,0,0,0,0,0,0,0,0,0,0,0,0,0,0,0,0,0,0,0,0,0,0,0,0,0,0,0,0,0,0,0,0,0,0,0,0,0,0,0,0,0,0,0,0,0,0,0,0,0,0,0,0,0,0,0,0,0,0,0,0,0,1,1,1,2,3,4,5,5,7,7,6,5,6,5,5,6,7,9,9,9,10,9,7,5,3,2,1,1,1,0,0,0,0,0,0,0,0,0,0,0,0,0,1,1,2,4,6,9,12,15,17,18,17,15,13,11,8,6,3,2,1,1,0,0,0,0,0,0,0,0,1,1,2,3,5,8,11,13,16,17,18,17,15,13,10,6,4,2,2,2,3,6,10,14,16,17,18,18,17,15,12,9,6,3,2,1,1,0,0,0,0,0,0,0,0,0,0,0,0,0,0,0,0,0,0,0,0,0,0,0,0,0,0,0,0,0,0,0
0,0,0,0,0,0,0,0,0,0,0,0,0,0,0,0,0,0,0,0,0,0,0,0,0,0,0,0,0,0,0,0,0,0,0,0,0,0,0,0,0,0,0,0,0,0,0,0,0,0,0,0,0,0,0,0,0,0,0,0,0,0,1,1,1,2,3,4,5,5,7,7,6,5,6,5,4,6,7,8,9,9,10,9,8,5,3,2,1,1,1,0,0,0,0,0,0,0,0,0,0,0,0,0,1,1,3,5,7,10,13,16,17,18,17,14,12,10,7,5,3,1,1,1,0,0,0,0,0,0,0,0,1,1,2,4,6,9,12,14,16,17,17,16,14,11,8,5,3,2,2,2,4,7,11,15,16,18,18,17,16,14,11,7,5,3,1,1,1,0,0,0,0,0,0,0,0,0,0,0,0,0,0,0,0,0,0,0,0,0,0,0,0,0,0,0,0,0,0,0,0,0,0,0,0,0,0,0,0,0,0,0,0,0,0,0,0,0,0,0,0,0,0,0,0,0,0,0,0,0,0,0,0,0,0,0,0,0,0,0,0,0,0,0,0,0,0,0,0,0,0,0,0,0,0,0,0,0,0,0,0,0,1,1,1,2,3,4,5,5,7,7,6,5,6,5,4,6,7,9,9,9,10,9,8,6,3,2,1,1,1,0,0,0,0,0,0,0,0,0,0,0,0,0,1,1,3,5,7,10,13,16,17,18,17,14,12,10,7,5,3,1,1,1,0,0,0,0,0,0,0,0,1,1,2,4,6,9,12,14,16,17,17,16,14,11,8,5,3,2,2,2,4,7,11,15,16,18,18,17,16,14,11,7,5,3,1,1,1,0,0,0,0,0,0,0,0,0,0,0,0,0,0,0,0,0,0,0,0,0,0,0,0,0,0,0,0,0,0,0
0,0,0,0,0,0,0,0,0,0,0,0,0,0,0,0,0,0,0,0,0,0,0,0,0,0,0,0,0,0,0,0,0,0,0,0,0,0,0,0,0,0,0,0,0,0,0,0,0,0,0,0,0,0,0,0,0,0,0,0,0,0,1,1,1,2,3,4,5,5,7,7,6,5,6,5,4,6,7,8,9,9,9,9,8,6,4,2,1,1,1,1,0,0,0,0,0,0,0,0,0,0,0,1,1,2,3,6,8,11,14,17,18,17,16,13,11,9,6,4,2,1,1,0,0,0,0,0,0,0,0,1,1,1,3,5,7,10,13,15,17,17,17,16,13,10,7,4,2,2,2,3,5,8,12,15,17,18,18,17,15,13,9,6,4,2,1,1,0,0,0,0,0,0,0,0,0,0,0,0,0,0,0,0,0,0,0,0,0,0,0,0,0,0,0,0,0,0,0,0,0,0,0,0,0,0,0,0,0,0,0,0,0,0,0,0,0,0,0,0,0,0,0,0,0,0,0,0,0,0,0,0,0,0,0,0,0,0,0,0,0,0,0,0,0,0,0,0,0,0,0,0,0,0,0,0,0,0,0,0,0,0,1,1,1,2,3,4,5,5,7,7,6,5,6,5,4,6,7,8,9,9,10,9,8,6,4,2,1,1,1,1,0,0,0,0,0,0,0,0,0,0,0,1,1,2,3,6,8,11,14,16,18,17,16,13,11,9,6,4,2,1,1,0,0,0,0,0,0,0,0,1,1,1,3,5,7,10,13,15,17,17,17,15,13,10,7,4,2,2,2,3,5,8,12,15,17,18,18,17,15,13,9,6,4,2,1,1,0,0,0,0,0,0,0,0,0,0,0,0,0,0,0,0,0,0,0,0,0,0,0,0,0,0,0,0,0,0,0,0
0,0,0,0,0,0,0,0,0,0,0,0,0,0,0,0,0,0,0,0,0,0,0,0,0,0,0,0,0,0,0,0,0,0,0,0,0,0,0,0,0,0,0,0,0,0,0,0,0,0,0,0,0,0,0,0,0,0,0,0,0,0,1,1,1,2,3,4,5,5,7,6,6,6,6,5,4,5,6,8,9,9,9,9,8,6,4,2,1,1,1,1,0,0,0,0,0,0,0,0,0,0,0,1,1,2,4,6,9,12,15,17,18,17,15,12,10,7,5,3,2,1,1,0,0,0,0,0,0,0,0,1,1,2,3,6,8,11,14,16,17,17,16,15,12,9,6,4,2,2,2,4,6,10,13,16,17,17,17,16,14,11,8,5,3,1,1,1,0,0,0,0,0,0,0,0,0,0,0,0,0,0,0,0,0,0,0,0,0,0,0,0,0,0,0,0,0,0,0,0,0,0,0,0,0,0,0,0,0,0,0,0,0,0,0,0,0,0,0,0,0,0,0,0,0,0,0,0,0,0,0,0,0,0,0,0,0,0,0,0,0,0,0,0,0,0,0,0,0,0,0,0,0,0,0,0,0,0,0,0,0,0,1,1,1,2,3,4,5,5,7,6,6,6,6,5,4,5,7,8,9,9,10,10,8,6,4,2,1,1,1,1,0,0,0,0,0,0,0,0,0,0,0,1,1,2,4,6,9,12,15,17,17,17,15,12,10,7,5,3,2,1,1,0,0,0,0,0,0,0,0,1,1,2,3,6,8,11,14,16,17,17,16,15,12,9,6,4,2,2,2,4,6,10,13,16,17,17,17,16,14,11,8,5,3,1,1,1,0,0,0,0,0,0,0,0,0,0,0,0,0,0,0,0,0,0,0,0,0,0,0,0,0,0,0,0,0,0,0,0
0,0,0,0,0,0,0,0,0,0,0,0,0,0,0,0,0,0,0,0,0,0,0,0,0,0,0,0,0,0,0,0,0,0,0,0,0,0,0,0,0,0,0,0,0,0,0,0,0,0,0,0,0,0,0,0,0,0,0,0,0,0,1,1,1,2,3,4,5,5,7,6,5,6,6,5,4,5,6,8,9,9,9,10,9,7,4,3,2,1,1,1,0,0,0,0,0,0,0,0,0,0,0,1,1,3,5,7,10,13,16,17,17,16,14,11,9,6,4,2,1,1,0,0,0,0,0,0,0,0,1,1,1,2,4,7,9,12,14,16,17,17,16,14,11,8,5,3,2,2,3,4,7,11,14,16,17,17,17,15,13,10,7,4,2,1,1,1,0,0,0,0,0,0,0,0,0,0,0,0,0,0,0,0,0,0,0,0,0,0,0,0,0,0,0,0,0,0,0,0,0,0,0,0,0,0,0,0,0,0,0,0,0,0,0,0,0,0,0,0,0,0,0,0,0,0,0,0,0,0,0,0,0,0,0,0,0,0,0,0,0,0,0,0,0,0,0,0,0,0,0,0,0,0,0,0,0,0,0,0,0,0,1,1,1,2,3,4,5,5,7,6,6,6,6,5,4,5,6,8,9,9,9,10,9,7,4,3,2,1,1,1,0,0,0,0,0,0,0,0,0,0,0,1,1,3,5,7,10,13,16,17,17,16,14,11,9,6,4,2,1,1,0,0,0,0,0,0,0,0,1,1,1,2,4,7,9,12,14,16,17,17,16,14,11,8,5,3,2,2,3,4,7,11,14,16,17,17,17,15,13,10,7,4,2,1,1,1,0,0,0,0,0,0,0,0,0,0,0,0,0,0,0,0,0,0,0,0,0,0,0,0,0,0,0,0,0,0,0,0
0,0,0,0,0,0,0,0,0,0,0,0,0,0,0,0,0,0,0,0,0,0,0,0,0,0,0,0,0,0,0,0,0,0,0,0,0,0,0,0,0,0,0,0,0,0,0,0,0,0,0,0,0,0,0,0,0,0,0,0,0,0,1,1,1,2,3,4,5,5,7,6,6,6,6,5,4,4,6,7,9,9,9,10,9,7,5,3,2,1,1,1,0,0,0,0,0,0,0,0,0,0,1,1,2,3,6,8,11,14,16,17,17,15,13,10,8,5,3,2,1,1,0,0,0,0,0,0,0,0,1,1,1,3,5,8,10,13,15,17,17,16,15,13,10,7,4,2,2,2,3,5,8,12,15,17,17,17,16,14,12,9,6,3,2,1,1,0,0,0,0,0,0,0,0,0,0,0,0,0,0,0,0,0,0,0,0,0,0,0,0,0,0,0,0,0,0,0,0,0,0,0,0,0,0,0,0,0,0,0,0,0,0,0,0,0,0,0,0,0,0,0,0,0,0,0,0,0,0,0,0,0,0,0,0,0,0,0,0,0,0,0,0,0,0,0,0,0,0,0,0,0,0,0,0,0,0,0,0,0,0,0,1,1,1,2,3,4,5,5,7,6,6,6,6,5,4,4,6,7,9,9,9,10,9,7,5,3,2,1,1,1,0,0,0,0,0,0,0,0,0,0,1,1,2,3,5,8,11,14,16,17,17,15,13,10,8,5,3,2,1,1,0,0,0,0,0,0,0,0,1,1,1,3,5,8,10,13,15,17,17,16,15,13,10,7,4,2,2,2,3,5,8,12,15,17,17,17,16,14,12,9,6,3,2,1,1,0,0,0,0,0,0,0,0,0,0,0,0,0,0,0,0,0,0,0,0,0,0,0,0,0,0,0,0,0,0,0,0,0
0,0,0,0,0,0,0,0,0,0,0,0,0,0,0,0,0,0,0,0,0,0,0,0,0,0,0,0,0,0,0,0,0,0,0,0,0,0,0,0,0,0,0,0,0,0,0,0,0,0,0,0,0,0,0,0,0,0,0,0,0,0,0,1,1,2,3,4,5,5,7,6,6,6,5,5,4,4,6,7,8,9,9,10,9,8,5,3,2,1,1,1,0,0,0,0,0,0,0,0,0,0,1,1,2,4,6,9,12,15,17,17,16,15,12,9,7,4,3,1,1,1,0,0,0,0,0,0,0,0,1,1,2,3,6,9,11,14,16,17,17,16,14,11,9,6,3,2,2,2,4,6,10,13,16,17,17,16,15,13,11,7,5,3,1,1,1,0,0,0,0,0,0,0,0,0,0,0,0,0,0,0,0,0,0,0,0,0,0,0,0,0,0,0,0,0,0,0,0,0,0,0,0,0,0,0,0,0,0,0,0,0,0,0,0,0,0,0,0,0,0,0,0,0,0,0,0,0,0,0,0,0,0,0,0,0,0,0,0,0,0,0,0,0,0,0,0,0,0,0,0,0,0,0,0,0,0,0,0,0,0,0,0,1,1,2,3,4,5,5,7,6,6,6,5,5,4,4,6,7,9,9,9,10,9,8,5,3,2,1,1,1,0,0,0,0,0,0,0,0,0,0,1,1,2,4,6,9,12,15,17,17,16,15,12,9,7,4,3,1,1,1,0,0,0,0,0,0,0,0,1,1,2,3,6,9,11,14,16,17,17,16,14,11,9,6,3,2,2,2,4,6,10,13,16,17,17,16,15,13,11,7,5,2,1,1,1,0,0,0,0,0,0,0,0,0,0,0,0,0,0,0,0,0,0,0,0,0,0,0,0,0,0,0,0,0,0,0,0,0
0,0,0,0,0,0,0,0,0,0,0,0,0,0,0,0,0,0,0,0,0,0,0,0,0,0,0,0,0,0,0,0,0,0,0,0,0,0,0,0,0,0,0,0,0,0,0,0,0,0,0,0,0,0,0,0,0,0,0,0,0,0,0,1,1,1,3,4,5,5,7,6,6,6,5,5,4,4,5,7,8,9,9,10,9,8,6,3,2,1,1,1,1,0,0,0,0,0,0,0,0,0,1,1,2,5,7,10,13,16,17,17,16,14,11,8,6,4,2,1,1,0,0,0,0,0,0,0,0,1,1,1,2,4,6,10,12,14,16,17,17,15,13,10,7,5,3,2,2,3,4,7,11,14,16,17,17,16,14,12,9,6,4,2,1,1,1,0,0,0,0,0,0,0,0,0,0,0,0,0,0,0,0,0,0,0,0,0,0,0,0,0,0,0,0,0,0,0,0,0,0,0,0,0,0,0,0,0,0,0,0,0,0,0,0,0,0,0,0,0,0,0,0,0,0,0,0,0,0,0,0,0,0,0,0,0,0,0,0,0,0,0,0,0,0,0,0,0,0,0,0,0,0,0,0,0,0,0,0,0,0,0,0,1,1,1,3,4,5,5,7,6,6,6,5,5,4,4,5,7,8,9,9,10,9,8,6,4,2,1,1,1,1,0,0,0,0,0,0,0,0,0,1,1,2,5,7,10,13,16,17,17,16,14,11,8,6,4,2,1,1,0,0,0,0,0,0,0,0,1,1,1,2,4,6,9,12,14,16,17,16,15,13,10,7,5,3,2,2,3,4,7,11,14,16,17,17,16,14,12,9,6,4,2,1,1,1,0,0,0,0,0,0,0,0,0,0,0,0,0,0,0,0,0,0,0,0,0,0,0,0,0,0,0,0,0,0,0,0,0
0,0,0,0,0,0,0,0,0,0,0,0,0,0,0,0,0,0,0,0,0,0,0,0,0,0,0,0,0,0,0,0,0,0,0,0,0,0,0,0,0,0,0,0,0,0,0,0,0,0,0,0,0,0,0,0,0,0,0,0,0,0,0,1,1,1,3,3,5,5,7,6,6,6,5,5,4,4,5,6,8,9,9,10,9,8,6,4,2,1,1,1,1,0,0,0,0,0,0,0,0,1,1,2,3,6,8,11,14,16,17,17,15,13,10,7,5,3,2,1,1,0,0,0,0,0,0,0,0,1,1,1,3,5,7,10,13,15,16,17,16,15,12,9,6,4,2,2,2,3,5,8,12,15,16,17,16,15,13,11,8,5,3,1,1,1,0,0,0,0,0,0,0,0,0,0,0,0,0,0,0,0,0,0,0,0,0,0,0,0,0,0,0,0,0,0,0,0,0,0,0,0,0,0,0,0,0,0,0,0,0,0,0,0,0,0,0,0,0,0,0,0,0,0,0,0,0,0,0,0,0,0,0,0,0,0,0,0,0,0,0,0,0,0,0,0,0,0,0,0,0,0,0,0,0,0,0,0,0,0,0,0,0,1,1,1,3,3,5,5,7,6,6,6,5,5,4,4,5,6,8,9,9,10,10,9,6,4,2,1,1,1,1,0,0,0,0,0,0,0,0,1,1,2,3,6,8,11,14,16,17,16,15,13,10,7,5,3,2,1,1,0,0,0,0,0,0,0,0,1,1,1,3,5,7,10,13,15,16,17,16,14,12,9,6,4,2,2,2,3,5,8,12,15,16,17,16,15,13,11,8,5,3,1,1,1,0,0,0,0,0,0,0,0,0,0,0,0,0,0,0,0,0,0,0,0,0,0,0,0,0,0,0,0,0,0,0,0,0,0
0,0,0,0,0,0,0,0,0,0,0,0,0,0,0,0,0,0,0,0,0,0,0,0,0,0,0,0,0,0,0,0,0,0,0,0,0,0,0,0,0,0,0,0,0,0,0,0,0,0,0,0,0,0,0,0,0,0,0,0,0,0,0,1,1,1,2,3,4,5,7,6,6,6,5,5,4,3,5,6,7,9,9,10,10,9,7,4,3,2,1,1,1,0,0,0,0,0,0,0,0,1,1,2,4,6,9,12,15,16,17,16,14,12,9,6,4,2,1,1,0,0,0,0,0,0,0,0,0,1,1,2,3,5,8,11,14,15,16,16,16,14,11,8,5,3,2,1,2,4,6,10,13,15,17,16,16,15,13,10,7,4,2,1,1,1,0,0,0,0,0,0,0,0,0,0,0,0,0,0,0,0,0,0,0,0,0,0,0,0,0,0,0,0,0,0,0,0,0,0,0,0,0,0,0,0,0,0,0,0,0,0,0,0,0,0,0,0,0,0,0,0,0,0,0,0,0,0,0,0,0,0,0,0,0,0,0,0,0,0,0,0,0,0,0,0,0,0,0,0,0,0,0,0,0,0,0,0,0,0,0,0,0,1,1,1,2,3,4,5,7,6,6,6,5,5,4,3,5,6,7,9,9,10,10,9,7,4,3,2,1,1,1,0,0,0,0,0,0,0,0,1,1,2,4,6,9,12,15,16,17,16,14,12,9,6,4,2,1,1,0,0,0,0,0,0,0,0,0,1,1,2,3,5,8,11,14,15,16,16,16,14,11,8,5,3,2,1,2,4,6,10,13,15,17,16,16,15,12,10,7,4,2,1,1,1,0,0,0,0,0,0,0,0,0,0,0,0,0,0,0,0,0,0,0,0,0,0,0,0,0,0,0,0,0,0,0,0,0,0
0,0,0,0,0,0,0,0,0,0,0,0,0,0,0,0,0,0,0,0,0,0,0,0,0,0,0,0,0,0,0,0,0,0,0,0,0,0,0,0,0,0,0,0,0,0,0,0,0,0,0,0,0,0,0,0,0,0,0,0,0,0,0,1,1,1,2,3,4,5,6,6,6,6,5,5,4,3,4,6,7,9,9,10,10,9,7,5,3,2,1,1,1,0,0,0,0,0,0,0,0,1,1,3,5,7,10,13,16,17,17,15,14,11,8,5,3,2,1,1,0,0,0,0,0,0,0,0,1,1,1,2,4,6,9,12,14,16,16,16,15,13,10,7,4,3,2,2,3,5,7,11,14,16,17,16,15,14,11,9,6,3,2,1,1,0,0,0,0,0,0,0,0,0,0,0,0,0,0,0,0,0,0,0,0,0,0,0,0,0,0,0,0,0,0,0,0,0,0,0,0,0,0,0,0,0,0,0,0,0,0,0,0,0,0,0,0,0,0,0,0,0,0,0,0,0,0,0,0,0,0,0,0,0,0,0,0,0,0,0,0,0,0,0,0,0,0,0,0,0,0,0,0,0,0,0,0,0,0,0,0,0,0,1,1,1,2,3,4,5,6,6,6,6,5,5,4,3,4,6,7,9,9,10,10,9,7,5,3,2,1,1,1,0,0,0,0,0,0,0,0,1,1,3,5,7,10,13,15,17,17,15,14,11,8,5,3,2,1,1,0,0,0,0,0,0,0,0,1,1,1,2,4,6,9,12,14,16,16,16,15,13,10,7,4,3,2,2,3,5,7,11,14,16,17,16,15,14,11,9,6,3,2,1,1,0,0,0,0,0,0,0,0,0,0,0,0,0,0,0,0,0,0,0,0,0,0,0,0,0,0,0,0,0,0,0,0,0,0,0
0,0,0,0,0,0,0,0,0,0,0,0,0,0,0,0,0,0,0,0,0,0,0,0,0,0,0,0,0,0,0,0,0,0,0,0,0,0,0,0,0,0,0,0,0,0,0,0,0,0,0,0,0,0,0,0,0,0,0,0,0,0,0,1,1,1,2,3,4,5,6,6,6,6,5,5,4,3,4,5,7,9,9,10,10,9,8,5,3,2,1,1,1,0,0,0,0,0,0,0,1,1,2,3,5,8,11,14,16,17,16,15,13,10,7,4,3,1,1,1,0,0,0,0,0,0,0,0,1,1,1,3,5,7,10,13,15,16,16,16,14,12,9,6,4,2,1,2,3,6,8,12,14,16,17,16,15,13,10,8,5,3,1,1,1,0,0,0,0,0,0,0,0,0,0,0,0,0,0,0,0,0,0,0,0,0,0,0,0,0,0,0,0,0,0,0,0,0,0,0,0,0,0,0,0,0,0,0,0,0,0,0,0,0,0,0,0,0,0,0,0,0,0,0,0,0,0,0,0,0,0,0,0,0,0,0,0,0,0,0,0,0,0,0,0,0,0,0,0,0,0,0,0,0,0,0,0,0,0,0,0,0,0,1,1,1,2,3,4,5,6,6,6,6,5,5,4,3,4,5,7,9,9,10,10,9,8,5,3,2,1,1,1,0,0,0,0,0,0,0,1,1,2,3,5,8,11,14,16,17,16,15,13,10,7,4,3,1,1,1,0,0,0,0,0,0,0,0,1,1,1,3,5,7,10,13,15,16,16,16,14,12,9,6,4,2,1,2,3,6,8,12,14,16,17,16,15,13,10,8,5,3,1,1,1,0,0,0,0,0,0,0,0,0,0,0,0,0,0,0,0,0,0,0,0,0,0,0,0,0,0,0,0,0,0,0,0,0,0,0
0,0,0,0,0,0,0,0,0,0,0,0,0,0,0,0,0,0,0,0,0,0,0,0,0,0,0,0,0,0,0,0,0,0,0,0,0,0,0,0,0,0,0,0,0,0,0,0,0,0,0,0,0,0,0,0,0,0,0,0,0,0,0,1,1,1,2,3,4,5,6,7,6,6,5,5,4,3,4,5,6,8,9,10,10,10,8,6,3,2,1,1,1,1,0,0,0,0,0,0,1,1,2,4,6,9,12,15,16,17,16,14,12,9,6,3,2,1,1,0,0,0,0,0,0,0,0,0,1,1,2,3,5,8,11,14,15,16,16,15,13,11,8,5,3,2,1,2,4,7,10,13,15,16,16,15,14,12,9,6,4,2,1,1,1,0,0,0,0,0,0,0,0,0,0,0,0,0,0,0,0,0,0,0,0,0,0,0,0,0,0,0,0,0,0,0,0,0,0,0,0,0,0,0,0,0,0,0,0,0,0,0,0,0,0,0,0,0,0,0,0,0,0,0,0,0,0,0,0,0,0,0,0,0,0,0,0,0,0,0,0,0,0,0,0,0,0,0,0,0,0,0,0,0,0,0,0,0,0,0,0,0,0,1,1,1,2,3,4,5,6,7,6,6,5,5,4,3,4,5,6,8,9,10,10,10,8,6,3,2,1,1,1,1,0,0,0,0,0,0,1,1,2,4,6,9,12,15,16,17,16,14,12,9,6,3,2,1,1,0,0,0,0,0,0,0,0,0,1,1,2,3,5,8,11,14,15,16,16,15,13,11,8,5,3,2,1,2,4,7,10,13,15,16,16,15,14,12,9,6,4,2,1,1,1,0,0,0,0,0,0,0,0,0,0,0,0,0,0,0,0,0,0,0,0,0,0,0,0,0,0,0,0,0,0,0,0,0,0,0
0,0,0,0,0,0,0,0,0,0,0,0,0,0,0,0,0,0,0,0,0,0,0,0,0,0,0,0,0,0,0,0,0,0,0,0,0,0,0,0,0,0,0,0,0,0,0,0,0,0,0,0,0,0,0,0,0,0,0,0,0,0,0,1,1,1,2,3,4,5,6,7,6,5,5,5,4,3,4,5,6,8,9,10,10,10,9,6,4,2,1,1,1,1,0,0,0,0,0,0,1,1,3,5,7,10,13,15,16,16,15,13,11,8,5,3,2,1,1,0,0,0,0,0,0,0,0,0,1,1,2,4,6,9,12,14,15,16,16,14,12,10,7,4,2,2,1,3,5,8,11,13,15,16,16,15,13,11,8,5,3,2,1,1,0,0,0,0,0,0,0,0,0,0,0,0,0,0,0,0,0,0,0,0,0,0,0,0,0,0,0,0,0,0,0,0,0,0,0,0,0,0,0,0,0,0,0,0,0,0,0,0,0,0,0,0,0,0,0,0,0,0,0,0,0,0,0,0,0,0,0,0,0,0,0,0,0,0,0,0,0,0,0,0,0,0,0,0,0,0,0,0,0,0,0,0,0,0,0,0,0,0,0,1,1,1,2,3,4,5,6,7,6,5,5,5,4,3,4,5,6,8,9,10,10,10,9,6,4,2,2,1,1,1,0,0,0,0,0,0,1,1,3,5,7,10,13,15,16,16,15,13,11,8,5,3,2,1,1,0,0,0,0,0,0,0,0,0,1,1,2,4,6,9,12,14,15,16,16,14,12,10,7,4,2,2,1,3,5,8,11,13,15,16,16,15,13,11,8,5,3,2,1,1,0,0,0,0,0,0,0,0,0,0,0,0,0,0,0,0,0,0,0,0,0,0,0,0,0,0,0,0,0,0,0,0,0,0,0,0
0,0,0,0,0,0,0,0,0,0,0,0,0,0,0,0,0,0,0,0,0,0,0,0,0,0,0,0,0,0,0,0,0,0,0,0,0,0,0,0,0,0,0,0,0,0,0,0,0,0,0,0,0,0,0,0,0,0,0,0,0,0,0,1,1,1,2,3,4,5,6,7,6,5,5,5,4,3,3,4,6,8,9,10,10,10,9,7,4,3,2,1,1,1,0,0,0,0,0,1,1,2,3,5,8,11,14,16,16,16,14,12,10,7,4,2,1,1,0,0,0,0,0,0,0,0,0,1,1,1,3,5,7,10,13,15,16,16,15,14,11,8,6,3,2,1,2,3,6,9,12,14,16,16,16,14,12,10,7,4,2,1,1,1,0,0,0,0,0,0,0,0,0,0,0,0,0,0,0,0,0,0,0,0,0,0,0,0,0,0,0,0,0,0,0,0,0,0,0,0,0,0,0,0,0,0,0,0,0,0,0,0,0,0,0,0,0,0,0,0,0,0,0,0,0,0,0,0,0,0,0,0,0,0,0,0,0,0,0,0,0,0,0,0,0,0,0,0,0,0,0,0,0,0,0,0,0,0,0,0,0,0,0,1,1,1,2,3,4,5,6,7,6,5,5,5,4,3,3,4,6,8,9,10,10,10,9,7,4,3,2,1,1,1,0,0,0,0,0,1,1,2,3,5,8,11,14,16,16,16,14,12,10,7,4,2,1,1,0,0,0,0,0,0,0,0,0,1,1,1,3,5,7,10,13,15,16,16,15,14,11,8,6,3,2,1,2,3,6,9,12,14,16,16,16,14,12,10,7,4,2,1,1,1,0,0,0,0,0,0,0,0,0,0,0,0,0,0,0,0,0,0,0,0,0,0,0,0,0,0,0,0,0,0,0,0,0,0,0,0
0,0,0,0,0,0,0,0,0,0,0,0,0,0,0,0,0,0,0,0,0,0,0,0,0,0,0,0,0,0,0,0,0,0,0,0,0,0,0,0,0,0,0,0,0,0,0,0,0,0,0,0,0,0,0,0,0,0,0,0,0,0,0,1,1,1,2,3,4,5,6,7,6,5,5,5,4,3,3,4,5,7,9,10,10,10,9,7,4,3,2,1,1,1,0,0,0,0,0,1,1,2,4,6,9,12,14,16,16,15,14,12,9,6,3,2,1,1,0,0,0,0,0,0,0,0,0,1,1,2,3,5,8,11,13,15,16,16,15,13,10,7,5,3,2,1,2,4,7,10,12,15,16,16,15,13,11,9,6,4,2,1,1,1,0,0,0,0,0,0,0,0,0,0,0,0,0,0,0,0,0,0,0,0,0,0,0,0,0,0,0,0,0,0,0,0,0,0,0,0,0,0,0,0,0,0,0,0,0,0,0,0,0,0,0,0,0,0,0,0,0,0,0,0,0,0,0,0,0,0,0,0,0,0,0,0,0,0,0,0,0,0,0,0,0,0,0,0,0,0,0,0,0,0,0,0,0,0,0,0,0,0,0,1,1,1,2,3,4,5,6,7,6,5,5,5,4,3,3,4,5,7,9,10,10,10,9,7,5,3,2,1,1,1,0,0,0,0,0,1,1,2,4,6,9,12,14,16,16,15,14,12,9,6,3,2,1,1,0,0,0,0,0,0,0,0,0,1,1,2,3,5,8,11,13,15,16,16,15,13,10,7,5,3,2,1,2,4,7,10,12,15,16,16,15,13,11,9,6,4,2,1,1,1,0,0,0,0,0,0,0,0,0,0,0,0,0,0,0,0,0,0,0,0,0,0,0,0,0,0,0,0,0,0,0,0,0,0,0,0
0,0,0,0,0,0,0,0,0,0,0,0,0,0,0,0,0,0,0,0,0,0,0,0,0,0,0,0,0,0,0,0,0,0,0,0,0,0,0,0,0,0,0,0,0,0,0,0,0,0,0,0,0,0,0,0,0,0,0,0,0,0,0,1,1,1,2,3,4,5,5,7,6,5,5,5,4,3,3,4,5,7,9,10,10,10,9,8,5,3,2,1,1,1,0,0,0,0,0,1,1,2,5,7,10,13,15,16,16,15,13,11,8,5,3,1,1,1,0,0,0,0,0,0,0,0,0,1,1,2,4,6,9,12,14,15,16,16,14,12,9,6,4,2,1,1,2,4,8,11,13,15,16,16,15,13,10,8,5,3,2,1,1,0,0,0,0,0,0,0,0,0,0,0,0,0,0,0,0,0,0,0,0,0,0,0,0,0,0,0,0,0,0,0,0,0,0,0,0,0,0,0,0,0,0,0,0,0,0,0,0,0,0,0,0,0,0,0,0,0,0,0,0,0,0,0,0,0,0,0,0,0,0,0,0,0,0,0,0,0,0,0,0,0,0,0,0,0,0,0,0,0,0,0,0,0,0,0,0,0,0,0,0,1,1,1,2,3,4,5,5,7,6,5,5,5,4,3,3,4,5,7,9,10,10,10,10,8,5,3,2,1,1,1,0,0,0,0,0,1,1,2,5,7,10,13,15,16,16,15,13,11,8,5,3,1,1,1,0,0,0,0,0,0,0,0,0,1,1,2,4,6,9,12,14,15,16,15,14,12,9,6,4,2,1,1,2,4,8,11,13,15,16,16,15,13,10,8,5,3,2,1,1,0,0,0,0,0,0,0,0,0,0,0,0,0,0,0,0,0,0,0,0,0,0,0,0,0,0,0,0,0,0,0,0,0,0,0,0,0
0,0,0,0,0,0,0,0,0,0,0,0,0,0,0,0,0,0,0,0,0,0,0,0,0,0,0,0,0,0,0,0,0,0,0,0,0,0,0,0,0,0,0,0,0,0,0,0,0,0,0,0,0,0,0,0,0,0,0,0,0,0,0,1,1,1,2,3,4,5,5,7,6,5,5,5,4,3,3,3,4,6,8,10,10,10,10,8,5,4,2,1,1,1,1,0,0,0,1,1,2,3,5,8,11,14,15,16,15,14,12,10,7,4,2,1,1,0,0,0,0,0,0,0,0,0,1,1,1,3,4,7,10,12,14,16,16,15,13,11,8,6,3,2,1,2,3,5,9,11,14,15,16,15,14,12,9,7,4,2,1,1,1,0,0,0,0,0,0,0,0,0,0,0,0,0,0,0,0,0,0,0,0,0,0,0,0,0,0,0,0,0,0,0,0,0,0,0,0,0,0,0,0,0,0,0,0,0,0,0,0,0,0,0,0,0,0,0,0,0,0,0,0,0,0,0,0,0,0,0,0,0,0,0,0,0,0,0,0,0,0,0,0,0,0,0,0,0,0,0,0,0,0,0,0,0,0,0,0,0,0,0,0,1,1,1,2,3,4,5,5,7,6,5,5,5,4,3,3,3,5,6,8,10,10,10,10,8,6,4,2,1,1,1,1,0,0,0,1,1,2,3,5,8,11,14,15,16,15,14,12,10,7,4,2,1,1,0,0,0,0,0,0,0,0,0,1,1,1,3,4,7,10,12,14,15,16,15,13,11,8,6,3,2,1,2,3,5,9,11,14,15,16,15,14,12,9,7,4,2,1,1,1,0,0,0,0,0,0,0,0,0,0,0,0,0,0,0,0,0,0,0,0,0,0,0,0,0,0,0,0,0,0,0,0,0,0,0,0,0
0,0,0,0,0,0,0,0,0,0,0,0,0,0,0,0,0,0,0,0,0,0,0,0,0,0,0,0,0,0,0,0,0,0,0,0,0,0,0,0,0,0,0,0,0,0,0,0,0,0,0,0,0,0,0,0,0,0,0,0,0,0,0,1,1,1,2,3,4,5,5,7,6,5,6,5,5,3,3,3,4,6,8,9,10,10,10,9,6,4,3,2,1,1,1,0,0,0,1,1,2,4,6,9,12,14,16,16,15,13,11,9,6,3,2,1,1,0,0,0,0,0,0,0,0,0,1,1,2,3,5,8,11,13,15,16,15,15,13,10,7,5,3,2,1,2,3,6,10,12,14,16,16,15,13,11,8,6,3,2,1,1,1,0,0,0,0,0,0,0,0,0,0,0,0,0,0,0,0,0,0,0,0,0,0,0,0,0,0,0,0,0,0,0,0,0,0,0,0,0,0,0,0,0,0,0,0,0,0,0,0,0,0,0,0,0,0,0,0,0,0,0,0,0,0,0,0,0,0,0,0,0,0,0,0,0,0,0,0,0,0,0,0,0,0,0,0,0,0,0,0,0,0,0,0,0,0,0,0,0,0,0,0,1,1,1,2,3,4,5,5,7,6,5,6,5,5,3,3,3,4,6,8,10,10,10,10,9,6,4,3,2,1,1,1,0,0,0,1,1,2,4,6,9,12,14,16,16,15,13,11,9,6,3,2,1,1,0,0,0,0,0,0,0,0,0,1,1,2,3,5,8,11,13,15,15,15,14,13,10,7,5,3,2,1,2,3,6,10,12,14,15,16,15,13,11,8,6,3,2,1,1,1,0,0,0,0,0,0,0,0,0,0,0,0,0,0,0,0,0,0,0,0,0,0,0,0,0,0,0,0,0,0,0,0,0,0,0,0,0
0,0,0,0,0,0,0,0,0,0,0,0,0,0,0,0,0,0,0,0,0,0,0,0,0,0,0,0,0,0,0,0,0,0,0,0,0,0,0,0,0,0,0,0,0,0,0,0,0,0,0,0,0,0,0,0,0,0,0,0,0,0,0,1,1,1,2,3,4,5,5,7,6,5,6,4,5,3,3,3,4,6,8,9,10,10,10,9,7,4,3,2,1,1,1,0,0,1,1,1,2,4,7,10,13,15,16,16,14,13,10,8,5,3,1,1,1,0,0,0,0,0,0,0,0,0,1,1,2,4,6,9,11,14,15,16,15,14,12,9,6,4,2,1,1,2,4,7,10,13,15,16,16,14,13,10,7,5,3,1,1,1,0,0,0,0,0,0,0,0,0,0,0,0,0,0,0,0,0,0,0,0,0,0,0,0,0,0,0,0,0,0,0,0,0,0,0,0,0,0,0,0,0,0,0,0,0,0,0,0,0,0,0,0,0,0,0,0,0,0,0,0,0,0,0,0,0,0,0,0,0,0,0,0,0,0,0,0,0,0,0,0,0,0,0,0,0,0,0,0,0,0,0,0,0,0,0,0,0,0,0,0,0,1,1,1,2,3,4,5,5,7,6,5,6,4,5,3,3,3,4,6,8,9,10,10,10,9,7,4,3,2,1,1,1,0,0,1,1,1,2,4,7,10,13,15,16,16,14,13,10,8,5,3,1,1,1,0,0,0,0,0,0,0,0,0,1,1,2,4,6,9,11,13,15,15,15,14,12,9,6,4,2,1,1,2,4,7,10,13,15,16,16,14,12,10,7,5,3,1,1,1,0,0,0,0,0,0,0,0,0,0,0,0,0,0,0,0,0,0,0,0,0,0,0,0,0,0,0,0,0,0,0,0,0,0,0,0,0,0
0,0,0,0,0,0,0,0,0,0,0,0,0,0,0,0,0,0,0,0,0,0,0,0,0,0,0,0,0,0,0,0,0,0,0,0,0,0,0,0,0,0,0,0,0,0,0,0,0,0,0,0,0,0,0,0,0,0,0,0,0,0,0,1,1,1,2,3,3,4,5,7,6,6,6,4,5,3,3,3,3,5,7,9,10,10,10,9,7,5,3,2,1,1,1,0,0,1,1,2,3,5,8,11,13,15,16,15,14,12,10,7,4,2,1,1,0,0,0,0,0,0,0,0,0,0,1,1,3,4,7,10,12,14,15,15,15,13,11,8,5,3,2,1,1,3,5,8,11,13,15,16,15,14,12,9,6,4,2,1,1,1,0,0,0,0,0,0,0,0,0,0,0,0,0,0,0,0,0,0,0,0,0,0,0,0,0,0,0,0,0,0,0,0,0,0,0,0,0,0,0,0,0,0,0,0,0,0,0,0,0,0,0,0,0,0,0,0,0,0,0,0,0,0,0,0,0,0,0,0,0,0,0,0,0,0,0,0,0,0,0,0,0,0,0,0,0,0,0,0,0,0,0,0,0,0,0,0,0,0,0,0,0,1,1,1,2,3,4,4,5,7,6,6,6,4,5,3,3,3,3,5,7,9,10,10,10,9,7,5,3,2,1,1,1,0,0,1,1,2,3,5,8,11,13,15,16,15,14,12,10,7,4,2,1,1,0,0,0,0,0,0,0,0,0,0,1,1,3,4,7,9,12,14,15,15,15,13,11,8,5,3,2,1,1,3,5,8,11,13,15,16,15,14,12,9,6,4,2,1,1,1,0,0,0,0,0,0,0,0,0,0,0,0,0,0,0,0,0,0,0,0,0,0,0,0,0,0,0,0,0,0,0,0,0,0,0,0,0,0
0,0,0,0,0,0,0,0,0,0,0,0,0,0,0,0,0,0,0,0,0,0,0,0,0,0,0,0,0,0,0,0,0,0,0,0,0,0,0,0,0,0,0,0,0,0,0,0,0,0,0,0,0,0,0,0,0,0,0,0,0,0,0,1,1,1,2,3,3,4,5,7,6,6,6,4,5,3,3,3,3,5,7,9,10,10,10,9,8,5,4,2,1,1,1,0,1,1,1,2,4,6,9,12,14,15,16,15,13,11,9,6,3,2,1,1,0,0,0,0,0,0,0,0,0,1,1,2,3,5,8,10,13,14,15,15,14,12,10,7,5,3,2,1,2,3,6,9,12,14,15,16,15,13,11,8,5,3,2,1,1,1,0,0,0,0,0,0,0,0,0,0,0,0,0,0,0,0,0,0,0,0,0,0,0,0,0,0,0,0,0,0,0,0,0,0,0,0,0,0,0,0,0,0,0,0,0,0,0,0,0,0,0,0,0,0,0,0,0,0,0,0,0,0,0,0,0,0,0,0,0,0,0,0,0,0,0,0,0,0,0,0,0,0,0,0,0,0,0,0,0,0,0,0,0,0,0,0,0,0,0,0,0,1,1,1,2,3,3,4,5,7,6,6,6,4,5,3,3,3,3,5,7,9,10,10,10,10,8,5,4,2,1,1,1,0,1,1,1,2,4,6,9,12,14,15,16,15,13,11,9,6,3,2,1,1,0,0,0,0,0,0,0,0,0,1,1,2,3,5,8,10,13,14,15,15,14,12,10,7,5,3,2,1,2,3,6,9,12,14,15,15,15,13,11,8,5,3,2,1,1,1,0,0,0,0,0,0,0,0,0,0,0,0,0,0,0,0,0,0,0,0,0,0,0,0,0,0,0,0,0,0,0,0,0,0,0,0,0,0
0,0,0,0,0,0,0,0,0,0,0,0,0,0,0,0,0,0,0,0,0,0,0,0,0,0,0,0,0,0,0,0,0,0,0,0,0,0,0,0,0,0,0,0,0,0,0,0,0,0,0,0,0,0,0,0,0,0,0,0,0,0,0,1,1,1,2,3,3,4,5,7,6,6,6,4,5,3,3,3,3,4,6,8,10,10,10,10,8,6,4,2,1,1,1,1,1,1,1,2,4,7,10,13,15,16,15,14,12,10,7,5,3,1,1,0,0,0,0,0,0,0,0,0,0,1,1,2,4,6,9,11,13,15,15,15,14,12,9,6,4,2,1,1,2,4,7,10,13,14,15,15,14,13,10,7,4,3,1,1,1,0,0,0,0,0,0,0,0,0,0,0,0,0,0,0,0,0,0,0,0,0,0,0,0,0,0,0,0,0,0,0,0,0,0,0,0,0,0,0,0,0,0,0,0,0,0,0,0,0,0,0,0,0,0,0,0,0,0,0,0,0,0,0,0,0,0,0,0,0,0,0,0,0,0,0,0,0,0,0,0,0,0,0,0,0,0,0,0,0,0,0,0,0,0,0,0,0,0,0,0,0,0,1,1,1,2,3,3,4,5,7,6,6,6,4,5,3,3,3,3,4,6,8,10,10,11,10,8,6,4,3,1,1,1,1,1,1,1,2,4,7,10,13,15,16,15,14,12,10,7,5,3,1,1,0,0,0,0,0,0,0,0,0,0,1,1,2,4,6,8,11,13,15,15,15,14,12,9,6,4,2,1,1,2,4,7,10,13,14,15,15,14,13,10,7,4,3,1,1,1,0,0,0,0,0,0,0,0,0,0,0,0,0,0,0,0,0,0,0,0,0,0,0,0,0,0,0,0,0,0,0,0,0,0,0,0,0,0,0
0,0,0,0,0,0,0,0,0,0,0,0,0,0,0,0,0,0,0,0,0,0,0,0,0,0,0,0,0,0,0,0,0,0,0,0,0,0,0,0,0,0,0,0,0,0,0,0,0,0,0,0,0,0,0,0,0,0,0,0,0,0,0,1,1,1,2,3,3,4,5,7,6,6,6,4,5,3,3,3,3,4,6,8,10,10,11,10,9,7,4,3,2,1,1,1,1,1,2,3,5,8,11,13,15,15,15,14,12,9,6,4,2,1,1,0,0,0,0,0,0,0,0,0,0,1,1,2,4,7,9,12,14,15,15,14,13,11,8,5,3,2,1,1,2,4,8,11,13,15,15,15,14,12,9,6,4,2,1,1,1,0,0,0,0,0,0,0,0,0,0,0,0,0,0,0,0,0,0,0,0,0,0,0,0,0,0,0,0,0,0,0,0,0,0,0,0,0,0,0,0,0,0,0,0,0,0,0,0,0,0,0,0,0,0,0,0,0,0,0,0,0,0,0,0,0,0,0,0,0,0,0,0,0,0,0,0,0,0,0,0,0,0,0,0,0,0,0,0,0,0,0,0,0,0,0,0,0,0,0,0,0,0,1,1,1,2,3,3,4,5,7,6,6,6,4,5,3,3,3,3,4,6,8,10,10,11,10,9,7,4,3,2,1,1,1,1,1,2,3,5,8,11,13,15,15,15,14,12,9,6,4,2,1,1,0,0,0,0,0,0,0,0,0,0,1,1,2,4,7,9,12,14,15,15,14,13,11,8,5,3,2,1,1,2,4,8,11,13,15,15,15,14,12,9,6,4,2,1,1,1,0,0,0,0,0,0,0,0,0,0,0,0,0,0,0,0,0,0,0,0,0,0,0,0,0,0,0,0,0,0,0,0,0,0,0,0,0,0,0
0,0,0,0,0,0,0,0,0,0,0,0,0,0,0,0,0,0,0,0,0,0,0,0,0,0,0,0,0,0,0,0,0,0,0,0,0,0,0,0,0,0,0,0,0,0,0,0,0,0,0,0,0,0,0,0,0,0,0,0,0,0,0,1,1,1,1,2,3,4,5,7,6,6,6,4,5,3,3,3,3,3,5,8,10,10,11,10,9,7,5,3,2,1,1,1,1,1,2,4,6,9,12,14,15,15,15,13,11,8,6,3,2,1,1,0,0,0,0,0,0,0,0,0,1,1,1,3,5,8,10,12,14,15,15,14,12,10,7,4,3,2,1,1,3,5,9,12,14,15,15,15,13,11,8,5,3,2,1,1,1,0,0,0,0,0,0,0,0,0,0,0,0,0,0,0,0,0,0,0,0,0,0,0,0,0,0,0,0,0,0,0,0,0,0,0,0,0,0,0,0,0,0,0,0,0,0,0,0,0,0,0,0,0,0,0,0,0,0,0,0,0,0,0,0,0,0,0,0,0,0,0,0,0,0,0,0,0,0,0,0,0,0,0,0,0,0,0,0,0,0,0,0,0,0,0,0,0,0,0,0,0,0,1,1,1,1,2,3,4,5,7,6,6,6,4,5,3,3,3,3,3,6,8,10,10,11,10,9,7,5,3,2,1,1,1,1,1,2,4,6,9,12,14,15,15,15,13,11,8,6,3,2,1,1,0,0,0,0,0,0,0,0,0,1,1,1,3,5,7,10,12,14,15,15,14,12,10,7,4,3,2,1,1,3,5,8,12,14,15,15,15,13,11,8,5,3,2,1,1,1,0,0,0,0,0,0,0,0,0,0,0,0,0,0,0,0,0,0,0,0,0,0,0,0,0,0,0,0,0,0,0,0,0,0,0,0,0,0,0
0,0,0,0,0,0,0,0,0,0,0,0,0,0,0,0,0,0,0,0,0,0,0,0,0,0,0,0,0,0,0,0,0,0,0,0,0,0,0,0,0,0,0,0,0,0,0,0,0,0,0,0,0,0,0,0,0,0,0,0,0,0,0,0,1,1,1,2,3,4,5,6,6,6,5,4,5,4,3,3,3,3,5,7,9,10,11,10,9,8,5,3,2,1,1,1,1,1,2,4,7,10,13,14,15,15,14,12,10,7,5,3,1,1,1,0,0,0,0,0,0,0,0,0,1,1,2,3,6,8,11,13,14,15,14,13,11,9,6,4,2,1,1,2,3,6,9,12,14,15,15,14,12,10,7,4,2,1,1,1,0,0,0,0,0,0,0,0,0,0,0,0,0,0,0,0,0,0,0,0,0,0,0,0,0,0,0,0,0,0,0,0,0,0,0,0,0,0,0,0,0,0,0,0,0,0,0,0,0,0,0,0,0,0,0,0,0,0,0,0,0,0,0,0,0,0,0,0,0,0,0,0,0,0,0,0,0,0,0,0,0,0,0,0,0,0,0,0,0,0,0,0,0,0,0,0,0,0,0,0,0,0,0,0,1,1,1,2,3,4,5,7,6,6,5,4,5,4,3,3,3,3,5,7,9,10,11,11,9,8,5,3,2,1,1,1,1,1,2,4,7,10,13,14,15,15,14,12,10,7,5,3,1,1,1,0,0,0,0,0,0,0,0,0,1,1,2,3,6,8,11,13,14,15,14,13,11,9,6,4,2,1,1,2,3,6,9,12,14,15,15,14,12,10,7,4,2,1,1,1,0,0,0,0,0,0,0,0,0,0,0,0,0,0,0,0,0,0,0,0,0,0,0,0,0,0,0,0,0,0,0,0,0,0,0,0,0,0,0,0
0,0,0,0,0,0,0,0,0,0,0,0,0,0,0,0,0,0,0,0,0,0,0,0,0,0,0,0,0,0,0,0,0,0,0,0,0,0,0,0,0,0,0,0,0,0,0,0,0,0,0,0,0,0,0,0,0,0,0,0,0,0,0,0,1,1,1,2,3,4,5,6,6,6,5,4,5,4,3,3,2,3,5,7,9,10,11,11,10,8,6,4,2,1,1,1,1,2,3,5,8,11,13,15,15,15,13,12,9,6,4,2,1,1,0,0,0,0,0,0,0,0,0,0,1,1,2,4,6,9,12,13,14,15,14,13,10,8,5,3,2,1,1,2,4,7,10,13,14,15,15,14,12,9,6,3,2,1,1,1,0,0,0,0,0,0,0,0,0,0,0,0,0,0,0,0,0,0,0,0,0,0,0,0,0,0,0,0,0,0,0,0,0,0,0,0,0,0,0,0,0,0,0,0,0,0,0,0,0,0,0,0,0,0,0,0,0,0,0,0,0,0,0,0,0,0,0,0,0,0,0,0,0,0,0,0,0,0,0,0,0,0,0,0,0,0,0,0,0,0,0,0,0,0,0,0,0,0,0,0,0,0,0,0,1,1,1,2,3,4,5,6,6,6,5,4,5,4,3,3,3,3,5,7,9,10,11,11,10,8,6,4,2,1,1,1,1,2,3,5,8,11,13,15,15,15,13,12,9,6,4,2,1,1,0,0,0,0,0,0,0,0,0,0,1,1,2,4,6,9,12,13,14,15,14,13,10,8,5,3,2,1,1,2,4,7,10,13,14,15,15,14,12,9,6,3,2,1,1,1,0,0,0,0,0,0,0,0,0,0,0,0,0,0,0,0,0,0,0,0,0,0,0,0,0,0,0,0,0,0,0,0,0,0,0,0,0,0,0,0
0,0,0,0,0,0,0,0,0,0,0,0,0,0,0,0,0,0,0,0,0,0,0,0,0,0,0,0,0,0,0,0,0,0,0,0,0,0,0,0,0,0,0,0,0,0,0,0,0,0,0,0,0,0,0,0,0,0,0,0,0,0,0,0,1,1,1,2,3,4,5,6,6,6,5,5,5,4,3,2,2,3,4,6,9,10,11,11,10,9,6,4,3,1,1,1,1,2,4,6,8,11,14,15,15,14,13,11,8,6,3,2,1,1,0,0,0,0,0,0,0,0,0,0,1,1,2,4,7,10,12,14,14,15,14,12,9,7,4,3,2,1,1,3,5,8,11,13,15,15,14,13,11,8,5,3,1,1,1,0,0,0,0,0,0,0,0,0,0,0,0,0,0,0,0,0,0,0,0,0,0,0,0,0,0,0,0,0,0,0,0,0,0,0,0,0,0,0,0,0,0,0,0,0,0,0,0,0,0,0,0,0,0,0,0,0,0,0,0,0,0,0,0,0,0,0,0,0,0,0,0,0,0,0,0,0,0,0,0,0,0,0,0,0,0,0,0,0,0,0,0,0,0,0,0,0,0,0,0,0,0,0,0,0,1,1,1,2,3,4,5,6,6,6,5,5,5,4,3,2,2,3,4,6,9,10,11,11,10,9,7,4,3,1,1,1,1,2,4,6,8,11,14,15,15,14,13,11,8,5,3,2,1,1,0,0,0,0,0,0,0,0,0,0,1,1,2,4,7,10,12,14,14,14,13,12,9,7,4,3,2,1,1,3,5,8,11,13,15,15,14,13,11,8,5,3,1,1,1,0,0,0,0,0,0,0,0,0,0,0,0,0,0,0,0,0,0,0,0,0,0,0,0,0,0,0,0,0,0,0,0,0,0,0,0,0,0,0,0,0
0,0,0,0,0,0,0,0,0,0,0,0,0,0,0,0,0,0,0,0,0,0,0,0,0,0,0,0,0,0,0,0,0,0,0,0,0,0,0,0,0,0,0,0,0,0,0,0,0,0,0,0,0,0,0,0,0,0,0,0,0,0,0,0,1,1,1,2,3,4,5,6,6,6,5,5,5,4,3,2,2,2,4,6,8,10,11,11,10,9,7,5,3,2,1,1,1,3,4,7,9,12,14,15,15,14,12,10,7,5,3,1,1,1,0,0,0,0,0,0,0,0,0,1,1,1,3,5,8,11,13,14,14,14,13,11,9,6,4,2,1,1,2,3,6,9,12,14,15,15,14,12,10,7,4,2,1,1,1,0,0,0,0,0,0,0,0,0,0,0,0,0,0,0,0,0,0,0,0,0,0,0,0,0,0,0,0,0,0,0,0,0,0,0,0,0,0,0,0,0,0,0,0,0,0,0,0,0,0,0,0,0,0,0,0,0,0,0,0,0,0,0,0,0,0,0,0,0,0,0,0,0,0,0,0,0,0,0,0,0,0,0,0,0,0,0,0,0,0,0,0,0,0,0,0,0,0,0,0,0,0,0,0,0,1,1,1,2,3,4,5,6,6,6,5,5,5,4,3,2,2,2,4,6,8,10,11,11,10,9,7,5,3,2,1,1,1,3,4,7,9,12,14,15,15,14,12,10,7,5,3,1,1,1,0,0,0,0,0,0,0,0,0,1,1,1,3,5,8,11,13,14,14,14,13,11,8,6,4,2,1,1,2,3,6,9,12,13,15,15,14,12,10,7,4,2,1,1,1,0,0,0,0,0,0,0,0,0,0,0,0,0,0,0,0,0,0,0,0,0,0,0,0,0,0,0,0,0,0,0,0,0,0,0,0,0,0,0,0,0
0,0,0,0,0,0,0,0,0,0,0,0,0,0,0,0,0,0,0,0,0,0,0,0,0,0,0,0,0,0,0,0,0,0,0,0,0,0,0,0,0,0,0,0,0,0,0,0,0,0,0,0,0,0,0,0,0,0,0,0,0,0,0,0,1,1,1,2,3,4,5,6,7,6,5,5,5,4,3,2,2,2,3,5,8,10,10,11,10,10,8,5,3,2,1,1,2,3,5,7,10,13,14,15,15,13,12,9,6,4,2,1,1,0,0,0,0,0,0,0,0,0,0,1,1,2,3,6,9,11,13,14,14,14,12,10,8,5,3,2,1,1,2,4,7,10,12,14,15,15,13,12,9,6,4,2,1,1,1,0,0,0,0,0,0,0,0,0,0,0,0,0,0,0,0,0,0,0,0,0,0,0,0,0,0,0,0,0,0,0,0,0,0,0,0,0,0,0,0,0,0,0,0,0,0,0,0,0,0,0,0,0,0,0,0,0,0,0,0,0,0,0,0,0,0,0,0,0,0,0,0,0,0,0,0,0,0,0,0,0,0,0,0,0,0,0,0,0,0,0,0,0,0,0,0,0,0,0,0,0,0,0,0,0,1,1,1,2,3,4,5,6,7,6,5,5,5,4,3,2,2,2,3,5,8,10,11,11,11,10,8,5,3,2,1,1,2,3,5,7,10,13,14,15,15,13,12,9,6,4,2,1,1,0,0,0,0,0,0,0,0,0,0,1,1,2,3,6,9,11,13,14,14,14,12,10,8,5,3,2,1,1,2,4,7,10,12,14,15,15,13,12,9,6,4,2,1,1,1,0,0,0,0,0,0,0,0,0,0,0,0,0,0,0,0,0,0,0,0,0,0,0,0,0,0,0,0,0,0,0,0,0,0,0,0,0,0,0,0,0
0,0,0,0,0,0,0,0,0,0,0,0,0,0,0,0,0,0,0,0,0,0,0,0,0,0,0,0,0,0,0,0,0,0,0,0,0,0,0,0,0,0,0,0,0,0,0,0,0,0,0,0,0,0,0,0,0,0,0,0,0,0,0,0,1,1,1,2,3,4,5,6,7,6,5,5,5,4,3,2,2,2,3,5,7,9,10,11,11,10,8,6,4,2,1,2,2,4,6,8,11,13,15,15,14,13,11,9,5,3,2,1,1,0,0,0,0,0,0,0,0,0,0,1,1,2,4,6,10,12,13,14,14,14,12,9,7,4,3,2,1,1,2,5,8,11,13,14,15,14,13,11,8,5,3,1,1,1,0,0,0,0,0,0,0,0,0,0,0,0,0,0,0,0,0,0,0,0,0,0,0,0,0,0,0,0,0,0,0,0,0,0,0,0,0,0,0,0,0,0,0,0,0,0,0,0,0,0,0,0,0,0,0,0,0,0,0,0,0,0,0,0,0,0,0,0,0,0,0,0,0,0,0,0,0,0,0,0,0,0,0,0,0,0,0,0,0,0,0,0,0,0,0,0,0,0,0,0,0,0,0,0,0,0,1,1,1,2,3,4,5,6,7,6,5,5,5,4,3,2,2,2,3,5,7,9,11,11,11,10,8,6,4,2,1,2,2,4,6,8,11,13,15,15,14,13,11,9,5,3,2,1,1,0,0,0,0,0,0,0,0,0,0,1,1,2,4,6,10,12,13,14,14,13,12,9,7,4,3,2,1,1,2,5,8,11,13,14,15,14,13,11,8,5,3,1,1,1,0,0,0,0,0,0,0,0,0,0,0,0,0,0,0,0,0,0,0,0,0,0,0,0,0,0,0,0,0,0,0,0,0,0,0,0,0,0,0,0,0,0
0,0,0,0,0,0,0,0,0,0,0,0,0,0,0,0,0,0,0,0,0,0,0,0,0,0,0,0,0,0,0,0,0,0,0,0,0,0,0,0,0,0,0,0,0,0,0,0,0,0,0,0,0,0,0,0,0,0,0,0,0,0,0,0,1,1,1,2,3,4,5,6,7,6,5,5,4,4,3,2,2,2,3,4,7,9,10,11,11,10,9,6,4,2,2,2,3,4,7,9,12,14,15,15,14,12,10,8,5,2,1,1,1,0,0,0,0,0,0,0,0,0,1,1,1,2,4,7,10,12,14,14,14,13,11,8,6,4,2,1,1,1,3,5,8,11,13,14,15,14,12,10,8,5,2,1,1,1,0,0,0,0,0,0,0,0,0,0,0,0,0,0,0,0,0,0,0,0,0,0,0,0,0,0,0,0,0,0,0,0,0,0,0,0,0,0,0,0,0,0,0,0,0,0,0,0,0,0,0,0,0,0,0,0,0,0,0,0,0,0,0,0,0,0,0,0,0,0,0,0,0,0,0,0,0,0,0,0,0,0,0,0,0,0,0,0,0,0,0,0,0,0,0,0,0,0,0,0,0,0,0,0,0,0,1,1,1,2,3,4,5,6,7,6,5,5,4,4,3,2,2,2,3,4,7,9,10,11,11,10,9,6,4,3,2,2,3,4,7,9,12,14,15,15,14,12,10,8,5,2,1,1,1,0,0,0,0,0,0,0,0,0,1,1,1,2,4,7,10,12,14,14,14,13,11,8,6,4,2,1,1,1,3,5,8,11,13,14,14,14,12,10,7,5,2,1,1,1,0,0,0,0,0,0,0,0,0,0,0,0,0,0,0,0,0,0,0,0,0,0,0,0,0,0,0,0,0,0,0,0,0,0,0,0,0,0,0,0,0,0
0,0,0,0,0,0,0,0,0,0,0,0,0,0,0,0,0,0,0,0,0,0,0,0,0,0,0,0,0,0,0,0,0,0,0,0,0,0,0,0,0,0,0,0,0,0,0,0,0,0,0,0,0,0,0,0,0,0,0,0,0,0,0,0,1,1,1,2,3,3,5,5,7,6,5,6,4,5,3,2,2,2,2,4,6,9,10,11,11,10,9,7,5,3,2,2,3,5,7,10,12,14,15,14,13,12,9,7,4,2,1,1,0,0,0,0,0,0,0,0,0,0,1,1,2,3,5,8,11,13,14,14,14,13,10,7,5,3,2,1,1,2,3,6,9,12,13,14,14,13,12,9,7,4,2,1,1,1,0,0,0,0,0,0,0,0,0,0,0,0,0,0,0,0,0,0,0,0,0,0,0,0,0,0,0,0,0,0,0,0,0,0,0,0,0,0,0,0,0,0,0,0,0,0,0,0,0,0,0,0,0,0,0,0,0,0,0,0,0,0,0,0,0,0,0,0,0,0,0,0,0,0,0,0,0,0,0,0,0,0,0,0,0,0,0,0,0,0,0,0,0,0,0,0,0,0,0,0,0,0,0,0,0,0,1,1,1,2,3,3,5,5,7,6,5,6,4,5,3,2,2,2,2,4,6,9,10,11,11,11,9,7,5,3,2,2,3,5,7,10,12,14,15,14,13,12,9,7,4,2,1,1,0,0,0,0,0,0,0,0,0,0,1,1,2,3,5,8,11,13,14,14,13,12,10,7,5,3,2,1,1,2,3,6,9,12,13,14,14,13,12,9,7,4,2,1,1,1,0,0,0,0,0,0,0,0,0,0,0,0,0,0,0,0,0,0,0,0,0,0,0,0,0,0,0,0,0,0,0,0,0,0,0,0,0,0,0,0,0,0
0,0,0,0,0,0,0,0,0,0,0,0,0,0,0,0,0,0,0,0,0,0,0,0,0,0,0,0,0,0,0,0,0,0,0,0,0,0,0,0,0,0,0,0,0,0,0,0,0,0,0,0,0,0,0,0,0,0,0,0,0,0,0,0,1,1,1,2,3,3,5,5,7,6,5,6,4,5,3,2,2,2,2,3,6,8,10,11,11,11,10,8,5,3,3,3,4,6,8,11,13,14,14,14,13,11,9,6,3,2,1,1,0,0,0,0,0,0,0,0,0,0,1,1,2,3,6,9,11,13,14,14,13,12,10,6,4,3,2,1,1,2,4,7,10,12,14,14,14,13,11,8,6,3,2,1,1,0,0,0,0,0,0,0,0,0,0,0,0,0,0,0,0,0,0,0,0,0,0,0,0,0,0,0,0,0,0,0,0,0,0,0,0,0,0,0,0,0,0,0,0,0,0,0,0,0,0,0,0,0,0,0,0,0,0,0,0,0,0,0,0,0,0,0,0,0,0,0,0,0,0,0,0,0,0,0,0,0,0,0,0,0,0,0,0,0,0,0,0,0,0,0,0,0,0,0,0,0,0,0,0,0,0,0,1,1,1,2,3,3,5,5,7,6,5,6,4,5,3,2,2,2,2,4,6,8,10,11,11,11,10,8,5,3,3,3,4,6,8,11,13,14,14,14,13,11,9,6,3,2,1,1,0,0,0,0,0,0,0,0,0,0,1,1,2,3,6,9,11,13,14,14,13,12,9,6,4,3,2,1,1,2,4,7,10,12,14,14,14,13,11,8,6,3,2,1,1,0,0,0,0,0,0,0,0,0,0,0,0,0,0,0,0,0,0,0,0,0,0,0,0,0,0,0,0,0,0,0,0,0,0,0,0,0,0,0,0,0,0,0
0,0,0,0,0,0,0,0,0,0,0,0,0,0,0,0,0,0,0,0,0,0,0,0,0,0,0,0,0,0,0,0,0,0,0,0,0,0,0,0,0,0,0,0,0,0,0,0,0,0,0,0,0,0,0,0,0,0,0,0,0,0,0,0,1,1,1,2,3,3,4,5,7,6,6,6,4,5,3,2,2,2,2,3,5,8,10,11,11,11,10,8,6,4,3,3,5,7,9,11,13,14,14,14,12,10,8,5,2,1,1,1,0,0,0,0,0,0,0,0,0,0,1,1,2,4,6,9,12,13,14,14,13,11,9,6,4,2,1,1,1,2,5,8,11,13,14,14,14,12,10,8,5,3,1,1,1,0,0,0,0,0,0,0,0,0,0,0,0,0,0,0,0,0,0,0,0,0,0,0,0,0,0,0,0,0,0,0,0,0,0,0,0,0,0,0,0,0,0,0,0,0,0,0,0,0,0,0,0,0,0,0,0,0,0,0,0,0,0,0,0,0,0,0,0,0,0,0,0,0,0,0,0,0,0,0,0,0,0,0,0,0,0,0,0,0,0,0,0,0,0,0,0,0,0,0,0,0,0,0,0,0,0,0,1,1,1,2,3,3,4,5,7,6,6,6,4,5,3,2,2,2,2,3,5,8,10,11,11,11,10,8,6,4,3,3,5,6,9,11,13,14,14,14,12,10,8,5,2,1,1,1,0,0,0,0,0,0,0,0,0,0,1,1,2,4,6,9,12,13,14,14,13,11,9,6,4,2,1,1,1,2,5,8,11,13,14,14,14,12,10,8,5,3,1,1,1,0,0,0,0,0,0,0,0,0,0,0,0,0,0,0,0,0,0,0,0,0,0,0,0,0,0,0,0,0,0,0,0,0,0,0,0,0,0,0,0,0,0,0
0,0,0,0,0,0,0,0,0,0,0,0,0,0,0,0,0,0,0,0,0,0,0,0,0,0,0,0,0,0,0,0,0,0,0,0,0,0,0,0,0,0,0,0,0,0,0,0,0,0,0,0,0,0,0,0,0,0,0,0,0,0,0,0,1,1,1,2,3,3,4,5,7,6,6,6,4,5,3,2,2,2,2,3,5,7,9,11,11,11,10,9,6,4,4,4,5,7,10,12,14,14,14,13,12,9,7,4,2,1,1,0,0,0,0,0,0,0,0,0,0,1,1,1,3,5,7,10,12,13,14,13,12,11,8,5,3,2,1,1,2,3,6,9,12,13,14,14,13,12,9,7,4,2,1,1,1,0,0,0,0,0,0,0,0,0,0,0,0,0,0,0,0,0,0,0,0,0,0,0,0,0,0,0,0,0,0,0,0,0,0,0,0,0,0,0,0,0,0,0,0,0,0,0,0,0,0,0,0,0,0,0,0,0,0,0,0,0,0,0,0,0,0,0,0,0,0,0,0,0,0,0,0,0,0,0,0,0,0,0,0,0,0,0,0,0,0,0,0,0,0,0,0,0,0,0,0,0,0,0,0,0,0,0,1,1,1,2,3,3,4,5,7,6,6,6,4,5,3,2,2,2,2,3,5,7,10,11,11,11,10,9,7,4,4,4,5,7,10,12,14,14,14,13,12,9,7,4,2,1,1,0,0,0,0,0,0,0,0,0,0,1,1,1,3,5,7,10,12,13,14,13,12,10,8,5,3,2,1,1,2,3,6,9,12,13,14,14,13,12,9,7,4,2,1,1,1,0,0,0,0,0,0,0,0,0,0,0,0,0,0,0,0,0,0,0,0,0,0,0,0,0,0,0,0,0,0,0,0,0,0,0,0,0,0,0,0,0,0,0
0,0,0,0,0,0,0,0,0,0,0,0,0,0,0,0,0,0,0,0,0,0,0,0,0,0,0,0,0,0,0,0,0,0,0,0,0,0,0,0,0,0,0,0,0,0,0,0,0,0,0,0,0,0,0,0,0,0,0,0,0,0,0,0,1,1,1,2,3,3,4,5,7,6,6,6,4,5,3,2,2,2,2,2,4,7,9,11,11,11,11,9,7,5,4,5,6,8,10,12,14,14,14,13,11,9,6,3,2,1,1,0,0,0,0,0,0,0,0,0,0,1,1,2,3,5,8,11,13,13,14,13,12,10,7,4,3,2,1,1,2,4,7,10,12,13,14,14,13,11,9,6,3,2,1,1,0,0,0,0,0,0,0,0,0,0,0,0,0,0,0,0,0,0,0,0,0,0,0,0,0,0,0,0,0,0,0,0,0,0,0,0,0,0,0,0,0,0,0,0,0,0,0,0,0,0,0,0,0,0,0,0,0,0,0,0,0,0,0,0,0,0,0,0,0,0,0,0,0,0,0,0,0,0,0,0,0,0,0,0,0,0,0,0,0,0,0,0,0,0,0,0,0,0,0,0,0,0,0,0,0,0,0,0,1,1,1,2,3,3,4,5,7,6,6,6,4,5,3,2,2,2,2,2,4,7,9,11,11,11,11,9,7,5,4,5,6,8,10,12,14,14,14,13,11,9,6,3,2,1,1,0,0,0,0,0,0,0,0,0,0,1,1,2,3,5,8,11,13,13,14,13,12,10,7,4,2,2,1,1,2,4,7,10,12,13,14,14,13,11,9,6,3,2,1,1,0,0,0,0,0,0,0,0,0,0,0,0,0,0,0,0,0,0,0,0,0,0,0,0,0,0,0,0,0,0,0,0,0,0,0,0,0,0,0,0,0,0,0,0
0,0,0,0,0,0,0,0,0,0,0,0,0,0,0,0,0,0,0,0,0,0,0,0,0,0,0,0,0,0,0,0,0,0,0,0,0,0,0,0,0,0,0,0,0,0,0,0,0,0,0,0,0,0,0,0,0,0,0,0,0,0,0,0,1,1,1,2,3,3,4,5,7,5,6,5,4,5,3,2,2,2,2,2,4,6,9,10,11,11,11,10,8,6,5,6,7,9,11,13,14,14,13,12,10,8,5,3,1,1,1,0,0,0,0,0,0,0,0,0,0,1,1,2,3,6,8,11,13,13,13,13,11,9,6,3,2,1,1,1,2,4,8,10,12,14,14,13,12,10,8,5,3,1,1,1,0,0,0,0,0,0,0,0,0,0,0,0,0,0,0,0,0,0,0,0,0,0,0,0,0,0,0,0,0,0,0,0,0,0,0,0,0,0,0,0,0,0,0,0,0,0,0,0,0,0,0,0,0,0,0,0,0,0,0,0,0,0,0,0,0,0,0,0,0,0,0,0,0,0,0,0,0,0,0,0,0,0,0,0,0,0,0,0,0,0,0,0,0,0,0,0,0,0,0,0,0,0,0,0,0,0,0,0,1,1,1,2,3,3,4,5,7,5,6,5,4,5,3,2,2,2,2,2,4,6,9,11,11,12,11,10,8,6,5,5,7,9,11,13,14,14,13,12,10,8,5,3,1,1,1,0,0,0,0,0,0,0,0,0,0,1,1,2,4,6,8,11,13,13,13,13,11,9,6,3,2,1,1,1,2,4,8,10,12,13,14,13,12,10,8,5,3,1,1,1,0,0,0,0,0,0,0,0,0,0,0,0,0,0,0,0,0,0,0,0,0,0,0,0,0,0,0,0,0,0,0,0,0,0,0,0,0,0,0,0,0,0,0,0
0,0,0,0,0,0,0,0,0,0,0,0,0,0,0,0,0,0,0,0,0,0,0,0,0,0,0,0,0,0,0,0,0,0,0,0,0,0,0,0,0,0,0,0,0,0,0,0,0,0,0,0,0,0,0,0,0,0,0,0,0,0,0,0,1,0,1,1,3,3,4,5,6,5,6,5,4,5,3,2,2,2,2,2,3,6,8,10,11,11,11,10,9,7,6,6,8,10,12,13,14,14,13,11,9,7,4,2,1,1,1,0,0,0,0,0,0,0,0,0,1,1,1,2,4,6,9,12,13,13,13,12,11,8,5,3,2,1,1,1,3,5,8,11,13,14,14,13,12,10,7,4,2,1,1,1,0,0,0,0,0,0,0,0,0,0,0,0,0,0,0,0,0,0,0,0,0,0,0,0,0,0,0,0,0,0,0,0,0,0,0,0,0,0,0,0,0,0,0,0,0,0,0,0,0,0,0,0,0,0,0,0,0,0,0,0,0,0,0,0,0,0,0,0,0,0,0,0,0,0,0,0,0,0,0,0,0,0,0,0,0,0,0,0,0,0,0,0,0,0,0,0,0,0,0,0,0,0,0,0,0,0,0,0,1,0,1,1,3,3,4,5,6,5,6,5,4,5,3,2,2,2,2,2,3,6,8,10,11,12,11,10,9,7,6,6,8,10,12,13,14,14,13,11,9,7,4,2,1,1,1,0,0,0,0,0,0,0,0,0,1,1,1,2,4,6,9,12,13,13,13,12,11,8,5,3,2,1,1,1,3,5,8,11,13,14,14,13,12,10,7,4,2,1,1,1,0,0,0,0,0,0,0,0,0,0,0,0,0,0,0,0,0,0,0,0,0,0,0,0,0,0,0,0,0,0,0,0,0,0,0,0,0,0,0,0,0,0,0,0
0,0,0,0,0,0,0,0,0,0,0,0,0,0,0,0,0,0,0,0,0,0,0,0,0,0,0,0,0,0,0,0,0,0,0,0,0,0,0,0,0,0,0,0,0,0,0,0,0,0,0,0,0,0,0,0,0,0,0,0,0,0,0,0,1,0,1,1,3,3,4,5,6,6,6,5,5,5,4,2,2,2,1,2,3,5,8,10,11,11,11,11,9,8,7,7,9,10,12,14,14,14,13,11,9,6,4,2,1,1,0,0,0,0,0,0,0,0,0,0,1,1,1,3,5,7,10,12,13,13,13,12,10,7,5,2,2,1,1,2,3,6,9,12,13,14,14,13,11,9,6,4,2,1,1,1,0,0,0,0,0,0,0,0,0,0,0,0,0,0,0,0,0,0,0,0,0,0,0,0,0,0,0,0,0,0,0,0,0,0,0,0,0,0,0,0,0,0,0,0,0,0,0,0,0,0,0,0,0,0,0,0,0,0,0,0,0,0,0,0,0,0,0,0,0,0,0,0,0,0,0,0,0,0,0,0,0,0,0,0,0,0,0,0,0,0,0,0,0,0,0,0,0,0,0,0,0,0,0,0,0,0,0,0,1,0,1,1,3,3,4,5,6,6,6,5,5,5,4,2,2,2,1,2,3,5,8,10,11,12,12,11,9,8,7,7,9,10,12,14,14,14,13,11,9,6,4,2,1,1,0,0,0,0,0,0,0,0,0,0,1,1,1,3,5,7,10,12,13,13,13,12,10,7,5,2,2,1,1,2,3,6,9,12,13,14,14,13,11,9,6,4,2,1,1,1,0,0,0,0,0,0,0,0,0,0,0,0,0,0,0,0,0,0,0,0,0,0,0,0,0,0,0,0,0,0,0,0,0,0,0,0,0,0,0,0,0,0,0,0
0,0,0,0,0,0,0,0,0,0,0,0,0,0,0,0,0,0,0,0,0,0,0,0,0,0,0,0,0,0,0,0,0,0,0,0,0,0,0,0,0,0,0,0,0,0,0,0,0,0,0,0,0,0,0,0,0,0,0,0,0,0,0,0,1,0,1,1,2,3,4,5,6,6,6,5,5,5,4,2,2,2,1,2,3,5,7,9,11,11,12,11,10,9,8,8,9,11,13,14,14,13,12,10,8,5,3,1,1,1,0,0,0,0,0,0,0,0,0,0,1,1,2,3,5,8,10,12,13,13,12,11,9,7,4,2,1,1,1,2,4,7,10,12,13,14,13,12,10,8,5,3,2,1,1,0,0,0,0,0,0,0,0,0,0,0,0,0,0,0,0,0,0,0,0,0,0,0,0,0,0,0,0,0,0,0,0,0,0,0,0,0,0,0,0,0,0,0,0,0,0,0,0,0,0,0,0,0,0,0,0,0,0,0,0,0,0,0,0,0,0,0,0,0,0,0,0,0,0,0,0,0,0,0,0,0,0,0,0,0,0,0,0,0,0,0,0,0,0,0,0,0,0,0,0,0,0,0,0,0,0,0,0,0,1,0,1,1,2,3,4,5,6,6,6,5,5,5,4,2,2,2,1,2,3,5,7,10,11,12,12,11,10,9,8,8,9,11,13,14,14,13,12,10,8,5,3,1,1,1,0,0,0,0,0,0,0,0,0,0,1,1,2,3,5,8,10,12,13,13,12,11,9,7,4,2,1,1,1,2,4,7,10,12,13,14,13,12,10,8,5,3,2,1,1,0,0,0,0,0,0,0,0,0,0,0,0,0,0,0,0,0,0,0,0,0,0,0,0,0,0,0,0,0,0,0,0,0,0,0,0,0,0,0,0,0,0,0,0,0
0,0,0,0,0,0,0,0,0,0,0,0,0,0,0,0,0,0,0,0,0,0,0,0,0,0,0,0,0,0,0,0,0,0,0,0,0,0,0,0,0,0,0,0,0,0,0,0,0,0,0,0,0,0,0,0,0,0,0,0,0,0,0,0,1,1,1,1,2,3,4,5,6,6,6,5,5,5,4,2,2,2,1,2,2,4,7,9,11,11,12,11,11,10,9,9,10,12,13,14,14,13,11,9,7,5,3,1,1,1,0,0,0,0,0,0,0,0,0,0,1,1,2,4,6,8,11,13,13,13,12,10,8,6,3,2,1,1,1,2,5,8,11,12,13,14,13,12,10,7,5,2,1,1,1,0,0,0,0,0,0,0,0,0,0,0,0,0,0,0,0,0,0,0,0,0,0,0,0,0,0,0,0,0,0,0,0,0,0,0,0,0,0,0,0,0,0,0,0,0,0,0,0,0,0,0,0,0,0,0,0,0,0,0,0,0,0,0,0,0,0,0,0,0,0,0,0,0,0,0,0,0,0,0,0,0,0,0,0,0,0,0,0,0,0,0,0,0,0,0,0,0,0,0,0,0,0,0,0,0,0,0,0,0,1,1,1,1,2,3,4,5,6,6,6,5,5,5,4,2,2,2,1,2,2,4,7,9,11,12,12,12,11,10,9,9,10,12,13,14,14,13,11,9,7,5,2,1,1,1,0,0,0,0,0,0,0,0,0,0,1,1,2,4,6,8,11,13,13,13,12,10,8,6,3,2,1,1,1,2,5,8,11,12,13,13,13,12,10,7,5,2,1,1,1,0,0,0,0,0,0,0,0,0,0,0,0,0,0,0,0,0,0,0,0,0,0,0,0,0,0,0,0,0,0,0,0,0,0,0,0,0,0,0,0,0,0,0,0,0
0,0,0,0,0,0,0,0,0,0,0,0,0,0,0,0,0,0,0,0,0,0,0,0,0,0,0,0,0,0,0,0,0,0,0,0,0,0,0,0,0,0,0,0,0,0,0,0,0,0,0,0,0,0,0,0,0,0,0,0,0,0,0,0,1,1,1,1,2,3,4,5,6,6,6,5,5,4,4,3,2,2,1,1,2,3,6,9,11,11,12,12,11,11,10,10,11,13,14,14,14,13,11,9,6,4,2,1,1,0,0,0,0,0,0,0,0,0,0,1,1,1,2,4,6,9,11,13,13,13,11,10,8,5,3,2,1,1,1,3,5,8,11,13,13,13,13,11,9,6,4,2,1,1,1,0,0,0,0,0,0,0,0,0,0,0,0,0,0,0,0,0,0,0,0,0,0,0,0,0,0,0,0,0,0,0,0,0,0,0,0,0,0,0,0,0,0,0,0,0,0,0,0,0,0,0,0,0,0,0,0,0,0,0,0,0,0,0,0,0,0,0,0,0,0,0,0,0,0,0,0,0,0,0,0,0,0,0,0,0,0,0,0,0,0,0,0,0,0,0,0,0,0,0,0,0,0,0,0,0,0,0,0,0,1,1,1,1,2,3,4,5,6,6,6,5,5,4,4,3,2,2,1,1,2,4,6,9,11,12,12,12,12,11,10,10,11,13,14,14,14,13,11,9,6,4,2,1,1,0,0,0,0,0,0,0,0,0,0,1,1,1,2,4,6,9,11,13,13,13,11,10,8,5,3,2,1,1,1,3,5,8,11,13,13,13,13,11,9,6,4,2,1,1,1,0,0,0,0,0,0,0,0,0,0,0,0,0,0,0,0,0,0,0,0,0,0,0,0,0,0,0,0,0,0,0,0,0,0,0,0,0,0,0,0,0,0,0,0,0
0,0,0,0,0,0,0,0,0,0,0,0,0,0,0,0,0,0,0,0,0,0,0,0,0,0,0,0,0,0,0,0,0,0,0,0,0,0,0,0,0,0,0,0,0,0,0,0,0,0,0,0,0,0,0,0,0,0,0,0,0,0,0,0,1,1,1,1,2,3,4,5,6,6,6,5,6,4,4,3,2,2,1,1,2,3,6,8,10,11,12,12,12,12,11,11,12,13,14,14,13,12,10,8,6,3,2,1,1,0,0,0,0,0,0,0,0,0,0,1,1,1,3,5,7,10,12,13,13,12,11,9,7,4,2,1,1,1,2,3,6,9,12,13,13,13,12,11,8,5,3,2,1,1,0,0,0,0,0,0,0,0,0,0,0,0,0,0,0,0,0,0,0,0,0,0,0,0,0,0,0,0,0,0,0,0,0,0,0,0,0,0,0,0,0,0,0,0,0,0,0,0,0,0,0,0,0,0,0,0,0,0,0,0,0,0,0,0,0,0,0,0,0,0,0,0,0,0,0,0,0,0,0,0,0,0,0,0,0,0,0,0,0,0,0,0,0,0,0,0,0,0,0,0,0,0,0,0,0,0,0,0,0,0,1,1,1,1,2,3,4,5,6,6,6,5,6,4,4,3,2,2,1,1,2,3,6,8,10,12,12,12,12,12,11,11,12,13,14,14,13,12,10,8,6,3,2,1,1,0,0,0,0,0,0,0,0,0,0,1,1,1,3,5,7,10,12,13,13,12,11,9,7,4,2,1,1,1,2,3,6,9,12,13,13,13,12,11,8,5,3,2,1,1,0,0,0,0,0,0,0,0,0,0,0,0,0,0,0,0,0,0,0,0,0,0,0,0,0,0,0,0,0,0,0,0,0,0,0,0,0,0,0,0,0,0,0,0,0,0
0,0,0,0,0,0,0,0,0,0,0,0,0,0,0,0,0,0,0,0,0,0,0,0,0,0,0,0,0,0,0,0,0,0,0,0,0,0,0,0,0,0,0,0,0,0,0,0,0,0,0,0,0,0,0,0,0,0,0,0,0,0,0,0,0,1,1,1,2,3,4,5,6,6,6,5,6,4,4,3,2,2,1,1,2,3,5,8,10,11,12,12,13,13,12,13,13,14,14,14,13,12,10,7,5,3,1,1,1,0,0,0,0,0,0,0,0,0,0,1,1,2,3,5,8,10,12,13,13,12,10,9,6,4,2,1,1,1,2,4,7,10,12,13,13,13,12,10,7,5,3,1,1,1,0,0,0,0,0,0,0,0,0,0,0,0,0,0,0,0,0,0,0,0,0,0,0,0,0,0,0,0,0,0,0,0,0,0,0,0,0,0,0,0,0,0,0,0,0,0,0,0,0,0,0,0,0,0,0,0,0,0,0,0,0,0,0,0,0,0,0,0,0,0,0,0,0,0,0,0,0,0,0,0,0,0,0,0,0,0,0,0,0,0,0,0,0,0,0,0,0,0,0,0,0,0,0,0,0,0,0,0,0,0,0,1,1,1,2,3,4,5,6,6,6,5,6,4,4,3,2,2,1,1,2,3,5,8,10,11,12,13,13,13,13,12,13,14,14,14,13,12,10,7,5,3,1,1,1,0,0,0,0,0,0,0,0,0,0,1,1,2,3,5,8,10,12,13,13,12,10,9,6,4,2,1,1,1,2,4,7,10,12,13,13,13,12,10,7,5,3,1,1,1,0,0,0,0,0,0,0,0,0,0,0,0,0,0,0,0,0,0,0,0,0,0,0,0,0,0,0,0,0,0,0,0,0,0,0,0,0,0,0,0,0,0,0,0,0,0
0,0,0,0,0,0,0,0,0,0,0,0,0,0,0,0,0,0,0,0,0,0,0,0,0,0,0,0,0,0,0,0,0,0,0,0,0,0,0,0,0,0,0,0,0,0,0,0,0,0,0,0,0,0,0,0,0,0,0,0,0,0,0,0,0,1,1,1,2,3,4,5,6,6,6,5,6,4,5,3,2,2,1,1,1,2,4,7,10,11,12,13,14,14,14,14,14,14,14,14,13,11,9,6,4,2,1,1,0,0,0,0,0,0,0,0,0,0,0,1,1,2,4,6,8,10,12,13,12,11,10,8,6,3,2,1,1,1,3,5,8,11,12,13,13,12,11,9,6,4,2,1,1,1,0,0,0,0,0,0,0,0,0,0,0,0,0,0,0,0,0,0,0,0,0,0,0,0,0,0,0,0,0,0,0,0,0,0,0,0,0,0,0,0,0,0,0,0,0,0,0,0,0,0,0,0,0,0,0,0,0,0,0,0,0,0,0,0,0,0,0,0,0,0,0,0,0,0,0,0,0,0,0,0,0,0,0,0,0,0,0,0,0,0,0,0,0,0,0,0,0,0,0,0,0,0,0,0,0,0,0,0,0,0,0,1,1,1,2,3,4,5,6,6,6,5,6,4,5,3,2,2,1,1,1,2,5,7,10,11,12,13,14,14,14,14,14,14,14,14,13,11,9,6,4,2,1,1,0,0,0,0,0,0,0,0,0,0,0,1,1,2,4,6,8,10,12,13,12,11,10,8,6,3,2,1,1,1,3,5,8,10,12,13,13,12,11,9,6,4,2,1,1,1,0,0,0,0,0,0,0,0,0,0,0,0,0,0,0,0,0,0,0,0,0,0,0,0,0,0,0,0,0,0,0,0,0,0,0,0,0,0,0,0,0,0,0,0,0,0
0,0,0,0,0,0,0,0,0,0,0,0,0,0,0,0,0,0,0,0,0,0,0,0,0,0,0,0,0,0,0,0,0,0,0,0,0,0,0,0,0,0,0,0,0,0,0,0,0,0,0,0,0,0,0,0,0,0,0,0,0,0,0,0,0,1,1,1,2,3,4,5,6,6,6,5,5,4,5,3,2,2,1,1,1,2,4,7,9,11,12,13,14,15,15,15,15,15,15,14,12,11,8,6,4,2,1,1,0,0,0,0,0,0,0,0,0,0,1,1,1,2,4,6,9,11,12,13,12,11,9,7,5,3,1,1,1,2,3,5,9,11,13,13,13,12,11,9,6,3,2,1,1,1,0,0,0,0,0,0,0,0,0,0,0,0,0,0,0,0,0,0,0,0,0,0,0,0,0,0,0,0,0,0,0,0,0,0,0,0,0,0,0,0,0,0,0,0,0,0,0,0,0,0,0,0,0,0,0,0,0,0,0,0,0,0,0,0,0,0,0,0,0,0,0,0,0,0,0,0,0,0,0,0,0,0,0,0,0,0,0,0,0,0,0,0,0,0,0,0,0,0,0,0,0,0,0,0,0,0,0,0,0,0,0,1,1,1,2,3,4,5,6,6,6,5,6,4,5,3,2,2,1,1,1,2,4,7,9,11,12,13,14,15,15,15,15,15,15,14,12,11,8,6,4,2,1,1,0,0,0,0,0,0,0,0,0,0,1,1,1,2,4,6,9,11,12,13,12,11,9,7,5,3,1,1,1,2,3,5,9,11,13,13,13,12,11,9,6,3,2,1,1,1,0,0,0,0,0,0,0,0,0,0,0,0,0,0,0,0,0,0,0,0,0,0,0,0,0,0,0,0,0,0,0,0,0,0,0,0,0,0,0,0,0,0,0,0,0,0
0,0,0,0,0,0,0,0,0,0,0,0,0,0,0,0,0,0,0,0,0,0,0,0,0,0,0,0,0,0,0,0,0,0,0,0,0,0,0,0,0,0,0,0,0,0,0,0,0,0,0,0,0,0,0,0,0,0,0,0,0,0,0,0,0,1,1,1,2,3,3,5,6,6,6,5,5,4,5,3,2,2,1,1,1,2,3,6,9,11,12,13,15,16,16,16,16,15,15,14,12,10,7,5,3,2,1,1,0,0,0,0,0,0,0,0,0,0,1,1,2,3,5,7,9,11,13,13,12,10,9,7,4,2,1,1,1,2,4,6,9,11,13,13,13,12,10,8,5,3,1,1,1,0,0,0,0,0,0,0,0,0,0,0,0,0,0,0,0,0,0,0,0,0,0,0,0,0,0,0,0,0,0,0,0,0,0,0,0,0,0,0,0,0,0,0,0,0,0,0,0,0,0,0,0,0,0,0,0,0,0,0,0,0,0,0,0,0,0,0,0,0,0,0,0,0,0,0,0,0,0,0,0,0,0,0,0,0,0,0,0,0,0,0,0,0,0,0,0,0,0,0,0,0,0,0,0,0,0,0,0,0,0,0,0,1,1,1,2,3,3,5,6,6,6,5,5,4,5,3,2,2,1,1,1,2,3,6,9,11,12,14,15,16,16,16,16,15,15,14,12,10,7,5,3,2,1,1,0,0,0,0,0,0,0,0,0,0,1,1,2,3,5,7,9,11,13,13,12,10,9,7,4,2,1,1,1,2,4,6,9,11,13,13,13,12,10,8,5,3,1,1,1,0,0,0,0,0,0,0,0,0,0,0,0,0,0,0,0,0,0,0,0,0,0,0,0,0,0,0,0,0,0,0,0,0,0,0,0,0,0,0,0,0,0,0,0,0,0,0
0,0,0,0,0,0,0,0,0,0,0,0,0,0,0,0,0,0,0,0,0,0,0,0,0,0,0,0,0,0,0,0,0,0,0,0,0,0,0,0,0,0,0,0,0,0,0,0,0,0,0,0,0,0,0,0,0,0,0,0,0,0,0,0,0,1,1,1,2,2,3,4,6,6,6,6,5,4,5,3,2,2,1,1,1,2,3,5,8,10,12,14,16,17,18,17,17,16,15,14,12,9,7,5,3,1,1,1,0,0,0,0,0,0,0,0,0,0,1,1,2,3,5,7,10,11,13,12,11,10,8,6,4,2,1,1,1,2,4,7,10,12,13,13,12,11,10,7,4,2,1,1,1,0,0,0,0,0,0,0,0,0,0,0,0,0,0,0,0,0,0,0,0,0,0,0,0,0,0,0,0,0,0,0,0,0,0,0,0,0,0,0,0,0,0,0,0,0,0,0,0,0,0,0,0,0,0,0,0,0,0,0,0,0,0,0,0,0,0,0,0,0,0,0,0,0,0,0,0,0,0,0,0,0,0,0,0,0,0,0,0,0,0,0,0,0,0,0,0,0,0,0,0,0,0,0,0,0,0,0,0,0,0,0,0,1,1,1,2,3,3,4,6,6,6,6,5,4,5,3,2,2,1,1,1,2,3,5,8,11,12,14,16,17,18,17,17,16,15,14,12,9,7,5,3,1,1,1,0,0,0,0,0,0,0,0,0,0,1,1,2,3,5,7,10,11,13,12,11,10,8,6,4,2,1,1,1,2,4,7,10,12,13,13,12,11,10,7,4,2,1,1,1,0,0,0,0,0,0,0,0,0,0,0,0,0,0,0,0,0,0,0,0,0,0,0,0,0,0,0,0,0,0,0,0,0,0,0,0,0,0,0,0,0,0,0,0,0,0,0
0,0,0,0,0,0,0,0,0,0,0,0,0,0,0,0,0,0,0,0,0,0,0,0,0,0,0,0,0,0,0,0,0,0,0,0,0,0,0,0,0,0,0,0,0,0,0,0,0,0,0,0,0,0,0,0,0,0,0,0,0,0,0,0,0,1,1,1,2,2,3,4,5,6,6,6,5,4,5,4,2,2,1,1,1,2,3,5,8,10,12,14,16,18,19,19,17,16,15,13,11,9,6,4,2,1,1,0,0,0,0,0,0,0,0,0,0,0,1,1,2,4,6,8,10,12,13,12,11,9,7,5,3,2,1,1,1,3,5,8,10,12,13,13,12,11,9,6,4,2,1,1,1,0,0,0,0,0,0,0,0,0,0,0,0,0,0,0,0,0,0,0,0,0,0,0,0,0,0,0,0,0,0,0,0,0,0,0,0,0,0,0,0,0,0,0,0,0,0,0,0,0,0,0,0,0,0,0,0,0,0,0,0,0,0,0,0,0,0,0,0,0,0,0,0,0,0,0,0,0,0,0,0,0,0,0,0,0,0,0,0,0,0,0,0,0,0,0,0,0,0,0,0,0,0,0,0,0,0,0,0,0,0,0,0,1,1,1,2,2,3,4,5,6,6,6,5,4,5,4,2,2,1,1,1,2,3,5,8,10,12,14,16,18,19,18,17,16,15,13,11,9,6,4,2,1,1,0,0,0,0,0,0,0,0,0,0,0,1,1,2,4,6,8,10,12,13,12,11,9,7,5,3,2,1,1,1,3,5,8,10,12,13,13,12,11,9,6,4,2,1,1,1,0,0,0,0,0,0,0,0,0,0,0,0,0,0,0,0,0,0,0,0,0,0,0,0,0,0,0,0,0,0,0,0,0,0,0,0,0,0,0,0,0,0,0,0,0,0,0
0,0,0,0,0,0,0,0,0,0,0,0,0,0,0,0,0,0,0,0,0,0,0,0,0,0,0,0,0,0,0,0,0,0,0,0,0,0,0,0,0,0,0,0,0,0,0,0,0,0,0,0,0,0,0,0,0,0,0,0,0,0,0,0,0,1,1,1,2,2,3,4,5,6,6,6,5,5,5,4,2,2,1,1,1,1,2,4,7,10,12,15,17,19,20,20,18,17,15,13,11,8,5,3,2,1,1,0,0,0,0,0,0,0,0,0,0,1,1,1,2,4,6,8,11,12,13,12,10,9,7,5,3,1,1,1,2,3,6,9,11,12,13,12,12,10,8,6,3,2,1,1,1,0,0,0,0,0,0,0,0,0,0,0,0,0,0,0,0,0,0,0,0,0,0,0,0,0,0,0,0,0,0,0,0,0,0,0,0,0,0,0,0,0,0,0,0,0,0,0,0,0,0,0,0,0,0,0,0,0,0,0,0,0,0,0,0,0,0,0,0,0,0,0,0,0,0,0,0,0,0,0,0,0,0,0,0,0,0,0,0,0,0,0,0,0,0,0,0,0,0,0,0,0,0,0,0,0,0,0,0,0,0,0,0,1,1,1,2,3,3,4,5,6,6,6,5,5,5,4,2,2,1,1,1,1,2,4,7,10,12,15,17,19,20,20,18,17,15,13,11,8,5,3,2,1,1,0,0,0,0,0,0,0,0,0,0,1,1,1,2,4,6,8,11,12,13,12,10,9,7,5,3,1,1,1,2,3,6,9,11,12,13,12,12,10,8,6,3,2,1,1,1,0,0,0,0,0,0,0,0,0,0,0,0,0,0,0,0,0,0,0,0,0,0,0,0,0,0,0,0,0,0,0,0,0,0,0,0,0,0,0,0,0,0,0,0,0,0,0
0,0,0,0,0,0,0,0,0,0,0,0,0,0,0,0,0,0,0,0,0,0,0,0,0,0,0,0,0,0,0,0,0,0,0,0,0,0,0,0,0,0,0,0,0,0,0,0,0,0,0,0,0,0,0,0,0,0,0,0,0,0,0,0,0,1,1,1,1,3,3,4,5,6,6,6,5,5,5,4,2,2,1,1,1,1,2,4,7,10,12,15,17,20,21,21,19,17,15,13,10,7,5,3,1,1,1,0,0,0,0,0,0,0,0,0,0,1,1,2,3,5,7,9,11,12,13,12,10,8,6,4,2,1,1,1,2,4,6,9,11,12,13,12,11,10,8,5,3,1,1,1,0,0,0,0,0,0,0,0,0,0,0,0,0,0,0,0,0,0,0,0,0,0,0,0,0,0,0,0,0,0,0,0,0,0,0,0,0,0,0,0,0,0,0,0,0,0,0,0,0,0,0,0,0,0,0,0,0,0,0,0,0,0,0,0,0,0,0,0,0,0,0,0,0,0,0,0,0,0,0,0,0,0,0,0,0,0,0,0,0,0,0,0,0,0,0,0,0,0,0,0,0,0,0,0,0,0,0,0,0,0,0,0,0,1,1,1,1,3,3,4,5,6,6,6,5,5,5,4,2,2,1,1,1,1,2,4,7,10,12,15,17,20,21,21,19,17,15,13,10,7,5,3,1,1,1,0,0,0,0,0,0,0,0,0,0,1,1,2,3,5,7,9,11,12,13,12,10,8,6,4,2,1,1,1,2,4,6,9,11,12,13,12,11,10,8,5,3,1,1,1,0,0,0,0,0,0,0,0,0,0,0,0,0,0,0,0,0,0,0,0,0,0,0,0,0,0,0,0,0,0,0,0,0,0,0,0,0,0,0,0,0,0,0,0,0,0,0,0
0,0,0,0,0,0,0,0,0,0,0,0,0,0,0,0,0,0,0,0,0,0,0,0,0,0,0,0,0,0,0,0,0,0,0,0,0,0,0,0,0,0,0,0,0,0,0,0,0,0,0,0,0,0,0,0,0,0,0,0,0,0,0,0,0,1,1,1,1,3,3,4,5,6,5,6,5,5,4,4,3,2,1,1,1,1,2,3,6,9,12,15,18,21,22,22,20,18,15,12,10,7,4,3,1,1,0,0,0,0,0,0,0,0,0,0,0,1,1,2,3,5,7,9,11,12,12,11,9,8,6,4,2,1,1,1,2,4,7,10,11,12,13,12,11,10,7,4,2,1,1,1,0,0,0,0,0,0,0,0,0,0,0,0,0,0,0,0,0,0,0,0,0,0,0,0,0,0,0,0,0,0,0,0,0,0,0,0,0,0,0,0,0,0,0,0,0,0,0,0,0,0,0,0,0,0,0,0,0,0,0,0,0,0,0,0,0,0,0,0,0,0,0,0,0,0,0,0,0,0,0,0,0,0,0,0,0,0,0,0,0,0,0,0,0,0,0,0,0,0,0,0,0,0,0,0,0,0,0,0,0,0,0,0,0,1,1,1,1,3,3,4,5,6,5,6,5,5,4,4,3,2,1,1,1,1,2,3,6,9,12,15,18,21,22,22,20,18,15,12,10,7,4,3,1,1,0,0,0,0,0,0,0,0,0,0,0,1,1,2,3,5,7,9,11,12,12,11,9,8,6,4,2,1,1,1,2,4,7,10,11,12,13,12,11,10,7,4,2,1,1,1,0,0,0,0,0,0,0,0,0,0,0,0,0,0,0,0,0,0,0,0,0,0,0,0,0,0,0,0,0,0,0,0,0,0,0,0,0,0,0,0,0,0,0,0,0,0,0,0
0,0,0,0,0,0,0,0,0,0,0,0,0,0,0,0,0,0,0,0,0,0,0,0,0,0,0,0,0,0,0,0,0,0,0,0,0,0,0,0,0,0,0,0,0,0,0,0,0,0,0,0,0,0,0,0,0,0,0,0,0,0,0,0,0,1,1,1,1,3,3,4,5,6,5,6,5,5,4,4,3,2,1,1,1,1,2,3,6,9,12,16,18,21,23,23,21,18,15,12,9,6,4,2,1,1,0,0,0,0,0,0,0,0,0,0,0,1,1,2,4,6,8,10,11,12,12,11,9,7,5,3,2,1,1,1,3,5,8,10,12,12,12,12,11,9,6,4,2,1,1,1,0,0,0,0,0,0,0,0,0,0,0,0,0,0,0,0,0,0,0,0,0,0,0,0,0,0,0,0,0,0,0,0,0,0,0,0,0,0,0,0,0,0,0,0,0,0,0,0,0,0,0,0,0,0,0,0,0,0,0,0,0,0,0,0,0,0,0,0,0,0,0,0,0,0,0,0,0,0,0,0,0,0,0,0,0,0,0,0,0,0,0,0,0,0,0,0,0,0,0,0,0,0,0,0,0,0,0,0,0,0,0,0,0,1,1,1,1,3,3,4,5,6,5,6,5,5,4,4,3,2,1,1,1,1,2,3,6,9,12,16,18,21,23,23,21,18,15,12,9,6,4,2,1,1,0,0,0,0,0,0,0,0,0,0,0,1,1,2,4,6,8,10,11,12,12,11,9,7,5,3,2,1,1,1,3,5,8,10,12,12,12,12,11,9,6,4,2,1,1,1,0,0,0,0,0,0,0,0,0,0,0,0,0,0,0,0,0,0,0,0,0,0,0,0,0,0,0,0,0,0,0,0,0,0,0,0,0,0,0,0,0,0,0,0,0,0,0,0
0,0,0,0,0,0,0,0,0,0,0,0,0,0,0,0,0,0,0,0,0,0,0,0,0,0,0,0,0,0,0,0,0,0,0,0,0,0,0,0,0,0,0,0,0,0,0,0,0,0,0,0,0,0,0,0,0,0,0,0,0,0,0,0,0,1,1,1,1,3,3,4,5,6,5,6,5,5,4,4,3,2,1,1,1,1,1,3,5,9,12,16,19,22,24,23,21,18,15,12,9,6,4,2,1,1,0,0,0,0,0,0,0,0,0,0,1,1,1,2,4,6,8,10,12,12,12,11,8,7,5,3,1,1,1,2,3,6,9,11,12,12,12,11,10,8,6,3,1,1,1,0,0,0,0,0,0,0,0,0,0,0,0,0,0,0,0,0,0,0,0,0,0,0,0,0,0,0,0,0,0,0,0,0,0,0,0,0,0,0,0,0,0,0,0,0,0,0,0,0,0,0,0,0,0,0,0,0,0,0,0,0,0,0,0,0,0,0,0,0,0,0,0,0,0,0,0,0,0,0,0,0,0,0,0,0,0,0,0,0,0,0,0,0,0,0,0,0,0,0,0,0,0,0,0,0,0,0,0,0,0,0,0,0,0,1,1,1,1,3,3,4,5,6,5,6,5,5,4,4,3,2,2,1,1,1,1,3,5,9,12,16,19,22,24,23,21,18,15,12,9,6,4,2,1,1,0,0,0,0,0,0,0,0,0,0,1,1,1,2,4,6,8,10,12,12,12,11,8,7,5,3,1,1,1,2,3,6,9,11,12,12,12,11,10,8,6,3,1,1,1,0,0,0,0,0,0,0,0,0,0,0,0,0,0,0,0,0,0,0,0,0,0,0,0,0,0,0,0,0,0,0,0,0,0,0,0,0,0,0,0,0,0,0,0,0,0,0,0,0
0,0,0,0,0,0,0,0,0,0,0,0,0,0,0,0,0,0,0,0,0,0,0,0,0,0,0,0,0,0,0,0,0,0,0,0,0,0,0,0,0,0,0,0,0,0,0,0,0,0,0,0,0,0,0,0,0,0,0,0,0,0,0,0,0,1,1,1,1,2,3,4,5,6,5,6,5,5,4,4,3,2,2,1,1,1,1,2,5,8,12,16,19,22,24,24,22,19,15,12,8,5,3,2,1,1,0,0,0,0,0,0,0,0,0,0,1,1,2,3,5,7,9,11,12,12,12,10,8,6,4,2,1,1,1,2,4,7,9,11,12,12,12,11,10,8,5,3,1,1,1,0,0,0,0,0,0,0,0,0,0,0,0,0,0,0,0,0,0,0,0,0,0,0,0,0,0,0,0,0,0,0,0,0,0,0,0,0,0,0,0,0,0,0,0,0,0,0,0,0,0,0,0,0,0,0,0,0,0,0,0,0,0,0,0,0,0,0,0,0,0,0,0,0,0,0,0,0,0,0,0,0,0,0,0,0,0,0,0,0,0,0,0,0,0,0,0,0,0,0,0,0,0,0,0,0,0,0,0,0,0,0,0,0,0,1,1,1,1,2,3,4,5,6,5,6,5,5,4,4,3,2,2,1,1,1,1,2,5,8,12,16,19,22,24,24,22,19,15,12,8,5,3,2,1,1,0,0,0,0,0,0,0,0,0,0,1,1,2,3,5,7,9,11,12,12,12,10,8,6,4,2,1,1,1,2,4,7,9,11,12,12,12,11,10,8,5,3,1,1,1,0,0,0,0,0,0,0,0,0,0,0,0,0,0,0,0,0,0,0,0,0,0,0,0,0,0,0,0,0,0,0,0,0,0,0,0,0,0,0,0,0,0,0,0,0,0,0,0,0
0,0,0,0,0,0,0,0,0,0,0,0,0,0,0,0,0,0,0,0,0,0,0,0,0,0,0,0,0,0,0,0,0,0,0,0,0,0,0,0,0,0,0,0,0,0,0,0,0,0,0,0,0,0,0,0,0,0,0,0,0,0,0,0,0,0,1,1,1,2,3,4,5,6,5,6,6,5,4,4,3,2,2,1,1,1,1,2,5,8,12,16,20,23,25,24,22,19,15,11,8,5,3,1,1,1,0,0,0,0,0,0,0,0,0,0,1,1,2,3,5,7,9,11,12,12,11,10,7,5,3,2,1,1,1,2,5,7,10,11,12,12,12,11,9,7,4,2,1,1,1,0,0,0,0,0,0,0,0,0,0,0,0,0,0,0,0,0,0,0,0,0,0,0,0,0,0,0,0,0,0,0,0,0,0,0,0,0,0,0,0,0,0,0,0,0,0,0,0,0,0,0,0,0,0,0,0,0,0,0,0,0,0,0,0,0,0,0,0,0,0,0,0,0,0,0,0,0,0,0,0,0,0,0,0,0,0,0,0,0,0,0,0,0,0,0,0,0,0,0,0,0,0,0,0,0,0,0,0,0,0,0,0,0,0,0,1,1,1,2,3,4,5,6,5,6,6,5,4,4,3,2,2,1,1,1,1,2,5,8,12,16,20,23,25,24,22,19,15,11,8,5,3,1,1,1,0,0,0,0,0,0,0,0,0,0,1,1,2,3,5,7,9,11,12,12,11,10,7,5,3,2,1,1,1,2,5,7,10,11,12,12,12,11,9,7,4,2,1,1,1,0,0,0,0,0,0,0,0,0,0,0,0,0,0,0,0,0,0,0,0,0,0,0,0,0,0,0,0,0,0,0,0,0,0,0,0,0,0,0,0,0,0,0,0,0,0,0,0,0
0,0,0,0,0,0,0,0,0,0,0,0,0,0,0,0,0,0,0,0,0,0,0,0,0,0,0,0,0,0,0,0,0,0,0,0,0,0,0,0,0,0,0,0,0,0,0,0,0,0,0,0,0,0,0,0,0,0,0,0,0,0,0,0,0,0,1,1,1,2,3,4,5,6,5,6,6,5,4,4,3,2,2,1,1,1,1,2,4,8,12,16,20,23,25,25,23,20,16,11,7,5,3,1,1,1,0,0,0,0,0,0,0,0,0,0,1,1,2,4,6,8,10,11,12,12,11,9,7,5,3,2,1,1,1,3,5,8,10,11,12,12,11,10,9,6,4,2,1,1,1,0,0,0,0,0,0,0,0,0,0,0,0,0,0,0,0,0,0,0,0,0,0,0,0,0,0,0,0,0,0,0,0,0,0,0,0,0,0,0,0,0,0,0,0,0,0,0,0,0,0,0,0,0,0,0,0,0,0,0,0,0,0,0,0,0,0,0,0,0,0,0,0,0,0,0,0,0,0,0,0,0,0,0,0,0,0,0,0,0,0,0,0,0,0,0,0,0,0,0,0,0,0,0,0,0,0,0,0,0,0,0,0,0,0,0,1,1,1,2,3,4,5,6,5,6,6,5,4,4,3,2,2,1,1,1,1,2,4,8,12,16,20,23,25,25,23,20,16,11,7,5,3,1,1,1,0,0,0,0,0,0,0,0,0,0,1,1,2,4,6,8,10,11,12,12,11,9,7,5,3,2,1,1,1,3,5,8,10,11,12,12,11,10,9,6,4,2,1,1,1,0,0,0,0,0,0,0,0,0,0,0,0,0,0,0,0,0,0,0,0,0,0,0,0,0,0,0,0,0,0,0,0,0,0,0,0,0,0,0,0,0,0,0,0,0,0,0,0,0
0,0,0,0,0,0,0,0,0,0,0,0,0,0,0,0,0,0,0,0,0,0,0,0,0,0,0,0,0,0,0,0,0,0,0,0,0,0,0,0,0,0,0,0,0,0,0,0,0,0,0,0,0,0,0,0,0,0,0,0,0,0,0,0,0,0,1,1,1,2,3,4,5,6,5,6,6,5,4,5,3,2,2,1,1,1,1,2,4,7,12,16,21,23,25,25,23,20,16,11,7,4,2,1,1,0,0,0,0,0,0,0,0,0,0,1,1,1,2,4,6,8,10,11,12,12,11,9,6,4,3,1,1,1,2,3,6,9,10,12,12,12,11,10,8,6,3,2,1,1,0,0,0,0,0,0,0,0,0,0,0,0,0,0,0,0,0,0,0,0,0,0,0,0,0,0,0,0,0,0,0,0,0,0,0,0,0,0,0,0,0,0,0,0,0,0,0,0,0,0,0,0,0,0,0,0,0,0,0,0,0,0,0,0,0,0,0,0,0,0,0,0,0,0,0,0,0,0,0,0,0,0,0,0,0,0,0,0,0,0,0,0,0,0,0,0,0,0,0,0,0,0,0,0,0,0,0,0,0,0,0,0,0,0,0,0,1,1,1,2,3,4,5,6,5,6,6,5,4,5,3,2,2,1,1,1,1,2,4,8,12,16,21,23,25,25,23,20,16,11,7,4,2,1,1,0,0,0,0,0,0,0,0,0,0,1,1,1,2,4,6,8,10,11,12,12,11,9,6,4,3,1,1,1,2,3,6,9,10,12,12,12,11,10,8,6,3,2,1,1,0,0,0,0,0,0,0,0,0,0,0,0,0,0,0,0,0,0,0,0,0,0,0,0,0,0,0,0,0,0,0,0,0,0,0,0,0,0,0,0,0,0,0,0,0,0,0,0,0,0
0,0,0,0,0,0,0,0,0,0,0,0,0,0,0,0,0,0,0,0,0,0,0,0,0,0,0,0,0,0,0,0,0,0,0,0,0,0,0,0,0,0,0,0,0,0,0,0,0,0,0,0,0,0,0,0,0,0,0,0,0,0,0,0,0,0,1,1,1,2,3,4,5,6,5,6,6,5,4,5,3,2,2,1,1,1,1,2,4,7,12,16,21,24,25,25,24,20,16,11,7,4,2,1,1,0,0,0,0,0,0,0,0,0,0,1,1,2,3,5,7,9,10,12,12,11,10,8,6,4,2,1,1,1,2,4,7,9,11,12,12,12,11,9,8,5,3,1,1,1,0,0,0,0,0,0,0,0,0,0,0,0,0,0,0,0,0,0,0,0,0,0,0,0,0,0,0,0,0,0,0,0,0,0,0,0,0,0,0,0,0,0,0,0,0,0,0,0,0,0,0,0,0,0,0,0,0,0,0,0,0,0,0,0,0,0,0,0,0,0,0,0,0,0,0,0,0,0,0,0,0,0,0,0,0,0,0,0,0,0,0,0,0,0,0,0,0,0,0,0,0,0,0,0,0,0,0,0,0,0,0,0,0,0,0,0,1,1,1,2,3,4,5,6,5,6,6,5,4,5,3,2,2,1,1,1,1,2,4,7,12,16,21,24,25,25,24,20,16,11,7,4,2,1,1,0,0,0,0,0,0,0,0,0,0,1,1,2,3,5,7,9,10,12,12,11,10,8,6,4,2,1,1,1,2,4,7,9,11,12,12,12,11,9,8,5,3,1,1,1,0,0,0,0,0,0,0,0,0,0,0,0,0,0,0,0,0,0,0,0,0,0,0,0,0,0,0,0,0,0,0,0,0,0,0,0,0,0,0,0,0,0,0,0,0,0,0,0,0,0
0,0,0,0,0,0,0,0,0,0,0,0,0,0,0,0,0,0,0,0,0,0,0,0,0,0,0,0,0,0,0,0,0,0,0,0,0,0,0,0,0,0,0,0,0,0,0,0,0,0,0,0,0,0,0,0,0,0,0,0,0,0,0,0,0,0,1,1,1,2,3,4,5,6,5,6,6,5,4,5,3,2,2,1,1,1,1,2,4,7,12,16,21,24,25,25,24,20,16,11,7,4,2,1,1,1,0,0,0,0,0,0,0,0,0,1,1,2,3,5,7,9,11,12,12,11,10,7,5,3,2,1,1,1,2,5,7,10,11,12,12,11,10,9,7,4,2,1,1,1,0,0,0,0,0,0,0,0,0,0,0,0,0,0,0,0,0,0,0,0,0,0,0,0,0,0,0,0,0,0,0,0,0,0,0,0,0,0,0,0,0,0,0,0,0,0,0,0,0,0,0,0,0,0,0,0,0,0,0,0,0,0,0,0,0,0,0,0,0,0,0,0,0,0,0,0,0,0,0,0,0,0,0,0,0,0,0,0,0,0,0,0,0,0,0,0,0,0,0,0,0,0,0,0,0,0,0,0,0,0,0,0,0,0,0,0,1,1,1,2,3,4,5,6,5,6,6,5,4,5,3,2,2,1,1,1,1,2,4,7,12,16,21,24,25,25,24,20,16,11,7,4,2,1,1,1,0,0,0,0,0,0,0,0,0,1,1,2,3,5,7,9,11,12,12,11,10,7,5,3,2,1,1,1,2,5,7,10,11,12,12,11,10,9,7,4,2,1,1,1,0,0,0,0,0,0,0,0,0,0,0,0,0,0,0,0,0,0,0,0,0,0,0,0,0,0,0,0,0,0,0,0,0,0,0,0,0,0,0,0,0,0,0,0,0,0,0,0,0,0
0,0,0,0,0,0,0,0,0,0,0,0,0,0,0,0,0,0,0,0,0,0,0,0,0,0,0,0,0,0,0,0,0,0,0,0,0,0,0,0,0,0,0,0,0,0,0,0,0,0,0,0,0,0,0,0,0,0,0,0,0,0,0,0,0,0,1,1,1,2,3,4,5,6,5,6,6,5,5,5,4,2,2,1,1,1,1,2,5,7,11,16,21,24,25,25,24,20,16,11,7,4,2,1,1,1,0,0,0,0,0,0,0,0,0,1,1,2,4,6,8,9,11,12,12,11,9,7,5,3,2,1,1,1,3,5,8,10,11,12,12,11,10,8,6,4,2,1,1,0,0,0,0,0,0,0,0,0,0,0,0,0,0,0,0,0,0,0,0,0,0,0,0,0,0,0,0,0,0,0,0,0,0,0,0,0,0,0,0,0,0,0,0,0,0,0,0,0,0,0,0,0,0,0,0,0,0,0,0,0,0,0,0,0,0,0,0,0,0,0,0,0,0,0,0,0,0,0,0,0,0,0,0,0,0,0,0,0,0,0,0,0,0,0,0,0,0,0,0,0,0,0,0,0,0,0,0,0,0,0,0,0,0,0,0,0,1,1,1,2,3,4,5,6,5,6,6,5,5,5,4,2,2,1,1,1,1,2,4,7,11,16,21,24,25,25,24,20,16,11,7,4,2,1,1,1,0,0,0,0,0,0,0,0,0,1,1,2,4,6,8,9,11,12,12,11,9,7,5,3,2,1,1,1,3,5,8,10,11,12,12,11,10,8,6,4,2,1,1,0,0,0,0,0,0,0,0,0,0,0,0,0,0,0,0,0,0,0,0,0,0,0,0,0,0,0,0,0,0,0,0,0,0,0,0,0,0,0,0,0,0,0,0,0,0,0,0,0,0,0
0,0,0,0,0,0,0,0,0,0,0,0,0,0,0,0,0,0,0,0,0,0,0,0,0,0,0,0,0,0,0,0,0,0,0,0,0,0,0,0,0,0,0,0,0,0,0,0,0,0,0,0,0,0,0,0,0,0,0,0,0,0,0,0,0,0,1,1,1,2,3,4,5,6,5,6,6,5,5,4,4,2,2,1,1,1,1,2,5,7,11,16,21,24,25,25,24,20,16,11,7,4,2,1,1,1,0,0,0,0,0,0,0,0,1,1,1,2,4,6,8,10,11,12,12,11,9,6,4,3,1,1,1,2,3,6,8,10,11,12,12,11,9,8,6,3,2,1,1,0,0,0,0,0,0,0,0,0,0,0,0,0,0,0,0,0,0,0,0,0,0,0,0,0,0,0,0,0,0,0,0,0,0,0,0,0,0,0,0,0,0,0,0,0,0,0,0,0,0,0,0,0,0,0,0,0,0,0,0,0,0,0,0,0,0,0,0,0,0,0,0,0,0,0,0,0,0,0,0,0,0,0,0,0,0,0,0,0,0,0,0,0,0,0,0,0,0,0,0,0,0,0,0,0,0,0,0,0,0,0,0,0,0,0,0,0,1,1,1,2,3,4,5,6,5,6,6,5,5,4,4,2,2,1,1,1,1,2,5,7,11,16,21,24,25,25,24,20,16,11,7,4,2,1,1,1,0,0,0,0,0,0,0,0,1,1,1,2,4,6,8,10,11,12,12,11,9,6,4,3,1,1,1,2,3,6,8,10,11,12,12,11,9,8,6,3,2,1,1,0,0,0,0,0,0,0,0,0,0,0,0,0,0,0,0,0,0,0,0,0,0,0,0,0,0,0,0,0,0,0,0,0,0,0,0,0,0,0,0,0,0,0,0,0,0,0,0,0,0,0
0,0,0,0,0,0,0,0,0,0,0,0,0,0,0,0,0,0,0,0,0,0,0,0,0,0,0,0,0,0,0,0,0,0,0,0,0,0,0,0,0,0,0,0,0,0,0,0,0,0,0,0,0,0,0,0,0,0,0,0,0,0,0,0,0,1,1,1,1,2,3,3,4,6,6,6,6,5,5,4,4,2,2,1,1,1,1,2,5,8,11,16,20,23,24,24,23,20,16,11,7,4,2,1,1,1,0,0,0,0,0,0,0,0,1,1,2,3,5,7,9,10,11,12,11,10,8,6,4,2,1,1,1,2,4,7,9,11,11,12,11,10,9,7,5,3,1,1,1,0,0,0,0,0,0,0,0,0,0,0,0,0,0,0,0,0,0,0,0,0,0,0,0,0,0,0,0,0,0,0,0,0,0,0,0,0,0,0,0,0,0,0,0,0,0,0,0,0,0,0,0,0,0,0,0,0,0,0,0,0,0,0,0,0,0,0,0,0,0,0,0,0,0,0,0,0,0,0,0,0,0,0,0,0,0,0,0,0,0,0,0,0,0,0,0,0,0,0,0,0,0,0,0,0,0,0,0,0,0,0,0,0,0,0,0,1,1,1,1,2,3,3,4,6,6,6,6,5,5,4,4,3,2,1,1,1,1,2,5,8,11,16,20,23,24,24,23,20,16,11,7,4,2,1,1,1,0,0,0,0,0,0,0,0,1,1,2,3,5,7,9,10,11,12,11,10,8,6,4,2,1,1,1,2,4,7,9,11,11,12,11,10,9,7,5,3,1,1,1,0,0,0,0,0,0,0,0,0,0,0,0,0,0,0,0,0,0,0,0,0,0,0,0,0,0,0,0,0,0,0,0,0,0,0,0,0,0,0,0,0,0,0,0,0,0,0,0,0,0,0
0,0,0,0,0,0,0,0,0,0,0,0,0,0,0,0,0,0,0,0,0,0,0,0,0,0,0,0,0,0,0,0,0,0,0,0,0,0,0,0,0,0,0,0,0,0,0,0,0,0,0,0,0,0,0,0,0,0,0,0,0,0,0,0,0,1,1,1,1,2,2,3,4,6,6,6,6,5,5,4,4,3,2,1,1,1,1,3,5,8,11,16,20,23,24,24,23,20,16,12,8,4,2,1,1,1,0,0,0,0,0,0,0,0,1,1,2,3,5,7,9,10,11,12,11,10,8,5,3,2,1,1,1,2,4,7,9,11,11,12,11,10,9,7,4,2,1,1,1,0,0,0,0,0,0,0,0,0,0,0,0,0,0,0,0,0,0,0,0,0,0,0,0,0,0,0,0,0,0,0,0,0,0,0,0,0,0,0,0,0,0,0,0,0,0,0,0,0,0,0,0,0,0,0,0,0,0,0,0,0,0,0,0,0,0,0,0,0,0,0,0,0,0,0,0,0,0,0,0,0,0,0,0,0,0,0,0,0,0,0,0,0,0,0,0,0,0,0,0,0,0,0,0,0,0,0,0,0,0,0,0,0,0,0,0,1,1,1,1,2,3,3,4,6,6,6,6,5,5,4,4,3,2,1,1,1,1,3,5,8,11,16,20,23,24,24,23,20,16,12,8,4,2,1,1,1,0,0,0,0,0,0,0,0,1,1,2,3,5,7,9,10,11,12,11,10,8,5,3,2,1,1,1,2,4,7,9,11,11,12,11,10,9,7,4,2,1,1,1,0,0,0,0,0,0,0,0,0,0,0,0,0,0,0,0,0,0,0,0,0,0,0,0,0,0,0,0,0,0,0,0,0,0,0,0,0,0,0,0,0,0,0,0,0,0,0,0,0,0,0
0,0,0,0,0,0,0,0,0,0,0,0,0,0,0,0,0,0,0,0,0,0,0,0,0,0,0,0,0,0,0,0,0,0,0,0,0,0,0,0,0,0,0,0,0,0,0,0,0,0,0,0,0,0,0,0,0,0,0,0,0,0,0,0,0,1,1,1,1,2,2,3,4,6,6,6,6,5,5,4,4,3,2,1,1,1,1,3,5,8,11,16,19,22,24,23,22,20,16,12,8,5,3,2,1,1,1,0,0,0,0,0,0,0,1,1,2,4,6,7,9,11,11,12,11,9,7,5,3,2,1,1,1,2,5,8,10,11,11,12,11,10,8,6,4,2,1,1,0,0,0,0,0,0,0,0,0,0,0,0,0,0,0,0,0,0,0,0,0,0,0,0,0,0,0,0,0,0,0,0,0,0,0,0,0,0,0,0,0,0,0,0,0,0,0,0,0,0,0,0,0,0,0,0,0,0,0,0,0,0,0,0,0,0,0,0,0,0,0,0,0,0,0,0,0,0,0,0,0,0,0,0,0,0,0,0,0,0,0,0,0,0,0,0,0,0,0,0,0,0,0,0,0,0,0,0,0,0,0,0,0,0,0,0,0,1,1,1,1,2,2,3,4,6,6,6,6,5,5,4,4,3,2,2,1,1,1,3,5,8,11,16,19,22,24,23,22,20,16,12,8,5,3,2,1,1,1,0,0,0,0,0,0,0,1,1,2,4,6,7,9,11,11,12,11,9,7,5,3,2,1,1,1,2,5,8,10,11,11,12,11,10,8,6,4,2,1,1,0,0,0,0,0,0,0,0,0,0,0,0,0,0,0,0,0,0,0,0,0,0,0,0,0,0,0,0,0,0,0,0,0,0,0,0,0,0,0,0,0,0,0,0,0,0,0,0,0,0,0,0
0,0,0,0,0,0,0,0,0,0,0,0,0,0,0,0,0,0,0,0,0,0,0,0,0,0,0,0,0,0,0,0,0,0,0,0,0,0,0,0,0,0,0,0,0,0,0,0,0,0,0,0,0,0,0,0,0,0,0,0,0,0,0,0,0,0,1,1,1,1,2,3,4,6,6,6,6,5,5,4,4,3,2,2,1,1,2,3,6,8,12,15,19,22,23,23,22,19,16,12,9,5,3,2,1,1,1,0,0,0,0,0,0,0,1,1,2,4,6,8,10,11,11,12,11,9,7,4,2,1,1,1,1,3,6,8,10,11,11,11,11,9,8,6,3,2,1,1,0,0,0,0,0,0,0,0,0,0,0,0,0,0,0,0,0,0,0,0,0,0,0,0,0,0,0,0,0,0,0,0,0,0,0,0,0,0,0,0,0,0,0,0,0,0,0,0,0,0,0,0,0,0,0,0,0,0,0,0,0,0,0,0,0,0,0,0,0,0,0,0,0,0,0,0,0,0,0,0,0,0,0,0,0,0,0,0,0,0,0,0,0,0,0,0,0,0,0,0,0,0,0,0,0,0,0,0,0,0,0,0,0,0,0,0,0,0,1,1,1,1,2,3,4,6,6,6,6,5,5,4,4,3,2,2,1,1,1,3,6,8,11,15,19,22,23,23,22,19,16,12,9,5,3,2,1,1,1,0,0,0,0,0,0,0,1,1,2,4,6,8,10,11,11,12,11,9,7,4,2,1,1,1,1,3,6,8,10,11,11,11,11,9,8,6,3,2,1,1,0,0,0,0,0,0,0,0,0,0,0,0,0,0,0,0,0,0,0,0,0,0,0,0,0,0,0,0,0,0,0,0,0,0,0,0,0,0,0,0,0,0,0,0,0,0,0,0,0,0,0,0
0,0,0,0,0,0,0,0,0,0,0,0,0,0,0,0,0,0,0,0,0,0,0,0,0,0,0,0,0,0,0,0,0,0,0,0,0,0,0,0,0,0,0,0,0,0,0,0,0,0,0,0,0,0,0,0,0,0,0,0,0,0,0,0,0,0,1,1,1,1,2,3,4,5,6,5,6,6,5,4,4,3,2,2,1,1,2,4,6,9,12,15,18,21,22,22,21,19,16,13,9,6,3,2,1,1,1,0,0,0,0,0,0,1,1,2,3,5,6,8,10,11,12,11,10,8,6,4,2,1,1,1,2,3,6,9,10,11,11,11,10,9,7,5,3,1,1,1,0,0,0,0,0,0,0,0,0,0,0,0,0,0,0,0,0,0,0,0,0,0,0,0,0,0,0,0,0,0,0,0,0,0,0,0,0,0,0,0,0,0,0,0,0,0,0,0,0,0,0,0,0,0,0,0,0,0,0,0,0,0,0,0,0,0,0,0,0,0,0,0,0,0,0,0,0,0,0,0,0,0,0,0,0,0,0,0,0,0,0,0,0,0,0,0,0,0,0,0,0,0,0,0,0,0,0,0,0,0,0,0,0,0,0,0,0,0,1,1,1,1,2,3,4,5,6,5,6,6,5,4,4,3,2,2,1,1,2,4,6,9,12,15,18,21,22,22,21,19,16,13,9,6,3,2,1,1,1,0,0,0,0,0,0,1,1,2,3,5,6,8,10,11,12,11,10,8,6,4,2,1,1,1,2,3,6,9,10,11,11,11,10,9,7,5,3,1,1,1,0,0,0,0,0,0,0,0,0,0,0,0,0,0,0,0,0,0,0,0,0,0,0,0,0,0,0,0,0,0,0,0,0,0,0,0,0,0,0,0,0,0,0,0,0,0,0,0,0,0,0,0
0,0,0,0,0,0,0,0,0,0,0,0,0,0,0,0,0,0,0,0,0,0,0,0,0,0,0,0,0,0,0,0,0,0,0,0,0,0,0,0,0,0,0,0,0,0,0,0,0,0,0,0,0,0,0,0,0,0,0,0,0,0,0,0,0,0,1,1,1,1,2,3,4,5,6,5,5,6,5,4,5,3,2,2,1,1,2,4,6,9,12,15,17,20,22,22,20,19,16,13,10,6,4,2,1,1,1,1,0,0,0,0,0,1,1,2,3,5,7,9,10,11,12,11,10,8,6,3,2,1,1,1,2,4,7,9,10,11,11,11,10,9,7,4,2,1,1,1,0,0,0,0,0,0,0,0,0,0,0,0,0,0,0,0,0,0,0,0,0,0,0,0,0,0,0,0,0,0,0,0,0,0,0,0,0,0,0,0,0,0,0,0,0,0,0,0,0,0,0,0,0,0,0,0,0,0,0,0,0,0,0,0,0,0,0,0,0,0,0,0,0,0,0,0,0,0,0,0,0,0,0,0,0,0,0,0,0,0,0,0,0,0,0,0,0,0,0,0,0,0,0,0,0,0,0,0,0,0,0,0,0,0,0,0,0,0,1,1,1,1,2,3,4,5,6,5,5,6,5,4,5,3,2,2,1,1,2,4,6,9,12,15,17,20,22,22,20,19,16,13,10,6,4,2,1,1,1,1,0,0,0,0,0,1,1,2,3,5,7,9,10,11,12,11,10,8,6,3,2,1,1,1,2,4,7,9,10,11,11,11,10,9,7,4,2,1,1,1,0,0,0,0,0,0,0,0,0,0,0,0,0,0,0,0,0,0,0,0,0,0,0,0,0,0,0,0,0,0,0,0,0,0,0,0,0,0,0,0,0,0,0,0,0,0,0,0,0,0,0,0
0,0,0,0,0,0,0,0,0,0,0,0,0,0,0,0,0,0,0,0,0,0,0,0,0,0,0,0,0,0,0,0,0,0,0,0,0,0,0,0,0,0,0,0,0,0,0,0,0,0,0,0,0,0,0,0,0,0,0,0,0,0,0,0,0,0,1,1,1,1,2,3,4,5,6,5,5,6,5,4,5,3,2,2,1,1,2,4,7,9,12,15,17,19,21,21,20,18,16,13,10,7,4,3,2,1,1,1,0,0,0,0,0,1,1,2,4,5,7,9,10,11,11,11,9,7,5,3,1,1,1,1,2,4,7,10,11,11,11,11,10,8,6,4,2,1,1,1,0,0,0,0,0,0,0,0,0,0,0,0,0,0,0,0,0,0,0,0,0,0,0,0,0,0,0,0,0,0,0,0,0,0,0,0,0,0,0,0,0,0,0,0,0,0,0,0,0,0,0,0,0,0,0,0,0,0,0,0,0,0,0,0,0,0,0,0,0,0,0,0,0,0,0,0,0,0,0,0,0,0,0,0,0,0,0,0,0,0,0,0,0,0,0,0,0,0,0,0,0,0,0,0,0,0,0,0,0,0,0,0,0,0,0,0,0,0,1,1,1,1,2,3,4,5,6,5,5,6,5,4,5,3,2,2,1,1,2,4,7,9,12,14,17,19,21,21,20,18,16,14,10,7,4,3,2,1,1,1,0,0,0,0,0,1,1,2,4,5,7,9,10,11,11,11,9,7,5,3,1,1,1,1,2,4,7,10,11,11,11,11,10,8,6,4,2,1,1,1,0,0,0,0,0,0,0,0,0,0,0,0,0,0,0,0,0,0,0,0,0,0,0,0,0,0,0,0,0,0,0,0,0,0,0,0,0,0,0,0,0,0,0,0,0,0,0,0,0,0,0,0
0,0,0,0,0,0,0,0,0,0,0,0,0,0,0,0,0,0,0,0,0,0,0,0,0,0,0,0,0,0,0,0,0,0,0,0,0,0,0,0,0,0,0,0,0,0,0,0,0,0,0,0,0,0,0,0,0,0,0,0,0,0,0,0,0,0,1,1,1,1,2,3,4,5,6,5,5,6,5,4,5,3,2,2,1,2,3,5,7,10,12,14,16,18,20,20,19,17,16,14,11,8,5,3,2,1,1,1,0,0,0,0,0,1,1,2,4,6,8,10,11,11,11,11,9,7,5,3,1,1,1,1,3,5,8,10,11,11,11,11,9,8,6,3,2,1,1,0,0,0,0,0,0,0,0,0,0,0,0,0,0,0,0,0,0,0,0,0,0,0,0,0,0,0,0,0,0,0,0,0,0,0,0,0,0,0,0,0,0,0,0,0,0,0,0,0,0,0,0,0,0,0,0,0,0,0,0,0,0,0,0,0,0,0,0,0,0,0,0,0,0,0,0,0,0,0,0,0,0,0,0,0,0,0,0,0,0,0,0,0,0,0,0,0,0,0,0,0,0,0,0,0,0,0,0,0,0,0,0,0,0,0,0,0,0,0,1,1,1,1,2,3,4,5,6,5,5,6,5,4,5,3,2,2,1,2,3,5,7,10,12,14,16,18,20,20,19,17,16,14,11,8,5,3,2,1,1,1,0,0,0,0,0,1,1,2,4,6,8,10,11,11,11,11,9,7,5,3,1,1,1,1,3,5,8,10,11,11,11,11,9,8,6,3,2,1,1,0,0,0,0,0,0,0,0,0,0,0,0,0,0,0,0,0,0,0,0,0,0,0,0,0,0,0,0,0,0,0,0,0,0,0,0,0,0,0,0,0,0,0,0,0,0,0,0,0,0,0,0,0
0,0,0,0,0,0,0,0,0,0,0,0,0,0,0,0,0,0,0,0,0,0,0,0,0,0,0,0,0,0,0,0,0,0,0,0,0,0,0,0,0,0,0,0,0,0,0,0,0,0,0,0,0,0,0,0,0,0,0,0,0,0,0,0,0,0,1,1,1,1,2,3,4,5,6,5,6,6,5,4,5,3,2,2,1,2,3,5,8,10,12,14,15,17,19,19,18,17,16,14,11,9,6,4,2,1,1,1,0,0,0,0,1,1,1,3,5,6,8,10,11,11,11,10,8,6,4,2,1,1,1,2,3,6,8,10,11,11,11,10,9,7,5,3,1,1,1,0,0,0,0,0,0,0,0,0,0,0,0,0,0,0,0,0,0,0,0,0,0,0,0,0,0,0,0,0,0,0,0,0,0,0,0,0,0,0,0,0,0,0,0,0,0,0,0,0,0,0,0,0,0,0,0,0,0,0,0,0,0,0,0,0,0,0,0,0,0,0,0,0,0,0,0,0,0,0,0,0,0,0,0,0,0,0,0,0,0,0,0,0,0,0,0,0,0,0,0,0,0,0,0,0,0,0,0,0,0,0,0,0,0,0,0,0,0,0,1,1,1,1,2,3,4,5,6,5,6,6,5,4,5,3,2,2,1,2,3,5,8,10,12,14,15,17,19,19,18,17,16,14,11,9,6,4,2,1,1,1,0,0,0,0,1,1,1,3,5,6,8,10,11,11,11,10,8,6,4,2,1,1,1,2,3,6,8,10,11,11,11,10,9,7,5,3,1,1,1,0,0,0,0,0,0,0,0,0,0,0,0,0,0,0,0,0,0,0,0,0,0,0,0,0,0,0,0,0,0,0,0,0,0,0,0,0,0,0,0,0,0,0,0,0,0,0,0,0,0,0,0,0
0,0,0,0,0,0,0,0,0,0,0,0,0,0,0,0,0,0,0,0,0,0,0,0,0,0,0,0,0,0,0,0,0,0,0,0,0,0,0,0,0,0,0,0,0,0,0,0,0,0,0,0,0,0,0,0,0,0,0,0,0,0,0,0,0,0,1,1,1,1,2,3,4,4,6,5,6,6,5,4,4,4,2,2,2,2,4,6,8,11,12,14,14,16,17,18,17,16,16,14,12,9,7,4,3,1,1,1,1,0,0,0,1,1,2,3,5,7,9,10,11,11,11,10,8,6,4,2,1,1,1,2,4,6,9,10,11,11,11,10,9,7,4,2,1,1,1,0,0,0,0,0,0,0,0,0,0,0,0,0,0,0,0,0,0,0,0,0,0,0,0,0,0,0,0,0,0,0,0,0,0,0,0,0,0,0,0,0,0,0,0,0,0,0,0,0,0,0,0,0,0,0,0,0,0,0,0,0,0,0,0,0,0,0,0,0,0,0,0,0,0,0,0,0,0,0,0,0,0,0,0,0,0,0,0,0,0,0,0,0,0,0,0,0,0,0,0,0,0,0,0,0,0,0,0,0,0,0,0,0,0,0,0,0,0,0,1,1,1,1,2,3,4,4,6,5,6,6,5,4,4,4,2,2,2,2,4,6,8,10,12,13,14,16,17,18,17,16,16,14,12,9,6,4,3,1,1,1,1,0,0,0,1,1,2,3,5,7,9,10,11,11,11,10,8,6,4,2,1,1,1,2,4,6,9,10,11,11,11,10,9,7,4,2,1,1,1,0,0,0,0,0,0,0,0,0,0,0,0,0,0,0,0,0,0,0,0,0,0,0,0,0,0,0,0,0,0,0,0,0,0,0,0,0,0,0,0,0,0,0,0,0,0,0,0,0,0,0,0,0
0,0,0,0,0,0,0,0,0,0,0,0,0,0,0,0,0,0,0,0,0,0,0,0,0,0,0,0,0,0,0,0,0,0,0,0,0,0,0,0,0,0,0,0,0,0,0,0,0,0,0,0,0,0,0,0,0,0,0,0,0,0,0,0,0,0,1,1,1,1,2,3,4,4,6,5,6,6,5,5,4,4,2,2,2,2,4,6,9,11,12,13,14,15,16,17,16,16,15,14,13,10,7,5,3,2,1,1,1,0,0,0,1,1,2,4,5,7,9,10,11,11,11,10,7,5,3,2,1,1,1,2,4,7,9,10,11,11,11,10,8,6,4,2,1,1,1,0,0,0,0,0,0,0,0,0,0,0,0,0,0,0,0,0,0,0,0,0,0,0,0,0,0,0,0,0,0,0,0,0,0,0,0,0,0,0,0,0,0,0,0,0,0,0,0,0,0,0,0,0,0,0,0,0,0,0,0,0,0,0,0,0,0,0,0,0,0,0,0,0,0,0,0,0,0,0,0,0,0,0,0,0,0,0,0,0,0,0,0,0,0,0,0,0,0,0,0,0,0,0,0,0,0,0,0,0,0,0,0,0,0,0,0,0,0,0,1,1,1,1,2,3,4,4,6,5,6,6,5,5,4,4,2,2,2,2,4,6,8,11,12,13,14,15,16,17,17,16,15,14,13,10,7,5,3,2,1,1,1,0,0,0,1,1,2,4,5,7,9,10,11,11,11,10,7,5,3,2,1,1,1,2,4,7,9,10,11,11,11,10,8,6,4,2,1,1,1,0,0,0,0,0,0,0,0,0,0,0,0,0,0,0,0,0,0,0,0,0,0,0,0,0,0,0,0,0,0,0,0,0,0,0,0,0,0,0,0,0,0,0,0,0,0,0,0,0,0,0,0,0
0,0,0,0,0,0,0,0,0,0,0,0,0,0,0,0,0,0,0,0,0,0,0,0,0,0,0,0,0,0,0,0,0,0,0,0,0,0,0,0,0,0,0,0,0,0,0,0,0,0,0,0,0,0,0,0,0,0,0,0,0,0,0,0,0,0,0,1,1,1,2,3,4,4,5,5,6,6,5,5,4,4,3,2,2,3,4,7,9,11,12,13,13,14,15,15,16,15,15,14,13,11,8,6,3,2,1,1,1,0,0,0,1,1,2,4,6,8,9,11,11,11,11,9,7,5,3,1,1,1,1,2,5,7,9,10,11,11,10,9,8,6,3,2,1,1,0,0,0,0,0,0,0,0,0,0,0,0,0,0,0,0,0,0,0,0,0,0,0,0,0,0,0,0,0,0,0,0,0,0,0,0,0,0,0,0,0,0,0,0,0,0,0,0,0,0,0,0,0,0,0,0,0,0,0,0,0,0,0,0,0,0,0,0,0,0,0,0,0,0,0,0,0,0,0,0,0,0,0,0,0,0,0,0,0,0,0,0,0,0,0,0,0,0,0,0,0,0,0,0,0,0,0,0,0,0,0,0,0,0,0,0,0,0,0,0,0,1,1,1,2,3,4,4,5,5,6,6,5,5,4,4,3,2,2,3,4,6,9,11,12,13,13,14,15,15,16,15,15,14,13,11,8,6,4,2,1,1,1,0,0,0,1,1,2,4,6,8,9,11,11,11,11,9,7,5,3,1,1,1,1,2,5,7,9,10,11,11,10,9,8,6,3,2,1,1,0,0,0,0,0,0,0,0,0,0,0,0,0,0,0,0,0,0,0,0,0,0,0,0,0,0,0,0,0,0,0,0,0,0,0,0,0,0,0,0,0,0,0,0,0,0,0,0,0,0,0,0,0,0
0,0,0,0,0,0,0,0,0,0,0,0,0,0,0,0,0,0,0,0,0,0,0,0,0,0,0,0,0,0,0,0,0,0,0,0,0,0,0,0,0,0,0,0,0,0,0,0,0,0,0,0,0,0,0,0,0,0,0,0,0,0,0,0,0,0,0,1,1,1,2,3,4,4,5,5,6,6,5,5,4,4,3,2,3,3,5,7,10,11,12,12,13,13,14,14,15,15,15,14,13,12,9,6,4,2,1,1,1,1,0,1,1,1,3,4,6,8,10,11,11,11,10,9,6,4,2,1,1,1,2,3,5,8,10,11,11,11,10,9,7,5,3,1,1,1,0,0,0,0,0,0,0,0,0,0,0,0,0,0,0,0,0,0,0,0,0,0,0,0,0,0,0,0,0,0,0,0,0,0,0,0,0,0,0,0,0,0,0,0,0,0,0,0,0,0,0,0,0,0,0,0,0,0,0,0,0,0,0,0,0,0,0,0,0,0,0,0,0,0,0,0,0,0,0,0,0,0,0,0,0,0,0,0,0,0,0,0,0,0,0,0,0,0,0,0,0,0,0,0,0,0,0,0,0,0,0,0,0,0,0,0,0,0,0,0,0,1,1,1,2,3,4,4,5,5,6,6,5,5,4,4,3,2,3,3,5,7,9,11,12,12,12,13,14,14,15,15,15,14,14,12,9,6,4,2,1,1,1,1,0,1,1,1,3,4,6,8,10,11,11,11,10,9,6,4,2,1,1,1,2,3,5,8,10,11,11,11,10,9,7,5,3,1,1,1,0,0,0,0,0,0,0,0,0,0,0,0,0,0,0,0,0,0,0,0,0,0,0,0,0,0,0,0,0,0,0,0,0,0,0,0,0,0,0,0,0,0,0,0,0,0,0,0,0,0,0,0,0,0
0,0,0,0,0,0,0,0,0,0,0,0,0,0,0,0,0,0,0,0,0,0,0,0,0,0,0,0,0,0,0,0,0,0,0,0,0,0,0,0,0,0,0,0,0,0,0,0,0,0,0,0,0,0,0,0,0,0,0,0,0,0,0,0,0,0,0,1,1,1,2,3,4,4,5,5,6,6,5,5,4,4,3,2,3,4,5,7,10,12,12,12,12,12,12,13,14,14,14,14,14,12,10,7,5,3,2,1,1,1,1,1,1,1,3,5,7,9,10,11,11,11,10,8,6,4,2,1,1,1,2,3,6,8,10,11,11,11,10,9,7,5,2,1,1,1,0,0,0,0,0,0,0,0,0,0,0,0,0,0,0,0,0,0,0,0,0,0,0,0,0,0,0,0,0,0,0,0,0,0,0,0,0,0,0,0,0,0,0,0,0,0,0,0,0,0,0,0,0,0,0,0,0,0,0,0,0,0,0,0,0,0,0,0,0,0,0,0,0,0,0,0,0,0,0,0,0,0,0,0,0,0,0,0,0,0,0,0,0,0,0,0,0,0,0,0,0,0,0,0,0,0,0,0,0,0,0,0,0,0,0,0,0,0,0,0,0,1,1,1,2,3,4,4,5,5,6,6,5,5,4,4,3,2,3,4,5,7,10,11,12,12,12,12,12,13,14,14,14,14,14,12,10,7,5,3,2,1,1,1,1,1,1,1,3,5,7,9,10,11,11,11,10,8,6,4,2,1,1,1,2,3,6,8,10,11,11,11,10,9,7,5,2,1,1,1,0,0,0,0,0,0,0,0,0,0,0,0,0,0,0,0,0,0,0,0,0,0,0,0,0,0,0,0,0,0,0,0,0,0,0,0,0,0,0,0,0,0,0,0,0,0,0,0,0,0,0,0,0,0
0,0,0,0,0,0,0,0,0,0,0,0,0,0,0,0,0,0,0,0,0,0,0,0,0,0,0,0,0,0,0,0,0,0,0,0,0,0,0,0,0,0,0,0,0,0,0,0,0,0,0,0,0,0,0,0,0,0,0,0,0,0,0,0,0,0,0,1,1,1,2,3,4,4,5,5,6,6,6,5,4,4,3,3,3,4,6,8,10,12,12,12,11,11,11,11,12,13,14,14,14,13,11,8,5,3,2,1,1,1,1,1,1,2,3,5,7,9,10,11,11,10,10,8,5,3,2,1,1,1,2,4,6,9,10,11,11,11,10,8,6,4,2,1,1,1,0,0,0,0,0,0,0,0,0,0,0,0,0,0,0,0,0,0,0,0,0,0,0,0,0,0,0,0,0,0,0,0,0,0,0,0,0,0,0,0,0,0,0,0,0,0,0,0,0,0,0,0,0,0,0,0,0,0,0,0,0,0,0,0,0,0,0,0,0,0,0,0,0,0,0,0,0,0,0,0,0,0,0,0,0,0,0,0,0,0,0,0,0,0,0,0,0,0,0,0,0,0,0,0,0,0,0,0,0,0,0,0,0,0,0,0,0,0,0,0,0,1,1,1,2,3,4,4,5,5,6,6,6,5,4,4,3,3,3,4,6,8,10,12,12,12,11,11,11,11,13,13,14,14,14,13,11,8,5,3,2,1,1,1,1,1,1,2,3,5,7,9,10,11,11,10,10,8,5,3,2,1,1,1,2,4,6,9,10,11,11,11,10,8,6,4,2,1,1,1,0,0,0,0,0,0,0,0,0,0,0,0,0,0,0,0,0,0,0,0,0,0,0,0,0,0,0,0,0,0,0,0,0,0,0,0,0,0,0,0,0,0,0,0,0,0,0,0,0,0,0,0,0,0
0,0,0,0,0,0,0,0,0,0,0,0,0,0,0,0,0,0,0,0,0,0,0,0,0,0,0,0,0,0,0,0,0,0,0,0,0,0,0,0,0,0,0,0,0,0,0,0,0,0,0,0,0,0,0,0,0,0,0,0,0,0,0,0,0,0,0,0,1,1,2,3,4,4,5,5,5,6,6,5,4,4,3,3,4,4,6,8,11,12,12,11,11,10,10,10,11,13,14,14,14,13,11,9,6,4,2,1,1,1,1,1,1,2,4,6,8,9,10,11,11,10,9,7,5,3,1,1,1,1,2,4,7,9,10,11,11,10,9,8,6,4,2,1,1,1,0,0,0,0,0,0,0,0,0,0,0,0,0,0,0,0,0,0,0,0,0,0,0,0,0,0,0,0,0,0,0,0,0,0,0,0,0,0,0,0,0,0,0,0,0,0,0,0,0,0,0,0,0,0,0,0,0,0,0,0,0,0,0,0,0,0,0,0,0,0,0,0,0,0,0,0,0,0,0,0,0,0,0,0,0,0,0,0,0,0,0,0,0,0,0,0,0,0,0,0,0,0,0,0,0,0,0,0,0,0,0,0,0,0,0,0,0,0,0,0,0,0,1,1,2,3,4,4,5,5,6,6,6,5,4,4,3,3,4,4,6,8,11,12,12,11,11,10,10,10,11,13,14,14,14,13,11,9,6,4,2,1,1,1,1,1,1,2,4,6,8,9,10,11,11,10,9,7,5,3,1,1,1,1,2,4,7,9,10,11,11,10,9,8,6,4,2,1,1,1,0,0,0,0,0,0,0,0,0,0,0,0,0,0,0,0,0,0,0,0,0,0,0,0,0,0,0,0,0,0,0,0,0,0,0,0,0,0,0,0,0,0,0,0,0,0,0,0,0,0,0,0,0,0
0,0,0,0,0,0,0,0,0,0,0,0,0,0,0,0,0,0,0,0,0,0,0,0,0,0,0,0,0,0,0,0,0,0,0,0,0,0,0,0,0,0,0,0,0,0,0,0,0,0,0,0,0,0,0,0,0,0,0,0,0,0,0,0,0,0,0,0,1,1,2,3,4,4,5,5,5,5,6,5,4,5,3,3,4,5,7,9,11,12,11,11,10,10,9,9,10,12,13,14,14,14,12,10,7,4,3,1,1,1,1,1,1,2,4,6,8,10,11,11,11,10,9,7,4,2,1,1,1,1,3,5,7,9,10,11,11,10,9,8,5,3,1,1,1,0,0,0,0,0,0,0,0,0,0,0,0,0,0,0,0,0,0,0,0,0,0,0,0,0,0,0,0,0,0,0,0,0,0,0,0,0,0,0,0,0,0,0,0,0,0,0,0,0,0,0,0,0,0,0,0,0,0,0,0,0,0,0,0,0,0,0,0,0,0,0,0,0,0,0,0,0,0,0,0,0,0,0,0,0,0,0,0,0,0,0,0,0,0,0,0,0,0,0,0,0,0,0,0,0,0,0,0,0,0,0,0,0,0,0,0,0,0,0,0,0,0,0,1,1,2,3,4,4,5,5,5,5,6,5,4,5,3,3,4,5,7,9,11,12,11,11,10,10,9,9,10,12,13,14,14,14,12,10,7,4,3,1,1,1,1,1,1,2,4,6,8,10,11,11,11,10,9,7,4,2,1,1,1,1,3,5,7,9,10,11,11,10,9,8,5,3,1,1,1,0,0,0,0,0,0,0,0,0,0,0,0,0,0,0,0,0,0,0,0,0,0,0,0,0,0,0,0,0,0,0,0,0,0,0,0,0,0,0,0,0,0,0,0,0,0,0,0,0,0,0,0,0,0,0
0,0,0,0,0,0,0,0,0,0,0,0,0,0,0,0,0,0,0,0,0,0,0,0,0,0,0,0,0,0,0,0,0,0,0,0,0,0,0,0,0,0,0,0,0,0,0,0,0,0,0,0,0,0,0,0,0,0,0,0,0,0,0,0,0,0,0,0,1,1,2,2,4,4,5,5,5,5,6,5,4,5,4,3,4,5,7,9,11,12,11,10,10,9,8,8,9,11,13,14,14,14,13,11,8,5,3,2,1,1,1,1,1,3,4,7,9,10,11,11,10,10,8,6,4,2,1,1,1,2,3,5,8,10,10,11,11,10,9,7,5,3,1,1,1,0,0,0,0,0,0,0,0,0,0,0,0,0,0,0,0,0,0,0,0,0,0,0,0,0,0,0,0,0,0,0,0,0,0,0,0,0,0,0,0,0,0,0,0,0,0,0,0,0,0,0,0,0,0,0,0,0,0,0,0,0,0,0,0,0,0,0,0,0,0,0,0,0,0,0,0,0,0,0,0,0,0,0,0,0,0,0,0,0,0,0,0,0,0,0,0,0,0,0,0,0,0,0,0,0,0,0,0,0,0,0,0,0,0,0,0,0,0,0,0,0,0,0,1,1,2,2,4,4,5,5,5,5,6,5,4,5,4,3,4,5,7,9,11,11,11,10,10,9,8,8,9,11,13,14,14,14,13,11,8,5,3,2,1,1,1,1,1,3,4,7,9,10,11,11,10,10,8,6,4,2,1,1,1,2,3,5,8,10,10,11,11,10,9,7,5,3,1,1,1,0,0,0,0,0,0,0,0,0,0,0,0,0,0,0,0,0,0,0,0,0,0,0,0,0,0,0,0,0,0,0,0,0,0,0,0,0,0,0,0,0,0,0,0,0,0,0,0,0,0,0,0,0,0,0
0,0,0,0,0,0,0,0,0,0,0,0,0,0,0,0,0,0,0,0,0,0,0,0,0,0,0,0,0,0,0,0,0,0,0,0,0,0,0,0,0,0,0,0,0,0,0,0,0,0,0,0,0,0,0,0,0,0,0,0,0,0,0,0,0,0,0,0,1,1,2,2,3,4,5,5,5,5,6,5,4,5,4,4,5,6,8,10,11,11,11,10,9,8,7,7,8,10,12,13,14,14,13,12,9,6,4,2,1,1,1,1,2,3,5,7,9,10,11,11,10,9,8,5,3,2,1,1,1,2,4,6,8,10,10,11,10,9,8,7,4,2,1,1,1,0,0,0,0,0,0,0,0,0,0,0,0,0,0,0,0,0,0,0,0,0,0,0,0,0,0,0,0,0,0,0,0,0,0,0,0,0,0,0,0,0,0,0,0,0,0,0,0,0,0,0,0,0,0,0,0,0,0,0,0,0,0,0,0,0,0,0,0,0,0,0,0,0,0,0,0,0,0,0,0,0,0,0,0,0,0,0,0,0,0,0,0,0,0,0,0,0,0,0,0,0,0,0,0,0,0,0,0,0,0,0,0,0,0,0,0,0,0,0,0,0,0,0,1,1,2,2,3,4,5,5,5,5,6,5,4,5,4,4,5,6,8,10,11,11,11,10,9,8,7,7,8,10,12,14,14,14,13,12,9,6,4,2,1,1,1,1,2,3,5,7,9,10,11,11,10,9,8,5,3,2,1,1,1,2,4,6,8,10,10,11,10,9,8,7,4,2,1,1,1,0,0,0,0,0,0,0,0,0,0,0,0,0,0,0,0,0,0,0,0,0,0,0,0,0,0,0,0,0,0,0,0,0,0,0,0,0,0,0,0,0,0,0,0,0,0,0,0,0,0,0,0,0,0,0
0,0,0,0,0,0,0,0,0,0,0,0,0,0,0,0,0,0,0,0,0,0,0,0,0,0,0,0,0,0,0,0,0,0,0,0,0,0,0,0,0,0,0,0,0,0,0,0,0,0,0,0,0,0,0,0,0,0,0,0,0,0,0,0,0,0,0,0,1,1,2,2,3,4,5,5,5,5,6,5,4,5,4,4,5,7,8,10,11,11,11,9,9,7,6,6,7,9,11,13,14,15,14,12,10,7,4,2,1,1,1,1,2,3,5,8,9,10,11,11,10,9,7,5,3,2,1,1,1,2,4,6,9,10,11,11,10,9,8,6,4,2,1,1,1,0,0,0,0,0,0,0,0,0,0,0,0,0,0,0,0,0,0,0,0,0,0,0,0,0,0,0,0,0,0,0,0,0,0,0,0,0,0,0,0,0,0,0,0,0,0,0,0,0,0,0,0,0,0,0,0,0,0,0,0,0,0,0,0,0,0,0,0,0,0,0,0,0,0,0,0,0,0,0,0,0,0,0,0,0,0,0,0,0,0,0,0,0,0,0,0,0,0,0,0,0,0,0,0,0,0,0,0,0,0,0,0,0,0,0,0,0,0,0,0,0,0,0,1,1,2,2,3,4,5,5,5,5,6,5,4,5,4,4,5,6,8,10,11,11,10,9,9,7,6,6,7,9,11,13,14,15,14,12,10,7,4,2,1,1,1,1,2,3,5,8,9,10,11,11,10,9,7,5,3,2,1,1,1,2,4,6,9,10,10,11,10,9,8,6,4,2,1,1,1,0,0,0,0,0,0,0,0,0,0,0,0,0,0,0,0,0,0,0,0,0,0,0,0,0,0,0,0,0,0,0,0,0,0,0,0,0,0,0,0,0,0,0,0,0,0,0,0,0,0,0,0,0,0,0
0,0,0,0,0,0,0,0,0,0,0,0,0,0,0,0,0,0,0,0,0,0,0,0,0,0,0,0,0,0,0,0,0,0,0,0,0,0,0,0,0,0,0,0,0,0,0,0,0,0,0,0,0,0,0,0,0,0,0,0,0,0,0,0,0,0,1,1,1,1,2,2,3,4,5,5,5,5,6,5,4,5,5,5,6,7,9,11,11,11,10,9,8,7,5,5,6,8,11,13,14,15,14,13,11,8,5,3,2,1,1,1,2,4,6,8,10,10,11,10,10,9,7,4,3,1,1,1,1,2,5,7,9,10,11,11,10,9,8,6,3,2,1,1,1,0,0,0,0,0,0,0,0,0,0,0,0,0,0,0,0,0,0,0,0,0,0,0,0,0,0,0,0,0,0,0,0,0,0,0,0,0,0,0,0,0,0,0,0,0,0,0,0,0,0,0,0,0,0,0,0,0,0,0,0,0,0,0,0,0,0,0,0,0,0,0,0,0,0,0,0,0,0,0,0,0,0,0,0,0,0,0,0,0,0,0,0,0,0,0,0,0,0,0,0,0,0,0,0,0,0,0,0,0,0,0,0,0,0,0,0,0,0,0,0,0,1,1,1,1,2,2,3,4,5,5,5,5,6,5,4,5,5,5,6,7,8,10,11,11,10,9,8,7,5,5,6,8,11,13,14,15,14,13,11,8,5,3,2,1,1,1,2,4,6,8,10,10,11,10,10,9,7,4,3,1,1,1,1,2,5,7,9,10,11,11,10,9,8,6,3,2,1,1,1,0,0,0,0,0,0,0,0,0,0,0,0,0,0,0,0,0,0,0,0,0,0,0,0,0,0,0,0,0,0,0,0,0,0,0,0,0,0,0,0,0,0,0,0,0,0,0,0,0,0,0,0,0,0,0
0,0,0,0,0,0,0,0,0,0,0,0,0,0,0,0,0,0,0,0,0,0,0,0,0,0,0,0,0,0,0,0,0,0,0,0,0,0,0,0,0,0,0,0,0,0,0,0,0,0,0,0,0,0,0,0,0,0,0,0,0,0,0,0,0,0,1,1,1,1,1,2,3,4,5,5,5,5,6,5,5,5,5,5,6,8,9,11,11,11,10,9,8,6,5,4,5,7,10,12,14,15,15,14,12,9,6,3,2,1,1,1,2,4,6,8,10,10,11,10,10,8,6,4,2,1,1,1,2,3,5,7,9,10,11,10,10,9,7,5,3,1,1,1,0,0,0,0,0,0,0,0,0,0,0,0,0,0,0,0,0,0,0,0,0,0,0,0,0,0,0,0,0,0,0,0,0,0,0,0,0,0,0,0,0,0,0,0,0,0,0,0,0,0,0,0,0,0,0,0,0,0,0,0,0,0,0,0,0,0,0,0,0,0,0,0,0,0,0,0,0,0,0,0,0,0,0,0,0,0,0,0,0,0,0,0,0,0,0,0,0,0,0,0,0,0,0,0,0,0,0,0,0,0,0,0,0,0,0,0,0,0,0,0,0,0,1,1,1,1,1,2,3,4,5,5,5,5,6,5,5,5,5,5,6,7,9,11,11,11,10,9,8,6,5,4,5,7,10,12,14,15,15,14,12,9,6,3,2,1,1,1,2,4,6,8,10,10,11,10,10,8,6,4,2,1,1,1,2,3,5,7,9,10,11,10,10,9,7,5,3,1,1,1,0,0,0,0,0,0,0,0,0,0,0,0,0,0,0,0,0,0,0,0,0,0,0,0,0,0,0,0,0,0,0,0,0,0,0,0,0,0,0,0,0,0,0,0,0,0,0,0,0,0,0,0,0,0,0,0
0,0,0,0,0,0,0,0,0,0,0,0,0,0,0,0,0,0,0,0,0,0,0,0,0,0,0,0,0,0,0,0,0,0,0,0,0,0,0,0,0,0,0,0,0,0,0,0,0,0,0,0,0,0,0,0,0,0,0,0,0,0,0,0,0,0,1,1,1,1,1,2,3,4,5,5,5,5,6,5,5,5,5,5,7,8,9,11,11,11,9,8,7,5,4,4,4,6,9,12,14,15,15,14,12,10,7,4,2,1,1,2,3,4,7,9,10,10,11,10,9,8,6,4,2,1,1,1,2,3,6,8,9,10,11,10,9,8,7,5,2,1,1,1,0,0,0,0,0,0,0,0,0,0,0,0,0,0,0,0,0,0,0,0,0,0,0,0,0,0,0,0,0,0,0,0,0,0,0,0,0,0,0,0,0,0,0,0,0,0,0,0,0,0,0,0,0,0,0,0,0,0,0,0,0,0,0,0,0,0,0,0,0,0,0,0,0,0,0,0,0,0,0,0,0,0,0,0,0,0,0,0,0,0,0,0,0,0,0,0,0,0,0,0,0,0,0,0,0,0,0,0,0,0,0,0,0,0,0,0,0,0,0,0,0,0,1,1,1,1,1,2,3,4,5,5,5,5,6,5,5,5,5,5,7,8,9,11,11,10,9,8,7,5,4,4,4,6,9,12,14,15,15,14,12,10,7,4,2,1,1,2,3,4,7,9,10,10,11,10,9,8,6,4,2,1,1,1,2,3,6,8,9,10,11,10,9,8,7,5,2,1,1,1,0,0,0,0,0,0,0,0,0,0,0,0,0,0,0,0,0,0,0,0,0,0,0,0,0,0,0,0,0,0,0,0,0,0,0,0,0,0,0,0,0,0,0,0,0,0,0,0,0,0,0,0,0,0,0,0
0,0,0,0,0,0,0,0,0,0,0,0,0,0,0,0,0,0,0,0,0,0,0,0,0,0,0,0,0,0,0,0,0,0,0,0,0,0,0,0,0,0,0,0,0,0,0,0,0,0,0,0,0,0,0,0,0,0,0,0,0,0,0,0,0,0,1,1,1,1,1,2,3,4,5,5,5,5,6,5,5,5,6,6,7,9,10,11,11,10,9,8,7,5,3,3,4,5,8,11,13,15,15,15,13,11,8,5,3,2,2,2,3,5,7,9,10,10,10,10,9,7,5,3,2,1,1,1,2,4,6,8,10,10,11,10,9,8,6,4,2,1,1,1,0,0,0,0,0,0,0,0,0,0,0,0,0,0,0,0,0,0,0,0,0,0,0,0,0,0,0,0,0,0,0,0,0,0,0,0,0,0,0,0,0,0,0,0,0,0,0,0,0,0,0,0,0,0,0,0,0,0,0,0,0,0,0,0,0,0,0,0,0,0,0,0,0,0,0,0,0,0,0,0,0,0,0,0,0,0,0,0,0,0,0,0,0,0,0,0,0,0,0,0,0,0,0,0,0,0,0,0,0,0,0,0,0,0,0,0,0,0,0,0,0,0,1,1,1,1,1,2,3,4,5,5,5,5,6,5,5,5,6,6,7,8,10,11,11,10,9,8,7,5,3,3,4,5,8,11,13,15,15,15,13,11,8,5,3,2,2,2,3,5,7,9,10,10,10,10,9,7,5,3,2,1,1,1,2,4,6,8,10,10,11,10,9,8,6,4,2,1,1,1,0,0,0,0,0,0,0,0,0,0,0,0,0,0,0,0,0,0,0,0,0,0,0,0,0,0,0,0,0,0,0,0,0,0,0,0,0,0,0,0,0,0,0,0,0,0,0,0,0,0,0,0,0,0,0,0
0,0,0,0,0,0,0,0,0,0,0,0,0,0,0,0,0,0,0,0,0,0,0,0,0,0,0,0,0,0,0,0,0,0,0,0,0,0,0,0,0,0,0,0,0,0,0,0,0,0,0,0,0,0,0,0,0,0,0,0,0,0,0,0,0,0,0,1,1,1,1,2,3,4,5,5,5,5,6,5,5,5,6,6,7,9,10,11,11,10,9,8,6,4,3,3,3,5,7,10,13,14,15,15,14,12,9,6,3,2,2,2,3,5,7,9,10,10,10,10,9,7,5,3,1,1,1,1,2,4,7,9,10,10,10,10,9,7,6,3,2,1,1,1,0,0,0,0,0,0,0,0,0,0,0,0,0,0,0,0,0,0,0,0,0,0,0,0,0,0,0,0,0,0,0,0,0,0,0,0,0,0,0,0,0,0,0,0,0,0,0,0,0,0,0,0,0,0,0,0,0,0,0,0,0,0,0,0,0,0,0,0,0,0,0,0,0,0,0,0,0,0,0,0,0,0,0,0,0,0,0,0,0,0,0,0,0,0,0,0,0,0,0,0,0,0,0,0,0,0,0,0,0,0,0,0,0,0,0,0,0,0,0,0,0,0,0,1,1,1,1,2,3,4,5,5,5,5,6,5,5,5,6,6,7,9,10,11,11,10,9,8,6,4,3,3,3,5,7,10,13,14,15,15,14,12,9,6,3,2,2,2,3,5,7,9,10,10,10,10,9,7,5,3,1,1,1,1,2,4,7,9,10,10,10,10,9,7,6,3,2,1,1,1,0,0,0,0,0,0,0,0,0,0,0,0,0,0,0,0,0,0,0,0,0,0,0,0,0,0,0,0,0,0,0,0,0,0,0,0,0,0,0,0,0,0,0,0,0,0,0,0,0,0,0,0,0,0,0,0
0,0,0,0,0,0,0,0,0,0,0,0,0,0,0,0,0,0,0,0,0,0,0,0,0,0,0,0,0,0,0,0,0,0,0,0,0,0,0,0,0,0,0,0,0,0,0,0,0,0,0,0,0,0,0,0,0,0,0,0,0,0,0,0,0,0,0,1,1,1,1,2,3,4,4,5,5,5,6,5,6,5,7,7,8,9,11,11,11,9,8,8,6,4,2,2,3,4,6,9,12,14,15,15,14,13,10,6,4,3,2,3,4,6,8,10,10,10,10,9,8,6,4,2,1,1,1,1,3,5,7,9,10,10,10,10,8,7,5,3,1,1,1,1,0,0,0,0,0,0,0,0,0,0,0,0,0,0,0,0,0,0,0,0,0,0,0,0,0,0,0,0,0,0,0,0,0,0,0,0,0,0,0,0,0,0,0,0,0,0,0,0,0,0,0,0,0,0,0,0,0,0,0,0,0,0,0,0,0,0,0,0,0,0,0,0,0,0,0,0,0,0,0,0,0,0,0,0,0,0,0,0,0,0,0,0,0,0,0,0,0,0,0,0,0,0,0,0,0,0,0,0,0,0,0,0,0,0,0,0,0,0,0,0,0,0,0,1,1,1,1,2,3,4,4,5,5,5,6,5,6,5,7,7,8,9,11,11,10,9,8,7,5,3,2,2,3,4,6,9,12,14,15,15,14,13,10,6,4,3,2,3,4,6,8,10,10,10,10,9,8,6,4,2,1,1,1,1,3,5,7,9,10,10,10,10,8,7,5,3,1,1,1,1,0,0,0,0,0,0,0,0,0,0,0,0,0,0,0,0,0,0,0,0,0,0,0,0,0,0,0,0,0,0,0,0,0,0,0,0,0,0,0,0,0,0,0,0,0,0,0,0,0,0,0,0,0,0,0,0
0,0,0,0,0,0,0,0,0,0,0,0,0,0,0,0,0,0,0,0,0,0,0,0,0,0,0,0,0,0,0,0,0,0,0,0,0,0,0,0,0,0,0,0,0,0,0,0,0,0,0,0,0,0,0,0,0,0,0,0,0,0,0,0,0,0,0,1,1,1,1,2,3,3,4,5,4,5,6,6,6,5,7,7,8,10,11,11,10,9,8,7,5,3,2,2,2,3,5,8,11,14,15,15,15,13,11,7,5,3,3,3,4,6,8,10,10,10,10,9,8,6,4,2,1,1,1,1,3,5,7,9,10,10,10,9,8,7,5,3,1,1,1,0,0,0,0,0,0,0,0,0,0,0,0,0,0,0,0,0,0,0,0,0,0,0,0,0,0,0,0,0,0,0,0,0,0,0,0,0,0,0,0,0,0,0,0,0,0,0,0,0,0,0,0,0,0,0,0,0,0,0,0,0,0,0,0,0,0,0,0,0,0,0,0,0,0,0,0,0,0,0,0,0,0,0,0,0,0,0,0,0,0,0,0,0,0,0,0,0,0,0,0,0,0,0,0,0,0,0,0,0,0,0,0,0,0,0,0,0,0,0,0,0,0,0,0,1,1,1,1,2,3,3,4,5,4,5,6,6,6,5,7,7,8,10,11,11,10,9,8,7,5,3,2,2,2,3,5,8,11,14,15,15,15,13,11,7,5,3,3,3,4,6,8,10,10,10,10,9,8,6,4,2,1,1,1,1,3,5,7,9,10,10,10,9,8,7,5,3,1,1,1,0,0,0,0,0,0,0,0,0,0,0,0,0,0,0,0,0,0,0,0,0,0,0,0,0,0,0,0,0,0,0,0,0,0,0,0,0,0,0,0,0,0,0,0,0,0,0,0,0,0,0,0,0,0,0,0,0
0,0,0,0,0,0,0,0,0,0,0,0,0,0,0,0,0,0,0,0,0,0,0,0,0,0,0,0,0,0,0,0,0,0,0,0,0,0,0,0,0,0,0,0,0,0,0,0,0,0,0,0,0,0,0,0,0,0,0,0,0,0,0,0,0,0,0,1,1,1,1,2,3,3,4,5,4,5,6,6,6,5,7,8,9,10,11,11,10,9,8,7,4,3,2,1,2,3,5,7,10,13,15,15,15,14,12,8,6,4,3,3,5,7,9,10,10,10,10,9,8,5,3,2,1,1,1,2,3,6,8,9,10,10,10,9,8,6,4,2,1,1,1,0,0,0,0,0,0,0,0,0,0,0,0,0,0,0,0,0,0,0,0,0,0,0,0,0,0,0,0,0,0,0,0,0,0,0,0,0,0,0,0,0,0,0,0,0,0,0,0,0,0,0,0,0,0,0,0,0,0,0,0,0,0,0,0,0,0,0,0,0,0,0,0,0,0,0,0,0,0,0,0,0,0,0,0,0,0,0,0,0,0,0,0,0,0,0,0,0,0,0,0,0,0,0,0,0,0,0,0,0,0,0,0,0,0,0,0,0,0,0,0,0,0,0,0,1,1,1,1,2,3,3,4,5,4,5,6,6,6,5,7,8,9,10,11,11,10,9,8,7,4,3,2,1,2,3,5,8,10,13,15,15,15,14,12,8,6,4,3,3,5,7,9,10,10,10,10,9,8,5,3,2,1,1,1,2,3,6,8,9,10,10,10,9,8,6,4,2,1,1,1,0,0,0,0,0,0,0,0,0,0,0,0,0,0,0,0,0,0,0,0,0,0,0,0,0,0,0,0,0,0,0,0,0,0,0,0,0,0,0,0,0,0,0,0,0,0,0,0,0,0,0,0,0,0,0,0,0
0,0,0,0,0,0,0,0,0,0,0,0,0,0,0,0,0,0,0,0,0,0,0,0,0,0,0,0,0,0,0,0,0,0,0,0,0,0,0,0,0,0,0,0,0,0,0,0,0,0,0,0,0,0,0,0,0,0,0,0,0,0,0,0,0,0,0,1,1,1,1,2,3,3,4,5,4,5,6,6,6,5,8,8,9,11,11,11,10,9,8,6,4,2,1,1,2,2,4,7,10,13,15,15,15,15,13,10,7,5,4,4,5,7,9,10,10,10,9,9,7,5,3,2,1,1,1,2,4,6,8,9,10,10,10,9,7,6,4,2,1,1,1,0,0,0,0,0,0,0,0,0,0,0,0,0,0,0,0,0,0,0,0,0,0,0,0,0,0,0,0,0,0,0,0,0,0,0,0,0,0,0,0,0,0,0,0,0,0,0,0,0,0,0,0,0,0,0,0,0,0,0,0,0,0,0,0,0,0,0,0,0,0,0,0,0,0,0,0,0,0,0,0,0,0,0,0,0,0,0,0,0,0,0,0,0,0,0,0,0,0,0,0,0,0,0,0,0,0,0,0,0,0,0,0,0,0,0,0,0,0,0,0,0,0,0,0,1,1,1,1,2,3,3,4,5,4,5,6,6,6,5,8,8,9,11,11,11,10,8,8,6,4,2,1,1,2,2,4,7,10,12,15,15,15,15,13,10,7,5,4,4,5,7,9,10,10,10,9,9,7,5,3,2,1,1,1,2,4,6,8,9,10,10,10,9,7,6,4,2,1,1,1,0,0,0,0,0,0,0,0,0,0,0,0,0,0,0,0,0,0,0,0,0,0,0,0,0,0,0,0,0,0,0,0,0,0,0,0,0,0,0,0,0,0,0,0,0,0,0,0,0,0,0,0,0,0,0,0,0
0,0,0,0,0,0,0,0,0,0,0,0,0,0,0,0,0,0,0,0,0,0,0,0,0,0,0,0,0,0,0,0,0,0,0,0,0,0,0,0,0,0,0,0,0,0,0,0,0,0,0,0,0,0,0,0,0,0,0,0,0,0,0,0,0,0,0,1,1,1,1,2,3,3,4,5,4,5,6,6,6,6,8,9,10,11,12,11,9,8,8,6,3,2,1,1,1,2,3,6,9,12,14,15,16,15,14,11,8,6,5,5,6,8,9,10,10,10,9,8,7,4,2,1,1,1,1,2,4,7,8,10,10,10,9,8,7,5,3,2,1,1,1,0,0,0,0,0,0,0,0,0,0,0,0,0,0,0,0,0,0,0,0,0,0,0,0,0,0,0,0,0,0,0,0,0,0,0,0,0,0,0,0,0,0,0,0,0,0,0,0,0,0,0,0,0,0,0,0,0,0,0,0,0,0,0,0,0,0,0,0,0,0,0,0,0,0,0,0,0,0,0,0,0,0,0,0,0,0,0,0,0,0,0,0,0,0,0,0,0,0,0,0,0,0,0,0,0,0,0,0,0,0,0,0,0,0,0,0,0,0,0,0,0,0,0,0,1,1,1,1,2,3,3,4,5,4,5,6,6,6,6,8,9,9,11,11,11,9,8,7,6,3,2,1,1,1,2,3,6,9,12,14,15,16,15,14,11,8,6,5,5,6,8,9,10,10,10,9,8,7,4,2,1,1,1,1,2,4,7,8,10,10,10,9,8,7,5,3,2,1,1,1,0,0,0,0,0,0,0,0,0,0,0,0,0,0,0,0,0,0,0,0,0,0,0,0,0,0,0,0,0,0,0,0,0,0,0,0,0,0,0,0,0,0,0,0,0,0,0,0,0,0,0,0,0,0,0,0,0
0,0,0,0,0,0,0,0,0,0,0,0,0,0,0,0,0,0,0,0,0,0,0,0,0,0,0,0,0,0,0,0,0,0,0,0,0,0,0,0,0,0,0,0,0,0,0,0,0,0,0,0,0,0,0,0,0,0,0,0,0,0,0,0,0,0,0,0,1,1,1,2,3,4,4,5,4,5,6,6,6,6,9,9,10,11,12,11,9,8,7,5,3,2,1,1,1,2,3,5,8,11,14,15,16,16,14,12,9,7,5,5,6,8,9,10,10,10,9,8,6,4,2,1,1,1,1,2,5,7,9,10,10,10,9,8,7,5,3,1,1,1,0,0,0,0,0,0,0,0,0,0,0,0,0,0,0,0,0,0,0,0,0,0,0,0,0,0,0,0,0,0,0,0,0,0,0,0,0,0,0,0,0,0,0,0,0,0,0,0,0,0,0,0,0,0,0,0,0,0,0,0,0,0,0,0,0,0,0,0,0,0,0,0,0,0,0,0,0,0,0,0,0,0,0,0,0,0,0,0,0,0,0,0,0,0,0,0,0,0,0,0,0,0,0,0,0,0,0,0,0,0,0,0,0,0,0,0,0,0,0,0,0,0,0,0,0,0,1,1,1,2,3,4,4,5,4,5,6,6,6,6,9,9,10,11,11,11,9,8,7,5,3,2,1,1,1,2,3,5,8,11,14,15,16,16,14,12,9,7,5,5,6,8,9,10,10,10,9,8,6,4,2,1,1,1,1,2,5,7,9,10,10,10,9,8,7,5,3,1,1,1,0,0,0,0,0,0,0,0,0,0,0,0,0,0,0,0,0,0,0,0,0,0,0,0,0,0,0,0,0,0,0,0,0,0,0,0,0,0,0,0,0,0,0,0,0,0,0,0,0,0,0,0,0,0,0,0,0,0
0,0,0,0,0,0,0,0,0,0,0,0,0,0,0,0,0,0,0,0,0,0,0,0,0,0,0,0,0,0,0,0,0,0,0,0,0,0,0,0,0,0,0,0,0,0,0,0,0,0,0,0,0,0,0,0,0,0,0,0,0,0,0,0,0,0,0,0,1,1,1,2,3,4,4,5,4,5,6,7,6,7,9,10,11,12,12,10,9,8,7,5,3,1,1,1,1,2,2,4,7,10,13,15,16,16,15,13,10,8,6,6,7,8,10,10,10,9,9,8,6,4,2,1,1,1,1,3,5,7,9,10,10,10,9,8,6,4,2,1,1,1,0,0,0,0,0,0,0,0,0,0,0,0,0,0,0,0,0,0,0,0,0,0,0,0,0,0,0,0,0,0,0,0,0,0,0,0,0,0,0,0,0,0,0,0,0,0,0,0,0,0,0,0,0,0,0,0,0,0,0,0,0,0,0,0,0,0,0,0,0,0,0,0,0,0,0,0,0,0,0,0,0,0,0,0,0,0,0,0,0,0,0,0,0,0,0,0,0,0,0,0,0,0,0,0,0,0,0,0,0,0,0,0,0,0,0,0,0,0,0,0,0,0,0,0,0,0,1,1,1,2,3,4,4,5,4,5,6,7,6,7,9,10,10,12,11,10,9,8,7,5,3,1,1,1,1,2,2,4,7,10,13,15,16,16,15,13,10,8,6,6,7,8,10,10,10,9,9,8,6,4,2,1,1,1,1,3,5,7,9,10,10,10,9,8,6,4,2,1,1,1,0,0,0,0,0,0,0,0,0,0,0,0,0,0,0,0,0,0,0,0,0,0,0,0,0,0,0,0,0,0,0,0,0,0,0,0,0,0,0,0,0,0,0,0,0,0,0,0,0,0,0,0,0,0,0,0,0,0
0,0,0,0,0,0,0,0,0,0,0,0,0,0,0,0,0,0,0,0,0,0,0,0,0,0,0,0,0,0,0,0,0,0,0,0,0,0,0,0,0,0,0,0,0,0,0,0,0,0,0,0,0,0,0,0,0,0,0,0,0,0,0,0,0,0,0,0,1,1,1,2,3,4,4,5,4,5,6,7,7,7,9,10,11,12,12,10,8,8,6,4,2,1,1,1,1,1,2,4,6,9,12,14,15,16,16,14,11,9,7,7,8,9,10,10,10,9,9,7,5,3,2,1,1,1,1,3,6,8,9,10,10,10,9,7,6,4,2,1,1,1,0,0,0,0,0,0,0,0,0,0,0,0,0,0,0,0,0,0,0,0,0,0,0,0,0,0,0,0,0,0,0,0,0,0,0,0,0,0,0,0,0,0,0,0,0,0,0,0,0,0,0,0,0,0,0,0,0,0,0,0,0,0,0,0,0,0,0,0,0,0,0,0,0,0,0,0,0,0,0,0,0,0,0,0,0,0,0,0,0,0,0,0,0,0,0,0,0,0,0,0,0,0,0,0,0,0,0,0,0,0,0,0,0,0,0,0,0,0,0,0,0,0,0,0,0,0,1,1,1,2,3,4,4,5,4,5,6,7,7,7,9,10,11,12,11,10,8,8,6,4,2,1,1,1,1,1,2,4,6,9,12,14,15,16,16,14,11,9,7,7,8,9,10,10,10,9,9,7,5,3,2,1,1,1,1,3,6,8,9,10,10,10,9,7,6,4,2,1,1,1,0,0,0,0,0,0,0,0,0,0,0,0,0,0,0,0,0,0,0,0,0,0,0,0,0,0,0,0,0,0,0,0,0,0,0,0,0,0,0,0,0,0,0,0,0,0,0,0,0,0,0,0,0,0,0,0,0,0
0,0,0,0,0,0,0,0,0,0,0,0,0,0,0,0,0,0,0,0,0,0,0,0,0,0,0,0,0,0,0,0,0,0,0,0,0,0,0,0,0,0,0,0,0,0,0,0,0,0,0,0,0,0,0,0,0,0,0,0,0,0,0,0,0,0,0,0,1,1,1,2,3,4,4,5,5,5,6,7,7,8,10,11,12,12,12,10,8,8,6,4,2,1,1,1,1,1,2,3,5,8,11,14,15,16,16,15,12,10,8,8,8,9,10,10,10,9,8,7,5,3,1,1,1,1,2,3,6,8,9,10,10,9,9,7,5,3,2,1,1,1,0,0,0,0,0,0,0,0,0,0,0,0,0,0,0,0,0,0,0,0,0,0,0,0,0,0,0,0,0,0,0,0,0,0,0,0,0,0,0,0,0,0,0,0,0,0,0,0,0,0,0,0,0,0,0,0,0,0,0,0,0,0,0,0,0,0,0,0,0,0,0,0,0,0,0,0,0,0,0,0,0,0,0,0,0,0,0,0,0,0,0,0,0,0,0,0,0,0,0,0,0,0,0,0,0,0,0,0,0,0,0,0,0,0,0,0,0,0,0,0,0,0,0,0,0,0,1,1,1,2,3,4,4,5,5,5,6,7,7,8,10,11,11,12,11,10,8,7,6,4,2,1,1,1,1,1,2,3,5,8,11,14,15,16,16,15,12,10,8,8,8,9,10,10,10,9,8,7,5,3,1,1,1,1,2,3,6,8,9,10,10,9,9,7,5,3,2,1,1,1,0,0,0,0,0,0,0,0,0,0,0,0,0,0,0,0,0,0,0,0,0,0,0,0,0,0,0,0,0,0,0,0,0,0,0,0,0,0,0,0,0,0,0,0,0,0,0,0,0,0,0,0,0,0,0,0,0,0
0,0,0,0,0,0,0,0,0,0,0,0,0,0,0,0,0,0,0,0,0,0,0,0,0,0,0,0,0,0,0,0,0,0,0,0,0,0,0,0,0,0,0,0,0,0,0,0,0,0,0,0,0,0,0,0,0,0,0,0,0,0,0,0,0,0,0,0,0,1,1,2,2,4,4,5,5,5,6,7,7,8,10,11,12,12,12,10,8,7,6,3,2,1,1,1,1,1,1,3,4,7,10,13,15,16,16,15,14,11,10,9,9,10,10,10,10,9,8,6,4,2,1,1,1,1,2,4,6,8,9,10,10,9,8,7,5,3,1,1,1,1,0,0,0,0,0,0,0,0,0,0,0,0,0,0,0,0,0,0,0,0,0,0,0,0,0,0,0,0,0,0,0,0,0,0,0,0,0,0,0,0,0,0,0,0,0,0,0,0,0,0,0,0,0,0,0,0,0,0,0,0,0,0,0,0,0,0,0,0,0,0,0,0,0,0,0,0,0,0,0,0,0,0,0,0,0,0,0,0,0,0,0,0,0,0,0,0,0,0,0,0,0,0,0,0,0,0,0,0,0,0,0,0,0,0,0,0,0,0,0,0,0,0,0,0,0,0,0,1,1,2,2,4,4,5,5,5,6,7,7,8,10,11,12,12,11,9,8,7,5,3,2,1,1,1,1,1,1,3,4,7,10,13,15,16,16,15,14,11,10,9,9,10,10,10,10,9,8,6,4,2,1,1,1,1,2,4,6,8,9,10,10,9,8,7,5,3,1,1,1,1,0,0,0,0,0,0,0,0,0,0,0,0,0,0,0,0,0,0,0,0,0,0,0,0,0,0,0,0,0,0,0,0,0,0,0,0,0,0,0,0,0,0,0,0,0,0,0,0,0,0,0,0,0,0,0,0,0,0
0,0,0,0,0,0,0,0,0,0,0,0,0,0,0,0,0,0,0,0,0,0,0,0,0,0,0,0,0,0,0,0,0,0,0,0,0,0,0,0,0,0,0,0,0,0,0,0,0,0,0,0,0,0,0,0,0,0,0,0,0,0,0,0,0,0,0,0,0,1,1,2,2,4,4,4,5,5,6,7,8,9,10,12,12,12,11,9,8,7,5,3,2,1,1,0,1,1,1,2,4,6,9,12,14,16,16,16,15,13,11,10,10,10,11,10,9,9,8,6,4,2,1,1,1,1,2,4,7,9,9,10,10,9,8,6,4,2,1,1,1,0,0,0,0,0,0,0,0,0,0,0,0,0,0,0,0,0,0,0,0,0,0,0,0,0,0,0,0,0,0,0,0,0,0,0,0,0,0,0,0,0,0,0,0,0,0,0,0,0,0,0,0,0,0,0,0,0,0,0,0,0,0,0,0,0,0,0,0,0,0,0,0,0,0,0,0,0,0,0,0,0,0,0,0,0,0,0,0,0,0,0,0,0,0,0,0,0,0,0,0,0,0,0,0,0,0,0,0,0,0,0,0,0,0,0,0,0,0,0,0,0,0,0,0,0,0,0,0,1,1,2,2,4,4,4,5,5,6,7,8,9,10,12,12,12,11,9,8,7,5,3,1,1,1,0,1,1,1,2,4,6,9,12,14,16,16,16,15,13,11,10,10,10,11,10,9,9,8,6,4,2,1,1,1,1,2,4,7,9,9,10,10,9,8,6,4,2,1,1,1,0,0,0,0,0,0,0,0,0,0,0,0,0,0,0,0,0,0,0,0,0,0,0,0,0,0,0,0,0,0,0,0,0,0,0,0,0,0,0,0,0,0,0,0,0,0,0,0,0,0,0,0,0,0,0,0,0,0,0
0,0,0,0,0,0,0,0,0,0,0,0,0,0,0,0,0,0,0,0,0,0,0,0,0,0,0,0,0,0,0,0,0,0,0,0,0,0,0,0,0,0,0,0,0,0,0,0,0,0,0,0,0,0,0,0,0,0,0,0,0,0,0,0,0,0,0,0,0,1,1,2,2,3,4,4,5,5,6,7,8,9,10,12,13,12,11,9,8,7,5,3,1,1,0,0,1,1,1,2,3,5,8,11,14,15,16,17,16,14,12,11,11,11,11,10,9,9,7,5,3,2,1,1,1,1,2,5,7,9,9,10,10,9,8,6,4,2,1,1,1,0,0,0,0,0,0,0,0,0,0,0,0,0,0,0,0,0,0,0,0,0,0,0,0,0,0,0,0,0,0,0,0,0,0,0,0,0,0,0,0,0,0,0,0,0,0,0,0,0,0,0,0,0,0,0,0,0,0,0,0,0,0,0,0,0,0,0,0,0,0,0,0,0,0,0,0,0,0,0,0,0,0,0,0,0,0,0,0,0,0,0,0,0,0,0,0,0,0,0,0,0,0,0,0,0,0,0,0,0,0,0,0,0,0,0,0,0,0,0,0,0,0,0,0,0,0,0,0,1,1,2,2,3,4,4,5,5,6,7,8,9,10,12,13,12,11,9,8,7,4,3,1,1,0,0,1,1,1,2,3,5,8,11,14,15,16,17,16,14,12,11,11,11,11,10,9,9,7,5,3,2,1,1,1,1,2,5,7,9,9,10,10,9,8,6,4,2,1,1,1,0,0,0,0,0,0,0,0,0,0,0,0,0,0,0,0,0,0,0,0,0,0,0,0,0,0,0,0,0,0,0,0,0,0,0,0,0,0,0,0,0,0,0,0,0,0,0,0,0,0,0,0,0,0,0,0,0,0,0
0,0,0,0,0,0,0,0,0,0,0,0,0,0,0,0,0,0,0,0,0,0,0,0,0,0,0,0,0,0,0,0,0,0,0,0,0,0,0,0,0,0,0,0,0,0,0,0,0,0,0,0,0,0,0,0,0,0,0,0,0,0,0,0,0,0,0,0,0,1,1,2,2,3,4,4,5,5,6,7,9,10,10,13,13,12,11,9,8,6,4,2,1,1,0,0,0,1,1,1,3,4,7,10,13,15,16,17,17,16,14,13,12,11,11,10,9,8,7,5,3,2,1,1,1,1,3,5,8,9,10,10,9,9,7,6,3,2,1,1,1,0,0,0,0,0,0,0,0,0,0,0,0,0,0,0,0,0,0,0,0,0,0,0,0,0,0,0,0,0,0,0,0,0,0,0,0,0,0,0,0,0,0,0,0,0,0,0,0,0,0,0,0,0,0,0,0,0,0,0,0,0,0,0,0,0,0,0,0,0,0,0,0,0,0,0,0,0,0,0,0,0,0,0,0,0,0,0,0,0,0,0,0,0,0,0,0,0,0,0,0,0,0,0,0,0,0,0,0,0,0,0,0,0,0,0,0,0,0,0,0,0,0,0,0,0,0,0,0,1,1,2,2,3,4,4,5,5,6,7,9,10,10,13,13,12,11,9,7,6,4,2,1,1,0,0,0,1,1,1,3,4,7,10,13,15,16,17,17,16,14,13,12,11,11,10,9,8,7,5,3,2,1,1,1,1,3,5,8,9,10,10,9,9,7,6,3,2,1,1,1,0,0,0,0,0,0,0,0,0,0,0,0,0,0,0,0,0,0,0,0,0,0,0,0,0,0,0,0,0,0,0,0,0,0,0,0,0,0,0,0,0,0,0,0,0,0,0,0,0,0,0,0,0,0,0,0,0,0,0
0,0,0,0,0,0,0,0,0,0,0,0,0,0,0,0,0,0,0,0,0,0,0,0,0,0,0,0,0,0,0,0,0,0,0,0,0,0,0,0,0,0,0,0,0,0,0,0,0,0,0,0,0,0,0,0,0,0,0,0,0,0,0,0,0,0,0,0,0,1,1,2,2,3,4,4,5,5,6,7,9,10,11,13,13,12,11,9,7,6,4,2,1,1,0,0,0,1,1,1,2,4,6,9,12,15,16,17,18,17,15,14,13,12,12,10,9,8,7,5,3,1,1,1,1,1,3,6,8,9,10,10,9,8,7,5,3,2,1,1,1,0,0,0,0,0,0,0,0,0,0,0,0,0,0,0,0,0,0,0,0,0,0,0,0,0,0,0,0,0,0,0,0,0,0,0,0,0,0,0,0,0,0,0,0,0,0,0,0,0,0,0,0,0,0,0,0,0,0,0,0,0,0,0,0,0,0,0,0,0,0,0,0,0,0,0,0,0,0,0,0,0,0,0,0,0,0,0,0,0,0,0,0,0,0,0,0,0,0,0,0,0,0,0,0,0,0,0,0,0,0,0,0,0,0,0,0,0,0,0,0,0,0,0,0,0,0,0,0,1,1,2,2,3,4,4,5,5,6,7,9,10,11,13,13,12,11,9,7,6,4,2,1,1,0,0,0,1,1,1,2,4,6,9,12,15,16,17,18,17,15,14,13,12,11,10,9,8,7,5,3,1,1,1,1,1,3,6,8,9,10,10,9,8,7,5,3,2,1,1,1,0,0,0,0,0,0,0,0,0,0,0,0,0,0,0,0,0,0,0,0,0,0,0,0,0,0,0,0,0,0,0,0,0,0,0,0,0,0,0,0,0,0,0,0,0,0,0,0,0,0,0,0,0,0,0,0,0,0,0
0,0,0,0,0,0,0,0,0,0,0,0,0,0,0,0,0,0,0,0,0,0,0,0,0,0,0,0,0,0,0,0,0,0,0,0,0,0,0,0,0,0,0,0,0,0,0,0,0,0,0,0,0,0,0,0,0,0,0,0,0,0,0,0,0,0,0,0,0,1,1,2,2,3,4,4,5,5,6,8,10,10,11,14,13,12,11,8,7,5,3,2,1,1,0,0,0,1,1,1,2,3,5,8,11,14,16,17,18,18,17,16,14,13,12,10,9,8,6,4,2,1,1,1,1,2,4,6,8,9,10,10,9,8,7,5,3,1,1,1,1,0,0,0,0,0,0,0,0,0,0,0,0,0,0,0,0,0,0,0,0,0,0,0,0,0,0,0,0,0,0,0,0,0,0,0,0,0,0,0,0,0,0,0,0,0,0,0,0,0,0,0,0,0,0,0,0,0,0,0,0,0,0,0,0,0,0,0,0,0,0,0,0,0,0,0,0,0,0,0,0,0,0,0,0,0,0,0,0,0,0,0,0,0,0,0,0,0,0,0,0,0,0,0,0,0,0,0,0,0,0,0,0,0,0,0,0,0,0,0,0,0,0,0,0,0,0,0,0,1,1,2,2,3,4,4,5,5,6,8,10,10,11,14,13,12,11,8,7,5,3,2,1,1,0,0,0,1,1,1,2,3,5,8,11,14,16,17,18,18,17,16,14,13,12,10,9,8,6,4,2,1,1,1,1,2,4,6,8,9,10,10,9,8,7,5,3,1,1,1,1,0,0,0,0,0,0,0,0,0,0,0,0,0,0,0,0,0,0,0,0,0,0,0,0,0,0,0,0,0,0,0,0,0,0,0,0,0,0,0,0,0,0,0,0,0,0,0,0,0,0,0,0,0,0,0,0,0,0,0
0,0,0,0,0,0,0,0,0,0,0,0,0,0,0,0,0,0,0,0,0,0,0,0,0,0,0,0,0,0,0,0,0,0,0,0,0,0,0,0,0,0,0,0,0,0,0,0,0,0,0,0,0,0,0,0,0,0,0,0,0,0,0,0,0,0,0,0,0,1,1,2,2,3,4,4,5,5,6,8,10,11,11,14,13,12,10,8,7,5,3,1,1,1,0,0,0,0,1,1,1,3,4,7,10,13,16,17,19,19,18,17,15,14,12,10,9,8,6,4,2,1,1,1,1,2,4,6,8,9,10,10,9,8,6,4,2,1,1,1,0,0,0,0,0,0,0,0,0,0,0,0,0,0,0,0,0,0,0,0,0,0,0,0,0,0,0,0,0,0,0,0,0,0,0,0,0,0,0,0,0,0,0,0,0,0,0,0,0,0,0,0,0,0,0,0,0,0,0,0,0,0,0,0,0,0,0,0,0,0,0,0,0,0,0,0,0,0,0,0,0,0,0,0,0,0,0,0,0,0,0,0,0,0,0,0,0,0,0,0,0,0,0,0,0,0,0,0,0,0,0,0,0,0,0,0,0,0,0,0,0,0,0,0,0,0,0,0,0,1,1,2,2,3,4,4,5,5,6,8,10,11,11,14,13,12,10,8,7,5,3,1,1,1,0,0,0,0,1,1,1,3,4,7,10,13,16,17,19,19,18,17,15,14,12,10,9,8,6,4,2,1,1,1,1,2,4,6,8,9,10,10,9,8,6,4,2,1,1,1,0,0,0,0,0,0,0,0,0,0,0,0,0,0,0,0,0,0,0,0,0,0,0,0,0,0,0,0,0,0,0,0,0,0,0,0,0,0,0,0,0,0,0,0,0,0,0,0,0,0,0,0,0,0,0,0,0,0,0,0
0,0,0,0,0,0,0,0,0,0,0,0,0,0,0,0,0,0,0,0,0,0,0,0,0,0,0,0,0,0,0,0,0,0,0,0,0,0,0,0,0,0,0,0,0,0,0,0,0,0,0,0,0,0,0,0,0,0,0,0,0,0,0,0,0,0,0,0,1,1,1,2,2,3,4,4,5,5,6,8,10,11,12,14,13,12,10,8,7,4,2,1,1,0,0,0,0,0,1,1,1,2,4,6,9,12,15,17,19,20,20,19,17,15,13,10,9,7,5,3,2,1,1,1,1,2,4,7,9,9,10,9,9,8,6,4,2,1,1,1,0,0,0,0,0,0,0,0,0,0,0,0,0,0,0,0,0,0,0,0,0,0,0,0,0,0,0,0,0,0,0,0,0,0,0,0,0,0,0,0,0,0,0,0,0,0,0,0,0,0,0,0,0,0,0,0,0,0,0,0,0,0,0,0,0,0,0,0,0,0,0,0,0,0,0,0,0,0,0,0,0,0,0,0,0,0,0,0,0,0,0,0,0,0,0,0,0,0,0,0,0,0,0,0,0,0,0,0,0,0,0,0,0,0,0,0,0,0,0,0,0,0,0,0,0,0,0,0,1,1,1,2,2,3,4,4,5,5,6,8,10,11,12,14,13,12,10,8,7,4,2,1,1,0,0,0,0,0,1,1,1,2,4,6,9,12,15,17,19,20,20,19,17,15,13,10,9,7,5,3,2,1,1,1,1,2,4,7,9,9,10,9,9,8,6,4,2,1,1,1,0,0,0,0,0,0,0,0,0,0,0,0,0,0,0,0,0,0,0,0,0,0,0,0,0,0,0,0,0,0,0,0,0,0,0,0,0,0,0,0,0,0,0,0,0,0,0,0,0,0,0,0,0,0,0,0,0,0,0,0
0,0,0,0,0,0,0,0,0,0,0,0,0,0,0,0,0,0,0,0,0,0,0,0,0,0,0,0,0,0,0,0,0,0,0,0,0,0,0,0,0,0,0,0,0,0,0,0,0,0,0,0,0,0,0,0,0,0,0,0,0,0,0,0,0,0,0,0,1,1,1,2,2,3,4,4,5,5,7,9,11,11,12,14,13,12,10,8,6,4,2,1,1,0,0,0,0,0,0,1,1,2,3,5,8,11,15,17,19,21,21,20,18,16,13,11,9,7,5,3,2,1,1,1,1,3,5,7,9,9,10,9,8,7,6,3,2,1,1,1,0,0,0,0,0,0,0,0,0,0,0,0,0,0,0,0,0,0,0,0,0,0,0,0,0,0,0,0,0,0,0,0,0,0,0,0,0,0,0,0,0,0,0,0,0,0,0,0,0,0,0,0,0,0,0,0,0,0,0,0,0,0,0,0,0,0,0,0,0,0,0,0,0,0,0,0,0,0,0,0,0,0,0,0,0,0,0,0,0,0,0,0,0,0,0,0,0,0,0,0,0,0,0,0,0,0,0,0,0,0,0,0,0,0,0,0,0,0,0,0,0,0,0,0,0,0,0,0,1,1,1,2,2,3,4,4,5,5,7,9,11,11,12,14,13,12,10,8,6,4,2,1,1,0,0,0,0,0,0,1,1,2,3,5,8,11,15,17,19,21,21,20,18,16,13,11,9,7,5,3,2,1,1,1,1,3,5,7,9,9,10,9,8,7,6,3,2,1,1,1,0,0,0,0,0,0,0,0,0,0,0,0,0,0,0,0,0,0,0,0,0,0,0,0,0,0,0,0,0,0,0,0,0,0,0,0,0,0,0,0,0,0,0,0,0,0,0,0,0,0,0,0,0,0,0,0,0,0,0,0
0,0,0,0,0,0,0,0,0,0,0,0,0,0,0,0,0,0,0,0,0,0,0,0,0,0,0,0,0,0,0,0,0,0,0,0,0,0,0,0,0,0,0,0,0,0,0,0,0,0,0,0,0,0,0,0,0,0,0,0,0,0,0,0,0,0,0,0,1,1,1,1,2,3,4,4,5,5,7,9,11,12,13,14,14,12,10,8,6,3,2,1,1,0,0,0,0,0,0,1,1,1,3,4,7,10,14,17,19,21,22,21,19,17,14,11,9,7,5,3,2,1,1,1,1,3,5,8,9,9,10,9,8,7,5,3,1,1,1,1,0,0,0,0,0,0,0,0,0,0,0,0,0,0,0,0,0,0,0,0,0,0,0,0,0,0,0,0,0,0,0,0,0,0,0,0,0,0,0,0,0,0,0,0,0,0,0,0,0,0,0,0,0,0,0,0,0,0,0,0,0,0,0,0,0,0,0,0,0,0,0,0,0,0,0,0,0,0,0,0,0,0,0,0,0,0,0,0,0,0,0,0,0,0,0,0,0,0,0,0,0,0,0,0,0,0,0,0,0,0,0,0,0,0,0,0,0,0,0,0,0,0,0,0,0,0,0,0,1,1,1,1,2,3,4,4,5,5,7,9,11,12,13,14,13,12,10,8,6,3,2,1,1,0,0,0,0,0,0,1,1,1,3,4,7,10,14,17,19,21,22,21,19,17,14,11,9,7,5,3,2,1,1,1,1,3,5,8,9,9,10,9,8,7,5,3,1,1,1,1,0,0,0,0,0,0,0,0,0,0,0,0,0,0,0,0,0,0,0,0,0,0,0,0,0,0,0,0,0,0,0,0,0,0,0,0,0,0,0,0,0,0,0,0,0,0,0,0,0,0,0,0,0,0,0,0,0,0,0,0
0,0,0,0,0,0,0,0,0,0,0,0,0,0,0,0,0,0,0,0,0,0,0,0,0,0,0,0,0,0,0,0,0,0,0,0,0,0,0,0,0,0,0,0,0,0,0,0,0,0,0,0,0,0,0,0,0,0,0,0,0,0,0,0,0,0,0,0,1,1,1,1,2,3,4,4,5,5,7,9,11,12,13,14,14,12,9,8,6,3,2,1,1,0,0,0,0,0,0,1,1,1,2,4,6,9,13,16,19,22,23,23,21,18,14,11,9,7,4,3,1,1,1,1,2,3,6,8,9,9,10,9,8,7,5,2,1,1,1,0,0,0,0,0,0,0,0,0,0,0,0,0,0,0,0,0,0,0,0,0,0,0,0,0,0,0,0,0,0,0,0,0,0,0,0,0,0,0,0,0,0,0,0,0,0,0,0,0,0,0,0,0,0,0,0,0,0,0,0,0,0,0,0,0,0,0,0,0,0,0,0,0,0,0,0,0,0,0,0,0,0,0,0,0,0,0,0,0,0,0,0,0,0,0,0,0,0,0,0,0,0,0,0,0,0,0,0,0,0,0,0,0,0,0,0,0,0,0,0,0,0,0,0,0,0,0,0,0,1,1,1,1,2,3,4,4,5,5,7,9,11,12,13,14,13,12,9,8,5,3,2,1,1,0,0,0,0,0,0,1,1,1,2,4,6,9,13,16,19,22,23,23,21,18,14,11,9,7,4,3,1,1,1,1,2,3,6,8,9,9,10,9,8,7,5,2,1,1,1,0,0,0,0,0,0,0,0,0,0,0,0,0,0,0,0,0,0,0,0,0,0,0,0,0,0,0,0,0,0,0,0,0,0,0,0,0,0,0,0,0,0,0,0,0,0,0,0,0,0,0,0,0,0,0,0,0,0,0,0,0
0,0,0,0,0,0,0,0,0,0,0,0,0,0,0,0,0,0,0,0,0,0,0,0,0,0,0,0,0,0,0,0,0,0,0,0,0,0,0,0,0,0,0,0,0,0,0,0,0,0,0,0,0,0,0,0,0,0,0,0,0,0,0,0,0,0,0,0,1,1,1,1,2,3,3,4,5,5,7,9,11,12,14,14,14,12,9,8,5,3,1,1,1,0,0,0,0,0,0,0,1,1,2,3,5,8,12,16,19,22,24,24,22,19,15,12,9,7,4,2,1,1,1,1,2,4,6,8,9,10,9,9,8,6,4,2,1,1,1,0,0,0,0,0,0,0,0,0,0,0,0,0,0,0,0,0,0,0,0,0,0,0,0,0,0,0,0,0,0,0,0,0,0,0,0,0,0,0,0,0,0,0,0,0,0,0,0,0,0,0,0,0,0,0,0,0,0,0,0,0,0,0,0,0,0,0,0,0,0,0,0,0,0,0,0,0,0,0,0,0,0,0,0,0,0,0,0,0,0,0,0,0,0,0,0,0,0,0,0,0,0,0,0,0,0,0,0,0,0,0,0,0,0,0,0,0,0,0,0,0,0,0,0,0,0,0,0,0,1,1,1,1,2,3,3,4,5,5,7,9,11,12,14,14,14,12,9,8,5,3,1,1,1,0,0,0,0,0,0,0,1,1,2,3,5,8,12,16,19,22,24,24,22,19,15,12,9,7,4,2,1,1,1,1,2,4,6,8,9,10,9,9,8,6,4,2,1,1,1,0,0,0,0,0,0,0,0,0,0,0,0,0,0,0,0,0,0,0,0,0,0,0,0,0,0,0,0,0,0,0,0,0,0,0,0,0,0,0,0,0,0,0,0,0,0,0,0,0,0,0,0,0,0,0,0,0,0,0,0,0
0,0,0,0,0,0,0,0,0,0,0,0,0,0,0,0,0,0,0,0,0,0,0,0,0,0,0,0,0,0,0,0,0,0,0,0,0,0,0,0,0,0,0,0,0,0,0,0,0,0,0,0,0,0,0,0,0,0,0,0,0,0,0,0,0,0,0,0,1,1,1,1,2,3,3,4,5,5,8,10,12,13,14,13,14,12,9,8,5,2,1,1,1,0,0,0,0,0,0,0,1,1,1,3,4,7,11,15,19,22,24,25,23,20,16,12,10,7,4,2,1,1,1,1,2,4,7,8,9,10,9,8,7,6,4,2,1,1,1,0,0,0,0,0,0,0,0,0,0,0,0,0,0,0,0,0,0,0,0,0,0,0,0,0,0,0,0,0,0,0,0,0,0,0,0,0,0,0,0,0,0,0,0,0,0,0,0,0,0,0,0,0,0,0,0,0,0,0,0,0,0,0,0,0,0,0,0,0,0,0,0,0,0,0,0,0,0,0,0,0,0,0,0,0,0,0,0,0,0,0,0,0,0,0,0,0,0,0,0,0,0,0,0,0,0,0,0,0,0,0,0,0,0,0,0,0,0,0,0,0,0,0,0,0,0,0,0,0,1,1,1,1,2,3,3,4,5,5,8,10,12,13,14,13,14,11,9,8,5,2,1,1,1,0,0,0,0,0,0,0,1,1,1,3,4,7,11,15,19,22,24,25,23,20,16,12,10,7,4,2,1,1,1,1,2,4,7,8,9,10,9,8,7,6,4,2,1,1,1,0,0,0,0,0,0,0,0,0,0,0,0,0,0,0,0,0,0,0,0,0,0,0,0,0,0,0,0,0,0,0,0,0,0,0,0,0,0,0,0,0,0,0,0,0,0,0,0,0,0,0,0,0,0,0,0,0,0,0,0,0
0,0,0,0,0,0,0,0,0,0,0,0,0,0,0,0,0,0,0,0,0,0,0,0,0,0,0,0,0,0,0,0,0,0,0,0,0,0,0,0,0,0,0,0,0,0,0,0,0,0,0,0,0,0,0,0,0,0,0,0,0,0,0,0,0,0,0,0,1,1,1,1,2,3,3,4,5,6,8,10,12,13,14,13,14,11,9,7,4,2,1,1,0,0,0,0,0,0,0,0,1,1,1,2,4,6,10,15,19,22,25,25,24,21,17,13,10,7,4,2,1,1,1,1,2,5,7,8,9,10,9,8,7,6,3,1,1,1,1,0,0,0,0,0,0,0,0,0,0,0,0,0,0,0,0,0,0,0,0,0,0,0,0,0,0,0,0,0,0,0,0,0,0,0,0,0,0,0,0,0,0,0,0,0,0,0,0,0,0,0,0,0,0,0,0,0,0,0,0,0,0,0,0,0,0,0,0,0,0,0,0,0,0,0,0,0,0,0,0,0,0,0,0,0,0,0,0,0,0,0,0,0,0,0,0,0,0,0,0,0,0,0,0,0,0,0,0,0,0,0,0,0,0,0,0,0,0,0,0,0,0,0,0,0,0,0,0,0,1,1,1,1,2,3,3,4,5,6,8,10,12,13,14,13,14,11,9,7,4,2,1,1,0,0,0,0,0,0,0,0,1,1,1,2,4,6,10,15,19,22,25,25,24,21,17,13,10,7,4,2,1,1,1,1,2,5,7,8,9,10,9,8,7,6,3,1,1,1,1,0,0,0,0,0,0,0,0,0,0,0,0,0,0,0,0,0,0,0,0,0,0,0,0,0,0,0,0,0,0,0,0,0,0,0,0,0,0,0,0,0,0,0,0,0,0,0,0,0,0,0,0,0,0,0,0,0,0,0,0,0
0,0,0,0,0,0,0,0,0,0,0,0,0,0,0,0,0,0,0,0,0,0,0,0,0,0,0,0,0,0,0,0,0,0,0,0,0,0,0,0,0,0,0,0,0,0,0,0,0,0,0,0,0,0,0,0,0,0,0,0,0,0,0,0,0,0,0,0,1,1,1,1,2,3,3,4,5,6,8,10,12,14,14,13,14,11,9,7,4,2,1,1,0,0,0,0,0,0,0,0,0,1,1,2,3,6,9,14,18,22,25,26,25,22,18,14,10,7,4,2,1,1,1,1,3,5,7,9,9,10,9,8,7,5,3,1,1,1,1,0,0,0,0,0,0,0,0,0,0,0,0,0,0,0,0,0,0,0,0,0,0,0,0,0,0,0,0,0,0,0,0,0,0,0,0,0,0,0,0,0,0,0,0,0,0,0,0,0,0,0,0,0,0,0,0,0,0,0,0,0,0,0,0,0,0,0,0,0,0,0,0,0,0,0,0,0,0,0,0,0,0,0,0,0,0,0,0,0,0,0,0,0,0,0,0,0,0,0,0,0,0,0,0,0,0,0,0,0,0,0,0,0,0,0,0,0,0,0,0,0,0,0,0,0,0,0,0,0,1,1,1,1,2,3,3,4,5,6,8,10,12,14,14,13,14,11,9,7,4,2,1,1,0,0,0,0,0,0,0,0,0,1,1,2,3,6,9,14,18,22,25,26,25,22,18,14,10,7,4,2,1,1,1,1,3,5,7,9,9,10,9,8,7,5,3,1,1,1,1,0,0,0,0,0,0,0,0,0,0,0,0,0,0,0,0,0,0,0,0,0,0,0,0,0,0,0,0,0,0,0,0,0,0,0,0,0,0,0,0,0,0,0,0,0,0,0,0,0,0,0,0,0,0,0,0,0,0,0,0,0
0,0,0,0,0,0,0,0,0,0,0,0,0,0,0,0,0,0,0,0,0,0,0,0,0,0,0,0,0,0,0,0,0,0,0,0,0,0,0,0,0,0,0,0,0,0,0,0,0,0,0,0,0,0,0,0,0,0,0,0,0,0,0,0,0,0,0,0,0,1,1,1,2,3,3,4,5,6,8,10,12,14,14,13,14,11,9,7,3,2,1,1,0,0,0,0,0,0,0,0,0,1,1,1,3,5,8,13,18,22,25,26,26,23,19,15,11,7,4,2,1,1,1,1,3,5,7,9,9,9,8,8,7,5,3,1,1,1,0,0,0,0,0,0,0,0,0,0,0,0,0,0,0,0,0,0,0,0,0,0,0,0,0,0,0,0,0,0,0,0,0,0,0,0,0,0,0,0,0,0,0,0,0,0,0,0,0,0,0,0,0,0,0,0,0,0,0,0,0,0,0,0,0,0,0,0,0,0,0,0,0,0,0,0,0,0,0,0,0,0,0,0,0,0,0,0,0,0,0,0,0,0,0,0,0,0,0,0,0,0,0,0,0,0,0,0,0,0,0,0,0,0,0,0,0,0,0,0,0,0,0,0,0,0,0,0,0,0,0,1,1,1,2,3,3,4,5,6,8,10,12,14,14,13,13,11,9,6,3,2,1,1,0,0,0,0,0,0,0,0,0,1,1,1,3,5,8,13,18,22,25,26,26,23,19,15,11,7,4,2,1,1,1,1,3,5,7,9,9,9,8,8,7,5,3,1,1,1,0,0,0,0,0,0,0,0,0,0,0,0,0,0,0,0,0,0,0,0,0,0,0,0,0,0,0,0,0,0,0,0,0,0,0,0,0,0,0,0,0,0,0,0,0,0,0,0,0,0,0,0,0,0,0,0,0,0,0,0,0,0
0,0,0,0,0,0,0,0,0,0,0,0,0,0,0,0,0,0,0,0,0,0,0,0,0,0,0,0,0,0,0,0,0,0,0,0,0,0,0,0,0,0,0,0,0,0,0,0,0,0,0,0,0,0,0,0,0,0,0,0,0,0,0,0,0,0,0,0,0,1,1,1,2,3,3,4,5,7,9,11,13,15,14,13,13,11,9,6,3,2,1,1,0,0,0,0,0,0,0,0,0,1,1,1,2,4,8,12,17,21,25,27,27,24,20,15,11,7,5,3,1,1,1,2,3,6,8,9,10,9,8,8,6,4,2,1,1,1,0,0,0,0,0,0,0,0,0,0,0,0,0,0,0,0,0,0,0,0,0,0,0,0,0,0,0,0,0,0,0,0,0,0,0,0,0,0,0,0,0,0,0,0,0,0,0,0,0,0,0,0,0,0,0,0,0,0,0,0,0,0,0,0,0,0,0,0,0,0,0,0,0,0,0,0,0,0,0,0,0,0,0,0,0,0,0,0,0,0,0,0,0,0,0,0,0,0,0,0,0,0,0,0,0,0,0,0,0,0,0,0,0,0,0,0,0,0,0,0,0,0,0,0,0,0,0,0,0,0,0,1,1,1,2,3,3,4,5,7,9,11,13,15,14,13,13,11,9,6,3,2,1,1,0,0,0,0,0,0,0,0,0,1,1,1,2,4,8,12,17,21,25,27,27,24,20,15,11,7,5,3,1,1,1,2,3,6,8,9,10,9,8,8,6,4,2,1,1,1,0,0,0,0,0,0,0,0,0,0,0,0,0,0,0,0,0,0,0,0,0,0,0,0,0,0,0,0,0,0,0,0,0,0,0,0,0,0,0,0,0,0,0,0,0,0,0,0,0,0,0,0,0,0,0,0,0,0,0,0,0,0
0,0,0,0,0,0,0,0,0,0,0,0,0,0,0,0,0,0,0,0,0,0,0,0,0,0,0,0,0,0,0,0,0,0,0,0,0,0,0,0,0,0,0,0,0,0,0,0,0,0,0,0,0,0,0,0,0,0,0,0,0,0,0,0,0,0,0,0,0,0,1,1,2,3,3,4,6,7,9,11,13,15,14,13,13,11,8,6,3,1,1,1,0,0,0,0,0,0,0,0,0,0,1,1,2,4,7,11,17,21,24,27,27,25,21,16,12,8,5,3,2,1,1,2,4,6,8,9,10,9,8,7,6,4,2,1,1,1,0,0,0,0,0,0,0,0,0,0,0,0,0,0,0,0,0,0,0,0,0,0,0,0,0,0,0,0,0,0,0,0,0,0,0,0,0,0,0,0,0,0,0,0,0,0,0,0,0,0,0,0,0,0,0,0,0,0,0,0,0,0,0,0,0,0,0,0,0,0,0,0,0,0,0,0,0,0,0,0,0,0,0,0,0,0,0,0,0,0,0,0,0,0,0,0,0,0,0,0,0,0,0,0,0,0,0,0,0,0,0,0,0,0,0,0,0,0,0,0,0,0,0,0,0,0,0,0,0,0,0,0,1,1,2,3,3,4,6,7,9,11,13,15,14,13,13,11,8,6,3,1,1,1,0,0,0,0,0,0,0,0,0,0,1,1,2,4,7,11,17,21,24,27,27,25,21,16,12,8,5,3,2,1,1,2,4,6,8,9,10,9,8,7,6,4,2,1,1,1,0,0,0,0,0,0,0,0,0,0,0,0,0,0,0,0,0,0,0,0,0,0,0,0,0,0,0,0,0,0,0,0,0,0,0,0,0,0,0,0,0,0,0,0,0,0,0,0,0,0,0,0,0,0,0,0,0,0,0,0,0,0
0,0,0,0,0,0,0,0,0,0,0,0,0,0,0,0,0,0,0,0,0,0,0,0,0,0,0,0,0,0,0,0,0,0,0,0,0,0,0,0,0,0,0,0,0,0,0,0,0,0,0,0,0,0,0,0,0,0,0,0,0,0,0,0,0,0,0,0,0,0,1,1,2,3,3,4,6,7,9,11,13,15,14,13,13,11,8,5,3,1,1,0,0,0,0,0,0,0,0,0,0,0,1,1,2,3,6,11,16,20,24,26,27,26,22,17,13,9,5,3,2,1,1,2,4,7,8,9,10,9,8,7,6,4,2,1,1,1,0,0,0,0,0,0,0,0,0,0,0,0,0,0,0,0,0,0,0,0,0,0,0,0,0,0,0,0,0,0,0,0,0,0,0,0,0,0,0,0,0,0,0,0,0,0,0,0,0,0,0,0,0,0,0,0,0,0,0,0,0,0,0,0,0,0,0,0,0,0,0,0,0,0,0,0,0,0,0,0,0,0,0,0,0,0,0,0,0,0,0,0,0,0,0,0,0,0,0,0,0,0,0,0,0,0,0,0,0,0,0,0,0,0,0,0,0,0,0,0,0,0,0,0,0,0,0,0,0,0,0,0,1,1,2,3,3,4,6,7,9,11,13,15,14,13,13,11,8,5,3,1,1,0,0,0,0,0,0,0,0,0,0,0,1,1,2,3,6,11,16,20,24,26,27,26,22,17,13,9,5,3,2,1,1,2,4,7,8,9,10,9,8,7,6,4,2,1,1,1,0,0,0,0,0,0,0,0,0,0,0,0,0,0,0,0,0,0,0,0,0,0,0,0,0,0,0,0,0,0,0,0,0,0,0,0,0,0,0,0,0,0,0,0,0,0,0,0,0,0,0,0,0,0,0,0,0,0,0,0,0,0
0,0,0,0,0,0,0,0,0,0,0,0,0,0,0,0,0,0,0,0,0,0,0,0,0,0,0,0,0,0,0,0,0,0,0,0,0,0,0,0,0,0,0,0,0,0,0,0,0,0,0,0,0,0,0,0,0,0,0,0,0,0,0,0,0,0,0,0,0,0,1,1,2,3,3,4,6,8,9,11,14,15,14,13,12,11,8,5,2,1,1,0,0,0,0,0,0,0,0,0,0,0,1,1,1,3,6,10,15,19,23,26,27,26,23,18,14,9,6,4,2,2,2,3,5,7,8,9,9,8,8,7,5,3,1,1,1,1,0,0,0,0,0,0,0,0,0,0,0,0,0,0,0,0,0,0,0,0,0,0,0,0,0,0,0,0,0,0,0,0,0,0,0,0,0,0,0,0,0,0,0,0,0,0,0,0,0,0,0,0,0,0,0,0,0,0,0,0,0,0,0,0,0,0,0,0,0,0,0,0,0,0,0,0,0,0,0,0,0,0,0,0,0,0,0,0,0,0,0,0,0,0,0,0,0,0,0,0,0,0,0,0,0,0,0,0,0,0,0,0,0,0,0,0,0,0,0,0,0,0,0,0,0,0,0,0,0,0,0,0,1,1,2,3,3,4,6,8,9,11,14,15,14,13,12,11,8,5,2,1,1,0,0,0,0,0,0,0,0,0,0,0,1,1,1,3,6,10,15,19,23,26,27,26,23,18,14,9,6,4,2,2,2,3,5,7,8,9,9,8,8,7,5,3,1,1,1,1,0,0,0,0,0,0,0,0,0,0,0,0,0,0,0,0,0,0,0,0,0,0,0,0,0,0,0,0,0,0,0,0,0,0,0,0,0,0,0,0,0,0,0,0,0,0,0,0,0,0,0,0,0,0,0,0,0,0,0,0,0,0
0,0,0,0,0,0,0,0,0,0,0,0,0,0,0,0,0,0,0,0,0,0,0,0,0,0,0,0,0,0,0,0,0,0,0,0,0,0,0,0,0,0,0,0,0,0,0,0,0,0,0,0,0,0,0,0,0,0,0,0,0,0,0,0,0,0,0,0,0,0,1,1,2,2,3,5,6,8,10,11,14,15,14,13,12,11,8,5,2,1,1,0,0,0,0,0,0,0,0,0,0,0,0,1,1,3,5,9,14,18,22,26,27,26,24,19,15,10,7,4,3,2,2,3,5,7,8,9,9,8,8,7,5,3,1,1,1,0,0,0,0,0,0,0,0,0,0,0,0,0,0,0,0,0,0,0,0,0,0,0,0,0,0,0,0,0,0,0,0,0,0,0,0,0,0,0,0,0,0,0,0,0,0,0,0,0,0,0,0,0,0,0,0,0,0,0,0,0,0,0,0,0,0,0,0,0,0,0,0,0,0,0,0,0,0,0,0,0,0,0,0,0,0,0,0,0,0,0,0,0,0,0,0,0,0,0,0,0,0,0,0,0,0,0,0,0,0,0,0,0,0,0,0,0,0,0,0,0,0,0,0,0,0,0,0,0,0,0,0,0,1,1,2,2,3,5,6,8,10,11,14,15,14,13,12,11,8,5,2,1,1,0,0,0,0,0,0,0,0,0,0,0,0,1,1,3,5,9,14,18,22,26,27,26,24,19,15,10,7,4,3,2,2,3,5,7,8,9,9,8,8,7,5,3,1,1,1,0,0,0,0,0,0,0,0,0,0,0,0,0,0,0,0,0,0,0,0,0,0,0,0,0,0,0,0,0,0,0,0,0,0,0,0,0,0,0,0,0,0,0,0,0,0,0,0,0,0,0,0,0,0,0,0,0,0,0,0,0,0,0
0,0,0,0,0,0,0,0,0,0,0,0,0,0,0,0,0,0,0,0,0,0,0,0,0,0,0,0,0,0,0,0,0,0,0,0,0,0,0,0,0,0,0,0,0,0,0,0,0,0,0,0,0,0,0,0,0,0,0,0,0,0,0,0,0,0,0,0,0,0,1,1,2,2,4,5,6,8,10,12,14,15,14,13,12,11,7,4,2,1,1,0,0,0,0,0,0,0,0,0,0,0,0,1,1,3,5,9,13,17,22,25,27,26,24,20,16,11,8,5,3,2,2,3,6,7,8,9,9,8,7,6,4,2,1,1,1,0,0,0,0,0,0,0,0,0,0,0,0,0,0,0,0,0,0,0,0,0,0,0,0,0,0,0,0,0,0,0,0,0,0,0,0,0,0,0,0,0,0,0,0,0,0,0,0,0,0,0,0,0,0,0,0,0,0,0,0,0,0,0,0,0,0,0,0,0,0,0,0,0,0,0,0,0,0,0,0,0,0,0,0,0,0,0,0,0,0,0,0,0,0,0,0,0,0,0,0,0,0,0,0,0,0,0,0,0,0,0,0,0,0,0,0,0,0,0,0,0,0,0,0,0,0,0,0,0,0,0,0,0,1,1,2,2,4,5,6,8,10,12,14,15,14,13,12,11,7,4,2,1,1,0,0,0,0,0,0,0,0,0,0,0,0,1,1,3,5,9,13,17,22,25,27,26,24,20,16,11,8,5,3,2,2,3,6,7,8,9,9,8,7,6,4,2,1,1,1,0,0,0,0,0,0,0,0,0,0,0,0,0,0,0,0,0,0,0,0,0,0,0,0,0,0,0,0,0,0,0,0,0,0,0,0,0,0,0,0,0,0,0,0,0,0,0,0,0,0,0,0,0,0,0,0,0,0,0,0,0,0,0
0,0,0,0,0,0,0,0,0,0,0,0,0,0,0,0,0,0,0,0,0,0,0,0,0,0,0,0,0,0,0,0,0,0,0,0,0,0,0,0,0,0,0,0,0,0,0,0,0,0,0,0,0,0,0,0,0,0,0,0,0,0,0,0,0,0,0,0,0,0,1,1,2,2,4,5,7,9,10,12,14,15,14,13,11,10,7,4,2,1,1,0,0,0,0,0,0,0,0,0,0,0,0,1,1,3,5,8,13,16,21,24,26,26,25,21,17,13,9,6,4,3,3,4,6,8,8,9,9,8,7,6,4,2,1,1,1,0,0,0,0,0,0,0,0,0,0,0,0,0,0,0,0,0,0,0,0,0,0,0,0,0,0,0,0,0,0,0,0,0,0,0,0,0,0,0,0,0,0,0,0,0,0,0,0,0,0,0,0,0,0,0,0,0,0,0,0,0,0,0,0,0,0,0,0,0,0,0,0,0,0,0,0,0,0,0,0,0,0,0,0,0,0,0,0,0,0,0,0,0,0,0,0,0,0,0,0,0,0,0,0,0,0,0,0,0,0,0,0,0,0,0,0,0,0,0,0,0,0,0,0,0,0,0,0,0,0,0,0,0,1,1,2,2,4,5,7,9,10,12,14,15,14,13,11,10,7,4,2,1,1,0,0,0,0,0,0,0,0,0,0,0,0,1,1,3,5,8,13,16,21,24,26,26,25,21,17,13,9,6,4,3,3,4,6,8,8,9,9,8,7,6,4,2,1,1,1,0,0,0,0,0,0,0,0,0,0,0,0,0,0,0,0,0,0,0,0,0,0,0,0,0,0,0,0,0,0,0,0,0,0,0,0,0,0,0,0,0,0,0,0,0,0,0,0,0,0,0,0,0,0,0,0,0,0,0,0,0,0,0
0,0,0,0,0,0,0,0,0,0,0,0,0,0,0,0,0,0,0,0,0,0,0,0,0,0,0,0,0,0,0,0,0,0,0,0,0,0,0,0,0,0,0,0,0,0,0,0,0,0,0,0,0,0,0,0,0,0,0,0,0,0,0,0,0,0,0,0,0,0,1,1,2,2,4,5,7,9,10,12,14,15,14,13,11,10,7,4,2,1,1,0,0,0,0,0,0,0,0,0,0,0,0,1,1,3,5,8,12,15,19,23,25,26,25,21,18,14,10,7,5,3,3,5,6,8,8,9,8,8,7,6,4,2,1,1,1,0,0,0,0,0,0,0,0,0,0,0,0,0,0,0,0,0,0,0,0,0,0,0,0,0,0,0,0,0,0,0,0,0,0,0,0,0,0,0,0,0,0,0,0,0,0,0,0,0,0,0,0,0,0,0,0,0,0,0,0,0,0,0,0,0,0,0,0,0,0,0,0,0,0,0,0,0,0,0,0,0,0,0,0,0,0,0,0,0,0,0,0,0,0,0,0,0,0,0,0,0,0,0,0,0,0,0,0,0,0,0,0,0,0,0,0,0,0,0,0,0,0,0,0,0,0,0,0,0,0,0,0,0,1,1,2,2,4,5,7,9,10,12,14,15,14,13,11,10,7,4,2,1,1,0,0,0,0,0,0,0,0,0,0,0,0,1,1,3,5,8,12,15,19,23,25,26,25,21,18,14,10,7,5,3,3,5,6,8,8,9,8,8,7,6,4,2,1,1,1,0,0,0,0,0,0,0,0,0,0,0,0,0,0,0,0,0,0,0,0,0,0,0,0,0,0,0,0,0,0,0,0,0,0,0,0,0,0,0,0,0,0,0,0,0,0,0,0,0,0,0,0,0,0,0,0,0,0,0,0,0,0,0
0,0,0,0,0,0,0,0,0,0,0,0,0,0,0,0,0,0,0,0,0,0,0,0,0,0,0,0,0,0,0,0,0,0,0,0,0,0,0,0,0,0,0,0,0,0,0,0,0,0,0,0,0,0,0,0,0,0,0,0,0,0,0,0,0,0,0,0,0,1,1,1,2,2,4,6,7,9,10,12,14,15,14,13,11,10,7,4,2,1,1,0,0,0,0,0,0,0,0,0,0,0,0,1,1,3,5,8,11,14,18,22,24,25,24,22,19,15,12,8,6,4,4,5,7,8,8,9,8,8,7,5,3,2,1,1,1,0,0,0,0,0,0,0,0,0,0,0,0,0,0,0,0,0,0,0,0,0,0,0,0,0,0,0,0,0,0,0,0,0,0,0,0,0,0,0,0,0,0,0,0,0,0,0,0,0,0,0,0,0,0,0,0,0,0,0,0,0,0,0,0,0,0,0,0,0,0,0,0,0,0,0,0,0,0,0,0,0,0,0,0,0,0,0,0,0,0,0,0,0,0,0,0,0,0,0,0,0,0,0,0,0,0,0,0,0,0,0,0,0,0,0,0,0,0,0,0,0,0,0,0,0,0,0,0,0,0,0,0,1,1,1,2,2,4,6,7,9,10,12,14,15,14,13,11,10,7,4,2,1,1,0,0,0,0,0,0,0,0,0,0,0,0,1,1,3,5,8,11,14,18,22,24,25,24,22,19,15,12,8,6,4,4,5,7,8,8,9,8,8,7,5,3,2,1,1,1,0,0,0,0,0,0,0,0,0,0,0,0,0,0,0,0,0,0,0,0,0,0,0,0,0,0,0,0,0,0,0,0,0,0,0,0,0,0,0,0,0,0,0,0,0,0,0,0,0,0,0,0,0,0,0,0,0,0,0,0,0,0,0
0,0,0,0,0,0,0,0,0,0,0,0,0,0,0,0,0,0,0,0,0,0,0,0,0,0,0,0,0,0,0,0,0,0,0,0,0,0,0,0,0,0,0,0,0,0,0,0,0,0,0,0,0,0,0,0,0,0,0,0,0,0,0,0,0,0,0,0,0,1,1,1,2,3,4,6,7,9,10,13,14,14,14,13,11,10,6,4,2,1,1,0,0,0,0,0,0,0,0,0,0,0,0,1,1,3,5,8,11,13,17,21,23,25,24,22,19,16,13,10,7,5,5,6,7,8,9,9,8,7,6,5,3,1,1,1,0,0,0,0,0,0,0,0,0,0,0,0,0,0,0,0,0,0,0,0,0,0,0,0,0,0,0,0,0,0,0,0,0,0,0,0,0,0,0,0,0,0,0,0,0,0,0,0,0,0,0,0,0,0,0,0,0,0,0,0,0,0,0,0,0,0,0,0,0,0,0,0,0,0,0,0,0,0,0,0,0,0,0,0,0,0,0,0,0,0,0,0,0,0,0,0,0,0,0,0,0,0,0,0,0,0,0,0,0,0,0,0,0,0,0,0,0,0,0,0,0,0,0,0,0,0,0,0,0,0,0,0,0,1,1,1,2,3,4,6,7,9,10,13,14,14,14,13,11,10,6,4,2,1,1,0,0,0,0,0,0,0,0,0,0,0,0,1,1,3,5,8,11,13,17,21,23,25,24,22,19,16,13,10,7,5,5,6,7,8,9,9,8,7,6,5,3,1,1,1,0,0,0,0,0,0,0,0,0,0,0,0,0,0,0,0,0,0,0,0,0,0,0,0,0,0,0,0,0,0,0,0,0,0,0,0,0,0,0,0,0,0,0,0,0,0,0,0,0,0,0,0,0,0,0,0,0,0,0,0,0,0,0,0
0,0,0,0,0,0,0,0,0,0,0,0,0,0,0,0,0,0,0,0,0,0,0,0,0,0,0,0,0,0,0,0,0,0,0,0,0,0,0,0,0,0,0,0,0,0,0,0,0,0,0,0,0,0,0,0,0,0,0,0,0,0,0,0,0,0,0,0,0,1,1,1,2,3,4,6,8,10,10,13,14,14,14,12,10,9,6,3,2,1,1,0,0,0,0,0,0,0,0,0,0,0,0,1,1,3,5,8,10,13,16,19,22,24,24,22,20,17,14,11,8,6,6,7,8,8,9,9,8,7,6,5,3,1,1,1,0,0,0,0,0,0,0,0,0,0,0,0,0,0,0,0,0,0,0,0,0,0,0,0,0,0,0,0,0,0,0,0,0,0,0,0,0,0,0,0,0,0,0,0,0,0,0,0,0,0,0,0,0,0,0,0,0,0,0,0,0,0,0,0,0,0,0,0,0,0,0,0,0,0,0,0,0,0,0,0,0,0,0,0,0,0,0,0,0,0,0,0,0,0,0,0,0,0,0,0,0,0,0,0,0,0,0,0,0,0,0,0,0,0,0,0,0,0,0,0,0,0,0,0,0,0,0,0,0,0,0,0,0,1,1,1,2,3,4,6,8,10,10,13,14,14,14,12,10,9,6,3,2,1,1,0,0,0,0,0,0,0,0,0,0,0,0,1,1,3,5,8,10,13,16,19,22,24,24,22,20,17,14,11,8,6,6,7,8,8,9,9,8,7,6,5,3,1,1,1,0,0,0,0,0,0,0,0,0,0,0,0,0,0,0,0,0,0,0,0,0,0,0,0,0,0,0,0,0,0,0,0,0,0,0,0,0,0,0,0,0,0,0,0,0,0,0,0,0,0,0,0,0,0,0,0,0,0,0,0,0,0,0,0
0,0,0,0,0,0,0,0,0,0,0,0,0,0,0,0,0,0,0,0,0,0,0,0,0,0,0,0,0,0,0,0,0,0,0,0,0,0,0,0,0,0,0,0,0,0,0,0,0,0,0,0,0,0,0,0,0,0,0,0,0,0,0,0,0,0,0,0,0,1,1,1,2,3,4,6,8,10,11,13,14,14,14,12,10,9,6,3,2,1,1,0,0,0,0,0,0,0,0,0,0,0,1,1,2,3,5,8,10,12,15,18,21,23,23,22,20,18,16,13,10,7,7,7,8,9,9,9,8,7,6,4,2,1,1,1,0,0,0,0,0,0,0,0,0,0,0,0,0,0,0,0,0,0,0,0,0,0,0,0,0,0,0,0,0,0,0,0,0,0,0,0,0,0,0,0,0,0,0,0,0,0,0,0,0,0,0,0,0,0,0,0,0,0,0,0,0,0,0,0,0,0,0,0,0,0,0,0,0,0,0,0,0,0,0,0,0,0,0,0,0,0,0,0,0,0,0,0,0,0,0,0,0,0,0,0,0,0,0,0,0,0,0,0,0,0,0,0,0,0,0,0,0,0,0,0,0,0,0,0,0,0,0,0,0,0,0,0,0,1,1,1,2,3,4,6,8,10,11,13,14,14,14,12,10,9,6,3,2,1,1,0,0,0,0,0,0,0,0,0,0,0,1,1,2,3,5,8,10,12,15,18,21,23,23,22,20,18,16,13,10,7,7,7,8,9,9,9,8,7,6,4,2,1,1,1,0,0,0,0,0,0,0,0,0,0,0,0,0,0,0,0,0,0,0,0,0,0,0,0,0,0,0,0,0,0,0,0,0,0,0,0,0,0,0,0,0,0,0,0,0,0,0,0,0,0,0,0,0,0,0,0,0,0,0,0,0,0,0,0
0,0,0,0,0,0,0,0,0,0,0,0,0,0,0,0,0,0,0,0,0,0,0,0,0,0,0,0,0,0,0,0,0,0,0,0,0,0,0,0,0,0,0,0,0,0,0,0,0,0,0,0,0,0,0,0,0,0,0,0,0,0,0,0,0,0,0,0,1,1,1,1,2,3,4,6,8,10,11,13,14,14,14,12,10,9,6,3,2,1,1,0,0,0,0,0,0,0,0,0,0,0,1,1,2,3,5,8,9,11,14,17,19,21,22,22,21,19,17,14,11,9,8,8,9,9,9,9,8,7,6,4,2,1,1,1,0,0,0,0,0,0,0,0,0,0,0,0,0,0,0,0,0,0,0,0,0,0,0,0,0,0,0,0,0,0,0,0,0,0,0,0,0,0,0,0,0,0,0,0,0,0,0,0,0,0,0,0,0,0,0,0,0,0,0,0,0,0,0,0,0,0,0,0,0,0,0,0,0,0,0,0,0,0,0,0,0,0,0,0,0,0,0,0,0,0,0,0,0,0,0,0,0,0,0,0,0,0,0,0,0,0,0,0,0,0,0,0,0,0,0,0,0,0,0,0,0,0,0,0,0,0,0,0,0,0,0,0,1,1,1,1,2,3,4,6,8,10,11,13,14,14,14,12,10,9,6,3,2,1,1,0,0,0,0,0,0,0,0,0,0,0,1,1,2,3,5,8,9,11,14,17,19,21,22,22,21,19,17,14,11,9,8,8,9,9,9,9,8,7,6,4,2,1,1,1,0,0,0,0,0,0,0,0,0,0,0,0,0,0,0,0,0,0,0,0,0,0,0,0,0,0,0,0,0,0,0,0,0,0,0,0,0,0,0,0,0,0,0,0,0,0,0,0,0,0,0,0,0,0,0,0,0,0,0,0,0,0,0,0
0,0,0,0,0,0,0,0,0,0,0,0,0,0,0,0,0,0,0,0,0,0,0,0,0,0,0,0,0,0,0,0,0,0,0,0,0,0,0,0,0,0,0,0,0,0,0,0,0,0,0,0,0,0,0,0,0,0,0,0,0,0,0,0,0,0,0,0,1,1,1,1,2,3,5,6,8,10,11,13,14,14,14,12,10,8,6,3,2,1,1,0,0,0,0,0,0,0,0,0,0,0,1,1,2,3,5,8,9,11,13,15,17,20,21,21,21,20,18,16,13,10,9,9,9,9,9,9,8,7,5,3,2,1,1,1,0,0,0,0,0,0,0,0,0,0,0,0,0,0,0,0,0,0,0,0,0,0,0,0,0,0,0,0,0,0,0,0,0,0,0,0,0,0,0,0,0,0,0,0,0,0,0,0,0,0,0,0,0,0,0,0,0,0,0,0,0,0,0,0,0,0,0,0,0,0,0,0,0,0,0,0,0,0,0,0,0,0,0,0,0,0,0,0,0,0,0,0,0,0,0,0,0,0,0,0,0,0,0,0,0,0,0,0,0,0,0,0,0,0,0,0,0,0,0,0,0,0,0,0,0,0,0,0,0,0,0,0,1,1,1,1,2,3,5,6,8,10,11,13,14,14,14,12,10,8,6,3,2,1,1,0,0,0,0,0,0,0,0,0,0,0,1,1,2,3,5,8,9,11,13,15,17,20,21,21,21,20,18,16,13,10,9,9,9,9,9,9,8,7,5,3,2,1,1,1,0,0,0,0,0,0,0,0,0,0,0,0,0,0,0,0,0,0,0,0,0,0,0,0,0,0,0,0,0,0,0,0,0,0,0,0,0,0,0,0,0,0,0,0,0,0,0,0,0,0,0,0,0,0,0,0,0,0,0,0,0,0,0,0
0,0,0,0,0,0,0,0,0,0,0,0,0,0,0,0,0,0,0,0,0,0,0,0,0,0,0,0,0,0,0,0,0,0,0,0,0,0,0,0,0,0,0,0,0,0,0,0,0,0,0,0,0,0,0,0,0,0,0,0,0,0,0,0,0,0,0,0,1,1,1,1,2,3,5,7,9,10,11,13,14,14,14,11,10,8,6,3,2,1,1,1,0,0,0,0,0,0,0,0,0,0,1,1,2,4,6,8,9,11,12,14,16,18,20,21,21,20,19,17,15,12,11,11,10,10,10,8,7,6,5,3,2,1,1,0,0,0,0,0,0,0,0,0,0,0,0,0,0,0,0,0,0,0,0,0,0,0,0,0,0,0,0,0,0,0,0,0,0,0,0,0,0,0,0,0,0,0,0,0,0,0,0,0,0,0,0,0,0,0,0,0,0,0,0,0,0,0,0,0,0,0,0,0,0,0,0,0,0,0,0,0,0,0,0,0,0,0,0,0,0,0,0,0,0,0,0,0,0,0,0,0,0,0,0,0,0,0,0,0,0,0,0,0,0,0,0,0,0,0,0,0,0,0,0,0,0,0,0,0,0,0,0,0,0,0,0,0,1,1,1,1,2,3,5,7,9,10,11,13,14,14,14,11,10,8,6,3,2,1,1,1,0,0,0,0,0,0,0,0,0,0,1,1,2,4,6,8,9,11,12,14,16,18,20,21,21,20,19,17,15,12,11,11,10,10,10,8,7,6,5,3,2,1,1,0,0,0,0,0,0,0,0,0,0,0,0,0,0,0,0,0,0,0,0,0,0,0,0,0,0,0,0,0,0,0,0,0,0,0,0,0,0,0,0,0,0,0,0,0,0,0,0,0,0,0,0,0,0,0,0,0,0,0,0,0,0,0,0,0
0,0,0,0,0,0,0,0,0,0,0,0,0,0,0,0,0,0,0,0,0,0,0,0,0,0,0,0,0,0,0,0,0,0,0,0,0,0,0,0,0,0,0,0,0,0,0,0,0,0,0,0,0,0,0,0,0,0,0,0,0,0,0,0,0,0,0,0,1,1,1,1,2,3,5,7,9,11,12,13,14,14,13,11,9,7,6,3,2,1,1,1,0,0,0,0,0,0,0,0,0,0,1,1,2,4,6,8,9,10,12,13,14,16,18,20,20,20,20,18,16,14,13,12,11,10,10,8,7,6,5,3,1,1,1,0,0,0,0,0,0,0,0,0,0,0,0,0,0,0,0,0,0,0,0,0,0,0,0,0,0,0,0,0,0,0,0,0,0,0,0,0,0,0,0,0,0,0,0,0,0,0,0,0,0,0,0,0,0,0,0,0,0,0,0,0,0,0,0,0,0,0,0,0,0,0,0,0,0,0,0,0,0,0,0,0,0,0,0,0,0,0,0,0,0,0,0,0,0,0,0,0,0,0,0,0,0,0,0,0,0,0,0,0,0,0,0,0,0,0,0,0,0,0,0,0,0,0,0,0,0,0,0,0,0,0,0,0,1,1,1,1,2,3,5,7,9,11,11,13,14,14,13,11,9,7,6,3,2,1,1,1,0,0,0,0,0,0,0,0,0,0,1,1,2,4,6,8,9,10,12,13,14,16,18,20,20,20,20,18,16,14,13,12,11,10,10,8,7,6,5,3,1,1,1,0,0,0,0,0,0,0,0,0,0,0,0,0,0,0,0,0,0,0,0,0,0,0,0,0,0,0,0,0,0,0,0,0,0,0,0,0,0,0,0,0,0,0,0,0,0,0,0,0,0,0,0,0,0,0,0,0,0,0,0,0,0,0,0,0
0,0,0,0,0,0,0,0,0,0,0,0,0,0,0,0,0,0,0,0,0,0,0,0,0,0,0,0,0,0,0,0,0,0,0,0,0,0,0,0,0,0,0,0,0,0,0,0,0,0,0,0,0,0,0,0,0,0,0,0,0,0,0,0,0,0,0,0,1,1,1,1,2,3,5,7,9,11,12,13,13,14,13,11,9,7,5,3,2,1,1,1,0,0,0,0,0,0,0,0,0,1,1,1,3,4,6,8,9,10,11,12,13,15,16,19,20,20,20,19,18,16,15,13,12,11,10,8,7,6,4,2,1,1,1,0,0,0,0,0,0,0,0,0,0,0,0,0,0,0,0,0,0,0,0,0,0,0,0,0,0,0,0,0,0,0,0,0,0,0,0,0,0,0,0,0,0,0,0,0,0,0,0,0,0,0,0,0,0,0,0,0,0,0,0,0,0,0,0,0,0,0,0,0,0,0,0,0,0,0,0,0,0,0,0,0,0,0,0,0,0,0,0,0,0,0,0,0,0,0,0,0,0,0,0,0,0,0,0,0,0,0,0,0,0,0,0,0,0,0,0,0,0,0,0,0,0,0,0,0,0,0,0,0,0,0,0,0,1,1,1,1,2,3,5,7,9,11,12,13,13,14,13,11,9,7,5,3,2,1,1,1,0,0,0,0,0,0,0,0,0,1,1,1,3,4,6,8,9,10,11,12,13,15,16,19,20,20,20,19,18,16,15,13,12,11,10,8,7,6,4,2,1,1,1,0,0,0,0,0,0,0,0,0,0,0,0,0,0,0,0,0,0,0,0,0,0,0,0,0,0,0,0,0,0,0,0,0,0,0,0,0,0,0,0,0,0,0,0,0,0,0,0,0,0,0,0,0,0,0,0,0,0,0,0,0,0,0,0,0
0,0,0,0,0,0,0,0,0,0,0,0,0,0,0,0,0,0,0,0,0,0,0,0,0,0,0,0,0,0,0,0,0,0,0,0,0,0,0,0,0,0,0,0,0,0,0,0,0,0,0,0,0,0,0,0,0,0,0,0,0,0,0,0,0,0,0,0,1,1,1,1,2,3,6,7,9,11,12,13,13,14,13,11,9,6,5,3,2,1,1,1,0,0,0,0,0,0,0,0,0,1,1,2,3,5,6,8,9,10,10,11,11,13,15,17,19,20,21,20,19,18,17,15,13,11,10,8,7,6,4,2,1,1,1,0,0,0,0,0,0,0,0,0,0,0,0,0,0,0,0,0,0,0,0,0,0,0,0,0,0,0,0,0,0,0,0,0,0,0,0,0,0,0,0,0,0,0,0,0,0,0,0,0,0,0,0,0,0,0,0,0,0,0,0,0,0,0,0,0,0,0,0,0,0,0,0,0,0,0,0,0,0,0,0,0,0,0,0,0,0,0,0,0,0,0,0,0,0,0,0,0,0,0,0,0,0,0,0,0,0,0,0,0,0,0,0,0,0,0,0,0,0,0,0,0,0,0,0,0,0,0,0,0,0,0,0,0,1,1,1,1,2,3,6,7,9,11,12,13,13,13,13,11,9,7,5,3,2,1,1,1,0,0,0,0,0,0,0,0,0,1,1,2,3,5,6,8,9,10,10,11,11,13,15,17,19,20,21,20,19,18,17,15,13,11,10,8,7,6,4,2,1,1,1,0,0,0,0,0,0,0,0,0,0,0,0,0,0,0,0,0,0,0,0,0,0,0,0,0,0,0,0,0,0,0,0,0,0,0,0,0,0,0,0,0,0,0,0,0,0,0,0,0,0,0,0,0,0,0,0,0,0,0,0,0,0,0,0,0
0,0,0,0,0,0,0,0,0,0,0,0,0,0,0,0,0,0,0,0,0,0,0,0,0,0,0,0,0,0,0,0,0,0,0,0,0,0,0,0,0,0,0,0,0,0,0,0,0,0,0,0,0,0,0,0,0,0,0,0,0,0,0,0,0,0,0,0,0,0,1,1,2,3,6,8,9,11,12,13,13,13,12,11,9,6,5,4,2,1,1,1,0,0,0,0,0,0,0,0,0,1,1,2,3,5,7,8,9,10,10,10,10,11,13,16,18,20,21,21,21,20,19,17,14,12,11,9,7,6,4,2,1,1,1,0,0,0,0,0,0,0,0,0,0,0,0,0,0,0,0,0,0,0,0,0,0,0,0,0,0,0,0,0,0,0,0,0,0,0,0,0,0,0,0,0,0,0,0,0,0,0,0,0,0,0,0,0,0,0,0,0,0,0,0,0,0,0,0,0,0,0,0,0,0,0,0,0,0,0,0,0,0,0,0,0,0,0,0,0,0,0,0,0,0,0,0,0,0,0,0,0,0,0,0,0,0,0,0,0,0,0,0,0,0,0,0,0,0,0,0,0,0,0,0,0,0,0,0,0,0,0,0,0,0,0,0,0,0,0,1,1,2,3,6,8,9,11,12,13,13,13,12,11,9,6,5,4,2,1,1,1,0,0,0,0,0,0,0,0,0,1,1,2,3,5,7,8,9,10,10,10,10,11,13,16,18,20,21,21,21,20,19,17,14,12,11,9,7,6,4,2,1,1,1,0,0,0,0,0,0,0,0,0,0,0,0,0,0,0,0,0,0,0,0,0,0,0,0,0,0,0,0,0,0,0,0,0,0,0,0,0,0,0,0,0,0,0,0,0,0,0,0,0,0,0,0,0,0,0,0,0,0,0,0,0,0,0,0,0
0,0,0,0,0,0,0,0,0,0,0,0,0,0,0,0,0,0,0,0,0,0,0,0,0,0,0,0,0,0,0,0,0,0,0,0,0,0,0,0,0,0,0,0,0,0,0,0,0,0,0,0,0,0,0,0,0,0,0,0,0,0,0,0,0,0,0,0,0,0,0,1,2,3,6,8,9,11,12,13,13,13,12,10,8,6,5,4,2,2,1,1,0,0,0,0,0,0,0,0,0,1,1,2,3,5,7,8,9,9,9,9,9,10,11,14,17,19,20,21,22,22,21,19,16,14,11,9,7,5,3,2,1,1,1,0,0,0,0,0,0,0,0,0,0,0,0,0,0,0,0,0,0,0,0,0,0,0,0,0,0,0,0,0,0,0,0,0,0,0,0,0,0,0,0,0,0,0,0,0,0,0,0,0,0,0,0,0,0,0,0,0,0,0,0,0,0,0,0,0,0,0,0,0,0,0,0,0,0,0,0,0,0,0,0,0,0,0,0,0,0,0,0,0,0,0,0,0,0,0,0,0,0,0,0,0,0,0,0,0,0,0,0,0,0,0,0,0,0,0,0,0,0,0,0,0,0,0,0,0,0,0,0,0,0,0,0,0,0,0,0,1,2,3,6,8,9,11,12,13,13,13,12,10,8,6,5,4,2,2,1,1,0,0,0,0,0,0,0,0,0,1,1,2,3,5,7,8,9,9,9,9,9,10,11,14,17,19,20,21,22,22,21,19,16,14,11,9,7,5,3,2,1,1,1,0,0,0,0,0,0,0,0,0,0,0,0,0,0,0,0,0,0,0,0,0,0,0,0,0,0,0,0,0,0,0,0,0,0,0,0,0,0,0,0,0,0,0,0,0,0,0,0,0,0,0,0,0,0,0,0,0,0,0,0,0,0,0,0,0
0,0,0,0,0,0,0,0,0,0,0,0,0,0,0,0,0,0,0,0,0,0,0,0,0,0,0,0,0,0,0,0,0,0,0,0,0,0,0,0,0,0,0,0,0,0,0,0,0,0,0,0,0,0,0,0,0,0,0,0,0,0,0,0,0,0,0,0,0,0,0,1,2,4,6,8,10,12,13,13,13,13,12,10,8,6,5,4,2,2,1,1,0,0,0,0,0,0,0,0,0,1,1,2,4,5,7,8,9,9,9,9,8,8,10,13,15,18,20,21,23,24,23,21,17,15,12,9,7,5,3,2,1,1,1,0,0,0,0,0,0,0,0,0,0,0,0,0,0,0,0,0,0,0,0,0,0,0,0,0,0,0,0,0,0,0,0,0,0,0,0,0,0,0,0,0,0,0,0,0,0,0,0,0,0,0,0,0,0,0,0,0,0,0,0,0,0,0,0,0,0,0,0,0,0,0,0,0,0,0,0,0,0,0,0,0,0,0,0,0,0,0,0,0,0,0,0,0,0,0,0,0,0,0,0,0,0,0,0,0,0,0,0,0,0,0,0,0,0,0,0,0,0,0,0,0,0,0,0,0,0,0,0,0,0,0,0,0,0,0,0,1,2,4,6,8,10,12,13,13,13,13,12,10,8,6,5,4,2,2,1,1,0,0,0,0,0,0,0,0,0,1,1,2,4,5,7,8,9,9,9,9,8,8,10,13,15,18,20,21,23,24,23,20,17,15,12,9,7,5,3,2,1,1,1,0,0,0,0,0,0,0,0,0,0,0,0,0,0,0,0,0,0,0,0,0,0,0,0,0,0,0,0,0,0,0,0,0,0,0,0,0,0,0,0,0,0,0,0,0,0,0,0,0,0,0,0,0,0,0,0,0,0,0,0,0,0,0,0,0
0,0,0,0,0,0,0,0,0,0,0,0,0,0,0,0,0,0,0,0,0,0,0,0,0,0,0,0,0,0,0,0,0,0,0,0,0,0,0,0,0,0,0,0,0,0,0,0,0,0,0,0,0,0,0,0,0,0,0,0,0,0,0,0,0,0,0,0,0,0,1,1,2,4,6,8,10,12,13,12,12,12,12,10,8,6,5,4,2,2,1,1,0,0,0,0,0,0,0,0,0,1,1,2,4,6,7,8,9,9,9,8,7,7,8,11,14,17,19,21,23,25,25,22,19,16,13,10,7,5,3,2,1,1,0,0,0,0,0,0,0,0,0,0,0,0,0,0,0,0,0,0,0,0,0,0,0,0,0,0,0,0,0,0,0,0,0,0,0,0,0,0,0,0,0,0,0,0,0,0,0,0,0,0,0,0,0,0,0,0,0,0,0,0,0,0,0,0,0,0,0,0,0,0,0,0,0,0,0,0,0,0,0,0,0,0,0,0,0,0,0,0,0,0,0,0,0,0,0,0,0,0,0,0,0,0,0,0,0,0,0,0,0,0,0,0,0,0,0,0,0,0,0,0,0,0,0,0,0,0,0,0,0,0,0,0,0,0,0,0,1,1,2,4,6,8,10,12,13,12,12,12,12,10,8,6,5,4,2,2,1,1,0,0,0,0,0,0,0,0,0,1,1,2,4,6,7,8,9,9,9,8,7,7,8,11,14,17,19,21,23,25,25,22,19,16,13,10,7,5,3,2,1,1,0,0,0,0,0,0,0,0,0,0,0,0,0,0,0,0,0,0,0,0,0,0,0,0,0,0,0,0,0,0,0,0,0,0,0,0,0,0,0,0,0,0,0,0,0,0,0,0,0,0,0,0,0,0,0,0,0,0,0,0,0,0,0,0,0,0
0,0,0,0,0,0,0,0,0,0,0,0,0,0,0,0,0,0,0,0,0,0,0,0,0,0,0,0,0,0,0,0,0,0,0,0,0,0,0,0,0,0,0,0,0,0,0,0,0,0,0,0,0,0,0,0,0,0,0,0,0,0,0,0,0,0,0,0,0,0,1,1,2,4,6,8,10,12,13,12,12,12,11,10,7,5,5,4,2,2,1,1,0,0,0,0,0,0,0,0,1,1,1,3,4,6,7,8,9,9,8,7,7,6,7,9,12,15,18,21,24,26,26,24,21,18,14,10,8,5,3,1,1,1,0,0,0,0,0,0,0,0,0,0,0,0,0,0,0,0,0,0,0,0,0,0,0,0,0,0,0,0,0,0,0,0,0,0,0,0,0,0,0,0,0,0,0,0,0,0,0,0,0,0,0,0,0,0,0,0,0,0,0,0,0,0,0,0,0,0,0,0,0,0,0,0,0,0,0,0,0,0,0,0,0,0,0,0,0,0,0,0,0,0,0,0,0,0,0,0,0,0,0,0,0,0,0,0,0,0,0,0,0,0,0,0,0,0,0,0,0,0,0,0,0,0,0,0,0,0,0,0,0,0,0,0,0,0,0,0,1,1,2,4,6,8,10,12,13,12,12,12,11,10,7,6,5,4,2,2,1,1,0,0,0,0,0,0,0,0,1,1,1,3,4,6,7,8,9,9,8,7,7,6,7,9,12,15,18,21,24,26,26,24,21,18,14,10,8,5,3,1,1,1,0,0,0,0,0,0,0,0,0,0,0,0,0,0,0,0,0,0,0,0,0,0,0,0,0,0,0,0,0,0,0,0,0,0,0,0,0,0,0,0,0,0,0,0,0,0,0,0,0,0,0,0,0,0,0,0,0,0,0,0,0,0,0,0,0,0
0,0,0,0,0,0,0,0,0,0,0,0,0,0,0,0,0,0,0,0,0,0,0,0,0,0,0,0,0,0,0,0,0,0,0,0,0,0,0,0,0,0,0,0,0,0,0,0,0,0,0,0,0,0,0,0,0,0,0,0,0,0,0,0,0,0,0,0,0,1,1,1,2,4,7,9,11,12,13,12,12,12,11,9,7,5,5,4,2,2,1,1,0,0,0,0,0,0,0,0,1,1,2,3,4,6,7,8,9,9,8,7,6,5,6,8,11,14,17,20,24,27,27,26,23,20,15,11,8,5,3,1,1,1,0,0,0,0,0,0,0,0,0,0,0,0,0,0,0,0,0,0,0,0,0,0,0,0,0,0,0,0,0,0,0,0,0,0,0,0,0,0,0,0,0,0,0,0,0,0,0,0,0,0,0,0,0,0,0,0,0,0,0,0,0,0,0,0,0,0,0,0,0,0,0,0,0,0,0,0,0,0,0,0,0,0,0,0,0,0,0,0,0,0,0,0,0,0,0,0,0,0,0,0,0,0,0,0,0,0,0,0,0,0,0,0,0,0,0,0,0,0,0,0,0,0,0,0,0,0,0,0,0,0,0,0,0,0,0,1,1,1,2,4,7,9,11,12,13,12,12,12,11,9,7,5,5,4,2,2,1,1,0,0,0,0,0,0,0,0,1,1,2,3,4,6,7,8,9,9,8,7,6,5,6,8,11,14,17,20,24,27,27,26,23,20,15,11,8,5,3,1,1,1,0,0,0,0,0,0,0,0,0,0,0,0,0,0,0,0,0,0,0,0,0,0,0,0,0,0,0,0,0,0,0,0,0,0,0,0,0,0,0,0,0,0,0,0,0,0,0,0,0,0,0,0,0,0,0,0,0,0,0,0,0,0,0,0,0,0
0,0,0,0,0,0,0,0,0,0,0,0,0,0,0,0,0,0,0,0,0,0,0,0,0,0,0,0,0,0,0,0,0,0,0,0,0,0,0,0,0,0,0,0,0,0,0,0,0,0,0,0,0,0,0,0,0,0,0,0,0,0,0,0,0,0,0,0,0,1,1,1,2,4,7,9,11,12,12,12,12,12,11,9,7,5,5,4,3,2,1,1,0,0,0,0,0,0,0,0,1,1,2,3,5,6,7,8,9,9,8,6,5,4,5,7,9,12,16,20,24,27,28,27,25,21,16,12,8,5,3,2,1,1,0,0,0,0,0,0,0,0,0,0,0,0,0,0,0,0,0,0,0,0,0,0,0,0,0,0,0,0,0,0,0,0,0,0,0,0,0,0,0,0,0,0,0,0,0,0,0,0,0,0,0,0,0,0,0,0,0,0,0,0,0,0,0,0,0,0,0,0,0,0,0,0,0,0,0,0,0,0,0,0,0,0,0,0,0,0,0,0,0,0,0,0,0,0,0,0,0,0,0,0,0,0,0,0,0,0,0,0,0,0,0,0,0,0,0,0,0,0,0,0,0,0,0,0,0,0,0,0,0,0,0,0,0,0,0,1,1,1,2,4,7,9,11,12,12,12,12,12,11,9,7,5,5,4,3,2,1,1,1,0,0,0,0,0,0,0,1,1,2,3,5,6,7,8,9,9,8,6,5,4,5,7,9,12,16,20,23,27,28,27,25,21,16,12,8,5,3,2,1,1,0,0,0,0,0,0,0,0,0,0,0,0,0,0,0,0,0,0,0,0,0,0,0,0,0,0,0,0,0,0,0,0,0,0,0,0,0,0,0,0,0,0,0,0,0,0,0,0,0,0,0,0,0,0,0,0,0,0,0,0,0,0,0,0,0,0
0,0,0,0,0,0,0,0,0,0,0,0,0,0,0,0,0,0,0,0,0,0,0,0,0,0,0,0,0,0,0,0,0,0,0,0,0,0,0,0,0,0,0,0,0,0,0,0,0,0,0,0,0,0,0,0,0,0,0,0,0,0,0,0,0,0,0,0,0,1,1,2,2,5,7,9,11,12,12,12,12,11,10,9,7,5,5,4,3,2,1,1,1,0,0,0,0,0,0,0,1,1,2,3,5,7,8,8,9,8,7,6,5,4,4,5,8,11,14,19,23,27,29,28,27,23,18,13,9,6,3,2,1,1,1,0,0,0,0,0,0,0,0,0,0,0,0,0,0,0,0,0,0,0,0,0,0,0,0,0,0,0,0,0,0,0,0,0,0,0,0,0,0,0,0,0,0,0,0,0,0,0,0,0,0,0,0,0,0,0,0,0,0,0,0,0,0,0,0,0,0,0,0,0,0,0,0,0,0,0,0,0,0,0,0,0,0,0,0,0,0,0,0,0,0,0,0,0,0,0,0,0,0,0,0,0,0,0,0,0,0,0,0,0,0,0,0,0,0,0,0,0,0,0,0,0,0,0,0,0,0,0,0,0,0,0,0,0,0,1,1,2,2,5,7,9,11,12,12,12,12,11,10,9,7,5,5,4,3,2,1,1,1,0,0,0,0,0,0,0,1,1,2,3,5,7,8,8,9,8,7,6,5,4,4,5,8,11,14,19,23,27,29,28,26,23,18,13,9,6,3,2,1,1,1,0,0,0,0,0,0,0,0,0,0,0,0,0,0,0,0,0,0,0,0,0,0,0,0,0,0,0,0,0,0,0,0,0,0,0,0,0,0,0,0,0,0,0,0,0,0,0,0,0,0,0,0,0,0,0,0,0,0,0,0,0,0,0,0,0
0,0,0,0,0,0,0,0,0,0,0,0,0,0,0,0,0,0,0,0,0,0,0,0,0,0,0,0,0,0,0,0,0,0,0,0,0,0,0,0,0,0,0,0,0,0,0,0,0,0,0,0,0,0,0,0,0,0,0,0,0,0,0,0,0,0,0,0,0,1,1,2,3,5,7,9,11,12,12,11,11,11,10,8,7,5,5,4,3,2,1,1,1,0,0,0,0,0,0,0,1,1,2,4,5,7,8,8,9,8,7,6,4,3,3,4,6,9,13,17,22,27,29,29,28,25,20,15,10,6,4,2,1,1,1,0,0,0,0,0,0,0,0,0,0,0,0,0,0,0,0,0,0,0,0,0,0,0,0,0,0,0,0,0,0,0,0,0,0,0,0,0,0,0,0,0,0,0,0,0,0,0,0,0,0,0,0,0,0,0,0,0,0,0,0,0,0,0,0,0,0,0,0,0,0,0,0,0,0,0,0,0,0,0,0,0,0,0,0,0,0,0,0,0,0,0,0,0,0,0,0,0,0,0,0,0,0,0,0,0,0,0,0,0,0,0,0,0,0,0,0,0,0,0,0,0,0,0,0,0,0,0,0,0,0,0,0,0,0,1,1,2,3,5,7,9,11,12,12,11,11,11,10,8,7,5,5,4,3,2,1,1,1,0,0,0,0,0,0,0,1,1,2,4,5,7,8,8,9,8,7,6,4,3,3,4,6,9,13,17,22,27,29,29,28,25,20,15,10,6,4,2,1,1,1,0,0,0,0,0,0,0,0,0,0,0,0,0,0,0,0,0,0,0,0,0,0,0,0,0,0,0,0,0,0,0,0,0,0,0,0,0,0,0,0,0,0,0,0,0,0,0,0,0,0,0,0,0,0,0,0,0,0,0,0,0,0,0,0,0
0,0,0,0,0,0,0,0,0,0,0,0,0,0,0,0,0,0,0,0,0,0,0,0,0,0,0,0,0,0,0,0,0,0,0,0,0,0,0,0,0,0,0,0,0,0,0,0,0,0,0,0,0,0,0,0,0,0,0,0,0,0,0,0,0,0,0,0,0,1,1,2,3,5,7,10,11,12,12,11,11,11,9,8,6,5,5,4,3,2,1,1,1,0,0,0,0,0,0,0,1,1,2,4,6,7,8,8,9,8,7,5,4,3,2,3,5,8,11,16,22,26,29,30,29,26,22,16,11,7,4,2,1,1,1,0,0,0,0,0,0,0,0,0,0,0,0,0,0,0,0,0,0,0,0,0,0,0,0,0,0,0,0,0,0,0,0,0,0,0,0,0,0,0,0,0,0,0,0,0,0,0,0,0,0,0,0,0,0,0,0,0,0,0,0,0,0,0,0,0,0,0,0,0,0,0,0,0,0,0,0,0,0,0,0,0,0,0,0,0,0,0,0,0,0,0,0,0,0,0,0,0,0,0,0,0,0,0,0,0,0,0,0,0,0,0,0,0,0,0,0,0,0,0,0,0,0,0,0,0,0,0,0,0,0,0,0,0,0,1,1,2,3,5,7,10,11,12,12,11,11,11,9,8,7,5,5,4,3,2,1,1,1,0,0,0,0,0,0,0,1,1,2,4,6,7,8,8,9,8,7,5,4,3,2,3,5,8,11,16,22,26,29,30,29,26,22,16,11,7,4,2,1,1,1,0,0,0,0,0,0,0,0,0,0,0,0,0,0,0,0,0,0,0,0,0,0,0,0,0,0,0,0,0,0,0,0,0,0,0,0,0,0,0,0,0,0,0,0,0,0,0,0,0,0,0,0,0,0,0,0,0,0,0,0,0,0,0,0,0
0,0,0,0,0,0,0,0,0,0,0,0,0,0,0,0,0,0,0,0,0,0,0,0,0,0,0,0,0,0,0,0,0,0,0,0,0,0,0,0,0,0,0,0,0,0,0,0,0,0,0,0,0,0,0,0,0,0,0,0,0,0,0,0,0,0,0,0,0,1,1,2,3,6,8,10,11,12,12,11,11,10,9,8,6,5,5,4,3,2,2,1,1,0,0,0,0,0,0,1,1,1,3,4,6,7,8,8,8,8,6,5,3,2,2,3,4,6,10,15,20,25,28,30,30,27,23,18,12,8,5,3,2,1,1,1,0,0,0,0,0,0,0,0,0,0,0,0,0,0,0,0,0,0,0,0,0,0,0,0,0,0,0,0,0,0,0,0,0,0,0,0,0,0,0,0,0,0,0,0,0,0,0,0,0,0,0,0,0,0,0,0,0,0,0,0,0,0,0,0,0,0,0,0,0,0,0,0,0,0,0,0,0,0,0,0,0,0,0,0,0,0,0,0,0,0,0,0,0,0,0,0,0,0,0,0,0,0,0,0,0,0,0,0,0,0,0,0,0,0,0,0,0,0,0,0,0,0,0,0,0,0,0,0,0,0,0,0,0,1,1,2,3,6,8,10,11,12,12,11,11,10,9,8,6,5,5,4,3,2,2,1,1,0,0,0,0,0,0,1,1,1,3,4,6,7,8,8,8,8,6,5,3,2,2,3,4,6,10,15,20,25,28,30,30,27,23,18,12,8,5,3,2,1,1,1,0,0,0,0,0,0,0,0,0,0,0,0,0,0,0,0,0,0,0,0,0,0,0,0,0,0,0,0,0,0,0,0,0,0,0,0,0,0,0,0,0,0,0,0,0,0,0,0,0,0,0,0,0,0,0,0,0,0,0,0,0,0,0,0
0,0,0,0,0,0,0,0,0,0,0,0,0,0,0,0,0,0,0,0,0,0,0,0,0,0,0,0,0,0,0,0,0,0,0,0,0,0,0,0,0,0,0,0,0,0,0,0,0,0,0,0,0,0,0,0,0,0,0,0,0,0,0,0,0,0,0,0,0,1,1,2,3,6,8,10,11,12,12,11,11,10,9,7,6,5,4,4,3,2,2,1,1,0,0,0,0,0,0,1,1,2,3,4,6,7,8,9,8,8,6,5,3,2,2,2,3,5,9,13,19,24,27,30,31,29,25,20,14,9,6,3,2,1,1,1,0,0,0,0,0,0,0,0,0,0,0,0,0,0,0,0,0,0,0,0,0,0,0,0,0,0,0,0,0,0,0,0,0,0,0,0,0,0,0,0,0,0,0,0,0,0,0,0,0,0,0,0,0,0,0,0,0,0,0,0,0,0,0,0,0,0,0,0,0,0,0,0,0,0,0,0,0,0,0,0,0,0,0,0,0,0,0,0,0,0,0,0,0,0,0,0,0,0,0,0,0,0,0,0,0,0,0,0,0,0,0,0,0,0,0,0,0,0,0,0,0,0,0,0,0,0,0,0,0,0,0,0,0,1,1,2,3,6,8,10,11,12,12,11,11,10,9,8,6,5,5,4,3,2,2,1,1,0,0,0,0,0,0,1,1,2,3,4,6,7,8,8,8,8,6,5,3,2,2,2,3,5,9,13,19,24,27,30,30,29,25,20,14,9,6,3,2,1,1,1,0,0,0,0,0,0,0,0,0,0,0,0,0,0,0,0,0,0,0,0,0,0,0,0,0,0,0,0,0,0,0,0,0,0,0,0,0,0,0,0,0,0,0,0,0,0,0,0,0,0,0,0,0,0,0,0,0,0,0,0,0,0,0,0
0,0,0,0,0,0,0,0,0,0,0,0,0,0,0,0,0,0,0,0,0,0,0,0,0,0,0,0,0,0,0,0,0,0,0,0,0,0,0,0,0,0,0,0,0,0,0,0,0,0,0,0,0,0,0,0,0,0,0,0,0,0,0,0,0,0,0,0,0,1,1,2,4,6,8,10,11,12,12,10,10,10,8,7,6,5,4,4,3,2,2,1,1,0,0,0,0,0,0,1,1,2,3,5,6,7,8,9,8,7,6,4,3,2,1,2,3,4,7,12,18,22,26,29,31,29,26,22,15,11,7,4,3,1,1,1,1,0,0,0,0,0,0,0,0,0,0,0,0,0,0,0,0,0,0,0,0,0,0,0,0,0,0,0,0,0,0,0,0,0,0,0,0,0,0,0,0,0,0,0,0,0,0,0,0,0,0,0,0,0,0,0,0,0,0,0,0,0,0,0,0,0,0,0,0,0,0,0,0,0,0,0,0,0,0,0,0,0,0,0,0,0,0,0,0,0,0,0,0,0,0,0,0,0,0,0,0,0,0,0,0,0,0,0,0,0,0,0,0,0,0,0,0,0,0,0,0,0,0,0,0,0,0,0,0,0,0,0,0,1,1,2,4,6,8,10,11,12,12,10,10,10,8,7,6,5,4,4,3,2,2,1,1,0,0,0,0,0,0,1,1,2,3,5,6,7,8,8,8,7,6,4,3,2,1,2,3,4,7,12,18,22,26,29,31,29,26,22,15,11,7,4,3,1,1,1,1,0,0,0,0,0,0,0,0,0,0,0,0,0,0,0,0,0,0,0,0,0,0,0,0,0,0,0,0,0,0,0,0,0,0,0,0,0,0,0,0,0,0,0,0,0,0,0,0,0,0,0,0,0,0,0,0,0,0,0,0,0,0,0
0,0,0,0,0,0,0,0,0,0,0,0,0,0,0,0,0,0,0,0,0,0,0,0,0,0,0,0,0,0,0,0,0,0,0,0,0,0,0,0,0,0,0,0,0,0,0,0,0,0,0,0,0,0,0,0,0,0,0,0,0,0,0,0,0,0,0,0,0,1,1,2,4,6,8,11,11,11,12,10,10,9,8,7,6,5,4,4,4,2,2,1,1,0,0,0,0,0,0,1,1,2,3,5,7,8,8,8,8,7,5,4,2,1,1,1,2,4,6,11,16,21,25,28,30,30,27,23,17,12,9,5,3,2,1,1,1,1,0,0,0,0,0,0,0,0,0,0,0,0,0,0,0,0,0,0,0,0,0,0,0,0,0,0,0,0,0,0,0,0,0,0,0,0,0,0,0,0,0,0,0,0,0,0,0,0,0,0,0,0,0,0,0,0,0,0,0,0,0,0,0,0,0,0,0,0,0,0,0,0,0,0,0,0,0,0,0,0,0,0,0,0,0,0,0,0,0,0,0,0,0,0,0,0,0,0,0,0,0,0,0,0,0,0,0,0,0,0,0,0,0,0,0,0,0,0,0,0,0,0,0,0,0,0,0,0,0,0,0,1,1,2,4,6,8,11,11,11,12,10,10,9,8,7,6,5,4,4,4,2,2,1,1,0,0,0,0,0,0,1,1,2,3,5,7,8,8,8,8,7,5,4,2,1,1,1,2,4,6,11,16,21,25,28,30,30,27,23,17,12,9,5,3,2,1,1,1,1,0,0,0,0,0,0,0,0,0,0,0,0,0,0,0,0,0,0,0,0,0,0,0,0,0,0,0,0,0,0,0,0,0,0,0,0,0,0,0,0,0,0,0,0,0,0,0,0,0,0,0,0,0,0,0,0,0,0,0,0,0,0
0,0,0,0,0,0,0,0,0,0,0,0,0,0,0,0,0,0,0,0,0,0,0,0,0,0,0,0,0,0,0,0,0,0,0,0,0,0,0,0,0,0,0,0,0,0,0,0,0,0,0,0,0,0,0,0,0,0,0,0,0,0,0,0,0,0,0,0,0,1,1,2,4,6,8,11,11,11,12,10,10,9,8,7,6,5,4,4,4,2,2,1,1,0,0,0,0,0,0,1,1,2,4,5,7,8,8,8,8,7,5,4,2,1,1,1,2,3,6,10,15,19,23,27,30,30,28,25,19,14,10,7,4,3,1,1,1,1,0,0,0,0,0,0,0,0,0,0,0,0,0,0,0,0,0,0,0,0,0,0,0,0,0,0,0,0,0,0,0,0,0,0,0,0,0,0,0,0,0,0,0,0,0,0,0,0,0,0,0,0,0,0,0,0,0,0,0,0,0,0,0,0,0,0,0,0,0,0,0,0,0,0,0,0,0,0,0,0,0,0,0,0,0,0,0,0,0,0,0,0,0,0,0,0,0,0,0,0,0,0,0,0,0,0,0,0,0,0,0,0,0,0,0,0,0,0,0,0,0,0,0,0,0,0,0,0,0,0,0,1,1,2,4,6,8,11,11,11,12,10,10,9,8,7,6,5,4,5,4,2,2,1,1,0,0,0,0,0,0,1,1,2,4,5,7,8,8,8,8,7,5,4,2,1,1,1,2,3,6,10,15,19,23,27,30,30,28,25,19,14,10,7,4,3,1,1,1,1,0,0,0,0,0,0,0,0,0,0,0,0,0,0,0,0,0,0,0,0,0,0,0,0,0,0,0,0,0,0,0,0,0,0,0,0,0,0,0,0,0,0,0,0,0,0,0,0,0,0,0,0,0,0,0,0,0,0,0,0,0,0
0,0,0,0,0,0,0,0,0,0,0,0,0,0,0,0,0,0,0,0,0,0,0,0,0,0,0,0,0,0,0,0,0,0,0,0,0,0,0,0,0,0,0,0,0,0,0,0,0,0,0,0,0,0,0,0,0,0,0,0,0,0,0,0,0,0,0,0,1,1,1,2,4,7,9,11,11,11,12,10,10,8,7,7,6,5,4,5,4,2,2,1,1,0,0,0,0,0,1,1,1,2,4,6,7,8,8,8,8,6,5,3,2,1,1,1,1,3,5,9,13,18,22,26,29,30,29,26,21,16,12,9,6,3,2,1,1,1,1,0,0,0,0,0,0,0,0,0,0,0,0,0,0,0,0,0,0,0,0,0,0,0,0,0,0,0,0,0,0,0,0,0,0,0,0,0,0,0,0,0,0,0,0,0,0,0,0,0,0,0,0,0,0,0,0,0,0,0,0,0,0,0,0,0,0,0,0,0,0,0,0,0,0,0,0,0,0,0,0,0,0,0,0,0,0,0,0,0,0,0,0,0,0,0,0,0,0,0,0,0,0,0,0,0,0,0,0,0,0,0,0,0,0,0,0,0,0,0,0,0,0,0,0,0,0,0,0,0,1,1,1,2,4,7,9,11,11,11,12,10,10,8,7,7,6,5,5,5,4,3,2,1,1,0,0,0,0,0,1,1,1,2,4,6,7,8,8,8,8,6,5,3,2,1,1,1,1,3,5,9,13,18,22,26,28,30,29,26,21,16,12,9,6,3,2,1,1,1,1,0,0,0,0,0,0,0,0,0,0,0,0,0,0,0,0,0,0,0,0,0,0,0,0,0,0,0,0,0,0,0,0,0,0,0,0,0,0,0,0,0,0,0,0,0,0,0,0,0,0,0,0,0,0,0,0,0,0,0,0,0
0,0,0,0,0,0,0,0,0,0,0,0,0,0,0,0,0,0,0,0,0,0,0,0,0,0,0,0,0,0,0,0,0,0,0,0,0,0,0,0,0,0,0,0,0,0,0,0,0,0,0,0,0,0,0,0,0,0,0,0,0,0,0,0,0,0,0,0,1,1,1,2,5,7,9,11,11,11,11,10,9,8,7,7,6,5,4,5,4,3,2,1,1,0,0,0,0,0,1,1,1,3,4,6,7,8,8,8,8,6,5,3,2,1,1,1,1,2,5,9,12,16,20,24,27,29,29,26,22,18,14,10,7,4,3,1,1,1,1,0,0,0,0,0,0,0,0,0,0,0,0,0,0,0,0,0,0,0,0,0,0,0,0,0,0,0,0,0,0,0,0,0,0,0,0,0,0,0,0,0,0,0,0,0,0,0,0,0,0,0,0,0,0,0,0,0,0,0,0,0,0,0,0,0,0,0,0,0,0,0,0,0,0,0,0,0,0,0,0,0,0,0,0,0,0,0,0,0,0,0,0,0,0,0,0,0,0,0,0,0,0,0,0,0,0,0,0,0,0,0,0,0,0,0,0,0,0,0,0,0,0,0,0,0,0,0,0,0,1,1,1,2,5,7,9,11,11,11,11,10,9,8,7,7,6,5,5,5,4,3,2,1,1,0,0,0,0,0,1,1,1,3,4,6,7,8,8,8,8,6,5,3,2,1,1,1,1,2,5,9,12,16,20,24,27,29,29,26,22,18,14,10,7,4,3,1,1,1,1,0,0,0,0,0,0,0,0,0,0,0,0,0,0,0,0,0,0,0,0,0,0,0,0,0,0,0,0,0,0,0,0,0,0,0,0,0,0,0,0,0,0,0,0,0,0,0,0,0,0,0,0,0,0,0,0,0,0,0,0,0
0,0,0,0,0,0,0,0,0,0,0,0,0,0,0,0,0,0,0,0,0,0,0,0,0,0,0,0,0,0,0,0,0,0,0,0,0,0,0,0,0,0,0,0,0,0,0,0,0,0,0,0,0,0,0,0,0,0,0,0,0,0,0,0,0,0,0,0,1,1,2,3,5,7,9,11,11,11,11,10,9,8,7,6,6,5,5,5,4,3,2,1,1,1,0,0,0,0,1,1,1,3,4,6,7,8,8,8,7,6,4,3,1,1,1,1,1,2,5,8,11,14,18,22,26,28,28,27,23,20,16,12,9,6,4,2,1,1,1,1,0,0,0,0,0,0,0,0,0,0,0,0,0,0,0,0,0,0,0,0,0,0,0,0,0,0,0,0,0,0,0,0,0,0,0,0,0,0,0,0,0,0,0,0,0,0,0,0,0,0,0,0,0,0,0,0,0,0,0,0,0,0,0,0,0,0,0,0,0,0,0,0,0,0,0,0,0,0,0,0,0,0,0,0,0,0,0,0,0,0,0,0,0,0,0,0,0,0,0,0,0,0,0,0,0,0,0,0,0,0,0,0,0,0,0,0,0,0,0,0,0,0,0,0,0,0,0,0,1,1,2,3,5,7,9,11,11,11,11,10,9,8,7,7,6,5,5,5,4,3,2,1,1,1,0,0,0,0,1,1,1,3,4,6,7,8,8,8,7,6,4,3,1,1,1,1,1,2,5,8,11,14,18,22,25,28,28,27,23,20,16,12,9,6,4,2,1,1,1,1,0,0,0,0,0,0,0,0,0,0,0,0,0,0,0,0,0,0,0,0,0,0,0,0,0,0,0,0,0,0,0,0,0,0,0,0,0,0,0,0,0,0,0,0,0,0,0,0,0,0,0,0,0,0,0,0,0,0,0,0
0,0,0,0,0,0,0,0,0,0,0,0,0,0,0,0,0,0,0,0,0,0,0,0,0,0,0,0,0,0,0,0,0,0,0,0,0,0,0,0,0,0,0,0,0,0,0,0,0,0,0,0,0,0,0,0,0,0,0,0,0,0,0,0,0,0,0,0,1,1,2,3,5,7,9,11,11,11,11,10,8,7,7,6,6,5,5,5,4,3,2,1,1,1,0,0,0,0,1,1,2,3,5,6,7,8,8,8,7,6,4,3,1,1,1,1,1,2,5,8,10,13,16,20,24,26,28,27,24,22,18,15,11,7,5,3,2,1,1,1,1,0,0,0,0,0,0,0,0,0,0,0,0,0,0,0,0,0,0,0,0,0,0,0,0,0,0,0,0,0,0,0,0,0,0,0,0,0,0,0,0,0,0,0,0,0,0,0,0,0,0,0,0,0,0,0,0,0,0,0,0,0,0,0,0,0,0,0,0,0,0,0,0,0,0,0,0,0,0,0,0,0,0,0,0,0,0,0,0,0,0,0,0,0,0,0,0,0,0,0,0,0,0,0,0,0,0,0,0,0,0,0,0,0,0,0,0,0,0,0,0,0,0,0,0,0,0,0,1,1,2,3,5,7,9,11,11,11,11,10,8,7,7,6,6,5,5,5,4,3,2,1,1,1,0,0,0,0,1,1,2,3,5,6,7,8,8,8,7,6,4,3,1,1,1,1,1,2,5,8,10,13,16,20,24,26,28,27,24,22,18,15,11,7,5,3,2,1,1,1,1,0,0,0,0,0,0,0,0,0,0,0,0,0,0,0,0,0,0,0,0,0,0,0,0,0,0,0,0,0,0,0,0,0,0,0,0,0,0,0,0,0,0,0,0,0,0,0,0,0,0,0,0,0,0,0,0,0,0,0
0,0,0,0,0,0,0,0,0,0,0,0,0,0,0,0,0,0,0,0,0,0,0,0,0,0,0,0,0,0,0,0,0,0,0,0,0,0,0,0,0,0,0,0,0,0,0,0,0,0,0,0,0,0,0,0,0,0,0,0,0,0,0,0,0,0,0,0,1,1,2,3,5,7,9,11,11,11,11,10,8,7,6,6,5,5,5,5,4,3,2,2,1,1,0,0,0,0,1,1,2,3,5,6,7,8,8,8,7,5,4,2,1,1,1,1,1,2,5,7,10,12,15,19,22,25,26,26,25,23,20,17,13,9,6,4,2,1,1,1,1,0,0,0,0,0,0,0,0,0,0,0,0,0,0,0,0,0,0,0,0,0,0,0,0,0,0,0,0,0,0,0,0,0,0,0,0,0,0,0,0,0,0,0,0,0,0,0,0,0,0,0,0,0,0,0,0,0,0,0,0,0,0,0,0,0,0,0,0,0,0,0,0,0,0,0,0,0,0,0,0,0,0,0,0,0,0,0,0,0,0,0,0,0,0,0,0,0,0,0,0,0,0,0,0,0,0,0,0,0,0,0,0,0,0,0,0,0,0,0,0,0,0,0,0,0,0,0,1,1,2,3,5,7,9,11,11,11,11,10,8,7,7,6,5,5,5,5,4,3,2,2,1,1,0,0,0,0,1,1,2,3,5,6,7,8,8,8,7,5,4,2,1,1,1,1,1,2,5,7,10,12,15,18,22,25,26,26,25,23,20,17,13,9,6,4,2,1,1,1,1,0,0,0,0,0,0,0,0,0,0,0,0,0,0,0,0,0,0,0,0,0,0,0,0,0,0,0,0,0,0,0,0,0,0,0,0,0,0,0,0,0,0,0,0,0,0,0,0,0,0,0,0,0,0,0,0,0,0,0
0,0,0,0,0,0,0,0,0,0,0,0,0,0,0,0,0,0,0,0,0,0,0,0,0,0,0,0,0,0,0,0,0,0,0,0,0,0,0,0,0,0,0,0,0,0,0,0,0,0,0,0,0,0,0,0,0,0,0,0,0,0,0,0,0,0,0,0,1,1,2,3,5,7,9,11,11,11,10,10,8,6,6,6,5,5,5,5,4,3,2,2,1,1,0,0,0,0,1,1,2,4,5,7,8,8,8,8,6,5,4,2,1,1,1,1,1,2,5,7,9,11,13,17,20,23,25,26,25,24,22,19,15,11,8,5,3,2,1,1,1,1,0,0,0,0,0,0,0,0,0,0,0,0,0,0,0,0,0,0,0,0,0,0,0,0,0,0,0,0,0,0,0,0,0,0,0,0,0,0,0,0,0,0,0,0,0,0,0,0,0,0,0,0,0,0,0,0,0,0,0,0,0,0,0,0,0,0,0,0,0,0,0,0,0,0,0,0,0,0,0,0,0,0,0,0,0,0,0,0,0,0,0,0,0,0,0,0,0,0,0,0,0,0,0,0,0,0,0,0,0,0,0,0,0,0,0,0,0,0,0,0,0,0,0,0,0,0,1,1,2,3,5,7,9,11,11,11,10,10,8,6,6,6,5,5,5,5,4,3,2,2,1,1,0,0,0,0,1,1,2,4,5,7,8,8,8,8,6,5,4,2,1,1,1,1,1,2,5,7,9,11,13,17,20,23,25,26,25,24,22,19,15,11,8,5,3,2,1,1,1,1,0,0,0,0,0,0,0,0,0,0,0,0,0,0,0,0,0,0,0,0,0,0,0,0,0,0,0,0,0,0,0,0,0,0,0,0,0,0,0,0,0,0,0,0,0,0,0,0,0,0,0,0,0,0,0,0,0,0
0,0,0,0,0,0,0,0,0,0,0,0,0,0,0,0,0,0,0,0,0,0,0,0,0,0,0,0,0,0,0,0,0,0,0,0,0,0,0,0,0,0,0,0,0,0,0,0,0,0,0,0,0,0,0,0,0,0,0,0,0,0,0,0,0,0,0,0,1,1,2,3,6,7,9,11,11,11,10,10,7,6,6,6,5,5,5,5,4,3,2,2,1,1,0,0,0,1,1,1,2,4,5,7,8,8,8,8,6,5,3,2,1,1,1,1,1,3,5,7,9,10,12,15,18,20,23,24,25,25,23,21,18,14,10,6,4,3,2,1,1,1,1,0,0,0,0,0,0,0,0,0,0,0,0,0,0,0,0,0,0,0,0,0,0,0,0,0,0,0,0,0,0,0,0,0,0,0,0,0,0,0,0,0,0,0,0,0,0,0,0,0,0,0,0,0,0,0,0,0,0,0,0,0,0,0,0,0,0,0,0,0,0,0,0,0,0,0,0,0,0,0,0,0,0,0,0,0,0,0,0,0,0,0,0,0,0,0,0,0,0,0,0,0,0,0,0,0,0,0,0,0,0,0,0,0,0,0,0,0,0,0,0,0,0,0,0,0,1,1,2,3,6,7,9,11,11,11,10,10,7,6,6,6,5,6,5,5,4,4,2,2,1,1,0,0,0,1,1,1,2,4,5,7,8,8,8,8,6,5,3,2,1,1,1,1,1,3,5,7,9,10,12,15,17,20,23,24,25,25,23,21,18,14,10,7,4,3,2,1,1,1,1,0,0,0,0,0,0,0,0,0,0,0,0,0,0,0,0,0,0,0,0,0,0,0,0,0,0,0,0,0,0,0,0,0,0,0,0,0,0,0,0,0,0,0,0,0,0,0,0,0,0,0,0,0,0,0,0,0
0,0,0,0,0,0,0,0,0,0,0,0,0,0,0,0,0,0,0,0,0,0,0,0,0,0,0,0,0,0,0,0,0,0,0,0,0,0,0,0,0,0,0,0,0,0,0,0,0,0,0,0,0,0,0,0,0,0,0,0,0,0,0,0,0,0,0,0,1,1,2,4,6,7,10,11,11,11,10,9,7,6,6,6,5,6,5,5,4,4,2,2,1,1,0,0,0,1,1,1,3,4,6,7,8,8,8,7,6,5,3,2,1,1,1,1,1,3,5,7,8,9,11,13,16,18,21,23,24,25,24,23,20,16,12,8,6,4,2,2,1,1,1,0,0,0,0,0,0,0,0,0,0,0,0,0,0,0,0,0,0,0,0,0,0,0,0,0,0,0,0,0,0,0,0,0,0,0,0,0,0,0,0,0,0,0,0,0,0,0,0,0,0,0,0,0,0,0,0,0,0,0,0,0,0,0,0,0,0,0,0,0,0,0,0,0,0,0,0,0,0,0,0,0,0,0,0,0,0,0,0,0,0,0,0,0,0,0,0,0,0,0,0,0,0,0,0,0,0,0,0,0,0,0,0,0,0,0,0,0,0,0,0,0,0,0,0,0,1,1,2,4,6,7,10,11,11,11,10,9,7,6,6,6,5,6,5,5,4,4,2,2,1,1,0,0,0,1,1,1,3,4,6,7,8,8,8,7,6,5,3,2,1,1,1,1,1,3,5,7,8,9,11,13,16,18,21,23,24,25,24,23,20,16,12,8,6,4,2,2,1,1,1,0,0,0,0,0,0,0,0,0,0,0,0,0,0,0,0,0,0,0,0,0,0,0,0,0,0,0,0,0,0,0,0,0,0,0,0,0,0,0,0,0,0,0,0,0,0,0,0,0,0,0,0,0,0,0,0,0
0,0,0,0,0,0,0,0,0,0,0,0,0,0,0,0,0,0,0,0,0,0,0,0,0,0,0,0,0,0,0,0,0,0,0,0,0,0,0,0,0,0,0,0,0,0,0,0,0,0,0,0,0,0,0,0,0,0,0,0,0,0,0,0,0,0,0,0,1,1,3,4,6,7,10,11,11,11,10,9,6,6,5,5,5,6,5,5,4,4,2,2,1,1,0,0,0,1,1,1,3,4,6,7,8,8,8,7,6,4,3,1,1,1,1,1,2,3,5,7,8,9,10,12,14,16,18,21,23,24,25,24,22,18,14,10,7,5,3,2,1,1,1,1,0,0,0,0,0,0,0,0,0,0,0,0,0,0,0,0,0,0,0,0,0,0,0,0,0,0,0,0,0,0,0,0,0,0,0,0,0,0,0,0,0,0,0,0,0,0,0,0,0,0,0,0,0,0,0,0,0,0,0,0,0,0,0,0,0,0,0,0,0,0,0,0,0,0,0,0,0,0,0,0,0,0,0,0,0,0,0,0,0,0,0,0,0,0,0,0,0,0,0,0,0,0,0,0,0,0,0,0,0,0,0,0,0,0,0,0,0,0,0,0,0,0,0,0,1,1,3,4,6,7,10,11,11,11,10,9,6,6,6,5,5,6,5,5,4,4,2,2,1,1,0,0,0,1,1,1,3,4,6,7,8,8,8,7,6,4,3,1,1,1,1,1,2,3,5,7,8,9,10,12,14,16,18,21,23,24,25,24,22,19,15,11,8,5,3,2,1,1,1,1,0,0,0,0,0,0,0,0,0,0,0,0,0,0,0,0,0,0,0,0,0,0,0,0,0,0,0,0,0,0,0,0,0,0,0,0,0,0,0,0,0,0,0,0,0,0,0,0,0,0,0,0,0,0,0,0
0,0,0,0,0,0,0,0,0,0,0,0,0,0,0,0,0,0,0,0,0,0,0,0,0,0,0,0,0,0,0,0,0,0,0,0,0,0,0,0,0,0,0,0,0,0,0,0,0,0,0,0,0,0,0,0,0,0,0,0,0,0,0,0,0,0,0,1,1,2,3,4,6,8,10,10,11,11,10,9,6,5,5,5,5,6,5,5,4,4,3,2,1,1,0,0,0,1,1,2,3,5,6,7,8,8,8,7,5,4,3,1,1,1,1,1,2,3,6,7,8,8,10,11,12,14,16,19,22,24,25,25,24,21,17,13,10,7,5,3,2,1,1,1,1,0,0,0,0,0,0,0,0,0,0,0,0,0,0,0,0,0,0,0,0,0,0,0,0,0,0,0,0,0,0,0,0,0,0,0,0,0,0,0,0,0,0,0,0,0,0,0,0,0,0,0,0,0,0,0,0,0,0,0,0,0,0,0,0,0,0,0,0,0,0,0,0,0,0,0,0,0,0,0,0,0,0,0,0,0,0,0,0,0,0,0,0,0,0,0,0,0,0,0,0,0,0,0,0,0,0,0,0,0,0,0,0,0,0,0,0,0,0,0,0,0,0,1,1,2,3,4,6,8,10,10,11,11,10,9,6,5,5,5,5,6,5,5,4,4,3,2,1,1,0,0,0,1,1,2,3,5,6,7,8,8,8,7,5,4,3,1,1,1,1,1,2,3,6,7,8,8,10,11,12,14,16,19,22,24,25,25,24,21,17,13,10,7,5,3,2,1,1,1,1,0,0,0,0,0,0,0,0,0,0,0,0,0,0,0,0,0,0,0,0,0,0,0,0,0,0,0,0,0,0,0,0,0,0,0,0,0,0,0,0,0,0,0,0,0,0,0,0,0,0,0,0,0,0,0
0,0,0,0,0,0,0,0,0,0,0,0,0,0,0,0,0,0,0,0,0,0,0,0,0,0,0,0,0,0,0,0,0,0,0,0,0,0,0,0,0,0,0,0,0,0,0,0,0,0,0,0,0,0,0,0,0,0,0,0,0,0,0,0,0,0,0,1,1,2,3,4,6,8,10,10,11,10,9,8,6,5,5,5,5,6,5,5,4,4,3,2,1,1,0,0,0,1,1,2,3,5,6,7,8,8,8,7,5,4,2,1,1,1,1,1,2,4,6,7,8,8,9,10,11,12,14,16,20,22,24,25,25,23,19,15,12,9,6,4,3,2,1,1,1,0,0,0,0,0,0,0,0,0,0,0,0,0,0,0,0,0,0,0,0,0,0,0,0,0,0,0,0,0,0,0,0,0,0,0,0,0,0,0,0,0,0,0,0,0,0,0,0,0,0,0,0,0,0,0,0,0,0,0,0,0,0,0,0,0,0,0,0,0,0,0,0,0,0,0,0,0,0,0,0,0,0,0,0,0,0,0,0,0,0,0,0,0,0,0,0,0,0,0,0,0,0,0,0,0,0,0,0,0,0,0,0,0,0,0,0,0,0,0,0,0,0,1,1,2,3,4,6,8,10,10,11,10,9,8,6,5,5,5,5,6,5,5,4,4,3,2,1,1,0,0,0,1,1,2,3,5,6,7,8,8,8,7,5,4,2,1,1,1,1,1,2,4,6,7,8,8,9,10,11,12,14,16,20,22,24,25,25,23,19,15,12,9,6,4,3,2,1,1,1,0,0,0,0,0,0,0,0,0,0,0,0,0,0,0,0,0,0,0,0,0,0,0,0,0,0,0,0,0,0,0,0,0,0,0,0,0,0,0,0,0,0,0,0,0,0,0,0,0,0,0,0,0,0,0
0,0,0,0,0,0,0,0,0,0,0,0,0,0,0,0,0,0,0,0,0,0,0,0,0,0,0,0,0,0,0,0,0,0,0,0,0,0,0,0,0,0,0,0,0,0,0,0,0,0,0,0,0,0,0,0,0,0,0,0,0,0,0,0,0,0,0,1,1,2,3,5,6,8,10,10,11,10,9,8,5,5,5,5,5,6,5,5,4,4,3,2,1,1,0,0,1,1,1,2,3,5,7,8,8,8,8,7,5,4,2,1,1,1,1,1,2,4,6,7,8,8,9,9,9,10,11,14,18,21,23,25,25,24,22,18,14,11,8,5,4,2,1,1,1,1,0,0,0,0,0,0,0,0,0,0,0,0,0,0,0,0,0,0,0,0,0,0,0,0,0,0,0,0,0,0,0,0,0,0,0,0,0,0,0,0,0,0,0,0,0,0,0,0,0,0,0,0,0,0,0,0,0,0,0,0,0,0,0,0,0,0,0,0,0,0,0,0,0,0,0,0,0,0,0,0,0,0,0,0,0,0,0,0,0,0,0,0,0,0,0,0,0,0,0,0,0,0,0,0,0,0,0,0,0,0,0,0,0,0,0,0,0,0,0,0,0,1,1,2,3,5,6,8,10,10,11,10,9,8,5,5,5,5,5,6,5,5,4,4,3,2,1,1,0,0,1,1,1,2,3,5,7,8,8,8,8,7,5,4,2,1,1,1,1,1,2,4,6,7,8,8,9,9,9,10,11,14,18,21,23,25,26,24,22,18,14,11,8,5,4,2,1,1,1,1,0,0,0,0,0,0,0,0,0,0,0,0,0,0,0,0,0,0,0,0,0,0,0,0,0,0,0,0,0,0,0,0,0,0,0,0,0,0,0,0,0,0,0,0,0,0,0,0,0,0,0,0,0,0
0,0,0,0,0,0,0,0,0,0,0,0,0,0,0,0,0,0,0,0,0,0,0,0,0,0,0,0,0,0,0,0,0,0,0,0,0,0,0,0,0,0,0,0,0,0,0,0,0,0,0,0,0,0,0,0,0,0,0,0,0,0,0,0,0,0,0,1,1,2,3,5,7,8,10,10,11,10,9,8,5,5,5,5,5,5,5,5,4,4,3,2,1,1,1,0,1,1,1,2,4,5,7,8,8,8,7,6,5,3,2,1,1,1,1,1,2,5,6,7,8,8,9,8,8,9,9,12,15,19,22,24,26,25,24,20,17,14,10,7,5,3,2,1,1,1,1,0,0,0,0,0,0,0,0,0,0,0,0,0,0,0,0,0,0,0,0,0,0,0,0,0,0,0,0,0,0,0,0,0,0,0,0,0,0,0,0,0,0,0,0,0,0,0,0,0,0,0,0,0,0,0,0,0,0,0,0,0,0,0,0,0,0,0,0,0,0,0,0,0,0,0,0,0,0,0,0,0,0,0,0,0,0,0,0,0,0,0,0,0,0,0,0,0,0,0,0,0,0,0,0,0,0,0,0,0,0,0,0,0,0,0,0,0,0,0,0,1,1,2,3,5,7,8,10,10,11,10,9,8,5,5,5,5,5,5,5,5,5,4,3,2,1,1,1,0,1,1,1,2,4,5,7,8,8,8,7,6,5,3,2,1,1,1,1,1,2,5,6,7,8,8,9,8,8,9,9,12,15,19,22,24,26,26,24,21,17,14,10,7,5,3,2,1,1,1,1,0,0,0,0,0,0,0,0,0,0,0,0,0,0,0,0,0,0,0,0,0,0,0,0,0,0,0,0,0,0,0,0,0,0,0,0,0,0,0,0,0,0,0,0,0,0,0,0,0,0,0,0,0
0,0,0,0,0,0,0,0,0,0,0,0,0,0,0,0,0,0,0,0,0,0,0,0,0,0,0,0,0,0,0,0,0,0,0,0,0,0,0,0,0,0,0,0,0,0,0,0,0,0,0,0,0,0,0,0,0,0,0,0,0,0,0,0,0,0,0,1,1,2,4,5,7,9,10,10,10,10,8,7,5,5,5,5,5,5,5,5,5,4,3,2,2,1,1,0,1,1,1,2,4,5,7,8,8,8,7,6,4,3,2,1,1,1,1,1,3,5,6,7,7,8,8,8,7,7,8,10,13,17,20,23,25,26,25,23,20,16,13,9,6,4,3,2,1,1,1,0,0,0,0,0,0,0,0,0,0,0,0,0,0,0,0,0,0,0,0,0,0,0,0,0,0,0,0,0,0,0,0,0,0,0,0,0,0,0,0,0,0,0,0,0,0,0,0,0,0,0,0,0,0,0,0,0,0,0,0,0,0,0,0,0,0,0,0,0,0,0,0,0,0,0,0,0,0,0,0,0,0,0,0,0,0,0,0,0,0,0,0,0,0,0,0,0,0,0,0,0,0,0,0,0,0,0,0,0,0,0,0,0,0,0,0,0,0,0,0,1,1,2,4,5,7,9,10,10,10,10,8,7,5,5,5,5,5,5,5,5,5,4,3,2,2,1,1,0,1,1,1,2,4,5,7,8,8,8,7,6,4,3,2,1,1,1,1,1,3,5,6,7,7,8,8,8,7,7,8,10,13,17,20,23,25,26,25,23,20,16,13,9,6,4,3,2,1,1,1,0,0,0,0,0,0,0,0,0,0,0,0,0,0,0,0,0,0,0,0,0,0,0,0,0,0,0,0,0,0,0,0,0,0,0,0,0,0,0,0,0,0,0,0,0,0,0,0,0,0,0,0,0
0,0,0,0,0,0,0,0,0,0,0,0,0,0,0,0,0,0,0,0,0,0,0,0,0,0,0,0,0,0,0,0,0,0,0,0,0,0,0,0,0,0,0,0,0,0,0,0,0,0,0,0,0,0,0,0,0,0,0,0,0,0,0,0,0,0,0,1,2,2,4,5,7,9,10,10,10,9,8,7,5,4,4,4,5,5,5,5,5,4,3,2,2,1,1,0,1,1,1,3,4,6,7,8,8,8,7,6,4,3,1,1,1,1,1,2,3,5,6,7,7,8,8,7,7,6,6,8,11,14,18,22,24,26,26,25,22,19,15,12,8,6,4,2,1,1,1,1,0,0,0,0,0,0,0,0,0,0,0,0,0,0,0,0,0,0,0,0,0,0,0,0,0,0,0,0,0,0,0,0,0,0,0,0,0,0,0,0,0,0,0,0,0,0,0,0,0,0,0,0,0,0,0,0,0,0,0,0,0,0,0,0,0,0,0,0,0,0,0,0,0,0,0,0,0,0,0,0,0,0,0,0,0,0,0,0,0,0,0,0,0,0,0,0,0,0,0,0,0,0,0,0,0,0,0,0,0,0,0,0,0,0,0,0,0,0,0,1,2,2,4,5,7,9,10,10,10,9,8,7,5,4,4,4,5,5,5,5,5,4,3,2,2,1,1,0,1,1,1,3,4,6,7,8,8,8,7,6,4,3,1,1,1,1,1,2,3,5,6,7,7,8,8,7,7,6,6,8,11,14,18,22,24,26,26,25,22,19,15,12,8,6,4,2,1,1,1,1,0,0,0,0,0,0,0,0,0,0,0,0,0,0,0,0,0,0,0,0,0,0,0,0,0,0,0,0,0,0,0,0,0,0,0,0,0,0,0,0,0,0,0,0,0,0,0,0,0,0,0,0
0,0,0,0,0,0,0,0,0,0,0,0,0,0,0,0,0,0,0,0,0,0,0,0,0,0,0,0,0,0,0,0,0,0,0,0,0,0,0,0,0,0,0,0,0,0,0,0,0,0,0,0,0,0,0,0,0,0,0,0,0,0,0,0,0,0,0,1,2,3,4,5,7,9,10,10,10,9,8,7,5,4,4,4,5,5,5,5,5,4,4,2,2,1,1,0,1,1,2,3,4,6,7,8,8,8,7,5,4,3,1,1,1,1,1,2,3,6,7,7,7,8,8,7,6,5,5,6,9,12,16,19,23,25,26,26,24,22,18,14,11,7,5,3,2,1,1,1,1,0,0,0,0,0,0,0,0,0,0,0,0,0,0,0,0,0,0,0,0,0,0,0,0,0,0,0,0,0,0,0,0,0,0,0,0,0,0,0,0,0,0,0,0,0,0,0,0,0,0,0,0,0,0,0,0,0,0,0,0,0,0,0,0,0,0,0,0,0,0,0,0,0,0,0,0,0,0,0,0,0,0,0,0,0,0,0,0,0,0,0,0,0,0,0,0,0,0,0,0,0,0,0,0,0,0,0,0,0,0,0,0,0,0,0,0,0,0,1,2,3,4,5,7,9,10,10,10,9,8,7,5,4,4,4,5,5,5,5,5,4,4,2,2,1,1,0,1,1,2,3,4,6,7,8,8,8,7,5,4,3,1,1,1,1,1,2,3,5,7,7,7,8,8,7,6,5,5,6,9,12,16,20,23,25,27,26,24,22,18,14,11,8,5,3,2,1,1,1,1,0,0,0,0,0,0,0,0,0,0,0,0,0,0,0,0,0,0,0,0,0,0,0,0,0,0,0,0,0,0,0,0,0,0,0,0,0,0,0,0,0,0,0,0,0,0,0,0,0,0,0
0,0,0,0,0,0,0,0,0,0,0,0,0,0,0,0,0,0,0,0,0,0,0,0,0,0,0,0,0,0,0,0,0,0,0,0,0,0,0,0,0,0,0,0,0,0,0,0,0,0,0,0,0,0,0,0,0,0,0,0,0,0,0,0,0,0,1,1,2,3,4,6,7,9,10,10,10,9,7,6,5,4,4,4,5,5,5,5,5,5,4,2,2,1,1,0,1,1,2,3,5,6,7,8,8,7,7,5,4,2,1,1,1,1,1,2,4,6,7,7,7,8,7,7,6,5,4,5,7,10,13,17,21,24,26,27,26,24,21,17,13,10,7,4,3,2,1,1,1,0,0,0,0,0,0,0,0,0,0,0,0,0,0,0,0,0,0,0,0,0,0,0,0,0,0,0,0,0,0,0,0,0,0,0,0,0,0,0,0,0,0,0,0,0,0,0,0,0,0,0,0,0,0,0,0,0,0,0,0,0,0,0,0,0,0,0,0,0,0,0,0,0,0,0,0,0,0,0,0,0,0,0,0,0,0,0,0,0,0,0,0,0,0,0,0,0,0,0,0,0,0,0,0,0,0,0,0,0,0,0,0,0,0,0,0,0,1,1,2,3,4,6,7,9,10,10,10,9,7,6,5,4,4,4,5,5,5,5,5,5,4,2,2,1,1,0,1,1,2,3,5,6,7,8,8,7,7,5,4,2,1,1,1,1,1,2,4,6,7,7,7,8,7,7,6,5,4,5,7,10,13,17,21,24,26,27,26,24,21,17,13,10,7,4,3,2,1,1,1,0,0,0,0,0,0,0,0,0,0,0,0,0,0,0,0,0,0,0,0,0,0,0,0,0,0,0,0,0,0,0,0,0,0,0,0,0,0,0,0,0,0,0,0,0,0,0,0,0,0,0
0,0,0,0,0,0,0,0,0,0,0,0,0,0,0,0,0,0,0,0,0,0,0,0,0,0,0,0,0,0,0,0,0,0,0,0,0,0,0,0,0,0,0,0,0,0,0,0,0,0,0,0,0,0,0,0,0,0,0,0,0,0,0,0,0,0,1,1,2,3,4,6,8,9,10,10,10,9,7,6,5,4,4,4,5,5,5,5,5,5,4,2,2,1,1,1,1,1,2,3,5,6,7,8,8,7,6,5,4,2,1,1,1,1,1,2,4,6,7,7,7,8,7,6,5,4,3,4,5,8,11,15,19,22,25,27,27,26,23,20,16,12,9,6,4,3,2,1,1,1,0,0,0,0,0,0,0,0,0,0,0,0,0,0,0,0,0,0,0,0,0,0,0,0,0,0,0,0,0,0,0,0,0,0,0,0,0,0,0,0,0,0,0,0,0,0,0,0,0,0,0,0,0,0,0,0,0,0,0,0,0,0,0,0,0,0,0,0,0,0,0,0,0,0,0,0,0,0,0,0,0,0,0,0,0,0,0,0,0,0,0,0,0,0,0,0,0,0,0,0,0,0,0,0,0,0,0,0,0,0,0,0,0,0,0,0,1,1,2,3,4,6,8,9,10,10,10,9,7,6,5,4,4,4,5,5,6,5,5,5,4,2,2,1,1,1,1,1,2,3,5,6,7,8,8,7,6,5,4,2,1,1,1,1,1,2,4,6,7,7,7,8,7,6,5,4,3,4,5,8,11,15,19,23,25,27,27,26,23,20,16,12,9,6,4,3,2,1,1,1,0,0,0,0,0,0,0,0,0,0,0,0,0,0,0,0,0,0,0,0,0,0,0,0,0,0,0,0,0,0,0,0,0,0,0,0,0,0,0,0,0,0,0,0,0,0,0,0,0,0
0,0,0,0,0,0,0,0,0,0,0,0,0,0,0,0,0,0,0,0,0,0,0,0,0,0,0,0,0,0,0,0,0,0,0,0,0,0,0,0,0,0,0,0,0,0,0,0,0,0,0,0,0,0,0,0,0,0,0,0,0,0,0,0,0,0,1,1,2,3,5,6,8,9,10,9,9,9,7,6,5,4,4,4,5,5,5,5,5,5,4,3,2,1,1,1,1,1,2,4,5,7,7,8,8,7,6,5,3,2,1,1,1,1,1,3,5,6,7,7,7,8,7,6,5,3,2,3,4,6,9,12,16,20,24,26,27,27,25,23,19,15,11,8,6,4,2,1,1,1,1,0,0,0,0,0,0,0,0,0,0,0,0,0,0,0,0,0,0,0,0,0,0,0,0,0,0,0,0,0,0,0,0,0,0,0,0,0,0,0,0,0,0,0,0,0,0,0,0,0,0,0,0,0,0,0,0,0,0,0,0,0,0,0,0,0,0,0,0,0,0,0,0,0,0,0,0,0,0,0,0,0,0,0,0,0,0,0,0,0,0,0,0,0,0,0,0,0,0,0,0,0,0,0,0,0,0,0,0,0,0,0,0,0,0,0,1,1,2,3,5,6,8,9,10,9,9,9,7,6,5,4,4,4,5,5,6,5,5,5,4,3,2,1,1,1,1,1,2,4,5,7,7,8,8,7,6,5,3,2,1,1,1,1,1,2,5,6,7,7,7,8,7,6,5,3,2,3,4,6,9,12,16,20,24,26,27,27,25,23,19,15,11,8,6,4,2,1,1,1,1,0,0,0,0,0,0,0,0,0,0,0,0,0,0,0,0,0,0,0,0,0,0,0,0,0,0,0,0,0,0,0,0,0,0,0,0,0,0,0,0,0,0,0,0,0,0,0,0,0
0,0,0,0,0,0,0,0,0,0,0,0,0,0,0,0,0,0,0,0,0,0,0,0,0,0,0,0,0,0,0,0,0,0,0,0,0,0,0,0,0,0,0,0,0,0,0,0,0,0,0,0,0,0,0,0,0,0,0,0,0,0,0,0,0,0,1,1,2,3,5,6,8,9,10,9,9,8,7,6,5,4,4,4,5,5,6,5,5,5,4,3,2,1,1,1,1,1,2,4,5,7,8,8,8,7,6,5,3,2,1,1,1,1,1,3,5,6,7,7,7,8,7,6,5,3,2,2,3,5,7,10,14,18,22,25,27,28,27,25,22,18,14,10,7,5,3,2,1,1,1,1,0,0,0,0,0,0,0,0,0,0,0,0,0,0,0,0,0,0,0,0,0,0,0,0,0,0,0,0,0,0,0,0,0,0,0,0,0,0,0,0,0,0,0,0,0,0,0,0,0,0,0,0,0,0,0,0,0,0,0,0,0,0,0,0,0,0,0,0,0,0,0,0,0,0,0,0,0,0,0,0,0,0,0,0,0,0,0,0,0,0,0,0,0,0,0,0,0,0,0,0,0,0,0,0,0,0,0,0,0,0,0,0,0,0,1,1,2,3,5,6,8,9,10,9,9,8,7,6,5,4,4,4,5,5,6,5,5,5,4,3,2,1,1,1,1,1,2,4,5,7,8,8,8,7,6,5,3,2,1,1,1,1,1,3,5,6,7,7,7,8,7,6,5,3,2,2,3,5,7,10,14,18,22,25,27,28,27,25,22,18,14,11,7,5,3,2,1,1,1,1,0,0,0,0,0,0,0,0,0,0,0,0,0,0,0,0,0,0,0,0,0,0,0,0,0,0,0,0,0,0,0,0,0,0,0,0,0,0,0,0,0,0,0,0,0,0,0,0
0,0,0,0,0,0,0,0,0,0,0,0,0,0,0,0,0,0,0,0,0,0,0,0,0,0,0,0,0,0,0,0,0,0,0,0,0,0,0,0,0,0,0,0,0,0,0,0,0,0,0,0,0,0,0,0,0,0,0,0,0,0,0,0,0,0,1,1,2,4,5,6,8,9,10,9,9,8,6,5,5,4,3,4,5,5,6,5,5,5,4,3,2,1,1,1,1,1,3,4,5,7,8,8,7,7,6,4,3,1,1,1,1,1,1,3,5,6,7,7,7,7,7,6,4,2,2,1,2,3,5,8,11,15,20,23,26,28,28,27,24,21,17,13,10,7,4,3,2,1,1,1,1,0,0,0,0,0,0,0,0,0,0,0,0,0,0,0,0,0,0,0,0,0,0,0,0,0,0,0,0,0,0,0,0,0,0,0,0,0,0,0,0,0,0,0,0,0,0,0,0,0,0,0,0,0,0,0,0,0,0,0,0,0,0,0,0,0,0,0,0,0,0,0,0,0,0,0,0,0,0,0,0,0,0,0,0,0,0,0,0,0,0,0,0,0,0,0,0,0,0,0,0,0,0,0,0,0,0,0,0,0,0,0,0,0,1,1,2,4,5,6,8,9,10,9,9,8,6,5,5,4,3,4,5,5,6,5,5,5,4,3,2,1,1,1,1,1,3,4,5,7,8,8,7,7,6,4,3,1,1,1,1,1,1,3,5,6,7,7,7,7,7,6,4,2,2,1,2,3,5,8,11,15,20,23,26,28,28,27,24,21,17,13,10,7,4,3,2,1,1,1,1,0,0,0,0,0,0,0,0,0,0,0,0,0,0,0,0,0,0,0,0,0,0,0,0,0,0,0,0,0,0,0,0,0,0,0,0,0,0,0,0,0,0,0,0,0,0,0
0,0,0,0,0,0,0,0,0,0,0,0,0,0,0,0,0,0,0,0,0,0,0,0,0,0,0,0,0,0,0,0,0,0,0,0,0,0,0,0,0,0,0,0,0,0,0,0,0,0,0,0,0,0,0,0,0,0,0,0,0,0,0,0,0,0,1,2,3,4,5,7,8,9,10,9,9,8,6,5,4,3,3,4,5,5,6,5,5,5,4,3,2,1,1,1,1,2,3,4,6,7,8,8,7,7,6,4,3,1,1,1,1,1,1,3,5,6,7,7,7,7,6,5,4,2,1,1,2,2,4,6,9,13,17,21,24,27,28,28,26,24,20,16,13,9,6,4,2,2,1,1,1,1,0,0,0,0,0,0,0,0,0,0,0,0,0,0,0,0,0,0,0,0,0,0,0,0,0,0,0,0,0,0,0,0,0,0,0,0,0,0,0,0,0,0,0,0,0,0,0,0,0,0,0,0,0,0,0,0,0,0,0,0,0,0,0,0,0,0,0,0,0,0,0,0,0,0,0,0,0,0,0,0,0,0,0,0,0,0,0,0,0,0,0,0,0,0,0,0,0,0,0,0,0,0,0,0,0,0,0,0,0,0,0,0,1,2,3,4,5,7,8,9,10,9,9,8,6,5,4,3,3,4,5,5,6,5,5,5,4,3,2,1,1,1,1,2,3,4,6,7,8,8,7,7,5,4,3,1,1,1,1,1,1,3,5,6,7,7,7,7,6,5,4,2,1,1,2,2,4,6,9,13,17,21,24,27,28,28,26,24,20,16,13,9,6,4,2,2,1,1,1,1,0,0,0,0,0,0,0,0,0,0,0,0,0,0,0,0,0,0,0,0,0,0,0,0,0,0,0,0,0,0,0,0,0,0,0,0,0,0,0,0,0,0,0,0,0,0
0,0,0,0,0,0,0,0,0,0,0,0,0,0,0,0,0,0,0,0,0,0,0,0,0,0,0,0,0,0,0,0,0,0,0,0,0,0,0,0,0,0,0,0,0,0,0,0,0,0,0,0,0,0,0,0,0,0,0,0,0,0,0,0,0,0,1,2,3,4,5,7,8,9,9,8,8,7,6,5,4,3,3,4,4,5,6,5,5,5,5,3,2,2,1,1,1,2,3,4,6,7,8,8,7,7,5,4,2,1,1,1,1,1,2,4,6,7,7,7,7,7,6,5,4,2,1,1,1,2,3,5,7,10,14,19,22,25,27,28,28,26,23,19,16,12,8,6,3,2,1,1,1,1,1,0,0,0,0,0,0,0,0,0,0,0,0,0,0,0,0,0,0,0,0,0,0,0,0,0,0,0,0,0,0,0,0,0,0,0,0,0,0,0,0,0,0,0,0,0,0,0,0,0,0,0,0,0,0,0,0,0,0,0,0,0,0,0,0,0,0,0,0,0,0,0,0,0,0,0,0,0,0,0,0,0,0,0,0,0,0,0,0,0,0,0,0,0,0,0,0,0,0,0,0,0,0,0,0,0,0,0,0,0,0,0,1,2,3,4,5,7,8,9,9,8,8,7,6,5,4,3,3,4,5,5,6,5,5,5,5,3,2,2,1,1,1,2,3,4,6,7,8,8,7,7,5,4,2,1,1,1,1,1,2,4,6,7,7,7,7,7,6,5,4,2,1,1,1,2,3,5,7,10,14,19,22,25,27,28,28,26,23,19,16,12,8,6,3,2,1,1,1,1,1,0,0,0,0,0,0,0,0,0,0,0,0,0,0,0,0,0,0,0,0,0,0,0,0,0,0,0,0,0,0,0,0,0,0,0,0,0,0,0,0,0,0,0,0,0
0,0,0,0,0,0,0,0,0,0,0,0,0,0,0,0,0,0,0,0,0,0,0,0,0,0,0,0,0,0,0,0,0,0,0,0,0,0,0,0,0,0,0,0,0,0,0,0,0,0,0,0,0,0,0,0,0,0,0,0,0,0,0,0,0,1,1,2,3,4,5,7,8,9,9,8,8,7,6,5,4,3,3,4,4,5,5,5,5,5,5,3,2,2,1,1,1,2,3,5,6,7,8,8,7,7,5,4,2,1,1,1,1,1,2,4,6,7,7,7,7,7,6,5,3,2,1,1,1,1,2,3,5,8,12,16,20,23,26,28,29,28,26,22,19,15,11,8,5,3,2,1,1,1,1,0,0,0,0,0,0,0,0,0,0,0,0,0,0,0,0,0,0,0,0,0,0,0,0,0,0,0,0,0,0,0,0,0,0,0,0,0,0,0,0,0,0,0,0,0,0,0,0,0,0,0,0,0,0,0,0,0,0,0,0,0,0,0,0,0,0,0,0,0,0,0,0,0,0,0,0,0,0,0,0,0,0,0,0,0,0,0,0,0,0,0,0,0,0,0,0,0,0,0,0,0,0,0,0,0,0,0,0,0,0,1,1,2,3,4,5,7,8,9,9,8,8,7,6,5,4,3,3,4,4,5,6,5,5,5,5,3,2,2,1,1,1,2,3,5,6,7,8,8,7,7,5,4,2,1,1,1,1,1,2,4,6,7,7,7,7,7,6,5,3,2,1,1,1,1,2,3,5,8,12,16,20,23,26,28,29,28,26,22,19,15,11,8,5,3,2,1,1,1,1,0,0,0,0,0,0,0,0,0,0,0,0,0,0,0,0,0,0,0,0,0,0,0,0,0,0,0,0,0,0,0,0,0,0,0,0,0,0,0,0,0,0,0,0,0
0,0,0,0,0,0,0,0,0,0,0,0,0,0,0,0,0,0,0,0,0,0,0,0,0,0,0,0,0,0,0,0,0,0,0,0,0,0,0,0,0,0,0,0,0,0,0,0,0,0,0,0,0,0,0,0,0,0,0,0,0,0,0,0,0,1,1,2,3,4,6,7,8,9,9,8,8,7,6,5,4,3,3,4,4,5,5,5,5,5,5,4,2,2,1,1,1,2,3,5,6,7,8,8,7,6,5,3,2,1,1,1,1,1,2,4,6,7,7,7,7,7,6,5,3,1,1,1,1,1,1,2,4,6,9,13,17,21,24,27,29,29,28,25,22,18,14,10,7,5,3,2,1,1,1,1,0,0,0,0,0,0,0,0,0,0,0,0,0,0,0,0,0,0,0,0,0,0,0,0,0,0,0,0,0,0,0,0,0,0,0,0,0,0,0,0,0,0,0,0,0,0,0,0,0,0,0,0,0,0,0,0,0,0,0,0,0,0,0,0,0,0,0,0,0,0,0,0,0,0,0,0,0,0,0,0,0,0,0,0,0,0,0,0,0,0,0,0,0,0,0,0,0,0,0,0,0,0,0,0,0,0,0,0,0,1,1,2,3,4,6,7,8,9,9,8,8,7,6,5,4,3,3,4,4,5,6,5,5,5,5,4,2,2,1,1,1,2,3,5,6,7,8,8,7,6,5,3,2,1,1,1,1,1,2,4,6,7,7,7,7,7,6,5,3,1,1,1,1,1,1,2,4,6,9,13,17,21,24,27,29,29,28,25,22,18,14,10,7,5,3,2,1,1,1,1,0,0,0,0,0,0,0,0,0,0,0,0,0,0,0,0,0,0,0,0,0,0,0,0,0,0,0,0,0,0,0,0,0,0,0,0,0,0,0,0,0,0,0,0
0,0,0,0,0,0,0,0,0,0,0,0,0,0,0,0,0,0,0,0,0,0,0,0,0,0,0,0,0,0,0,0,0,0,0,0,0,0,0,0,0,0,0,0,0,0,0,0,0,0,0,0,0,0,0,0,0,0,0,0,0,0,0,0,0,1,1,2,3,4,6,8,8,9,8,8,8,7,6,5,4,3,3,4,4,5,5,5,5,5,5,4,2,2,1,1,1,2,4,5,6,7,8,7,7,6,5,3,2,1,1,1,1,1,2,5,6,7,7,7,7,7,6,5,3,1,1,1,1,1,1,2,3,5,7,11,14,18,22,25,28,29,29,27,25,22,17,13,9,7,5,3,2,1,1,1,1,0,0,0,0,0,0,0,0,0,0,0,0,0,0,0,0,0,0,0,0,0,0,0,0,0,0,0,0,0,0,0,0,0,0,0,0,0,0,0,0,0,0,0,0,0,0,0,0,0,0,0,0,0,0,0,0,0,0,0,0,0,0,0,0,0,0,0,0,0,0,0,0,0,0,0,0,0,0,0,0,0,0,0,0,0,0,0,0,0,0,0,0,0,0,0,0,0,0,0,0,0,0,0,0,0,0,0,0,1,1,2,3,4,6,8,8,9,8,8,8,7,6,5,4,3,3,4,4,5,5,5,5,5,5,4,2,2,1,1,1,2,4,5,6,7,8,7,7,6,5,3,2,1,1,1,1,1,2,5,6,7,7,7,7,7,6,5,3,1,1,1,1,1,1,2,3,5,7,11,14,18,22,25,28,29,29,28,25,21,17,13,9,7,5,3,2,1,1,1,1,0,0,0,0,0,0,0,0,0,0,0,0,0,0,0,0,0,0,0,0,0,0,0,0,0,0,0,0,0,0,0,0,0,0,0,0,0,0,0,0,0,0,0
0,0,0,0,0,0,0,0,0,0,0,0,0,0,0,0,0,0,0,0,0,0,0,0,0,0,0,0,0,0,0,0,0,0,0,0,0,0,0,0,0,0,0,0,0,0,0,0,0,0,0,0,0,0,0,0,0,0,0,0,0,0,0,0,0,1,1,2,4,5,6,8,8,9,8,8,7,6,6,4,4,3,3,4,4,5,5,5,5,5,5,4,2,2,1,1,2,3,4,5,7,7,8,7,7,6,4,3,1,1,1,1,1,1,3,5,6,7,7,7,7,6,6,4,3,1,1,1,1,1,1,1,2,3,5,8,12,15,19,23,26,28,30,29,27,25,21,16,12,9,7,5,3,2,1,1,1,1,0,0,0,0,0,0,0,0,0,0,0,0,0,0,0,0,0,0,0,0,0,0,0,0,0,0,0,0,0,0,0,0,0,0,0,0,0,0,0,0,0,0,0,0,0,0,0,0,0,0,0,0,0,0,0,0,0,0,0,0,0,0,0,0,0,0,0,0,0,0,0,0,0,0,0,0,0,0,0,0,0,0,0,0,0,0,0,0,0,0,0,0,0,0,0,0,0,0,0,0,0,0,0,0,0,0,0,1,1,2,4,5,6,8,8,9,8,8,7,6,6,4,4,3,3,4,4,5,5,5,5,5,5,4,3,2,1,1,2,3,4,5,7,7,8,7,7,6,4,3,1,1,1,1,1,1,3,5,6,7,7,7,7,6,6,4,3,1,1,1,1,1,1,1,2,3,5,8,12,15,19,23,26,28,30,29,27,25,21,16,12,9,7,5,3,2,1,1,1,1,0,0,0,0,0,0,0,0,0,0,0,0,0,0,0,0,0,0,0,0,0,0,0,0,0,0,0,0,0,0,0,0,0,0,0,0,0,0,0,0,0,0
0,0,0,0,0,0,0,0,0,0,0,0,0,0,0,0,0,0,0,0,0,0,0,0,0,0,0,0,0,0,0,0,0,0,0,0,0,0,0,0,0,0,0,0,0,0,0,0,0,0,0,0,0,0,0,0,0,0,0,0,0,0,0,0,0,1,1,3,4,5,6,8,8,9,8,7,7,6,5,4,4,3,3,3,4,4,5,5,5,5,5,4,3,2,1,1,2,3,4,5,7,7,8,7,7,6,4,3,1,1,1,1,1,1,3,5,6,7,7,7,7,6,5,4,2,1,1,1,0,1,1,1,1,2,4,6,9,12,16,20,24,27,29,30,29,27,24,20,16,12,9,7,4,3,2,1,1,1,1,1,0,0,0,0,0,0,0,0,0,0,0,0,0,0,0,0,0,0,0,0,0,0,0,0,0,0,0,0,0,0,0,0,0,0,0,0,0,0,0,0,0,0,0,0,0,0,0,0,0,0,0,0,0,0,0,0,0,0,0,0,0,0,0,0,0,0,0,0,0,0,0,0,0,0,0,0,0,0,0,0,0,0,0,0,0,0,0,0,0,0,0,0,0,0,0,0,0,0,0,0,0,0,0,0,0,1,1,3,4,5,6,8,8,9,8,7,7,6,5,4,4,3,3,3,4,5,5,6,5,5,5,4,3,2,1,1,2,3,4,5,7,7,8,7,7,6,4,3,1,1,1,1,1,1,3,5,6,7,7,7,7,6,5,4,2,1,1,1,0,1,1,1,1,2,4,6,9,12,16,20,24,27,29,30,29,27,24,20,16,12,9,7,4,3,2,1,1,1,1,1,0,0,0,0,0,0,0,0,0,0,0,0,0,0,0,0,0,0,0,0,0,0,0,0,0,0,0,0,0,0,0,0,0,0,0,0,0,0,0,0
0,0,0,0,0,0,0,0,0,0,0,0,0,0,0,0,0,0,0,0,0,0,0,0,0,0,0,0,0,0,0,0,0,0,0,0,0,0,0,0,0,0,0,0,0,0,0,0,0,0,0,0,0,0,0,0,0,0,0,0,0,0,0,0,0,1,2,3,4,5,7,8,9,9,8,7,7,6,5,4,4,2,3,3,4,4,5,5,5,5,5,4,3,2,1,1,2,3,4,6,7,7,8,7,7,5,4,2,1,1,1,1,1,1,3,6,7,7,7,7,7,6,5,4,2,1,1,1,0,0,1,1,1,2,3,5,7,10,13,17,21,25,28,30,30,29,27,23,19,16,12,9,6,4,3,2,1,1,1,1,1,0,0,0,0,0,0,0,0,0,0,0,0,0,0,0,0,0,0,0,0,0,0,0,0,0,0,0,0,0,0,0,0,0,0,0,0,0,0,0,0,0,0,0,0,0,0,0,0,0,0,0,0,0,0,0,0,0,0,0,0,0,0,0,0,0,0,0,0,0,0,0,0,0,0,0,0,0,0,0,0,0,0,0,0,0,0,0,0,0,0,0,0,0,0,0,0,0,0,0,0,0,0,0,0,1,2,3,4,5,7,8,9,9,8,7,7,6,5,4,4,2,3,3,4,4,5,6,5,5,5,4,3,2,1,1,2,3,4,6,7,7,8,7,7,5,4,2,1,1,1,1,1,1,3,6,7,7,7,7,7,6,5,4,2,1,1,1,0,0,1,1,1,2,3,5,7,10,13,17,21,25,28,30,30,29,27,23,19,16,12,9,6,4,3,2,1,1,1,1,1,0,0,0,0,0,0,0,0,0,0,0,0,0,0,0,0,0,0,0,0,0,0,0,0,0,0,0,0,0,0,0,0,0,0,0,0,0,0,0
0,0,0,0,0,0,0,0,0,0,0,0,0,0,0,0,0,0,0,0,0,0,0,0,0,0,0,0,0,0,0,0,0,0,0,0,0,0,0,0,0,0,0,0,0,0,0,0,0,0,0,0,0,0,0,0,0,0,0,0,0,0,0,0,0,1,2,3,4,5,7,8,9,9,7,7,6,6,5,4,4,2,3,3,4,4,5,6,5,5,5,4,3,2,2,1,2,3,4,6,7,7,8,7,6,5,4,2,1,1,1,1,1,2,4,6,7,7,7,7,7,6,5,4,2,1,1,1,0,0,0,1,1,1,2,3,5,7,10,14,18,22,26,29,30,30,29,26,23,19,15,12,9,6,4,3,2,1,1,1,1,1,0,0,0,0,0,0,0,0,0,0,0,0,0,0,0,0,0,0,0,0,0,0,0,0,0,0,0,0,0,0,0,0,0,0,0,0,0,0,0,0,0,0,0,0,0,0,0,0,0,0,0,0,0,0,0,0,0,0,0,0,0,0,0,0,0,0,0,0,0,0,0,0,0,0,0,0,0,0,0,0,0,0,0,0,0,0,0,0,0,0,0,0,0,0,0,0,0,0,0,0,0,0,0,1,2,3,4,5,7,8,9,9,7,7,6,6,5,4,4,2,3,3,4,4,5,6,5,5,5,4,3,2,2,1,2,3,4,6,7,7,8,7,6,5,4,2,1,1,1,1,1,2,4,6,7,7,7,7,7,6,5,4,2,1,1,1,0,0,0,1,1,1,2,3,5,7,10,14,18,22,26,29,30,30,29,26,23,19,15,12,9,6,4,3,2,1,1,1,1,1,0,0,0,0,0,0,0,0,0,0,0,0,0,0,0,0,0,0,0,0,0,0,0,0,0,0,0,0,0,0,0,0,0,0,0,0,0,0
0,0,0,0,0,0,0,0,0,0,0,0,0,0,0,0,0,0,0,0,0,0,0,0,0,0,0,0,0,0,0,0,0,0,0,0,0,0,0,0,0,0,0,0,0,0,0,0,0,0,0,0,0,0,0,0,0,0,0,0,0,0,0,0,1,1,2,3,4,5,7,8,9,9,7,7,6,6,5,4,4,2,3,3,4,4,5,6,5,5,5,5,3,2,2,2,2,3,5,6,7,8,7,7,6,5,4,2,1,1,1,1,1,2,4,6,7,7,7,7,7,6,5,3,2,1,1,1,0,0,0,1,1,1,1,2,4,5,8,11,15,19,23,27,29,31,31,29,26,23,19,15,12,9,6,4,3,2,1,1,1,1,1,0,0,0,0,0,0,0,0,0,0,0,0,0,0,0,0,0,0,0,0,0,0,0,0,0,0,0,0,0,0,0,0,0,0,0,0,0,0,0,0,0,0,0,0,0,0,0,0,0,0,0,0,0,0,0,0,0,0,0,0,0,0,0,0,0,0,0,0,0,0,0,0,0,0,0,0,0,0,0,0,0,0,0,0,0,0,0,0,0,0,0,0,0,0,0,0,0,0,0,0,0,1,1,2,3,4,5,7,8,9,8,7,7,6,6,5,4,4,2,3,3,4,4,5,6,6,5,5,5,3,2,2,2,2,3,5,6,7,8,7,7,6,5,4,2,1,1,1,1,1,2,4,6,7,7,7,7,7,6,5,3,2,1,1,1,0,0,0,1,1,1,1,2,4,5,8,11,15,19,23,27,29,31,31,29,26,23,19,15,12,9,6,4,3,2,1,1,1,1,1,0,0,0,0,0,0,0,0,0,0,0,0,0,0,0,0,0,0,0,0,0,0,0,0,0,0,0,0,0,0,0,0,0,0,0,0,0
0,0,0,0,0,0,0,0,0,0,0,0,0,0,0,0,0,0,0,0,0,0,0,0,0,0,0,0,0,0,0,0,0,0,0,0,0,0,0,0,0,0,0,0,0,0,0,0,0,0,0,0,0,0,0,0,0,0,0,0,0,0,0,0,1,1,2,4,5,6,7,8,9,8,7,7,6,5,5,4,3,2,3,3,4,4,5,6,5,5,5,5,3,2,2,2,2,4,5,6,7,8,7,7,6,5,3,2,1,1,1,1,1,2,4,6,7,7,7,7,6,6,5,3,1,1,1,0,0,0,0,0,1,1,1,2,3,4,6,9,12,16,20,24,27,30,31,31,29,26,23,19,15,12,8,6,4,3,2,1,1,1,1,1,0,0,0,0,0,0,0,0,0,0,0,0,0,0,0,0,0,0,0,0,0,0,0,0,0,0,0,0,0,0,0,0,0,0,0,0,0,0,0,0,0,0,0,0,0,0,0,0,0,0,0,0,0,0,0,0,0,0,0,0,0,0,0,0,0,0,0,0,0,0,0,0,0,0,0,0,0,0,0,0,0,0,0,0,0,0,0,0,0,0,0,0,0,0,0,0,0,0,0,0,1,1,2,4,5,6,7,8,9,8,7,7,6,5,5,4,3,2,3,3,4,4,5,6,6,5,5,5,3,2,2,2,2,4,5,6,7,8,7,7,6,5,3,2,1,1,1,1,1,2,4,6,7,7,7,7,6,6,5,3,1,1,1,0,0,0,0,0,1,1,1,2,3,4,6,9,12,16,20,24,27,30,31,31,29,26,23,19,15,12,8,6,4,3,2,1,1,1,1,1,0,0,0,0,0,0,0,0,0,0,0,0,0,0,0,0,0,0,0,0,0,0,0,0,0,0,0,0,0,0,0,0,0,0,0,0
0,0,0,0,0,0,0,0,0,0,0,0,0,0,0,0,0,0,0,0,0,0,0,0,0,0,0,0,0,0,0,0,0,0,0,0,0,0,0,0,0,0,0,0,0,0,0,0,0,0,0,0,0,0,0,0,0,0,0,0,0,0,0,0,1,1,3,4,5,6,8,8,9,8,7,7,5,5,5,4,3,2,3,3,4,4,5,5,5,5,5,5,4,2,2,2,3,4,5,6,7,8,7,7,6,4,3,2,1,1,1,1,1,2,4,6,7,7,7,7,6,6,4,3,1,1,1,0,0,0,0,0,0,1,1,1,2,3,4,6,9,13,17,21,25,28,30,31,31,29,26,23,19,15,11,8,6,4,3,2,1,1,1,1,1,0,0,0,0,0,0,0,0,0,0,0,0,0,0,0,0,0,0,0,0,0,0,0,0,0,0,0,0,0,0,0,0,0,0,0,0,0,0,0,0,0,0,0,0,0,0,0,0,0,0,0,0,0,0,0,0,0,0,0,0,0,0,0,0,0,0,0,0,0,0,0,0,0,0,0,0,0,0,0,0,0,0,0,0,0,0,0,0,0,0,0,0,0,0,0,0,0,0,0,1,1,3,4,5,6,8,8,9,8,7,7,5,5,5,4,3,2,3,3,4,4,5,6,6,5,5,5,4,3,2,2,3,4,5,6,7,8,7,7,6,4,3,2,1,1,1,1,1,2,4,6,7,7,7,7,6,6,4,3,1,1,1,0,0,0,0,0,0,1,1,1,2,3,4,6,9,13,17,21,25,28,30,31,31,29,26,23,19,15,11,8,6,4,3,2,1,1,1,1,1,0,0,0,0,0,0,0,0,0,0,0,0,0,0,0,0,0,0,0,0,0,0,0,0,0,0,0,0,0,0,0,0,0,0,0
0,0,0,0,0,0,0,0,0,0,0,0,0,0,0,0,0,0,0,0,0,0,0,0,0,0,0,0,0,0,0,0,0,0,0,0,0,0,0,0,0,0,0,0,0,0,0,0,0,0,0,0,0,0,0,0,0,0,0,0,0,0,0,0,1,1,3,4,5,6,8,8,9,8,7,6,5,5,4,4,3,2,3,3,4,4,5,5,5,5,5,5,4,3,2,2,3,4,5,6,7,8,7,7,6,4,3,1,1,1,1,1,1,3,5,6,7,7,7,7,6,6,4,2,1,1,1,0,0,0,0,0,0,1,1,1,1,2,3,5,7,10,14,18,22,26,29,31,32,31,29,26,23,19,15,11,9,7,5,3,2,2,1,1,1,1,0,0,0,0,0,0,0,0,0,0,0,0,0,0,0,0,0,0,0,0,0,0,0,0,0,0,0,0,0,0,0,0,0,0,0,0,0,0,0,0,0,0,0,0,0,0,0,0,0,0,0,0,0,0,0,0,0,0,0,0,0,0,0,0,0,0,0,0,0,0,0,0,0,0,0,0,0,0,0,0,0,0,0,0,0,0,0,0,0,0,0,0,0,0,0,0,0,0,1,1,3,4,5,6,8,8,9,8,7,6,5,5,4,4,3,2,3,3,4,4,5,6,6,5,5,5,4,3,2,2,3,4,5,6,7,8,7,7,6,4,3,1,1,1,1,1,1,3,5,6,7,7,7,7,6,6,4,2,1,1,1,0,0,0,0,0,0,1,1,1,1,2,3,5,7,10,14,18,22,25,29,31,32,31,29,26,23,19,15,11,9,7,5,3,2,2,1,1,1,1,0,0,0,0,0,0,0,0,0,0,0,0,0,0,0,0,0,0,0,0,0,0,0,0,0,0,0,0,0,0,0,0,0,0
0,0,0,0,0,0,0,0,0,0,0,0,0,0,0,0,0,0,0,0,0,0,0,0,0,0,0,0,0,0,0,0,0,0,0,0,0,0,0,0,0,0,0,0,0,0,0,0,0,0,0,0,0,0,0,0,0,0,0,0,0,0,0,0,1,2,3,4,5,6,8,9,9,7,7,6,5,5,4,4,3,3,3,3,4,4,5,5,5,5,5,5,4,3,3,2,3,4,5,7,7,8,7,7,5,4,3,1,1,1,1,1,1,3,5,6,7,7,7,7,6,5,4,2,1,1,1,0,0,0,0,0,0,0,1,1,1,1,2,3,5,7,11,14,18,22,26,30,32,32,31,29,26,23,19,15,12,9,7,5,3,2,2,1,1,1,1,0,0,0,0,0,0,0,0,0,0,0,0,0,0,0,0,0,0,0,0,0,0,0,0,0,0,0,0,0,0,0,0,0,0,0,0,0,0,0,0,0,0,0,0,0,0,0,0,0,0,0,0,0,0,0,0,0,0,0,0,0,0,0,0,0,0,0,0,0,0,0,0,0,0,0,0,0,0,0,0,0,0,0,0,0,0,0,0,0,0,0,0,0,0,0,0,0,1,2,3,4,5,6,8,9,9,7,7,6,5,5,4,4,3,3,3,3,4,4,5,5,6,5,5,5,4,3,3,2,3,4,5,7,7,8,7,7,5,4,3,1,1,1,1,1,1,3,5,6,7,7,7,7,6,5,4,2,1,1,1,0,0,0,0,0,0,0,1,1,1,1,2,3,5,8,11,14,18,22,26,30,32,32,31,29,26,23,19,15,12,9,7,5,3,2,2,1,1,1,1,0,0,0,0,0,0,0,0,0,0,0,0,0,0,0,0,0,0,0,0,0,0,0,0,0,0,0,0,0,0,0,0,0
0,0,0,0,0,0,0,0,0,0,0,0,0,0,0,0,0,0,0,0,0,0,0,0,0,0,0,0,0,0,0,0,0,0,0,0,0,0,0,0,0,0,0,0,0,0,0,0,0,0,0,0,0,0,0,0,0,0,0,0,0,0,0,0,1,2,3,5,5,7,8,9,9,7,7,6,5,5,4,4,3,3,3,3,4,4,5,5,5,5,5,5,4,3,3,3,3,4,6,7,7,7,7,6,5,4,2,1,1,1,1,1,1,3,5,7,7,7,7,7,6,5,4,2,1,1,1,0,0,0,0,0,0,0,0,1,1,1,1,2,4,5,8,11,15,19,23,27,30,32,32,31,29,26,22,18,15,12,10,7,5,4,3,2,1,1,1,1,1,0,0,0,0,0,0,0,0,0,0,0,0,0,0,0,0,0,0,0,0,0,0,0,0,0,0,0,0,0,0,0,0,0,0,0,0,0,0,0,0,0,0,0,0,0,0,0,0,0,0,0,0,0,0,0,0,0,0,0,0,0,0,0,0,0,0,0,0,0,0,0,0,0,0,0,0,0,0,0,0,0,0,0,0,0,0,0,0,0,0,0,0,0,0,0,1,2,3,5,5,7,8,9,9,7,7,6,5,5,4,4,3,3,3,3,4,4,5,5,6,5,5,5,4,3,3,3,3,4,6,7,7,7,7,6,5,4,2,1,1,1,1,1,1,3,5,7,7,7,7,7,6,5,4,2,1,1,1,0,0,0,0,0,0,0,0,1,1,1,1,2,4,5,8,11,15,19,23,27,30,32,32,31,29,26,22,18,15,12,10,7,5,4,3,2,1,1,1,1,1,0,0,0,0,0,0,0,0,0,0,0,0,0,0,0,0,0,0,0,0,0,0,0,0,0,0,0,0,0,0,0
0,0,0,0,0,0,0,0,0,0,0,0,0,0,0,0,0,0,0,0,0,0,0,0,0,0,0,0,0,0,0,0,0,0,0,0,0,0,0,0,0,0,0,0,0,0,0,0,0,0,0,0,0,0,0,0,0,0,0,0,0,0,0,1,1,2,4,5,6,7,8,9,9,7,6,5,4,4,4,4,3,3,3,3,4,4,4,5,5,5,5,5,4,3,3,3,4,5,6,7,7,7,7,6,5,4,2,1,1,1,1,1,2,3,5,7,7,7,7,6,6,5,4,2,1,1,1,0,0,0,0,0,0,0,0,0,1,1,1,1,2,4,6,9,12,16,20,24,28,30,32,32,32,29,26,22,19,16,13,10,8,6,4,3,2,1,1,1,1,1,0,0,0,0,0,0,0,0,0,0,0,0,0,0,0,0,0,0,0,0,0,0,0,0,0,0,0,0,0,0,0,0,0,0,0,0,0,0,0,0,0,0,0,0,0,0,0,0,0,0,0,0,0,0,0,0,0,0,0,0,0,0,0,0,0,0,0,0,0,0,0,0,0,0,0,0,0,0,0,0,0,0,0,0,0,0,0,0,0,0,0,0,0,1,1,2,4,5,6,7,8,9,9,7,6,5,4,4,4,4,3,3,3,3,4,4,4,5,6,5,5,5,4,3,3,3,4,5,6,7,7,7,7,6,5,4,2,1,1,1,1,1,2,3,5,7,7,7,7,6,6,5,4,2,1,1,1,0,0,0,0,0,0,0,0,0,1,1,1,1,2,4,6,9,12,16,20,24,28,30,32,32,32,30,26,22,19,16,13,10,8,6,4,3,2,1,1,1,1,1,0,0,0,0,0,0,0,0,0,0,0,0,0,0,0,0,0,0,0,0,0,0,0,0,0,0,0,0,0,0
0,0,0,0,0,0,0,0,0,0,0,0,0,0,0,0,0,0,0,0,0,0,0,0,0,0,0,0,0,0,0,0,0,0,0,0,0,0,0,0,0,0,0,0,0,0,0,0,0,0,0,0,0,0,0,0,0,0,0,0,0,0,0,1,1,2,4,5,6,7,8,9,8,7,6,5,4,4,4,4,3,3,3,3,3,4,4,5,5,5,5,5,5,3,3,3,4,5,6,7,7,7,7,6,5,3,2,1,1,1,1,1,2,4,6,7,7,7,7,6,6,5,3,1,1,1,1,0,0,0,0,0,0,0,0,0,0,1,1,1,2,3,4,6,9,12,16,21,25,28,31,32,33,32,29,26,23,20,17,14,11,8,6,4,3,2,1,1,1,1,1,0,0,0,0,0,0,0,0,0,0,0,0,0,0,0,0,0,0,0,0,0,0,0,0,0,0,0,0,0,0,0,0,0,0,0,0,0,0,0,0,0,0,0,0,0,0,0,0,0,0,0,0,0,0,0,0,0,0,0,0,0,0,0,0,0,0,0,0,0,0,0,0,0,0,0,0,0,0,0,0,0,0,0,0,0,0,0,0,0,0,0,0,1,1,2,4,5,6,7,8,9,8,7,6,5,4,4,4,4,3,3,3,3,3,4,4,5,6,6,5,5,5,3,3,3,4,5,6,7,7,7,7,6,5,3,2,1,1,1,1,1,2,4,6,7,7,7,7,6,6,5,3,1,1,1,1,0,0,0,0,0,0,0,0,0,0,1,1,1,2,3,4,6,9,12,16,21,25,28,31,32,33,32,29,26,23,20,17,14,11,8,6,4,3,2,1,1,1,1,1,0,0,0,0,0,0,0,0,0,0,0,0,0,0,0,0,0,0,0,0,0,0,0,0,0,0,0,0,0
0,0,0,0,0,0,0,0,0,0,0,0,0,0,0,0,0,0,0,0,0,0,0,0,0,0,0,0,0,0,0,0,0,0,0,0,0,0,0,0,0,0,0,0,0,0,0,0,0,0,0,0,0,0,0,0,0,0,0,0,0,0,0,1,1,3,4,5,6,7,8,9,8,7,6,5,4,4,4,4,3,3,3,3,3,4,4,5,6,6,5,5,5,4,3,3,4,5,6,7,7,7,7,6,5,3,2,1,1,1,1,1,2,4,6,7,7,7,7,6,6,5,3,1,1,1,1,0,0,0,0,0,0,0,0,0,0,0,1,1,1,2,3,4,7,9,13,17,22,25,29,31,33,33,32,30,27,24,21,18,14,11,9,6,5,3,2,2,1,1,1,1,1,0,0,0,0,0,0,0,0,0,0,0,0,0,0,0,0,0,0,0,0,0,0,0,0,0,0,0,0,0,0,0,0,0,0,0,0,0,0,0,0,0,0,0,0,0,0,0,0,0,0,0,0,0,0,0,0,0,0,0,0,0,0,0,0,0,0,0,0,0,0,0,0,0,0,0,0,0,0,0,0,0,0,0,0,0,0,0,0,0,0,1,1,3,4,5,6,7,8,9,8,7,6,5,4,4,4,4,3,3,3,3,3,4,4,5,6,6,5,5,5,4,3,3,4,5,6,7,7,7,7,6,5,3,2,1,1,1,1,1,2,4,6,7,7,7,7,6,6,5,3,1,1,1,1,0,0,0,0,0,0,0,0,0,0,0,1,1,1,2,3,4,7,9,13,17,22,25,28,31,33,33,32,30,27,24,21,17,14,11,9,6,5,3,2,2,1,1,1,1,1,0,0,0,0,0,0,0,0,0,0,0,0,0,0,0,0,0,0,0,0,0,0,0,0,0,0,0
0,0,0,0,0,0,0,0,0,0,0,0,0,0,0,0,0,0,0,0,0,0,0,0,0,0,0,0,0,0,0,0,0,0,0,0,0,0,0,0,0,0,0,0,0,0,0,0,0,0,0,0,0,0,0,0,0,0,0,0,0,0,0,1,1,3,4,5,6,8,8,9,8,7,6,4,4,4,4,4,3,3,3,3,3,4,4,5,6,6,5,5,5,4,4,4,4,5,6,7,7,7,6,6,4,3,2,1,1,1,1,1,2,4,6,7,7,7,7,6,6,4,3,1,1,1,0,0,0,0,0,0,0,0,0,0,0,0,1,1,1,1,2,3,5,7,10,14,18,21,25,29,31,33,33,32,30,28,25,22,18,15,12,9,7,5,4,2,2,1,1,1,1,1,0,0,0,0,0,0,0,0,0,0,0,0,0,0,0,0,0,0,0,0,0,0,0,0,0,0,0,0,0,0,0,0,0,0,0,0,0,0,0,0,0,0,0,0,0,0,0,0,0,0,0,0,0,0,0,0,0,0,0,0,0,0,0,0,0,0,0,0,0,0,0,0,0,0,0,0,0,0,0,0,0,0,0,0,0,0,0,0,0,1,1,3,4,5,6,8,8,9,8,7,6,4,4,4,4,4,3,3,3,3,3,4,4,5,6,6,5,5,5,4,4,4,4,5,6,7,7,7,6,6,4,3,2,1,1,1,1,1,2,4,6,7,7,7,7,6,6,4,3,1,1,1,0,0,0,0,0,0,0,0,0,0,0,0,1,1,1,1,2,3,5,7,10,14,18,21,25,29,31,33,33,32,31,28,25,22,18,15,12,9,7,5,4,2,2,1,1,1,1,1,0,0,0,0,0,0,0,0,0,0,0,0,0,0,0,0,0,0,0,0,0,0,0,0,0,0
0,0,0,0,0,0,0,0,0,0,0,0,0,0,0,0,0,0,0,0,0,0,0,0,0,0,0,0,0,0,0,0,0,0,0,0,0,0,0,0,0,0,0,0,0,0,0,0,0,0,0,0,0,0,0,0,0,0,0,0,0,0,0,1,2,3,5,6,6,8,8,9,8,6,5,4,4,4,3,4,3,3,3,3,3,4,4,5,6,6,5,5,5,4,4,4,4,5,6,7,7,7,6,6,4,3,1,1,1,1,1,1,2,5,6,7,7,7,7,6,5,4,2,1,1,1,0,0,0,0,0,0,0,0,0,0,0,0,0,1,1,1,1,2,3,5,7,10,14,18,22,25,29,32,33,33,33,31,29,26,23,19,16,13,10,7,5,4,3,2,1,1,1,1,1,1,0,0,0,0,0,0,0,0,0,0,0,0,0,0,0,0,0,0,0,0,0,0,0,0,0,0,0,0,0,0,0,0,0,0,0,0,0,0,0,0,0,0,0,0,0,0,0,0,0,0,0,0,0,0,0,0,0,0,0,0,0,0,0,0,0,0,0,0,0,0,0,0,0,0,0,0,0,0,0,0,0,0,0,0,0,0,0,1,2,3,5,6,6,8,8,9,8,6,5,4,4,4,3,4,3,3,3,3,3,4,4,5,6,6,5,5,5,4,4,4,4,5,6,7,7,7,6,6,4,3,1,1,1,1,1,1,2,5,6,7,7,7,7,6,5,4,2,1,1,1,0,0,0,0,0,0,0,0,0,0,0,0,0,1,1,1,1,2,3,5,7,10,14,18,22,25,29,32,33,33,33,31,29,26,23,19,16,13,10,7,5,4,3,2,1,1,1,1,1,1,0,0,0,0,0,0,0,0,0,0,0,0,0,0,0,0,0,0,0,0,0,0,0,0
0,0,0,0,0,0,0,0,0,0,0,0,0,0,0,0,0,0,0,0,0,0,0,0,0,0,0,0,0,0,0,0,0,0,0,0,0,0,0,0,0,0,0,0,0,0,0,0,0,0,0,0,0,0,0,0,0,0,0,0,0,0,0,1,2,3,5,6,7,8,9,9,7,6,5,4,3,4,3,4,3,3,2,2,3,4,4,5,6,6,5,5,5,4,4,4,5,6,6,7,7,7,6,5,4,2,1,1,1,1,1,1,3,5,6,7,7,7,7,6,5,4,2,1,1,1,0,0,0,0,0,0,0,0,0,0,0,0,0,0,1,1,1,1,2,3,5,8,11,14,18,22,26,29,32,33,34,33,32,30,27,24,20,17,14,11,8,6,4,3,2,2,1,1,1,1,1,1,0,0,0,0,0,0,0,0,0,0,0,0,0,0,0,0,0,0,0,0,0,0,0,0,0,0,0,0,0,0,0,0,0,0,0,0,0,0,0,0,0,0,0,0,0,0,0,0,0,0,0,0,0,0,0,0,0,0,0,0,0,0,0,0,0,0,0,0,0,0,0,0,0,0,0,0,0,0,0,0,0,0,0,0,0,1,2,3,5,6,7,8,9,9,7,6,5,4,3,4,3,4,3,3,2,3,3,4,4,5,6,6,5,5,5,4,4,4,5,6,6,7,7,7,6,5,4,2,1,1,1,1,1,1,3,5,6,7,7,7,7,6,5,4,2,1,1,1,0,0,0,0,0,0,0,0,0,0,0,0,0,0,1,1,1,1,2,3,5,8,11,14,18,22,26,29,32,33,34,33,32,30,27,24,20,17,14,11,8,6,4,3,2,2,1,1,1,1,1,1,0,0,0,0,0,0,0,0,0,0,0,0,0,0,0,0,0,0,0,0,0,0
0,0,0,0,0,0,0,0,0,0,0,0,0,0,0,0,0,0,0,0,0,0,0,0,0,0,0,0,0,0,0,0,0,0,0,0,0,0,0,0,0,0,0,0,0,0,0,0,0,0,0,0,0,0,0,0,0,0,0,0,0,0,0,1,2,4,5,6,7,8,9,9,7,6,5,3,3,3,3,4,3,3,2,2,3,4,4,5,6,6,5,5,6,5,4,5,5,6,7,7,7,7,6,5,4,2,1,1,1,1,1,1,3,5,6,7,7,7,6,6,5,4,2,1,1,1,0,0,0,0,0,0,0,0,0,0,0,0,0,0,0,1,1,1,1,2,4,5,8,11,14,18,22,26,29,32,34,34,34,33,31,28,25,21,18,14,11,9,7,5,4,3,2,1,1,1,1,1,1,1,0,0,0,0,0,0,0,0,0,0,0,0,0,0,0,0,0,0,0,0,0,0,0,0,0,0,0,0,0,0,0,0,0,0,0,0,0,0,0,0,0,0,0,0,0,0,0,0,0,0,0,0,0,0,0,0,0,0,0,0,0,0,0,0,0,0,0,0,0,0,0,0,0,0,0,0,0,0,0,0,0,0,0,1,2,4,5,6,7,8,9,9,7,6,5,3,3,3,3,4,3,3,2,2,3,4,4,5,6,6,5,5,6,5,4,5,5,6,7,7,7,7,6,5,4,2,1,1,1,1,1,1,3,5,6,7,7,7,6,6,5,4,2,1,1,1,0,0,0,0,0,0,0,0,0,0,0,0,0,0,0,1,1,1,1,2,4,5,8,11,14,18,22,26,29,32,34,34,34,33,31,28,25,21,18,14,11,9,7,5,4,3,2,1,1,1,1,1,1,1,0,0,0,0,0,0,0,0,0,0,0,0,0,0,0,0,0,0,0,0
0,0,0,0,0,0,0,0,0,0,0,0,0,0,0,0,0,0,0,0,0,0,0,0,0,0,0,0,0,0,0,0,0,0,0,0,0,0,0,0,0,0,0,0,0,0,0,0,0,0,0,0,0,0,0,0,0,0,0,0,0,0,1,1,2,4,5,6,7,8,9,9,7,6,4,3,3,3,3,4,3,3,2,2,3,4,4,5,6,6,5,5,6,5,5,5,5,6,7,7,7,7,6,5,4,2,1,1,1,1,1,2,3,5,6,7,7,7,6,6,5,4,2,1,1,1,0,0,0,0,0,0,0,0,0,0,0,0,0,0,0,0,1,1,1,1,2,4,6,8,11,14,18,22,26,30,32,34,34,34,33,31,29,26,22,19,15,12,10,8,6,4,3,2,2,1,1,1,1,1,1,1,0,0,0,0,0,0,0,0,0,0,0,0,0,0,0,0,0,0,0,0,0,0,0,0,0,0,0,0,0,0,0,0,0,0,0,0,0,0,0,0,0,0,0,0,0,0,0,0,0,0,0,0,0,0,0,0,0,0,0,0,0,0,0,0,0,0,0,0,0,0,0,0,0,0,0,0,0,0,0,0,1,1,2,4,5,6,7,8,9,9,7,6,4,3,3,3,3,4,3,3,2,2,3,4,4,5,6,6,6,5,6,5,5,5,5,6,7,7,7,7,6,5,4,2,1,1,1,1,1,2,3,5,6,7,7,7,6,6,5,4,2,1,1,1,0,0,0,0,0,0,0,0,0,0,0,0,0,0,0,0,1,1,1,1,2,4,6,8,11,14,18,22,26,30,32,34,34,34,33,31,29,26,22,19,15,12,10,8,6,4,3,2,2,1,1,1,1,1,1,1,0,0,0,0,0,0,0,0,0,0,0,0,0,0,0,0,0,0
0,0,0,0,0,0,0,0,0,0,0,0,0,0,0,0,0,0,0,0,0,0,0,0,0,0,0,0,0,0,0,0,0,0,0,0,0,0,0,0,0,0,0,0,0,0,0,0,0,0,0,0,0,0,0,0,0,0,0,0,0,0,1,1,3,4,6,7,8,8,9,8,7,5,4,3,3,3,3,3,3,3,2,2,3,3,4,5,6,6,6,5,6,5,5,5,6,6,7,7,7,6,6,5,3,2,1,1,1,1,1,2,3,5,6,7,7,7,6,6,5,3,1,1,1,1,0,0,0,0,0,0,0,0,0,0,0,0,0,0,0,0,0,1,1,1,2,2,4,6,8,11,14,18,22,26,29,32,34,34,35,34,32,30,27,23,20,16,13,11,8,7,5,4,3,2,2,1,1,1,1,1,1,0,0,0,0,0,0,0,0,0,0,0,0,0,0,0,0,0,0,0,0,0,0,0,0,0,0,0,0,0,0,0,0,0,0,0,0,0,0,0,0,0,0,0,0,0,0,0,0,0,0,0,0,0,0,0,0,0,0,0,0,0,0,0,0,0,0,0,0,0,0,0,0,0,0,0,0,0,0,0,1,1,3,4,6,7,8,8,9,8,7,5,4,3,3,3,3,3,3,3,2,2,3,3,4,5,6,6,6,5,6,5,5,5,6,6,7,7,7,6,6,5,3,2,1,1,1,1,1,2,3,5,6,7,7,7,6,6,5,3,1,1,1,1,0,0,0,0,0,0,0,0,0,0,0,0,0,0,0,0,0,1,1,1,2,2,4,6,8,11,14,18,22,26,29,32,34,34,35,34,32,30,27,24,20,16,13,11,9,7,5,4,3,2,2,1,1,1,1,1,1,0,0,0,0,0,0,0,0,0,0,0,0,0,0,0,0,0
0,0,0,0,0,0,0,0,0,0,0,0,0,0,0,0,0,0,0,0,0,0,0,0,0,0,0,0,0,0,0,0,0,0,0,0,0,0,0,0,0,0,0,0,0,0,0,0,0,0,0,0,0,0,0,0,0,0,0,0,0,0,1,1,3,5,6,7,8,8,9,8,7,5,4,3,3,3,3,3,3,3,2,2,2,3,4,5,5,6,6,5,6,5,5,6,6,6,7,7,7,6,6,4,3,2,1,1,1,1,1,2,4,6,6,7,7,7,6,6,4,3,1,1,1,1,0,0,0,0,0,0,0,0,0,0,0,0,0,0,0,0,0,0,1,1,1,2,3,4,6,8,11,14,18,22,25,29,31,33,35,35,34,33,31,28,25,21,18,15,12,10,8,6,5,3,3,2,2,1,1,1,1,1,1,0,0,0,0,0,0,0,0,0,0,0,0,0,0,0,0,0,0,0,0,0,0,0,0,0,0,0,0,0,0,0,0,0,0,0,0,0,0,0,0,0,0,0,0,0,0,0,0,0,0,0,0,0,0,0,0,0,0,0,0,0,0,0,0,0,0,0,0,0,0,0,0,0,0,0,0,0,1,1,3,5,6,7,8,8,9,8,7,5,4,3,3,3,3,3,3,3,2,2,2,3,4,5,6,6,6,5,6,6,5,6,6,6,7,7,7,6,6,4,3,2,1,1,1,1,1,2,4,6,6,7,7,7,6,6,4,3,1,1,1,1,0,0,0,0,0,0,0,0,0,0,0,0,0,0,0,0,0,0,1,1,1,2,3,4,6,8,11,14,18,22,26,29,31,33,34,35,34,33,31,28,25,21,18,15,12,10,8,6,5,3,3,2,2,1,1,1,1,1,1,0,0,0,0,0,0,0,0,0,0,0,0,0,0,0
0,0,0,0,0,0,0,0,0,0,0,0,0,0,0,0,0,0,0,0,0,0,0,0,0,0,0,0,0,0,0,0,0,0,0,0,0,0,0,0,0,0,0,0,0,0,0,0,0,0,0,0,0,0,0,0,0,0,0,0,0,0,1,1,3,5,6,7,8,9,9,8,7,5,3,3,3,3,3,3,3,3,2,2,2,3,4,4,5,6,6,5,6,6,5,6,6,7,7,7,7,6,6,4,3,2,1,1,1,1,1,2,4,6,7,7,7,7,6,5,4,3,1,1,1,0,0,0,0,0,0,0,0,0,0,0,0,0,0,0,0,0,0,0,0,1,1,1,2,3,4,5,8,11,14,18,21,25,28,31,33,35,35,35,34,32,29,26,23,19,16,14,11,9,7,5,4,3,3,2,1,1,1,1,1,1,1,0,0,0,0,0,0,0,0,0,0,0,0,0,0,0,0,0,0,0,0,0,0,0,0,0,0,0,0,0,0,0,0,0,0,0,0,0,0,0,0,0,0,0,0,0,0,0,0,0,0,0,0,0,0,0,0,0,0,0,0,0,0,0,0,0,0,0,0,0,0,0,0,0,0,0,1,1,3,5,6,7,8,9,9,8,7,5,3,3,3,3,3,3,3,3,2,2,2,3,4,5,6,6,6,5,6,6,5,6,6,7,7,7,7,6,6,4,3,2,1,1,1,1,1,2,4,6,7,7,7,7,6,5,4,3,1,1,1,0,0,0,0,0,0,0,0,0,0,0,0,0,0,0,0,0,0,0,0,1,1,1,2,3,4,5,8,11,14,18,21,25,28,31,33,35,35,35,34,32,29,26,23,19,16,14,11,9,7,5,4,3,3,2,1,1,1,1,1,1,1,0,0,0,0,0,0,0,0,0,0,0,0,0
0,0,0,0,0,0,0,0,0,0,0,0,0,0,0,0,0,0,0,0,0,0,0,0,0,0,0,0,0,0,0,0,0,0,0,0,0,0,0,0,0,0,0,0,0,0,0,0,0,0,0,0,0,0,0,0,0,0,0,0,0,1,1,2,4,5,6,7,8,9,9,8,6,4,3,3,3,3,3,3,3,3,2,2,2,3,4,4,5,6,6,5,6,6,6,6,6,7,7,7,7,6,5,4,3,1,1,1,1,1,1,2,4,6,7,7,7,6,6,5,4,2,1,1,1,0,0,0,0,0,0,0,0,0,0,0,0,0,0,0,0,0,0,0,0,1,1,1,1,2,2,4,5,8,11,14,17,20,24,27,30,33,34,35,35,34,33,30,27,24,21,18,15,13,10,8,7,5,4,3,3,2,1,1,1,1,1,1,1,1,0,0,0,0,0,0,0,0,0,0,0,0,0,0,0,0,0,0,0,0,0,0,0,0,0,0,0,0,0,0,0,0,0,0,0,0,0,0,0,0,0,0,0,0,0,0,0,0,0,0,0,0,0,0,0,0,0,0,0,0,0,0,0,0,0,0,0,0,0,0,0,1,1,2,4,5,6,7,8,9,9,8,6,4,3,3,3,3,3,3,3,3,2,2,2,3,4,4,5,6,6,5,6,6,6,6,6,7,7,7,7,6,5,4,3,1,1,1,1,1,1,2,4,6,7,7,7,6,6,5,4,2,1,1,1,0,0,0,0,0,0,0,0,0,0,0,0,0,0,0,0,0,0,0,0,1,1,1,1,2,2,4,5,8,11,14,17,20,24,27,30,33,34,35,35,34,33,30,27,24,21,18,15,13,10,8,7,5,4,3,3,2,1,1,1,1,1,1,1,1,0,0,0,0,0,0,0,0,0,0
0,0,0,0,0,0,0,0,0,0,0,0,0,0,0,0,0,0,0,0,0,0,0,0,0,0,0,0,0,0,0,0,0,0,0,0,0,0,0,0,0,0,0,0,0,0,0,0,0,0,0,0,0,0,0,0,0,0,0,0,0,1,1,2,4,6,7,8,8,9,9,7,6,4,3,2,3,2,3,3,3,3,2,2,3,3,4,4,5,6,6,6,6,6,6,6,7,7,7,7,7,6,5,4,2,1,1,1,1,1,1,3,4,6,7,7,7,6,6,5,4,2,1,1,1,0,0,0,0,0,0,0,0,0,0,0,0,0,0,0,0,0,0,0,0,0,1,1,1,1,2,2,4,5,8,10,13,16,19,23,27,30,33,34,36,36,35,34,32,29,26,23,20,17,14,11,10,8,6,5,4,3,2,2,1,1,1,1,1,1,1,1,0,0,0,0,0,0,0,0,0,0,0,0,0,0,0,0,0,0,0,0,0,0,0,0,0,0,0,0,0,0,0,0,0,0,0,0,0,0,0,0,0,0,0,0,0,0,0,0,0,0,0,0,0,0,0,0,0,0,0,0,0,0,0,0,0,0,0,0,0,1,1,2,4,6,7,8,8,9,9,7,6,4,3,2,3,2,3,3,3,3,2,2,3,3,4,4,5,6,6,6,6,6,6,6,7,7,7,7,7,6,5,4,2,1,1,1,1,1,1,3,4,6,7,7,7,6,6,5,4,2,1,1,1,0,0,0,0,0,0,0,0,0,0,0,0,0,0,0,0,0,0,0,0,0,1,1,1,1,2,2,4,5,8,10,13,16,19,23,27,30,33,34,36,36,35,34,32,29,26,23,20,17,14,12,10,8,7,5,4,3,2,2,1,1,1,1,1,1,1,1,0,0,0,0,0,0,0,0
0,0,0,0,0,0,0,0,0,0,0,0,0,0,0,0,0,0,0,0,0,0,0,0,0,0,0,0,0,0,0,0,0,0,0,0,0,0,0,0,0,0,0,0,0,0,0,0,0,0,0,0,0,0,0,0,0,0,0,0,0,1,1,2,4,6,7,8,8,9,9,7,6,4,3,2,3,2,3,3,3,3,2,2,3,3,4,4,5,6,6,6,6,7,6,7,7,7,7,7,7,6,5,4,2,1,1,1,1,1,1,3,5,6,7,7,7,6,6,5,4,2,1,1,1,0,0,0,0,0,0,0,0,0,0,0,0,0,0,0,0,0,0,0,0,0,0,1,1,1,1,2,2,4,5,8,10,12,15,19,22,26,29,32,34,35,36,36,34,33,31,28,25,22,19,16,14,12,10,8,6,5,4,3,3,2,1,1,1,1,1,1,1,1,0,0,0,0,0,0,0,0,0,0,0,0,0,0,0,0,0,0,0,0,0,0,0,0,0,0,0,0,0,0,0,0,0,0,0,0,0,0,0,0,0,0,0,0,0,0,0,0,0,0,0,0,0,0,0,0,0,0,0,0,0,0,0,0,0,0,0,1,1,2,4,6,7,8,8,9,9,7,6,4,3,2,3,2,3,3,3,3,2,2,3,3,4,4,5,6,6,6,6,7,6,7,7,7,7,7,7,6,5,4,2,1,1,1,1,1,1,3,5,6,7,7,7,6,6,5,4,2,1,1,1,0,0,0,0,0,0,0,0,0,0,0,0,0,0,0,0,0,0,0,0,0,0,1,1,1,1,2,2,4,5,7,10,12,15,19,22,26,29,32,34,35,36,36,34,33,31,28,25,22,19,16,14,12,10,8,7,5,4,3,3,2,1,1,1,1,1,1,1,1,0,0,0,0,0,0
0,0,0,0,0,0,0,0,0,0,0,0,0,0,0,0,0,0,0,0,0,0,0,0,0,0,0,0,0,0,0,0,0,0,0,0,0,0,0,0,0,0,0,0,0,0,0,0,0,0,0,0,0,0,0,0,0,0,0,0,0,1,1,3,5,6,7,8,9,9,9,7,5,3,2,2,3,2,3,3,3,3,2,2,3,3,3,4,5,6,6,6,6,7,7,7,7,7,7,7,7,6,5,3,2,1,1,1,1,1,1,3,5,6,7,7,7,6,5,5,4,2,1,1,1,0,0,0,0,0,0,0,0,0,0,0,0,0,0,0,0,0,0,0,0,0,0,0,1,1,1,1,1,2,3,5,7,9,11,14,18,21,25,28,31,34,35,36,36,36,34,33,30,27,24,21,18,16,14,11,10,8,6,5,4,3,2,2,2,1,1,1,1,1,1,1,1,0,0,0,0,0,0,0,0,0,0,0,0,0,0,0,0,0,0,0,0,0,0,0,0,0,0,0,0,0,0,0,0,0,0,0,0,0,0,0,0,0,0,0,0,0,0,0,0,0,0,0,0,0,0,0,0,0,0,0,0,0,0,0,0,1,1,3,5,6,7,8,9,9,9,7,5,3,2,2,3,2,3,3,3,3,2,2,3,3,4,4,5,6,6,6,6,7,7,7,7,7,7,7,7,6,5,3,2,1,1,1,1,1,1,3,5,6,7,7,7,6,5,5,4,2,1,1,1,0,0,0,0,0,0,0,0,0,0,0,0,0,0,0,0,0,0,0,0,0,0,0,1,1,1,1,1,2,3,5,7,9,11,14,18,21,25,28,31,34,35,36,36,36,34,33,30,27,24,21,19,16,14,11,10,8,6,5,4,3,3,2,2,1,1,1,1,1,1,1,1,0,0,0
0,0,0,0,0,0,0,0,0,0,0,0,0,0,0,0,0,0,0,0,0,0,0,0,0,0,0,0,0,0,0,0,0,0,0,0,0,0,0,0,0,0,0,0,0,0,0,0,0,0,0,0,0,0,0,0,0,0,0,0,1,1,1,3,5,7,8,8,9,10,8,7,5,3,2,2,2,2,3,3,3,3,2,2,3,3,3,4,5,6,6,6,6,7,7,7,8,7,7,7,6,6,5,3,2,1,1,1,1,1,2,3,5,6,7,7,7,6,5,5,3,1,1,1,1,0,0,0,0,0,0,0,0,0,0,0,0,0,0,0,0,0,0,0,0,0,0,0,0,1,1,1,1,1,2,3,5,6,8,11,14,17,20,24,27,30,33,35,36,37,36,35,34,32,29,26,24,21,19,16,14,12,10,8,7,5,4,3,3,2,2,1,1,1,1,1,1,1,1,1,0,0,0,0,0,0,0,0,0,0,0,0,0,0,0,0,0,0,0,0,0,0,0,0,0,0,0,0,0,0,0,0,0,0,0,0,0,0,0,0,0,0,0,0,0,0,0,0,0,0,0,0,0,0,0,0,0,0,0,0,1,1,1,3,5,7,8,8,9,10,8,7,5,3,2,2,2,2,3,3,3,3,2,2,3,3,3,4,5,6,6,6,6,7,7,7,8,7,7,7,6,6,5,3,2,1,1,1,1,1,2,3,5,6,7,7,7,6,5,5,3,1,1,1,1,0,0,0,0,0,0,0,0,0,0,0,0,0,0,0,0,0,0,0,0,0,0,0,0,1,1,1,1,1,2,3,5,6,8,11,14,17,20,24,27,30,33,35,36,37,36,35,34,32,29,26,24,21,19,16,14,12,10,8,7,5,4,3,3,2,2,1,1,1,1,1,1,1,1,1
1,1,1,0,0,0,0,0,0,0,0,0,0,0,0,0,0,0,0,0,0,0,0,0,0,0,0,0,0,0,0,0,0,0,0,0,0,0,0,0,0,0,0,0,0,0,0,0,0,0,0,0,0,0,0,0,0,0,0,0,1,1,1,3,5,7,8,9,9,10,8,7,5,3,2,2,2,2,3,3,3,3,3,2,3,3,3,4,5,6,6,6,6,8,7,7,8,7,7,7,6,6,4,3,2,1,1,1,1,1,2,4,5,6,7,7,6,6,5,4,3,1,1,1,1,0,0,0,0,0,0,0,0,0,0,0,0,0,0,0,0,0,0,0,0,0,0,0,0,0,1,1,1,1,1,2,3,4,6,8,10,13,16,19,23,26,30,33,35,36,37,37,36,35,33,31,29,26,24,21,19,16,14,12,10,8,7,5,4,3,3,2,2,1,1,1,1,1,1,1,1,1,1,0,0,0,0,0,0,0,0,0,0,0,0,0,0,0,0,0,0,0,0,0,0,0,0,0,0,0,0,0,0,0,0,0,0,0,0,0,0,0,0,0,0,0,0,0,0,0,0,0,0,0,0,0,0,0,0,0,1,1,1,3,5,7,8,9,9,10,8,7,5,3,2,2,2,2,3,3,3,3,3,2,3,3,3,4,5,6,6,6,6,8,7,7,8,7,7,7,6,6,4,3,2,1,1,1,1,1,2,4,5,6,7,7,6,6,5,4,3,1,1,1,1,0,0,0,0,0,0,0,0,0,0,0,0,0,0,0,0,0,0,0,0,0,0,0,0,0,1,1,1,1,1,2,3,4,6,8,10,13,16,19,23,26,30,33,35,36,37,37,36,35,34,31,29,26,24,21,19,16,14,12,10,8,7,5,4,3,3,2,2,2,1,1,1,1,1,1
1,1,1,1,1,1,1,0,0,0,0,0,0,0,0,0,0,0,0,0,0,0,0,0,0,0,0,0,0,0,0,0,0,0,0,0,0,0,0,0,0,0,0,0,0,0,0,0,0,0,0,0,0,0,0,0,0,0,0,0,1,1,2,4,6,7,8,9,9,10,8,7,4,3,2,2,2,2,3,3,4,3,3,2,3,3,3,4,5,6,6,6,6,8,8,8,8,8,8,7,6,6,4,3,2,1,1,1,1,1,2,4,5,6,7,7,6,6,5,4,3,1,1,1,0,0,0,0,0,0,0,0,0,0,0,0,0,0,0,0,0,0,0,0,0,0,0,0,0,0,0,1,1,1,1,1,2,3,4,5,7,9,12,15,18,22,25,29,32,34,36,37,37,37,36,34,33,31,29,26,24,21,19,16,14,12,10,8,7,6,5,4,3,3,2,2,1,1,1,1,1,1,1,1,1,1,1,0,0,0,0,0,0,0,0,0,0,0,0,0,0,0,0,0,0,0,0,0,0,0,0,0,0,0,0,0,0,0,0,0,0,0,0,0,0,0,0,0,0,0,0,0,0,0,0,0,0,0,0,0,1,1,2,4,6,7,8,9,9,10,8,7,4,3,2,2,2,2,3,3,4,3,3,2,3,3,3,4,5,6,6,6,6,8,8,8,8,8,8,7,6,6,4,3,2,1,1,1,1,1,2,4,5,6,7,7,6,6,5,4,3,1,1,1,0,0,0,0,0,0,0,0,0,0,0,0,0,0,0,0,0,0,0,0,0,0,0,0,0,0,0,1,1,1,1,1,2,3,4,5,7,9,12,15,18,22,25,29,32,34,36,37,37,37,36,35,33,31,29,26,24,21,19,16,14,12,10,8,7,6,5,4,3,3,2,2,1,1,1,1
1,1,1,1,1,1,1,1,1,1,0,0,0,0,0,0,0,0,0,0,0,0,0,0,0,0,0,0,0,0,0,0,0,0,0,0,0,0,0,0,0,0,0,0,0,0,0,0,0,0,0,0,0,0,0,0,0,0,0,0,1,1,2,4,6,7,9,9,10,9,8,7,4,2,2,2,2,2,3,3,4,3,3,2,2,3,3,4,5,6,6,6,6,8,8,8,8,8,8,7,6,5,4,3,1,1,1,1,1,1,2,4,6,6,7,7,6,6,5,4,2,1,1,1,0,0,0,0,0,0,0,0,0,0,0,0,0,0,0,0,0,0,0,0,0,0,0,0,0,0,0,0,0,1,1,1,1,2,2,3,5,6,8,11,14,17,20,24,27,30,33,35,36,37,38,37,36,35,33,31,29,27,24,22,19,17,14,12,10,9,8,6,5,4,4,3,2,2,2,1,1,1,1,1,1,1,1,1,1,1,0,0,0,0,0,0,0,0,0,0,0,0,0,0,0,0,0,0,0,0,0,0,0,0,0,0,0,0,0,0,0,0,0,0,0,0,0,0,0,0,0,0,0,0,0,0,0,0,0,0,1,1,2,4,6,7,9,9,10,9,8,7,4,2,2,2,2,2,3,3,4,3,3,2,2,3,3,4,5,6,6,6,7,8,8,8,8,8,8,7,6,5,4,3,1,1,1,1,1,1,2,4,6,6,7,7,6,6,5,4,2,1,1,1,0,0,0,0,0,0,0,0,0,0,0,0,0,0,0,0,0,0,0,0,0,0,0,0,0,0,0,0,0,1,1,1,1,2,2,3,5,6,8,11,14,17,20,24,27,30,33,35,36,37,38,37,36,35,34,31,29,27,24,22,19,17,14,12,10,9,8,6,5,4,4,3,2,2,2,1
2,2,2,1,1,1,1,1,1,1,1,1,1,1,1,0,0,0,0,0,0,0,0,0,0,0,0,0,0,0,0,0,0,0,0,0,0,0,0,0,0,0,0,0,0,0,0,0,0,0,0,0,0,0,0,0,0,0,0,1,1,1,2,5,7,8,9,10,10,9,8,6,4,2,2,2,2,2,3,3,4,3,3,2,2,2,3,3,5,6,6,6,7,8,9,8,9,8,8,7,6,5,4,2,1,1,1,1,1,1,2,4,6,6,7,7,6,6,5,4,2,1,1,1,0,0,0,0,0,0,0,0,0,0,0,0,0,0,0,0,0,0,0,0,0,0,0,0,0,0,0,0,0,0,1,1,1,1,1,2,3,4,6,8,10,13,16,19,23,26,29,31,34,36,37,38,38,37,36,35,34,32,29,27,24,22,19,17,15,13,11,10,8,7,6,5,4,4,3,3,2,2,2,1,1,1,1,1,1,1,1,1,1,1,1,0,0,0,0,0,0,0,0,0,0,0,0,0,0,0,0,0,0,0,0,0,0,0,0,0,0,0,0,0,0,0,0,0,0,0,0,0,0,0,0,0,0,0,0,1,1,1,2,5,7,8,9,10,10,9,8,6,4,2,2,2,2,2,3,3,4,3,3,2,2,3,3,4,5,6,6,7,7,8,9,8,8,8,8,7,6,5,4,2,1,1,1,1,1,1,2,4,6,6,7,7,6,5,5,4,2,1,1,1,0,0,0,0,0,0,0,0,0,0,0,0,0,0,0,0,0,0,0,0,0,0,0,0,0,0,0,0,0,0,1,1,1,1,1,2,3,4,6,8,10,13,16,19,23,26,29,31,34,36,37,38,38,38,37,35,34,32,29,27,25,22,19,17,15,13,11,10,8,7,6,5,4,4,3,3
4,3,3,2,2,2,1,1,1,1,1,1,1,1,1,1,1,1,1,1,0,0,0,0,0,0,0,0,0,0,0,0,0,0,0,0,0,0,0,0,0,0,0,0,0,0,0,0,0,0,0,0,0,0,0,0,0,0,0,1,1,2,3,5,7,8,9,10,10,9,8,6,3,2,1,2,1,2,3,3,4,3,3,2,2,2,3,3,5,5,6,7,7,8,9,8,9,8,8,7,6,5,4,2,1,1,1,1,1,1,3,4,6,6,7,7,6,5,5,4,2,1,1,1,0,0,0,0,0,0,0,0,0,0,0,0,0,0,0,0,0,0,0,0,0,0,0,0,0,0,0,0,0,0,0,1,1,1,1,1,2,3,4,5,7,9,11,15,18,21,24,27,30,32,35,36,37,38,38,38,37,35,34,32,30,28,25,22,20,18,16,14,12,10,9,8,7,6,5,4,4,3,3,2,2,2,1,1,1,1,1,1,1,1,1,1,1,1,1,0,0,0,0,0,0,0,0,0,0,0,0,0,0,0,0,0,0,0,0,0,0,0,0,0,0,0,0,0,0,0,0,0,0,0,0,0,0,0,0,1,1,2,3,5,7,8,9,10,10,9,8,6,3,2,1,2,1,2,3,3,4,3,3,2,2,2,3,3,5,6,6,7,7,8,9,8,9,8,8,7,6,5,4,2,1,1,1,1,1,1,3,4,6,6,7,7,6,5,5,4,2,1,1,1,0,0,0,0,0,0,0,0,0,0,0,0,0,0,0,0,0,0,0,0,0,0,0,0,0,0,0,0,0,0,0,1,1,1,1,1,2,3,4,5,7,9,11,14,18,21,24,27,30,33,35,37,38,38,38,38,37,36,34,32,30,28,25,22,20,18,16,14,12,11,9,8,7,6,5,4
6,5,5,4,3,3,2,2,2,2,1,1,1,1,1,1,1,1,1,1,1,1,1,1,1,0,0,0,0,0,0,0,0,0,0,0,0,0,0,0,0,0,0,0,0,0,0,0,0,0,0,0,0,0,0,0,0,0,0,1,1,2,3,5,7,8,10,10,10,9,7,5,3,2,1,2,1,2,3,3,4,3,3,2,2,2,3,3,4,5,6,7,7,8,9,9,9,8,8,7,6,5,3,2,1,1,1,1,1,1,3,5,6,6,7,7,6,5,5,3,2,1,1,1,0,0,0,0,0,0,0,0,0,0,0,0,0,0,0,0,0,0,0,0,0,0,0,0,0,0,0,0,0,0,0,0,1,1,1,1,1,2,2,3,4,6,8,11,13,16,19,22,25,28,31,34,35,37,37,38,38,38,37,36,34,33,30,28,25,23,21,19,17,15,13,12,10,9,8,7,6,5,4,4,3,3,2,2,2,2,1,1,1,1,1,1,1,1,1,1,1,1,1,1,1,0,0,0,0,0,0,0,0,0,0,0,0,0,0,0,0,0,0,0,0,0,0,0,0,0,0,0,0,0,0,0,0,0,0,1,1,2,3,5,7,8,10,10,10,9,7,5,3,2,1,2,1,2,3,3,4,3,3,2,2,2,3,3,5,6,6,7,7,8,9,9,9,8,8,7,6,5,3,2,1,1,1,1,1,1,3,5,6,6,7,7,6,5,5,3,2,1,1,1,0,0,0,0,0,0,0,0,0,0,0,0,0,0,0,0,0,0,0,0,0,0,0,0,0,0,0,0,0,0,0,0,1,1,1,1,1,2,2,3,4,6,8,11,13,16,19,22,25,28,31,34,35,37,38,38,38,38,37,36,34,33,30,28,26,23,21,19,17,15,13,12,10,9,8,7
9,8,7,6,5,5,4,3,3,3,2,2,2,2,1,1,1,1,1,1,1,1,1,1,1,1,1,1,1,1,0,0,0,0,0,0,0,0,0,0,0,0,0,0,0,0,0,0,0,0,0,0,0,0,0,0,0,0,1,1,2,2,4,6,8,9,10,11,10,9,7,5,3,2,1,1,1,2,3,3,4,3,3,2,2,2,3,3,4,5,6,7,8,8,10,9,9,9,8,7,6,4,3,2,1,1,1,1,1,2,3,5,6,6,7,6,6,5,4,3,1,1,1,1,0,0,0,0,0,0,0,0,0,0,0,0,0,0,0,0,0,0,0,0,0,0,0,0,0,0,0,0,0,0,0,0,0,0,1,1,1,1,1,2,3,4,5,7,9,12,14,17,20,23,26,29,32,34,35,37,38,38,39,38,37,36,35,33,31,29,27,25,22,20,18,16,15,13,12,10,9,8,7,6,5,5,4,3,3,3,2,2,2,1,1,1,1,1,1,1,1,1,1,1,1,1,1,1,1,1,0,0,0,0,0,0,0,0,0,0,0,0,0,0,0,0,0,0,0,0,0,0,0,0,0,0,0,0,1,1,2,2,4,6,8,9,10,11,10,9,7,5,3,2,1,1,1,2,3,3,4,3,3,2,2,2,3,3,4,5,6,7,8,8,10,9,9,9,8,7,6,4,3,2,1,1,1,1,1,2,3,5,6,6,7,6,6,5,4,3,1,1,1,1,0,0,0,0,0,0,0,0,0,0,0,0,0,0,0,0,0,0,0,0,0,0,0,0,0,0,0,0,0,0,0,0,0,0,1,1,1,1,1,2,3,4,5,7,9,12,14,17,20,23,26,29,32,34,35,37,38,39,39,38,38,37,35,33,31,29,27,25,23,20,18,16,15,13,12,11
13,12,11,10,9,8,7,6,5,5,4,3,3,3,2,2,2,2,1,1,1,1,1,1,1,1,1,1,1,1,1,1,1,1,1,1,1,1,0,0,0,0,0,0,0,0,0,0,0,0,0,0,0,0,0,0,0,0,1,1,2,3,4,6,8,9,10,11,10,8,7,4,2,2,1,1,1,2,3,3,4,3,3,2,2,2,3,3,4,5,6,7,8,8,10,9,9,9,8,7,6,4,3,2,1,1,1,1,1,2,3,5,6,6,7,6,6,5,4,3,1,1,1,1,0,0,0,0,0,0,0,0,0,0,0,0,0,0,0,0,0,0,0,0,0,0,0,0,0,0,0,0,0,0,0,0,0,0,0,1,1,1,1,1,2,2,3,5,6,8,10,12,15,18,21,24,27,29,31,34,35,37,38,38,39,39,38,37,35,34,32,30,28,26,24,22,20,18,17,15,13,12,11,9,8,7,7,6,5,4,4,3,3,3,2,2,2,2,1,1,1,1,1,1,1,1,1,1,1,1,1,1,1,1,1,1,1,1,0,0,0,0,0,0,0,0,0,0,0,0,0,0,0,0,0,0,0,0,1,1,2,3,4,6,8,9,10,11,10,8,7,4,2,2,1,1,1,2,3,3,4,3,3,2,2,2,3,3,4,5,6,7,8,8,10,9,9,9,8,7,6,4,3,2,1,1,1,1,1,2,3,5,6,6,7,6,6,5,4,3,1,1,1,1,0,0,0,0,0,0,0,0,0,0,0,0,0,0,0,0,0,0,0,0,0,0,0,0,0,0,0,0,0,0,0,0,0,0,0,1,1,1,1,1,2,2,3,5,6,8,10,12,15,18,21,24,27,29,32,34,35,37,38,39,39,39,38,37,35,34,32,30,28,26,24,22,20,18,17,15
19,17,16,14,13,11,10,9,8,7,6,6,5,4,4,4,3,3,3,2,2,2,2,1,1,1,1,1,1,1,1,1,1,1,1,1,1,1,1,1,1,1,1,1,1,0,0,0,0,0,0,0,0,0,0,0,0,1,1,1,2,3,4,7,8,10,11,11,10,8,7,4,2,1,1,1,1,2,3,3,3,3,3,2,2,2,3,3,4,5,6,7,8,9,10,10,9,9,8,7,6,4,3,2,1,1,1,1,1,2,4,5,6,6,7,6,6,5,4,3,1,1,1,0,0,0,0,0,0,0,0,0,0,0,0,0,0,0,0,0,0,0,0,0,0,0,0,0,0,0,0,0,0,0,0,0,0,0,0,0,1,1,1,1,1,1,2,3,4,5,7,9,11,13,16,19,21,24,27,29,32,34,35,37,38,39,39,39,38,37,36,35,33,32,29,27,26,24,22,20,18,17,15,14,12,11,10,9,8,7,6,6,5,4,4,3,3,3,3,2,2,2,2,1,1,1,1,1,1,1,1,1,1,1,1,1,1,1,1,1,1,1,1,1,1,0,0,0,0,0,0,0,0,0,0,0,0,1,1,1,2,3,4,7,8,10,11,11,10,8,7,4,2,1,1,1,1,2,3,3,4,3,4,2,2,2,3,3,4,5,6,7,8,9,10,10,9,9,8,7,6,4,3,2,1,1,1,1,1,2,4,5,6,6,7,6,6,5,4,3,1,1,1,0,0,0,0,0,0,0,0,0,0,0,0,0,0,0,0,0,0,0,0,0,0,0,0,0,0,0,0,0,0,0,0,0,0,0,0,0,1,1,1,1,1,1,2,3,4,5,7,9,11,13,16,19,21,24,27,29,32,34,36,37,38,39,39,39,38,37,36,35,34,32,30,28,26,24,22,21
24,23,21,19,18,16,15,13,12,11,10,9,8,7,7,6,5,5,4,4,4,3,3,3,2,2,2,2,2,1,1,1,1,1,1,1,1,1,1,1,1,1,1,1,1,1,1,1,1,1,1,1,1,1,1,1,1,1,1,2,3,4,5,7,9,10,11,11,10,8,6,3,2,1,1,1,1,2,2,3,3,3,4,2,2,2,2,3,4,5,6,7,8,9,11,10,9,9,8,7,6,4,3,1,1,1,1,1,1,2,4,5,6,6,7,6,5,5,4,2,1,1,1,0,0,0,0,0,0,0,0,0,0,0,0,0,0,0,0,0,0,0,0,0,0,0,0,0,0,0,0,0,0,0,0,0,0,0,0,0,0,0,1,1,1,1,1,2,3,3,5,6,7,9,12,14,16,19,21,24,27,29,32,34,35,37,38,39,39,39,39,38,37,36,34,33,31,29,28,26,24,23,21,19,18,16,15,13,12,11,10,9,8,7,6,6,5,5,4,4,4,3,3,3,2,2,2,2,2,1,1,1,1,1,1,1,1,1,1,1,1,1,1,1,1,1,1,1,1,1,1,1,1,1,1,1,1,1,1,2,3,4,5,7,9,10,11,11,10,8,6,3,2,1,1,1,1,2,2,3,3,3,4,2,2,2,2,3,4,5,6,7,8,9,11,10,9,9,8,7,6,4,3,1,1,1,1,1,1,2,4,5,6,6,7,6,5,5,4,2,1,1,1,0,0,0,0,0,0,0,0,0,0,0,0,0,0,0,0,0,0,0,0,0,0,0,0,0,0,0,0,0,0,0,0,0,0,0,0,0,0,0,1,1,1,1,1,2,3,3,5,6,7,9,12,14,16,19,21,24,27,29,32,34,35,37,38,39,39,39,39,38,37,36,34,33,32,30,28,27
30,29,27,25,23,22,20,19,17,16,14,13,12,11,10,9,8,8,7,6,6,5,5,5,4,4,3,3,3,3,2,2,2,2,2,2,1,1,1,1,1,1,1,1,1,1,1,1,1,1,1,1,1,1,1,1,1,1,1,2,4,5,6,8,9,11,12,12,10,8,6,3,2,1,1,1,1,2,2,3,3,3,4,2,2,2,2,3,4,5,6,7,8,9,11,10,9,9,8,7,5,4,2,1,1,1,1,1,1,2,4,5,6,6,7,6,5,5,4,2,1,1,1,0,0,0,0,0,0,0,0,0,0,0,0,0,0,0,0,0,0,0,0,0,0,0,0,0,0,0,0,0,0,0,0,0,0,0,0,0,0,0,0,1,1,1,1,1,2,2,3,4,5,6,8,10,12,14,16,19,21,24,26,29,31,33,35,37,38,39,39,39,39,39,38,37,36,34,33,32,30,28,27,25,23,22,20,18,17,16,14,13,12,11,10,9,8,8,7,6,6,5,5,4,4,4,3,3,3,3,2,2,2,2,2,1,1,1,1,1,1,1,1,1,1,1,1,1,1,1,1,1,1,1,1,1,1,1,1,2,4,5,6,8,9,11,12,12,10,8,6,3,2,1,1,1,1,2,2,3,3,3,4,2,2,2,2,3,4,5,6,8,8,9,11,10,9,9,8,7,5,4,2,1,1,1,1,1,1,2,4,5,6,6,7,6,5,5,4,2,1,1,1,0,0,0,0,0,0,0,0,0,0,0,0,0,0,0,0,0,0,0,0,0,0,0,0,0,0,0,0,0,0,0,0,0,0,0,0,0,0,0,0,1,1,1,1,1,2,2,3,4,5,6,8,10,12,14,16,19,21,24,27,29,31,34,35,37,38,39,39,40,40,39,38,37,36,35,34,32
35,34,32,31,29,28,26,24,23,21,20,18,17,16,15,14,13,12,11,10,9,9,8,7,7,6,6,5,5,4,4,4,3,3,3,3,3,2,2,2,2,2,2,2,1,1,1,1,1,1,1,1,1,1,1,1,1,1,2,3,4,6,6,8,10,12,12,12,10,8,6,3,2,1,1,1,1,2,2,3,3,3,4,2,2,2,2,3,4,5,6,8,8,10,11,11,10,9,8,7,5,4,2,1,1,1,1,1,1,3,4,6,6,6,7,6,5,5,4,2,1,1,1,0,0,0,0,0,0,0,0,0,0,0,0,0,0,0,0,0,0,0,0,0,0,0,0,0,0,0,0,0,0,0,0,0,0,0,0,0,0,0,0,0,1,1,1,1,1,1,2,2,3,4,5,7,8,10,12,14,16,19,21,23,26,28,31,33,35,36,37,38,39,39,39,39,39,38,37,36,34,33,32,31,29,27,26,24,22,21,20,18,17,16,15,13,13,12,11,10,9,8,8,7,7,6,6,5,5,4,4,4,3,3,3,3,3,2,2,2,2,2,2,2,1,1,1,1,1,1,1,1,1,1,1,1,1,1,2,3,4,6,6,8,10,12,12,12,10,8,6,3,2,1,1,1,1,2,2,3,3,3,4,2,2,2,2,3,4,5,6,8,8,10,11,11,10,9,8,7,5,4,2,1,1,1,1,1,1,3,4,6,6,6,7,6,5,5,4,2,1,1,1,0,0,0,0,0,0,0,0,0,0,0,0,0,0,0,0,0,0,0,0,0,0,0,0,0,0,0,0,0,0,0,0,0,0,0,0,0,0,0,0,0,1,1,1,1,1,1,2,2,3,4,5,7,8,10,12,14,16,19,21,24,26,29,31,33,35,37,38,39,39,40,40,40,39,38,38,36
39,38,37,36,34,33,32,30,29,27,26,24,23,22,20,19,18,17,16,15,14,13,12,11,10,10,9,8,8,7,7,6,6,5,5,5,4,4,4,4,3,3,3,3,3,2,2,2,2,2,2,2,2,2,1,1,1,2,3,4,6,7,7,9,11,12,13,12,10,8,5,3,2,1,1,1,1,2,2,3,4,4,4,2,2,2,3,3,4,5,6,8,9,10,11,11,10,9,8,7,5,3,2,1,1,1,1,1,2,3,4,6,6,7,7,6,5,5,4,2,1,1,1,0,0,0,0,0,0,0,0,0,0,0,0,0,0,0,0,0,0,0,0,0,0,0,0,0,0,0,0,0,0,0,0,0,0,0,0,0,0,0,0,0,0,1,1,1,1,1,1,1,2,2,3,4,5,7,8,10,11,14,16,18,21,23,26,28,31,33,34,36,37,38,39,39,40,40,39,39,38,37,36,35,34,33,32,30,28,27,26,24,23,21,20,19,18,17,16,15,14,13,12,11,10,10,9,8,8,7,7,6,6,5,5,5,4,4,4,4,3,3,3,3,3,2,2,2,2,2,2,2,2,2,1,1,1,2,3,4,6,7,7,9,11,12,13,12,10,8,5,3,2,1,1,1,1,2,2,3,4,4,4,2,2,2,3,3,4,5,6,8,9,10,11,11,10,9,8,7,5,3,2,1,1,1,1,1,2,3,4,6,6,7,7,6,5,5,4,2,1,1,1,0,0,0,0,0,0,0,0,0,0,0,0,0,0,0,0,0,0,0,0,0,0,0,0,0,0,0,0,0,0,0,0,0,0,0,0,0,0,0,0,0,0,1,1,1,1,1,1,1,2,2,3,4,5,7,8,10,11,14,16,18,21,23,26,28,31,33,34,36,37,38,39,40,40,40,40,40
40,40,40,39,38,37,36,35,34,33,32,30,29,28,26,25,24,23,22,20,19,18,17,16,15,14,13,13,12,11,10,10,9,9,8,8,7,7,6,6,6,6,5,5,5,4,4,4,3,3,3,3,3,3,3,3,2,3,4,6,7,8,8,10,12,13,13,12,10,8,5,3,2,1,1,1,1,2,2,3,4,4,4,2,2,2,3,3,4,5,6,8,9,10,11,11,10,9,8,7,5,3,2,1,1,1,1,1,2,3,5,6,6,7,7,6,5,4,3,2,1,1,1,1,0,0,0,0,0,0,0,0,0,0,0,0,0,0,0,0,0,0,0,0,0,0,0,0,0,0,0,0,0,0,0,0,0,0,0,0,0,0,0,1,1,1,1,1,1,1,1,1,1,2,2,3,3,4,5,7,8,10,11,13,15,18,20,23,25,27,29,31,33,35,36,37,38,39,39,40,40,39,39,39,38,37,36,35,34,33,31,30,29,27,26,25,23,22,21,20,19,18,17,16,15,14,13,12,12,11,10,10,9,8,8,7,7,7,6,6,6,5,5,5,5,4,4,4,3,3,3,3,3,3,3,2,2,3,4,6,7,8,8,10,12,13,13,12,10,8,5,3,2,1,1,1,1,2,2,3,4,4,4,2,2,2,3,3,4,5,7,8,9,10,11,11,10,9,8,7,5,3,2,1,1,1,1,1,2,3,5,6,6,7,7,6,5,4,3,2,1,1,1,1,0,0,0,0,0,0,0,0,0,0,0,0,0,0,0,0,0,0,0,0,0,0,0,0,0,0,0,0,0,0,0,0,0,0,0,0,0,0,0,0,1,1,1,1,1,1,1,1,1,2,2,3,3,4,5,7,8,10,11,13,16,18,20,23,25,28,29,32,34,35,37,38,39,40,40,40
39,40,40,40,40,40,40,39,38,37,36,35,34,34,32,31,30,29,28,26,25,24,23,22,21,20,19,18,17,16,15,14,13,13,12,12,11,11,10,10,9,9,8,8,7,7,6,6,6,6,5,5,5,5,5,4,4,5,6,8,9,10,10,11,13,14,14,12,10,8,4,3,2,1,1,1,2,2,3,4,4,4,4,3,2,2,3,3,4,5,7,8,9,11,11,12,11,9,8,7,5,3,2,1,1,1,1,1,2,3,5,6,6,7,7,6,5,4,3,2,1,1,1,1,1,1,1,1,1,1,1,1,1,1,1,1,1,1,1,1,1,1,1,1,1,1,1,1,1,1,1,1,1,1,1,1,1,1,1,1,1,1,1,1,1,1,1,1,1,1,1,1,1,1,1,2,2,3,3,4,5,6,8,9,11,13,15,17,20,22,24,26,28,30,32,34,35,36,37,38,39,40,40,40,40,40,39,39,38,37,36,35,34,33,32,31,30,29,27,26,25,24,23,22,21,20,19,18,17,16,15,14,13,13,12,11,11,10,10,10,9,9,8,8,7,7,6,6,6,6,5,5,5,5,4,4,4,5,6,8,9,10,10,11,13,14,14,12,10,8,4,3,2,1,1,1,1,2,3,4,4,4,4,3,2,2,3,3,4,5,7,8,9,11,11,12,11,9,8,7,5,3,2,1,1,1,1,1,2,3,5,6,6,7,7,6,5,4,3,2,1,1,1,1,1,1,1,1,1,1,1,1,1,1,1,1,1,1,1,1,1,1,1,1,1,1,1,1,1,1,1,1,1,1,1,1,1,1,1,1,1,1,1,1,1,1,1,1,1,1,1,1,1,1,1,2,2,3,3,4,5,7,8,9,11,13,15,17,20,22,24,26,28,30,33,34,36,37,38,39
37,38,39,40,40,40,41,41,41,40,40,39,39,38,37,36,35,34,34,32,31,30,29,28,27,26,25,24,23,22,21,20,19,18,17,17,16,16,15,15,14,13,13,12,11,11,10,10,9,9,9,9,8,8,8,7,7,8,9,11,12,12,12,13,15,15,15,12,10,8,4,3,2,2,1,1,2,3,3,4,4,4,4,3,3,3,3,3,4,5,7,9,10,11,12,12,11,10,9,7,5,3,2,1,1,1,1,2,3,4,5,7,7,7,7,6,5,4,3,2,1,1,1,1,1,1,1,1,1,1,1,1,1,1,1,1,1,1,1,1,1,1,1,1,1,1,1,1,1,1,1,1,1,1,1,1,1,1,1,1,1,1,1,1,1,1,1,1,1,1,1,1,1,1,1,1,2,2,2,3,4,5,5,7,8,9,11,13,15,17,19,21,23,25,27,29,31,33,34,35,36,37,38,39,40,40,40,40,40,40,39,39,38,38,37,36,35,34,33,32,31,30,29,28,27,26,25,24,23,22,21,20,19,18,17,17,16,15,15,14,14,13,13,12,11,11,10,10,9,9,9,8,8,8,7,7,7,8,9,11,12,12,12,13,15,15,15,12,10,8,4,3,2,2,1,1,2,3,3,4,4,4,4,3,3,3,3,3,4,5,7,9,10,11,12,12,11,10,9,7,5,3,2,1,1,1,1,2,3,4,5,7,7,7,7,6,5,4,3,2,1,1,1,1,1,1,1,1,1,1,1,1,1,1,1,1,1,1,1,1,1,1,1,1,1,1,1,1,1,1,1,1,1,1,1,1,1,1,1,1,1,1,1,1,1,1,1,1,1,1,1,1,1,1,1,1,2,2,2,3,4,5,5,7,8,9,11,13,15,17,19,21,23,25,27,29,31,33,34,36
33,34,36,37,38,39,40,41,41,41,41,41,41,41,41,40,40,39,38,38,37,36,35,34,34,33,32,31,30,29,27,27,26,25,24,23,23,22,21,21,20,19,18,18,17,16,15,15,14,14,14,13,13,12,12,11,11,12,13,14,15,15,15,15,17,17,15,13,10,8,5,3,2,2,2,2,3,3,4,5,5,5,5,4,4,3,4,4,4,6,7,9,11,12,12,13,12,10,9,8,5,4,3,2,2,1,2,2,3,5,6,7,7,8,7,6,6,5,3,2,1,1,1,1,1,1,1,1,1,1,1,1,1,1,1,1,1,1,1,1,1,1,1,1,1,1,1,1,1,1,1,1,1,1,1,1,1,1,1,1,1,1,1,1,1,1,1,1,1,1,1,1,1,1,1,2,2,2,2,2,3,3,4,5,6,7,8,9,11,13,14,16,18,20,22,24,26,28,29,31,32,34,35,37,38,39,39,40,41,41,41,41,41,41,40,40,39,39,38,37,36,36,35,34,33,32,31,30,29,28,27,26,25,24,24,23,22,21,21,20,20,19,18,17,17,16,15,15,14,14,13,13,13,12,12,11,10,11,13,14,15,15,15,15,16,17,15,13,10,8,5,3,2,2,2,2,3,3,3,5,5,5,5,4,4,3,4,4,4,6,7,9,11,12,12,13,12,10,9,8,5,4,3,2,2,1,2,2,3,5,6,7,7,8,7,6,6,5,3,2,1,1,1,1,1,1,1,1,1,1,1,1,1,1,1,1,1,1,1,1,1,1,1,1,1,1,1,1,1,1,1,1,1,1,1,1,1,1,1,1,1,1,1,1,1,1,1,1,1,1,1,1,1,1,1,2,2,2,2,2,3,3,4,5,6,7,8,9,11,13,14,16,18,20,22,24,26,28,30,31
28,30,32,33,35,36,37,38,39,40,41,41,42,42,43,43,42,42,42,41,41,41,40,40,39,39,38,37,36,35,34,33,32,32,31,30,30,29,28,28,27,26,25,24,24,23,22,21,21,20,20,19,19,18,18,17,16,17,18,19,20,20,19,18,19,19,16,13,11,9,6,4,3,3,3,3,4,4,5,6,6,6,6,5,5,4,5,4,5,7,8,10,12,13,13,14,13,11,10,9,6,5,3,3,3,2,3,3,5,6,7,8,8,9,8,7,6,5,4,3,2,2,2,2,2,2,2,2,2,2,2,2,2,2,2,2,2,2,2,2,2,2,2,2,2,2,2,2,2,2,2,2,2,2,2,2,2,2,2,2,2,2,2,2,2,2,2,2,2,2,2,2,2,2,2,2,2,3,3,3,3,3,4,4,5,6,6,7,9,10,11,12,14,16,17,19,21,23,24,26,28,30,31,33,34,35,37,38,39,40,41,41,42,42,42,42,42,42,42,41,41,40,40,39,39,38,37,36,35,35,34,33,32,31,30,30,29,29,28,27,27,26,25,24,23,23,22,21,20,20,20,19,19,18,17,17,16,17,18,19,20,19,19,18,19,19,16,13,11,9,6,4,3,3,3,3,4,4,5,6,6,6,6,5,5,4,5,4,5,7,8,10,12,13,13,14,13,11,10,9,6,5,3,3,3,2,3,3,5,6,7,8,8,9,8,7,6,5,4,3,2,2,2,2,2,2,2,2,2,2,2,2,2,2,2,2,2,2,2,2,2,2,2,2,2,2,2,2,2,2,2,2,2,2,2,2,2,2,2,2,2,2,2,2,2,2,2,2,2,2,2,2,2,2,2,2,2,3,3,3,3,3,4,4,5,6,6,7,9,10,11,13,14,16,18,19,21,23,25,26
24,25,27,29,31,32,34,35,37,38,39,40,41,42,43,43,44,44,44,44,44,44,44,44,44,44,43,42,42,41,40,40,39,38,38,37,37,36,36,35,35,34,33,32,31,30,29,29,28,28,27,27,26,26,25,25,23,23,24,25,25,25,24,21,22,21,18,15,12,10,7,6,5,5,5,5,5,6,6,7,8,8,8,7,6,6,6,6,7,8,10,12,14,14,15,16,15,13,12,10,8,6,5,4,4,4,4,5,6,8,9,9,10,10,9,8,8,6,5,4,3,3,3,3,3,3,3,3,3,3,3,3,3,3,3,3,3,3,3,3,3,3,3,3,3,3,3,3,3,3,3,3,3,3,4,4,4,4,4,4,4,4,4,4,4,4,4,4,4,4,4,4,4,4,4,4,4,4,4,4,4,4,5,5,5,6,6,7,8,8,9,10,12,13,14,16,17,19,20,22,24,25,27,29,30,32,34,35,36,37,39,40,41,41,42,43,43,43,44,44,44,44,44,43,43,43,43,42,41,41,40,39,39,38,37,37,36,36,35,35,34,34,33,32,31,30,29,29,28,28,27,26,26,25,25,24,23,23,24,25,25,25,24,21,21,20,18,14,12,10,7,6,5,5,5,5,5,6,6,7,8,8,8,7,6,6,6,6,7,8,10,12,14,14,15,16,15,13,12,10,8,6,5,4,4,4,4,5,6,8,9,9,10,10,9,8,8,6,5,4,3,3,3,3,3,3,3,3,3,3,3,3,3,3,3,3,3,3,3,3,3,3,3,3,3,3,3,3,3,3,3,3,3,3,4,4,4,4,4,4,4,4,4,4,4,4,4,4,4,4,4,4,4,4,4,4,4,4,4,4,4,4,5,5,5,6,6,7,8,8,9,10,12,13,14,16,17,19,20,22
21,22,24,26,27,29,31,32,34,35,36,38,39,40,41,42,43,44,44,45,45,46,46,47,47,47,47,47,46,46,46,45,45,45,44,44,44,44,43,43,42,42,41,40,39,38,38,37,36,36,36,35,35,34,34,34,31,31,32,32,32,31,30,25,25,23,20,16,14,11,9,8,7,7,7,7,8,8,8,9,10,10,10,9,8,8,8,8,9,10,12,14,16,17,17,18,17,15,14,12,10,8,7,7,6,6,7,7,9,10,11,12,12,12,11,10,10,8,7,6,5,5,5,5,5,5,5,5,5,5,5,5,5,5,5,5,5,5,5,5,5,5,5,5,5,5,5,5,5,6,6,6,6,6,6,6,6,6,6,6,6,6,6,6,6,6,6,6,6,6,6,6,6,6,6,6,6,6,6,6,6,6,7,7,7,7,8,8,8,9,10,10,11,12,13,14,15,17,18,19,21,22,24,25,27,29,30,32,34,35,36,37,39,40,41,42,43,43,44,44,45,45,46,46,46,46,47,46,46,46,45,45,45,44,44,44,43,43,43,42,42,41,40,40,39,38,38,37,36,36,35,35,34,34,33,33,31,31,31,32,32,31,30,25,25,23,20,16,14,11,9,8,7,7,7,7,8,8,8,9,10,10,10,9,8,8,8,8,9,10,12,14,16,17,17,18,17,15,14,12,10,8,7,7,6,6,7,7,9,10,11,12,12,12,11,10,10,8,7,6,5,5,5,5,5,5,5,5,5,5,5,5,5,5,5,5,5,5,5,5,5,5,5,5,5,5,5,5,5,6,6,6,6,6,6,6,6,6,6,6,6,6,6,6,6,6,6,6,6,6,6,6,6,6,6,6,6,6,6,6,6,6,7,7,7,7,8,8,8,9,10,10,11,12,13,14,16,17,18,19
20,21,22,24,25,27,28,30,31,33,34,35,37,38,40,41,42,43,44,45,45,46,47,48,49,49,50,50,50,50,50,50,50,50,50,50,50,50,50,50,50,49,49,48,48,47,46,46,45,45,45,45,44,44,44,44,40,40,40,40,39,38,37,30,28,26,22,18,16,13,11,10,9,9,9,9,10,10,11,12,12,13,13,12,11,11,11,11,11,13,14,17,19,20,20,21,20,18,17,15,13,11,10,10,9,9,10,10,12,13,14,15,15,15,14,13,12,11,9,9,8,8,8,8,8,8,8,8,8,8,8,8,8,8,8,8,8,8,8,8,8,8,8,8,8,8,8,9,9,9,9,9,9,9,9,9,9,9,9,9,9,9,9,9,9,9,9,9,9,9,9,9,9,9,9,9,9,9,9,10,10,10,10,10,10,10,10,10,11,11,11,12,12,13,14,15,15,16,17,18,20,21,22,23,25,26,28,29,31,32,34,35,37,38,39,41,42,42,43,44,45,46,47,47,48,49,49,49,50,50,50,50,50,50,50,50,50,50,50,49,49,49,48,48,47,47,46,46,45,45,45,44,44,43,43,43,40,39,39,39,39,38,37,30,28,25,22,18,16,13,11,10,9,9,9,9,10,10,11,12,12,13,12,12,11,11,11,11,11,13,14,17,19,20,20,21,20,18,17,15,13,11,10,10,9,9,10,10,12,13,14,15,15,15,14,13,12,11,9,9,8,8,8,8,8,8,8,8,8,8,8,8,8,8,8,8,8,8,8,8,8,8,8,8,8,8,8,8,9,9,9,9,9,9,9,9,9,9,9,9,9,9,9,9,9,9,9,9,9,9,9,9,9,9,9,9,9,9,9,9,10,10,10,10,10,10,10,10,11,11,11,12,12,13,14,15,15,16,17,18
21,22,23,24,25,26,28,29,31,32,33,34,36,37,39,40,41,42,43,44,45,46,48,48,50,50,51,52,52,53,53,53,54,54,55,55,56,56,56,56,56,56,56,56,55,55,55,54,54,54,54,54,54,54,54,54,50,49,49,48,47,46,45,35,32,28,24,21,18,16,14,13,12,12,13,13,13,13,14,15,16,16,16,16,15,14,14,14,15,16,18,20,23,23,24,25,24,22,20,19,16,15,14,13,13,13,14,14,16,17,19,19,19,19,18,17,16,15,13,13,12,12,12,12,12,12,12,12,12,12,12,12,12,12,12,12,12,12,12,12,12,12,12,13,13,13,13,13,13,13,13,13,13,13,14,14,14,14,14,14,14,14,14,14,14,14,14,14,14,14,14,14,14,14,14,14,14,14,14,14,14,14,14,14,14,14,14,14,15,15,15,15,16,16,17,17,18,18,19,20,21,22,23,24,25,26,27,29,30,31,33,34,35,37,38,39,41,42,43,44,45,46,47,48,49,50,51,51,52,52,53,53,53,54,54,55,55,55,55,56,56,56,55,55,55,55,54,54,54,54,54,54,53,53,53,53,50,48,48,47,47,46,44,35,32,28,24,21,18,16,14,13,12,12,12,13,13,13,14,15,16,16,16,16,15,14,14,14,15,16,18,20,23,23,24,25,24,22,20,18,16,15,14,13,13,13,14,14,16,17,19,18,19,19,18,17,16,15,13,13,12,12,12,12,12,12,12,12,12,12,12,12,12,12,12,12,12,12,12,12,12,12,12,12,13,13,13,13,13,13,13,13,13,13,14,14,14,14,14,14,14,14,14,14,14,14,14,14,14,14,14,14,14,14,14,14,14,14,14,14,14,14,14,14,14,14,14,14,15,15,15,15,16,16,17,17,18,18,19,20
24,25,25,26,27,28,29,30,31,32,33,34,36,37,38,40,41,42,43,44,45,46,48,49,50,51,52,53,54,54,55,56,57,58,58,59,60,61,61,62,62,62,62,62,62,62,62,62,63,63,63,63,64,64,64,65,61,59,57,56,55,54,52,41,36,31,27,24,21,19,17,16,16,16,16,16,17,17,18,19,20,20,20,20,19,18,18,18,19,20,22,25,27,28,28,29,29,26,25,23,21,19,18,18,18,18,19,19,21,22,23,23,24,23,22,22,21,20,18,17,17,17,17,17,17,17,17,17,17,17,17,17,17,17,17,17,17,17,17,17,17,17,17,18,18,18,18,18,18,18,18,18,18,19,19,19,19,19,19,19,19,19,19,19,19,19,19,19,19,19,19,19,19,19,19,19,19,19,19,19,19,19,19,19,19,19,19,20,20,20,20,20,20,21,21,21,22,22,23,23,24,24,25,26,27,28,29,30,31,32,33,34,35,37,38,39,40,41,42,44,45,46,47,48,49,51,52,53,53,54,55,56,56,57,58,58,59,60,60,61,61,61,61,62,62,62,62,62,62,62,62,63,63,63,63,63,60,58,57,56,54,53,52,41,35,31,27,24,21,19,17,16,16,16,16,16,17,17,18,19,20,20,20,20,19,18,18,18,19,20,22,25,27,28,28,29,29,26,25,23,21,19,18,18,18,18,18,19,21,22,23,23,24,23,22,22,21,19,18,17,17,17,17,17,17,17,17,17,17,17,17,17,17,17,17,17,17,17,17,17,17,17,17,18,18,18,18,18,18,18,18,18,18,19,19,19,19,19,19,19,19,19,19,19,19,19,19,19,19,19,19,19,19,19,19,19,19,19,19,19,19,19,19,19,19,19,19,20,20,20,20,20,20,21,21,21,22,22,23,23
29,29,30,30,31,31,32,33,34,34,35,36,37,38,39,41,42,43,44,45,46,47,48,49,51,52,53,54,55,56,57,58,59,60,61,62,63,64,65,65,66,66,67,67,67,68,68,69,69,70,70,71,72,73,73,74,70,67,65,64,62,61,60,46,39,34,30,26,24,22,20,20,19,19,20,20,21,21,22,23,24,24,24,24,23,23,23,23,23,25,27,29,32,33,33,33,34,31,30,28,25,24,23,23,23,23,24,25,26,27,28,29,29,28,28,27,26,25,23,23,23,22,22,22,22,22,22,22,22,22,22,22,22,22,22,22,23,23,23,23,23,23,23,23,23,23,23,24,24,24,24,24,24,25,25,25,25,25,25,25,25,25,25,25,25,25,25,25,25,25,25,25,25,25,25,25,25,25,25,25,25,25,25,25,25,25,25,26,26,26,26,26,26,26,26,27,27,27,28,28,28,29,29,30,31,31,32,33,34,34,35,36,37,38,39,40,41,42,43,44,45,47,48,49,50,51,52,53,55,55,56,57,58,59,60,61,62,63,64,64,65,66,66,67,67,68,68,69,69,69,70,70,71,71,72,72,69,66,65,63,62,60,59,46,39,34,29,26,24,22,20,20,19,19,20,20,20,21,22,23,24,24,24,24,23,23,22,23,23,25,27,29,32,33,33,33,33,31,30,28,25,24,23,23,23,23,24,24,26,27,28,28,29,28,28,27,26,25,23,23,23,22,22,22,22,22,22,22,22,22,22,22,22,22,22,22,22,23,23,23,23,23,23,23,23,23,23,24,24,24,24,24,24,25,25,25,25,25,25,25,25,25,25,25,25,25,25,25,25,25,25,25,25,25,25,25,25,25,25,25,25,25,25,25,25,25,25,25,25,26,26,26,26,26,26,27,27,27,28,28
34,34,34,35,35,36,36,37,37,38,38,39,40,41,42,43,43,44,45,46,47,48,49,50,51,53,54,55,56,57,58,59,60,62,63,64,65,66,67,68,69,70,70,71,72,73,73,74,75,76,77,78,79,80,82,82,78,75,72,70,69,67,66,52,43,36,32,29,27,25,23,23,23,23,23,23,24,24,26,26,28,28,28,29,27,27,27,28,28,30,32,34,36,38,38,38,38,36,34,33,30,29,28,28,28,28,29,30,31,33,34,34,34,34,33,33,31,30,29,29,28,28,28,28,28,28,28,28,28,28,28,28,28,28,28,28,28,28,29,29,29,29,29,29,29,29,29,29,29,30,30,30,30,30,31,31,31,31,31,31,31,31,31,31,31,31,31,31,31,31,31,31,31,31,31,31,31,31,31,31,31,31,31,31,31,31,31,31,31,31,31,32,32,32,32,32,33,33,33,33,34,34,34,34,35,35,36,36,37,37,38,39,40,40,41,42,43,44,45,46,47,48,49,50,51,52,53,54,56,56,58,59,60,61,62,63,64,65,66,67,68,69,70,71,71,72,73,74,75,76,76,77,78,79,80,81,77,74,72,70,68,67,66,52,43,36,32,29,27,25,23,23,23,23,23,23,24,24,26,26,27,28,28,29,27,27,27,28,28,30,32,34,36,38,38,38,38,36,34,33,30,29,28,28,28,28,29,30,31,33,34,34,34,34,33,32,31,30,29,29,28,28,28,28,28,28,28,28,28,28,28,28,28,28,28,28,28,28,28,29,29,29,29,29,29,29,29,29,29,30,30,30,30,30,31,31,31,31,31,31,31,31,31,31,31,31,31,31,31,31,31,31,31,31,31,31,31,31,31,31,31,31,31,31,31,31,31,31,31,31,31,32,32,32,32,32,33,33,33,33
39,39,39,39,39,40,40,40,41,41,42,42,43,43,44,45,45,46,47,48,49,50,51,51,53,54,55,56,57,58,59,60,62,63,64,65,67,68,69,70,71,72,73,74,75,76,77,78,80,81,82,84,85,87,88,89,85,82,78,76,74,72,72,57,46,38,34,31,30,28,26,26,26,26,26,27,27,28,29,30,31,32,32,32,31,31,31,32,32,34,36,38,41,42,42,42,43,41,39,37,35,33,33,33,32,33,33,34,36,37,38,38,39,38,38,37,36,35,34,34,34,33,33,33,33,33,33,33,33,33,33,33,33,33,33,33,34,34,34,34,34,34,34,34,34,34,34,34,34,34,35,35,35,35,36,36,36,36,36,36,36,36,36,36,36,36,36,36,36,36,36,36,36,36,36,36,36,36,36,36,36,36,36,36,36,36,36,36,36,36,36,36,36,37,37,37,37,37,38,38,38,38,39,39,39,39,40,40,40,41,41,42,42,43,44,44,45,46,46,47,48,49,50,51,52,53,54,55,57,57,59,60,61,62,64,65,66,67,68,69,70,71,72,73,75,76,77,78,79,80,81,83,84,85,86,87,84,80,77,75,73,72,71,57,46,38,34,31,30,28,26,26,26,26,26,26,27,28,29,30,31,32,32,32,31,31,31,32,32,34,36,38,40,42,42,42,43,41,39,37,35,33,33,32,32,33,33,34,36,37,38,38,39,38,38,37,36,35,34,34,33,33,33,33,33,33,33,33,33,33,33,33,33,33,33,33,34,34,34,34,34,34,34,34,34,34,34,34,34,34,35,35,35,35,35,36,36,36,36,36,36,36,36,36,36,36,36,36,36,36,36,36,36,36,36,36,36,36,36,36,36,36,36,36,36,36,36,36,36,36,36,36,36,37,37,37,37,37,38,38
42,42,42,42,43,43,43,43,44,44,44,45,45,46,46,47,47,48,48,49,50,51,52,52,54,55,56,57,58,59,60,61,62,64,65,67,68,69,70,71,72,74,75,76,77,79,80,81,83,84,86,88,89,91,93,94,91,87,83,80,78,77,76,61,48,40,36,33,32,30,29,28,28,28,29,29,30,30,32,33,34,34,35,35,34,34,34,35,36,37,40,42,44,46,46,46,46,45,42,40,38,37,36,36,36,36,36,38,39,41,41,42,43,42,42,41,40,39,38,38,37,37,37,37,37,37,37,37,37,37,37,37,37,37,37,37,37,38,38,38,38,38,38,38,38,38,38,38,38,38,38,39,39,39,39,39,39,39,40,40,40,40,40,40,40,40,40,40,40,40,40,40,40,40,40,40,40,40,40,40,40,40,40,40,40,40,40,40,40,40,40,40,40,40,41,41,41,41,41,42,42,42,42,42,42,42,43,43,43,44,44,44,45,45,46,46,47,47,48,49,50,50,51,52,53,54,55,56,57,58,60,61,62,63,65,66,67,68,69,70,72,73,74,75,77,78,80,81,83,84,85,87,88,90,91,92,90,86,82,80,77,76,75,61,48,40,35,33,32,30,28,28,28,28,29,29,30,30,32,32,34,34,35,35,34,34,34,35,36,37,39,42,44,46,46,46,46,45,42,40,38,37,36,36,36,36,36,38,39,41,41,42,43,42,42,41,40,39,38,38,37,37,37,37,37,37,37,37,37,37,37,37,37,37,37,37,37,37,37,38,38,38,38,38,38,38,38,38,38,38,38,39,39,39,39,39,39,39,40,40,40,40,40,40,40,40,40,40,40,40,40,40,40,40,40,40,40,40,40,40,40,40,40,40,40,40,40,40,40,40,40,40,40,40,40,41,41,41,41,41
43,43,43,43,44,44,44,44,45,45,45,45,46,46,47,47,48,48,49,50,51,51,52,53,54,55,56,57,58,59,60,62,63,64,66,67,68,70,71,72,73,75,76,77,79,80,82,83,85,87,88,90,92,94,96,98,95,91,86,83,81,79,78,64,50,41,37,34,33,32,30,30,30,30,30,31,31,32,34,34,35,36,37,37,36,36,36,38,38,40,42,44,46,48,49,48,48,47,44,42,40,39,38,38,37,38,38,40,41,43,43,44,45,44,43,43,42,41,40,40,40,39,39,39,39,39,39,39,39,39,39,39,39,39,39,39,39,40,40,40,40,40,40,40,40,40,40,40,40,40,40,40,40,40,40,41,41,41,41,41,41,41,41,41,41,41,41,41,41,41,41,41,41,41,41,41,41,41,41,41,41,41,41,41,41,41,41,41,41,41,41,41,41,41,42,42,42,42,42,43,43,43,43,43,43,43,44,44,44,44,45,45,45,46,46,47,47,48,49,49,50,51,52,52,53,54,55,56,58,59,60,61,63,64,65,66,67,69,70,71,72,74,75,77,78,80,81,83,85,86,88,89,91,93,94,96,94,89,85,83,80,79,78,64,50,41,37,34,33,31,30,30,30,30,30,31,31,32,34,34,35,36,36,37,36,36,36,37,38,40,42,44,46,48,48,48,48,47,44,42,40,38,38,37,37,38,38,40,41,43,43,44,45,44,43,43,42,41,40,40,40,39,39,39,39,39,39,39,39,39,39,39,39,39,39,39,39,40,39,40,40,40,40,40,40,40,40,40,40,40,40,40,40,40,40,40,40,41,41,41,41,41,41,41,41,41,41,41,41,41,41,41,41,41,41,41,41,41,41,41,41,41,41,41,41,41,41,41,41,41,41,41,41,41,42,42,42,42,42,43
42,42,42,42,43,43,43,43,44,44,44,45,45,46,46,47,47,48,49,49,50,51,52,53,54,55,56,57,58,59,61,62,63,65,66,67,69,70,71,72,74,75,77,78,79,81,83,84,86,88,90,92,94,96,98,100,97,93,89,85,83,81,80,66,51,42,37,35,34,32,31,31,31,31,31,32,32,33,34,35,36,37,37,38,37,37,37,38,39,41,43,45,47,49,49,49,49,48,45,43,41,39,38,38,37,38,38,40,41,43,43,44,45,44,43,43,42,41,40,40,40,40,40,40,40,40,40,40,40,40,40,40,40,40,40,40,40,40,40,39,39,39,39,39,39,39,39,39,39,39,39,39,39,39,40,40,40,40,40,40,40,40,40,40,40,40,40,40,40,40,40,40,40,40,40,40,40,40,40,40,40,40,40,40,40,40,40,40,40,40,40,40,40,40,41,41,41,41,41,42,42,42,42,42,42,42,43,43,43,44,44,44,45,45,46,46,47,48,48,49,50,51,51,52,53,54,55,56,58,59,60,62,63,64,65,67,68,69,70,71,73,74,76,77,79,81,82,84,86,88,89,91,93,95,96,98,96,92,88,84,82,80,79,66,51,42,37,35,34,32,31,31,31,31,31,32,32,33,34,35,36,37,37,38,37,37,37,38,39,40,43,45,47,49,49,49,49,48,45,43,41,39,38,38,37,38,38,40,41,43,43,44,45,44,43,43,42,40,40,40,40,40,40,40,40,40,40,40,40,40,40,40,40,40,40,40,40,40,39,39,39,39,39,39,39,39,39,39,39,39,39,39,39,39,39,39,40,40,40,40,40,40,40,40,40,40,40,40,40,40,40,40,40,40,40,40,40,40,40,40,40,40,40,40,40,40,40,40,40,40,40,40,40,40,41,41,41,41,41,41
39,39,39,39,39,40,40,40,41,41,42,42,43,44,44,45,46,46,47,48,49,50,51,52,53,54,55,57,58,59,60,62,63,65,66,67,69,70,71,73,74,75,77,78,80,81,83,85,87,89,90,93,95,97,99,100,98,94,90,86,83,81,80,67,52,42,37,35,34,33,31,31,31,31,31,31,32,33,34,34,36,36,37,37,36,36,36,38,38,40,42,44,46,48,49,48,48,47,44,41,39,37,36,36,36,36,36,38,39,41,41,42,42,42,41,40,40,38,38,38,37,37,37,37,37,37,37,37,37,37,37,37,37,37,37,37,37,37,37,37,37,37,37,37,36,36,36,36,36,36,36,36,36,36,36,36,36,36,36,36,36,36,36,36,36,36,36,36,36,36,36,36,36,36,36,36,36,36,36,36,36,36,36,36,36,36,36,36,36,36,36,36,37,37,37,37,37,38,38,38,38,38,39,39,39,39,40,40,41,41,42,42,43,43,44,45,45,46,47,48,49,50,51,51,53,54,55,56,57,59,60,61,63,64,65,67,68,69,70,72,73,75,76,78,79,81,83,85,86,88,90,92,93,95,97,98,97,93,89,85,82,80,79,67,52,42,37,35,34,32,31,31,31,31,31,31,32,33,34,34,35,36,37,37,36,36,36,38,38,40,42,44,46,48,49,48,48,47,44,41,39,37,36,36,36,36,36,38,39,41,41,42,42,42,41,40,40,38,38,37,37,37,37,37,37,37,37,37,37,37,37,37,37,37,37,37,37,37,37,37,37,37,37,37,36,36,36,36,36,36,36,36,36,36,36,36,36,36,36,36,36,36,36,36,36,36,36,36,36,36,36,36,36,36,36,36,36,36,36,36,36,36,36,36,36,36,36,36,36,36,36,36,37,37,37,37,37,38,38,38
34,34,34,35,35,36,36,37,37,38,39,39,40,41,42,43,44,45,46,47,48,49,50,51,52,54,55,56,57,59,60,61,63,64,66,67,69,70,71,72,74,75,77,78,79,81,83,85,86,88,90,92,94,96,98,99,98,94,89,85,82,80,79,67,52,42,37,34,33,32,30,30,30,30,30,30,31,31,32,33,34,34,35,35,35,34,34,35,36,37,40,42,44,45,46,46,45,44,41,38,36,34,33,33,33,33,33,35,36,37,38,38,39,38,37,37,36,34,34,34,34,34,34,34,34,34,34,34,34,34,34,34,34,34,34,33,33,33,33,33,33,33,33,32,32,32,32,32,32,32,32,32,32,32,32,32,31,31,31,31,31,31,31,31,31,31,31,31,31,31,31,31,31,31,31,31,31,31,31,31,31,31,31,31,31,31,31,31,31,32,32,32,32,32,32,32,33,33,33,34,34,34,34,34,35,35,36,36,37,38,38,39,40,41,42,43,43,44,45,46,47,48,50,51,52,53,54,55,57,58,60,61,62,64,65,67,68,69,70,71,73,74,76,77,79,81,83,84,86,88,89,91,93,95,96,97,97,93,88,85,82,80,78,67,52,42,37,34,33,32,30,30,30,30,30,30,31,31,32,33,34,34,35,35,35,34,34,35,36,37,40,42,44,45,46,46,45,44,41,38,36,34,33,33,33,33,33,35,36,37,38,38,38,38,37,36,36,34,34,34,34,34,34,34,34,34,34,34,34,34,34,34,34,34,34,33,33,33,33,33,33,33,32,32,32,32,32,32,32,32,32,32,32,32,32,31,31,31,31,31,31,31,31,31,31,31,31,31,31,31,31,31,31,31,31,31,31,31,31,31,31,31,31,31,31,31,31,31,31,31,31,32,32,32,32,32,33,33,33,33
29,29,30,30,31,32,32,33,34,35,36,37,38,39,40,41,42,43,44,46,47,48,49,51,52,53,54,56,57,58,60,61,63,64,66,67,68,70,71,72,73,75,76,77,79,80,82,84,86,87,89,91,93,95,96,97,96,93,88,84,81,78,76,66,51,41,36,33,32,30,29,28,28,28,28,28,28,29,30,30,31,32,32,32,32,32,31,32,33,34,36,38,40,42,43,42,41,40,37,34,32,30,29,28,28,28,29,31,32,33,33,34,34,33,33,32,30,29,29,28,28,28,28,28,28,28,28,28,28,28,28,28,28,28,28,28,28,28,28,28,27,27,27,27,27,27,26,26,26,26,26,26,26,26,26,26,26,25,25,25,25,25,25,25,25,25,25,25,25,25,25,25,25,25,25,25,25,25,25,25,25,25,25,25,25,25,25,26,26,26,26,26,26,26,27,27,27,28,28,28,29,29,29,30,31,31,32,33,34,34,35,36,37,38,40,41,42,43,44,45,47,48,49,50,51,53,54,55,57,58,59,61,62,64,65,66,67,69,70,71,73,74,76,77,78,80,82,84,85,87,88,90,91,93,94,95,95,92,87,83,80,78,76,66,51,41,36,33,32,30,29,28,28,28,28,28,28,29,30,30,31,32,32,32,32,31,31,32,33,34,36,38,40,42,43,42,41,40,37,34,32,30,29,28,28,28,29,31,32,33,33,34,34,33,33,31,30,29,29,28,28,28,28,28,28,28,28,28,28,28,28,28,28,28,28,28,28,28,28,27,27,27,27,27,27,26,26,26,26,26,26,26,26,26,26,26,25,25,25,25,25,25,25,25,25,25,25,25,25,25,25,25,25,25,25,25,25,25,25,25,25,25,25,25,25,25,25,25,26,26,26,26,26,26,27,27,27,27,28,28
24,25,26,26,27,28,29,30,32,33,34,35,36,37,39,40,41,42,44,45,46,48,49,50,52,53,54,55,57,58,59,61,62,64,65,67,68,70,71,72,73,74,76,77,78,79,81,82,84,85,87,89,90,92,93,94,93,90,85,81,78,75,73,64,50,40,34,31,30,28,26,26,26,26,25,25,25,26,26,27,28,28,28,29,28,28,27,28,29,30,32,34,36,37,38,37,36,35,33,29,27,25,24,23,23,23,24,26,27,28,28,29,28,28,27,26,25,23,23,23,23,23,23,23,23,23,23,23,23,23,23,23,23,23,22,22,22,22,22,22,21,21,21,21,21,21,21,21,20,20,20,20,20,20,20,20,20,19,19,19,19,19,19,19,19,19,19,19,19,19,19,19,19,19,19,19,19,19,19,19,19,19,19,19,19,19,20,20,20,20,20,20,20,21,21,21,22,22,23,23,24,25,25,26,27,28,29,30,31,32,34,35,36,37,39,40,41,42,43,45,46,47,49,50,51,53,54,55,56,58,59,60,62,63,65,66,67,68,70,71,72,73,75,76,78,79,81,82,84,85,86,87,89,90,91,92,92,89,84,80,77,74,72,64,50,40,34,32,30,28,26,26,26,26,25,25,25,26,26,27,28,28,28,29,28,28,27,28,29,30,32,34,36,37,38,37,36,35,33,29,27,25,24,23,23,23,24,26,27,28,28,29,28,28,27,26,25,23,23,23,23,23,23,23,23,23,23,23,23,23,23,23,23,22,22,22,22,22,22,22,21,21,21,21,21,21,21,20,20,20,20,20,20,20,20,20,20,19,19,19,19,19,19,19,19,19,19,19,19,19,19,19,19,19,19,19,19,19,19,19,19,19,19,19,19,19,19,20,20,20,20,20,20,21,21,21,22,22,23,23
21,22,23,24,25,27,28,29,31,32,34,35,36,38,39,41,42,43,44,46,47,48,49,51,52,53,54,56,57,58,59,60,62,63,65,67,68,69,70,71,72,73,74,75,76,78,79,80,81,83,84,85,86,87,88,88,88,85,81,77,73,71,68,61,48,38,32,29,27,26,24,23,23,22,22,22,22,23,23,23,24,24,24,24,24,23,23,23,24,25,27,29,31,32,33,32,31,31,28,24,22,20,19,18,18,18,19,21,22,23,23,24,23,22,22,20,19,18,17,17,17,17,17,17,17,17,17,17,17,17,17,17,17,17,17,17,17,17,16,16,16,16,16,15,15,15,15,15,15,15,15,15,15,14,14,14,14,14,14,14,14,14,14,14,14,14,14,14,14,14,14,14,14,14,14,14,14,14,14,14,14,14,14,14,14,14,14,15,15,15,15,15,16,16,17,17,18,19,19,20,21,22,23,24,25,26,28,29,31,32,33,35,36,37,39,40,41,42,44,45,47,48,49,50,51,53,54,55,56,58,59,60,62,63,64,66,67,68,69,70,71,72,74,75,76,77,79,80,81,82,83,84,84,85,86,86,87,84,80,76,73,70,68,61,48,38,32,29,27,26,24,23,22,22,22,22,22,22,23,23,24,24,24,24,24,23,23,23,24,25,27,29,31,32,33,32,31,31,28,24,22,20,19,18,18,18,19,21,22,23,23,24,23,22,21,20,19,18,17,17,17,17,17,17,17,17,17,17,17,17,17,17,17,17,17,17,17,17,16,16,16,16,16,15,15,15,15,15,15,15,15,15,15,14,14,14,14,14,14,14,14,14,14,14,14,14,14,14,14,14,14,14,14,14,14,14,14,14,14,14,14,14,14,14,14,14,14,14,15,15,15,15,16,16,17,17,18,19,19,20
20,21,23,24,26,27,29,30,32,33,35,36,38,39,41,42,43,44,45,47,48,49,50,51,52,54,55,56,57,58,59,60,61,63,64,66,67,68,69,70,71,72,73,74,74,75,76,77,78,79,79,80,80,81,81,81,82,80,76,71,68,65,63,57,45,36,30,27,24,23,21,20,19,19,19,18,18,19,19,19,20,20,20,20,19,19,19,19,20,20,23,25,27,28,29,28,27,26,23,20,18,16,14,14,13,14,15,16,18,18,18,19,18,17,17,15,14,13,12,12,12,12,12,12,12,12,12,12,12,12,12,12,12,12,12,12,12,12,12,11,11,11,11,11,11,10,10,10,10,10,10,10,10,10,10,10,10,10,9,9,9,9,9,9,9,9,9,9,9,9,9,9,9,9,9,9,9,9,9,10,10,10,10,10,10,10,10,10,11,11,11,12,13,13,14,15,16,17,18,19,20,21,22,24,25,27,28,30,32,33,34,36,37,39,40,42,43,44,45,46,47,48,50,51,52,53,54,55,56,57,59,60,61,62,64,65,66,67,68,69,70,71,72,73,74,75,76,77,78,78,79,79,79,80,80,80,81,78,75,71,67,65,62,57,45,36,30,27,24,23,21,20,19,19,19,18,18,19,19,19,20,20,20,20,19,19,19,19,20,20,23,25,27,28,29,28,27,26,23,20,18,16,14,13,13,14,15,16,18,18,18,19,18,17,17,15,14,13,12,12,12,12,12,12,12,12,12,12,12,12,12,12,12,12,12,12,12,12,11,11,11,11,11,11,11,10,10,10,10,10,10,10,10,10,10,10,10,10,9,9,9,9,9,9,9,9,9,9,9,9,9,9,9,9,9,9,9,9,9,10,10,10,10,10,10,10,10,10,11,11,11,12,13,13,14,15,16,17,18,19
21,23,24,26,28,29,31,33,34,36,37,38,40,41,42,44,45,45,46,47,48,49,50,52,53,54,55,56,57,58,59,60,61,62,64,65,66,67,68,68,69,70,70,71,71,72,72,73,73,73,73,73,73,74,73,73,74,72,69,65,62,59,56,52,43,34,28,24,22,20,17,16,16,15,15,15,15,15,15,15,16,16,16,16,16,15,15,15,16,16,18,20,22,23,24,23,22,21,19,16,14,12,10,10,10,10,11,13,14,14,14,15,14,13,13,11,10,9,9,8,8,8,8,8,8,8,8,8,8,8,8,8,8,8,8,8,8,8,8,8,7,7,7,7,7,7,7,7,7,7,7,7,6,6,6,6,6,6,6,6,6,6,6,6,6,6,6,6,6,6,6,6,6,6,6,6,6,6,6,6,6,6,7,7,7,7,8,8,9,9,10,10,11,12,13,15,16,17,18,19,21,23,24,26,27,29,31,32,34,35,37,38,39,41,42,43,44,45,46,47,48,49,50,51,52,53,54,55,56,57,58,59,61,62,63,64,65,66,67,67,68,69,70,70,71,72,72,73,73,73,73,73,72,72,72,71,73,71,68,65,61,58,56,52,43,34,28,24,21,19,17,16,16,15,15,15,15,15,15,15,16,16,16,16,16,15,15,15,16,16,18,20,22,23,24,23,22,21,19,16,14,12,10,10,10,10,11,13,14,14,14,15,14,13,13,11,10,9,9,8,8,8,8,8,8,8,8,8,8,8,8,8,8,8,8,8,8,8,8,8,7,7,7,7,7,7,7,7,7,7,7,7,6,6,6,6,6,6,6,6,6,6,6,6,6,6,6,6,6,6,6,6,6,6,6,6,6,6,6,6,6,6,7,7,7,7,8,8,9,9,10,10,11,12,13,15,16,17,18,19
24,26,28,29,31,33,34,36,37,38,40,41,42,43,44,45,46,46,47,48,49,50,50,51,52,53,54,55,56,57,58,59,60,61,63,64,65,65,66,66,67,67,67,67,67,67,68,67,67,67,67,66,66,65,64,64,65,64,62,58,55,52,49,47,40,32,26,22,19,16,14,13,12,12,11,11,11,11,11,12,12,13,13,13,12,11,11,11,12,12,15,17,18,20,21,20,19,17,16,12,10,9,7,7,7,7,8,10,11,11,12,12,11,10,9,8,6,6,5,5,5,5,5,5,5,5,5,5,5,5,5,5,5,5,5,5,5,5,5,5,5,5,4,4,4,4,4,4,4,4,4,4,4,4,4,4,4,4,4,4,4,4,4,4,4,4,4,4,4,4,4,4,4,4,4,4,4,4,4,4,4,4,5,5,5,6,6,7,8,9,9,10,12,13,14,16,18,19,21,22,24,26,27,29,31,32,34,35,37,38,39,41,42,43,44,45,45,46,47,47,48,49,50,51,52,53,54,55,56,57,58,59,60,61,62,63,64,64,65,65,66,66,67,67,67,67,67,67,67,67,66,65,65,64,63,62,64,63,61,57,54,52,49,47,40,32,26,22,19,16,14,13,12,12,11,11,11,11,11,12,12,13,13,13,12,11,11,11,12,12,15,17,18,20,21,20,19,17,16,12,10,9,7,7,7,7,8,10,11,11,12,12,11,10,9,8,6,6,5,5,5,5,5,5,5,5,5,5,5,5,5,5,5,5,5,5,5,5,5,5,5,5,4,4,4,4,4,4,4,4,4,4,4,4,4,4,4,4,4,4,4,4,4,4,4,4,4,4,4,4,4,4,4,4,4,4,4,4,4,4,4,4,5,5,5,6,6,7,8,9,9,10,12,13,14,16,17,19,21,22
28,30,32,34,35,36,38,39,40,41,42,43,43,44,45,45,46,46,47,48,48,49,50,51,52,53,53,55,56,56,57,58,59,60,61,62,62,63,63,63,63,63,63,63,62,62,61,61,60,59,58,57,56,55,54,53,55,55,53,50,48,45,42,42,37,30,24,19,16,14,12,10,9,9,8,8,8,8,8,9,9,10,10,10,10,9,8,8,9,10,12,14,16,17,18,17,16,14,13,10,8,7,5,4,4,5,6,8,9,9,10,10,9,8,7,6,4,4,3,3,3,3,3,3,3,3,3,3,3,3,3,3,3,3,3,3,3,3,3,3,3,3,3,3,3,3,2,2,2,2,2,2,2,2,2,2,2,2,2,2,2,2,2,2,2,2,2,2,2,2,2,2,2,2,2,2,2,3,3,3,3,3,4,4,5,6,6,7,9,10,11,13,14,16,18,20,21,23,25,26,28,30,32,33,35,36,37,39,40,41,41,42,43,44,44,45,46,46,47,47,48,49,49,50,51,52,53,54,55,56,57,58,59,59,60,61,61,62,62,62,62,62,62,62,62,62,61,61,60,59,58,57,56,54,53,52,55,55,53,50,47,45,42,42,37,30,24,19,16,14,12,10,9,9,8,8,8,8,8,9,9,10,10,10,10,9,8,8,9,10,12,14,16,17,18,17,16,14,13,10,8,7,5,4,4,5,6,8,9,9,10,10,9,8,7,6,4,4,3,3,3,3,3,3,3,3,3,3,3,3,3,3,3,3,3,3,3,3,3,3,3,3,3,3,3,2,2,2,2,2,2,2,2,2,2,2,2,2,2,2,2,2,2,2,2,2,2,2,2,2,2,2,2,2,2,2,2,3,3,3,3,3,4,4,5,6,6,7,9,10,11,13,14,16,18,20,21,23,25,26
33,34,36,37,38,39,40,41,42,42,43,43,44,44,44,45,45,46,46,47,47,48,49,50,51,52,53,54,55,55,56,57,57,58,59,59,59,59,59,59,58,58,57,57,56,55,54,53,52,50,49,48,47,45,44,43,45,46,45,43,40,38,36,38,34,28,22,17,14,11,9,8,7,6,6,6,6,6,6,7,7,8,8,8,8,6,6,6,7,8,10,12,13,15,15,15,14,12,11,8,6,5,4,3,3,3,5,6,8,7,8,8,7,7,6,4,3,2,2,2,2,2,2,2,2,2,2,2,2,2,2,2,2,2,2,2,2,2,2,2,2,2,2,1,1,1,1,1,1,1,1,1,1,1,1,1,1,1,1,1,1,1,1,1,1,1,1,1,1,1,1,1,1,1,1,2,2,2,2,2,3,3,4,5,6,7,8,9,11,13,14,16,18,20,22,24,26,28,29,31,33,34,35,37,38,39,40,41,42,42,42,43,43,44,44,44,45,45,46,46,47,48,49,49,50,51,52,53,54,55,56,56,57,58,58,58,59,58,58,58,58,57,57,56,56,55,54,53,51,50,49,47,46,45,43,42,45,46,45,43,40,38,35,38,34,28,22,18,14,11,9,8,7,6,6,6,6,6,6,7,7,8,8,8,8,6,6,6,7,8,10,12,13,15,15,15,14,12,11,8,6,5,4,3,3,3,5,6,8,7,8,8,7,7,6,4,3,2,2,2,2,2,2,2,2,2,2,2,2,2,2,2,2,2,2,2,2,2,2,2,2,2,1,1,1,1,1,1,1,1,1,1,1,1,1,1,1,1,1,1,1,1,1,1,1,1,1,1,1,1,1,1,1,1,1,2,2,2,2,2,3,3,4,5,6,7,8,9,11,13,14,16,18,20,22,24,26,28,29,31
37,38,39,40,40,41,41,42,42,42,42,42,42,43,43,43,44,44,45,45,46,47,48,49,50,51,52,53,54,54,55,55,55,55,56,56,55,55,54,53,52,51,51,50,48,47,46,44,43,41,40,39,37,36,34,33,36,38,38,36,34,32,30,33,32,26,21,16,13,10,7,6,5,4,4,4,4,4,4,5,5,6,6,6,6,5,5,5,6,7,9,10,12,14,14,14,13,11,10,8,5,4,3,2,2,3,4,6,7,7,8,7,7,6,5,3,2,2,1,1,1,1,1,1,1,1,1,1,1,1,1,1,1,1,1,1,1,1,1,1,1,1,1,1,1,1,1,1,1,1,1,1,1,1,1,1,1,1,1,1,1,1,1,1,1,1,1,1,1,1,1,1,1,1,1,1,2,2,2,3,4,4,5,6,8,9,11,13,15,17,19,21,23,25,27,29,31,33,34,35,36,38,39,39,40,41,41,41,42,42,42,42,42,42,43,43,43,44,45,45,46,47,48,49,49,50,51,52,53,54,54,55,55,55,55,55,54,54,53,53,52,51,50,49,48,47,46,44,43,41,40,38,37,35,34,33,36,37,37,36,34,32,30,33,32,26,21,16,13,10,7,6,5,4,4,4,4,4,4,5,5,6,6,6,6,5,5,5,6,7,9,10,12,14,14,14,13,11,10,8,5,4,3,2,2,3,4,6,7,7,8,7,7,6,5,3,2,2,1,1,1,1,1,1,1,1,1,1,1,1,1,1,1,1,1,1,1,1,1,1,1,1,1,1,1,1,1,1,1,1,1,1,1,1,1,1,1,1,1,1,1,1,1,1,1,1,1,1,1,1,1,1,1,1,1,1,2,2,2,3,4,4,5,6,8,9,11,13,15,17,19,21,23,25,27,29,31,32,34,35
40,40,41,41,41,41,41,41,41,40,40,40,40,41,41,42,42,43,44,44,45,46,47,49,49,50,51,52,52,53,53,52,52,52,52,51,50,49,48,47,46,44,43,42,40,39,37,35,34,33,31,30,28,27,26,24,28,30,31,30,28,27,25,30,30,25,20,15,12,8,6,4,3,3,3,3,2,3,3,4,4,5,5,5,5,4,4,4,5,6,8,9,11,13,13,13,12,10,9,7,5,4,2,2,2,2,4,5,6,6,7,6,6,5,4,2,1,1,1,1,1,1,1,1,1,1,1,1,1,1,1,1,1,1,1,1,1,1,1,1,1,1,1,1,1,1,1,1,1,1,1,1,1,1,1,1,1,1,1,1,1,1,1,1,1,1,1,1,1,1,1,1,1,1,1,2,2,3,3,4,5,6,8,9,11,13,15,17,20,22,24,26,28,30,32,34,35,36,37,38,39,40,40,40,41,41,41,40,40,40,40,40,40,41,41,41,42,43,43,44,45,46,47,48,49,50,50,51,52,52,52,52,52,52,51,50,49,48,47,46,45,44,43,41,40,39,37,35,34,32,31,29,28,26,25,24,27,30,31,30,28,26,25,30,30,25,20,15,12,8,6,4,3,3,3,3,2,3,3,4,4,5,5,5,5,4,4,4,5,6,8,9,11,13,13,13,12,10,9,7,5,4,2,2,2,2,4,5,6,6,7,6,6,5,4,2,1,1,1,1,1,1,1,1,1,1,1,1,1,1,1,1,1,1,1,1,1,1,1,1,1,1,1,1,1,1,1,1,1,1,1,1,1,1,1,1,1,1,1,1,1,1,1,1,1,1,1,1,1,1,1,1,1,1,1,2,2,3,3,4,5,6,8,9,11,13,15,17,20,22,24,26,28,30,32,34,35,36,37,38
40,40,40,40,39,39,39,38,38,38,38,38,38,39,39,40,41,42,43,44,45,46,47,48,49,49,50,50,50,50,49,49,48,47,46,45,44,43,41,40,38,37,35,34,32,31,29,27,26,24,23,22,21,19,18,17,20,24,25,25,24,22,21,26,28,23,19,15,11,8,5,4,2,2,2,2,2,2,2,3,3,4,5,4,5,3,3,3,5,6,7,9,10,12,12,13,11,10,9,7,5,3,2,1,1,2,4,5,6,6,7,6,6,5,4,2,1,1,1,1,1,1,1,1,1,1,1,1,1,1,1,1,1,1,1,1,1,1,1,1,1,1,1,1,1,1,1,1,1,1,1,1,1,0,0,0,0,0,0,0,0,0,0,1,1,1,1,1,1,1,1,1,1,2,2,3,3,4,5,6,8,9,11,13,15,18,20,23,25,27,29,31,33,35,36,38,38,39,39,40,40,40,40,39,39,39,38,38,38,38,37,38,38,39,39,40,41,42,43,44,45,46,47,47,48,49,49,50,50,50,49,49,48,47,46,45,43,42,41,39,38,36,35,34,32,31,29,27,26,24,23,22,20,19,18,17,20,23,25,24,24,22,21,26,28,23,19,15,11,8,5,4,2,2,2,2,2,2,2,3,3,4,5,4,5,3,3,3,5,6,7,9,10,12,12,13,11,10,9,7,5,3,2,1,1,2,4,5,6,6,7,6,6,5,4,2,1,1,1,1,1,1,1,1,1,1,1,1,1,1,1,1,1,1,1,1,1,1,1,1,1,1,1,1,1,1,1,1,1,1,1,1,1,0,0,0,0,0,0,0,0,0,0,1,1,1,1,1,1,1,1,1,1,2,2,3,3,4,5,6,8,9,11,13,15,18,20,22,25,27,29,31,33,35,36,37,38,39,39,40
39,38,38,37,36,36,36,35,35,35,35,36,36,38,38,40,41,42,43,44,45,46,47,47,48,48,48,47,47,46,45,44,43,42,40,39,37,35,34,32,31,29,27,26,25,23,21,20,19,17,16,15,14,13,12,11,14,18,20,20,20,19,18,23,26,23,19,15,11,8,5,3,2,1,1,1,1,1,2,3,3,4,4,4,4,3,3,3,4,6,7,8,10,11,12,12,11,9,8,7,4,3,2,1,1,2,4,5,5,6,7,6,5,5,3,2,1,1,1,1,0,0,0,0,0,0,0,0,0,0,0,0,0,0,0,0,0,0,0,0,0,0,0,0,0,0,0,0,0,0,0,0,0,0,0,0,0,0,0,0,0,0,0,0,0,1,1,1,1,1,1,1,2,2,3,4,5,6,8,10,11,13,16,18,20,23,26,28,31,32,34,36,37,38,39,40,40,40,39,39,39,38,38,37,36,36,35,35,35,35,35,36,36,37,38,39,40,42,43,44,45,45,46,47,47,47,47,47,46,46,45,44,43,41,40,38,37,35,34,32,30,29,27,26,24,23,21,20,19,17,16,15,14,13,12,11,14,18,20,20,20,19,17,23,26,23,19,15,11,8,5,3,2,1,1,1,1,1,2,3,3,4,4,4,4,3,3,3,4,6,7,8,10,11,12,12,11,9,8,7,4,3,2,1,1,2,4,5,5,6,7,6,5,4,3,2,1,1,1,1,0,0,0,0,0,0,0,0,0,0,0,0,0,0,0,0,0,0,0,0,0,0,0,0,0,0,0,0,0,0,0,0,0,0,0,0,0,0,0,0,0,0,0,0,0,1,1,1,1,1,1,1,2,2,3,4,5,6,8,10,11,13,16,18,20,23,26,28,31,32,34,36,37,38,39,39,40,40,39,39
36,35,34,34,33,33,33,32,33,34,34,35,36,37,39,40,41,42,44,44,45,45,46,46,46,45,44,44,42,41,40,38,37,35,34,32,30,28,27,25,24,22,20,19,18,17,15,14,13,12,11,10,9,9,8,7,10,14,16,17,17,16,15,21,24,22,18,15,11,8,5,3,2,1,1,1,1,1,1,2,2,4,4,4,4,3,3,3,4,6,6,8,10,11,11,12,11,9,8,7,5,3,2,1,1,2,4,5,5,6,7,6,5,4,3,1,1,1,1,0,0,0,0,0,0,0,0,0,0,0,0,0,0,0,0,0,0,0,0,0,0,0,0,0,0,0,0,0,0,0,0,0,0,0,0,0,0,0,0,0,0,0,0,0,1,1,1,1,1,1,2,2,3,4,5,7,8,10,12,14,16,18,21,23,26,28,31,33,35,36,37,38,39,39,39,39,39,38,37,36,36,35,34,33,33,32,32,32,33,33,34,35,35,37,38,40,41,42,43,44,44,45,45,45,45,45,44,43,42,41,40,38,36,35,33,31,30,28,26,25,23,22,20,19,18,16,15,14,13,12,11,10,9,8,8,7,10,14,16,17,17,16,15,21,24,22,18,15,11,8,5,3,2,1,1,1,1,1,1,2,3,4,4,4,4,3,3,3,4,6,6,8,10,11,11,12,11,9,8,7,5,3,2,1,1,2,4,5,5,6,7,6,5,4,3,1,1,1,1,0,0,0,0,0,0,0,0,0,0,0,0,0,0,0,0,0,0,0,0,0,0,0,0,0,0,0,0,0,0,0,0,0,0,0,0,0,0,0,0,0,0,0,0,0,1,1,1,1,1,1,2,2,3,4,5,7,8,10,12,14,16,18,21,23,26,28,31,33,35,36,37,38,39,39,39,39,39,38,37,36
32,31,31,30,30,30,30,30,31,33,34,35,36,38,39,41,42,43,44,44,44,44,44,43,43,41,40,39,37,35,34,32,30,29,27,25,23,21,20,18,17,16,14,13,12,11,10,9,8,8,7,6,6,5,5,4,7,11,13,14,15,14,14,19,23,22,18,15,12,8,5,3,2,1,1,1,1,1,1,2,2,3,4,4,4,3,3,3,4,6,6,8,9,11,11,12,10,9,7,7,5,3,2,2,1,2,4,5,5,6,7,5,5,4,3,1,1,1,1,0,0,0,0,0,0,0,0,0,0,0,0,0,0,0,0,0,0,0,0,0,0,0,0,0,0,0,0,0,0,0,0,0,0,0,0,0,0,0,0,0,0,0,0,1,1,1,1,1,2,2,3,4,5,6,8,10,12,14,16,18,21,24,26,29,31,33,35,37,38,39,39,39,39,39,38,37,36,35,34,33,32,31,30,30,29,29,30,30,31,32,33,35,36,38,39,40,41,42,43,44,44,44,44,43,42,41,40,38,37,35,34,32,30,28,26,24,23,21,20,18,17,16,14,13,12,11,10,9,8,8,7,6,6,5,5,4,7,10,13,14,14,14,13,19,23,22,18,15,12,8,5,3,2,1,1,1,1,1,1,2,2,3,4,4,4,3,3,3,4,6,6,8,9,11,11,12,10,9,7,7,5,3,2,2,1,2,4,5,5,6,7,5,5,4,3,1,1,1,1,0,0,0,0,0,0,0,0,0,0,0,0,0,0,0,0,0,0,0,0,0,0,0,0,0,0,0,0,0,0,0,0,0,0,0,0,0,0,0,0,0,0,0,0,1,1,1,1,1,2,2,3,4,5,6,8,10,12,14,16,18,21,23,26,29,31,33,35,36,38,39,39,39,39,39,38,37,36,35,34,33
28,27,27,27,27,28,29,30,32,33,34,36,38,39,40,42,42,43,43,43,42,42,41,40,38,36,35,33,31,29,27,26,24,22,20,18,17,16,14,13,12,11,10,9,8,7,6,6,5,5,4,4,4,3,3,3,4,8,11,12,13,13,12,17,22,21,18,15,12,9,5,3,2,1,1,1,1,1,1,2,2,3,4,4,4,3,3,3,5,6,6,8,9,10,11,11,10,9,7,7,5,3,3,2,1,3,4,5,5,6,6,5,5,4,3,1,1,1,1,0,0,0,0,0,0,0,0,0,0,0,0,0,0,0,0,0,0,0,0,0,0,0,0,0,0,0,0,0,0,0,0,0,0,0,0,0,0,0,0,0,0,0,1,1,1,1,1,2,3,3,4,6,7,9,11,14,16,18,21,24,26,29,31,33,35,37,38,39,39,39,39,38,37,36,34,33,32,31,29,29,28,27,27,27,27,28,29,30,31,33,34,36,37,39,40,41,42,42,43,42,42,41,40,39,38,36,34,33,31,29,27,25,24,22,20,18,17,15,14,13,12,11,10,9,8,7,6,6,5,5,4,4,4,3,3,3,4,8,11,12,13,13,12,17,22,21,18,15,12,9,5,3,2,1,1,1,1,1,1,2,2,3,4,4,4,3,3,3,5,6,6,8,9,10,11,11,10,9,7,7,5,3,3,2,1,3,4,5,5,6,6,5,5,4,3,1,1,1,1,0,0,0,0,0,0,0,0,0,0,0,0,0,0,0,0,0,0,0,0,0,0,0,0,0,0,0,0,0,0,0,0,0,0,0,0,0,0,0,0,0,0,0,1,1,1,1,1,2,3,3,4,6,7,9,11,14,16,18,21,24,26,29,31,33,35,36,38,38,39,39,39,38,37,36,34,33,32,31,29,29
24,24,25,25,26,27,29,31,33,35,36,38,39,40,41,42,42,42,41,40,39,38,37,35,33,31,29,27,25,23,21,19,18,16,14,13,12,11,10,9,8,7,6,6,5,4,4,3,3,3,2,2,2,2,2,1,3,6,9,11,11,12,12,16,21,21,18,15,12,9,5,3,2,1,1,1,1,1,1,2,2,3,4,4,4,3,3,3,5,6,6,7,9,10,11,11,10,9,7,7,5,3,3,2,2,3,4,5,5,6,6,5,5,4,3,1,1,1,0,0,0,0,0,0,0,0,0,0,0,0,0,0,0,0,0,0,0,0,0,0,0,0,0,0,0,0,0,0,0,0,0,0,0,0,0,0,0,0,0,0,1,1,1,1,1,1,2,3,4,5,7,8,10,13,16,19,21,24,26,29,31,33,35,37,38,39,39,39,38,37,36,35,34,32,30,29,27,26,25,25,24,24,24,25,26,27,29,31,33,34,36,38,39,40,41,41,41,41,41,40,39,38,36,34,33,31,29,27,24,23,21,19,17,16,14,13,12,10,9,8,8,7,6,6,5,4,4,3,3,3,2,2,2,2,2,1,3,6,9,11,11,12,11,16,21,21,18,15,12,9,5,3,2,1,1,1,1,1,1,2,2,3,4,4,4,3,3,3,5,6,6,7,9,10,11,11,10,9,7,7,5,3,3,2,2,3,4,5,5,6,6,5,5,4,3,1,1,1,0,0,0,0,0,0,0,0,0,0,0,0,0,0,0,0,0,0,0,0,0,0,0,0,0,0,0,0,0,0,0,0,0,0,0,0,0,0,0,0,0,0,1,1,1,1,1,1,2,3,4,5,7,8,10,13,16,19,21,24,26,29,31,33,35,37,38,39,39,39,38,37,36,35,33,32,30,29,27,26,25,25
22,23,24,25,27,29,31,33,35,37,38,39,40,41,41,40,40,39,38,36,35,33,31,29,27,25,23,21,19,17,15,14,12,11,10,9,8,7,6,5,5,4,4,3,3,3,2,2,2,2,1,1,1,1,1,1,2,5,8,9,10,11,11,14,19,20,18,15,13,10,5,3,2,1,1,1,1,1,1,2,2,3,4,4,4,3,3,4,5,6,6,7,9,10,11,11,10,8,7,7,6,3,3,2,2,3,4,5,5,6,6,5,5,4,2,1,1,1,0,0,0,0,0,0,0,0,0,0,0,0,0,0,0,0,0,0,0,0,0,0,0,0,0,0,0,0,0,0,0,0,0,0,0,0,0,0,0,0,0,1,1,1,1,1,2,2,3,5,6,8,10,12,15,18,20,24,26,29,31,33,35,36,38,38,38,38,38,37,35,34,32,30,29,27,25,24,23,22,22,22,22,23,24,25,27,29,31,33,35,36,38,39,40,40,40,40,39,39,38,36,35,33,31,29,27,25,23,21,19,17,15,14,12,11,10,9,8,7,6,5,5,4,4,3,3,3,2,2,2,2,1,1,1,1,1,1,2,5,8,9,10,11,11,14,19,20,18,15,13,10,6,3,2,1,1,1,1,1,1,2,2,3,4,4,4,3,3,4,5,6,6,7,9,10,11,11,10,8,7,7,6,3,3,2,2,3,4,5,5,6,6,5,5,4,2,1,1,1,0,0,0,0,0,0,0,0,0,0,0,0,0,0,0,0,0,0,0,0,0,0,0,0,0,0,0,0,0,0,0,0,0,0,0,0,0,0,0,0,0,1,1,1,1,1,2,2,3,5,6,8,10,12,15,18,20,24,26,29,31,33,35,36,38,38,38,38,38,36,35,34,32,30,29,27,25,24,23,22,22,22
22,23,25,27,29,31,34,35,37,38,39,40,40,40,39,38,36,35,34,32,30,28,25,23,21,19,17,15,13,12,11,9,8,7,6,5,5,4,4,3,3,2,2,2,2,1,1,1,1,1,1,1,1,1,1,1,1,4,7,8,9,10,10,13,18,20,18,15,13,10,6,4,2,1,1,1,1,1,1,1,2,3,4,4,4,3,3,4,5,6,6,7,9,10,10,10,10,8,7,7,6,4,3,2,2,3,4,5,5,6,6,5,5,4,2,1,1,1,0,0,0,0,0,0,0,0,0,0,0,0,0,0,0,0,0,0,0,0,0,0,0,0,0,0,0,0,0,0,0,0,0,0,0,0,0,0,0,0,1,1,1,1,1,2,3,4,5,7,9,11,14,16,19,23,26,29,31,33,35,36,38,38,38,38,37,36,35,33,31,29,27,25,24,22,21,20,19,19,20,20,21,23,25,27,29,31,33,35,37,38,39,40,40,39,39,37,36,35,33,32,30,27,25,23,21,19,17,15,13,12,11,9,8,7,6,5,5,4,4,3,3,2,2,2,2,1,1,1,1,1,1,1,1,1,1,1,1,4,7,8,9,10,10,13,18,20,17,15,13,10,6,4,2,1,1,1,1,1,1,1,2,3,4,4,4,3,3,4,5,6,6,7,9,9,10,10,10,8,7,7,6,4,3,2,2,3,4,5,5,6,6,5,5,4,2,1,1,1,0,0,0,0,0,0,0,0,0,0,0,0,0,0,0,0,0,0,0,0,0,0,0,0,0,0,0,0,0,0,0,0,0,0,0,0,0,0,0,0,1,1,1,1,1,2,3,4,5,7,9,11,14,16,19,23,26,29,31,33,35,36,37,38,38,38,37,36,35,33,31,29,27,25,24,22,21,20,19,19,20,21
23,25,28,30,32,34,36,37,38,39,39,39,38,37,36,34,32,30,28,26,24,22,20,18,16,14,12,11,9,8,7,6,5,5,4,3,3,3,2,2,2,1,1,1,1,1,1,1,1,1,1,1,1,1,1,1,1,3,6,8,9,9,10,12,18,19,17,15,13,11,7,4,2,1,1,1,1,1,1,1,2,3,3,4,4,3,3,4,5,6,6,7,9,9,10,10,10,8,7,7,6,4,3,2,2,3,5,5,5,7,6,5,4,3,2,1,1,1,0,0,0,0,0,0,0,0,0,0,0,0,0,0,0,0,0,0,0,0,0,0,0,0,0,0,0,0,0,0,0,0,0,0,0,0,0,0,1,1,1,1,1,2,2,3,4,6,8,10,13,15,18,21,24,28,30,33,35,36,37,38,38,38,37,36,34,33,30,28,26,24,22,20,19,18,18,17,18,18,20,21,23,25,27,29,32,34,36,37,38,39,39,39,38,37,35,34,32,30,28,26,24,22,19,17,15,14,12,10,9,8,7,6,5,5,4,3,3,2,2,2,2,1,1,1,1,1,1,1,1,1,1,1,1,1,1,1,1,3,6,7,8,9,10,12,18,19,17,15,13,11,7,4,2,1,1,1,1,1,1,1,2,3,3,4,4,3,3,4,5,6,6,7,9,9,10,10,10,8,7,7,6,4,3,2,2,3,5,5,5,7,6,5,4,3,2,1,1,1,0,0,0,0,0,0,0,0,0,0,0,0,0,0,0,0,0,0,0,0,0,0,0,0,0,0,0,0,0,0,0,0,0,0,0,0,0,0,1,1,1,1,1,2,2,3,4,6,8,10,13,15,18,21,24,27,30,33,34,36,37,38,38,38,37,36,34,33,30,28,26,24,22,20,19,18,18,17,18,19,20,21
26,28,31,33,35,36,38,39,39,38,38,37,35,33,31,29,27,25,22,20,18,16,14,13,11,9,8,7,6,5,4,4,3,3,2,2,2,1,1,1,1,1,1,1,1,1,1,1,1,1,1,0,1,1,1,1,1,2,5,7,8,9,9,11,17,18,17,15,14,11,7,4,3,1,1,1,1,1,1,1,2,3,3,4,4,4,4,4,6,6,6,7,8,9,10,10,9,8,7,7,6,4,3,3,3,4,5,5,5,7,5,5,4,3,2,1,1,1,0,0,0,0,0,0,0,0,0,0,0,0,0,0,0,0,0,0,0,0,0,0,0,0,0,0,0,0,0,0,0,0,0,0,0,0,0,1,1,1,1,1,2,3,4,5,6,9,11,14,17,20,23,26,29,32,34,36,37,38,38,37,37,35,34,32,30,28,25,23,21,19,18,16,16,15,16,16,18,19,21,23,25,28,30,33,34,36,37,38,38,38,38,36,35,33,31,29,26,24,22,20,18,16,14,12,11,9,8,7,6,5,4,4,3,3,2,2,2,1,1,1,1,1,1,1,1,1,1,1,1,1,1,0,1,1,1,1,1,2,5,7,8,8,9,11,17,18,17,15,14,11,7,4,3,1,1,1,1,1,1,1,2,3,3,4,4,4,4,4,6,6,6,7,8,9,10,10,9,8,7,7,6,4,3,3,3,4,5,5,5,7,5,5,4,3,2,1,1,1,0,0,0,0,0,0,0,0,0,0,0,0,0,0,0,0,0,0,0,0,0,0,0,0,0,0,0,0,0,0,0,0,0,0,0,0,0,1,1,1,1,1,2,2,4,5,6,9,11,14,17,20,23,26,29,32,34,36,37,38,38,37,37,35,34,32,30,28,25,23,21,19,18,16,16,15,16,17,18,19,21,23
29,31,34,35,37,38,38,38,37,36,35,33,31,28,26,23,21,19,17,15,13,12,10,9,7,6,5,4,4,3,3,2,2,2,1,1,1,1,1,1,1,1,1,1,1,1,0,0,0,0,0,0,0,0,1,1,1,2,4,6,7,8,9,11,16,18,17,15,14,11,8,4,3,2,1,1,1,1,1,1,2,3,3,4,4,4,4,4,6,6,6,7,8,9,10,9,9,8,7,6,6,4,3,3,3,4,5,5,6,7,5,5,4,3,1,1,1,1,0,0,0,0,0,0,0,0,0,0,0,0,0,0,0,0,0,0,0,0,0,0,0,0,0,0,0,0,0,0,0,0,0,0,0,0,1,1,1,1,1,2,3,4,5,7,9,12,15,18,22,25,28,31,33,35,36,37,37,37,36,35,34,32,29,27,25,23,20,18,16,15,14,14,14,15,16,17,19,21,24,26,29,31,34,35,36,37,38,38,37,36,34,33,31,28,26,23,21,19,17,15,13,11,10,8,7,6,5,4,4,3,3,2,2,2,1,1,1,1,1,1,1,1,1,1,1,1,0,0,0,0,0,0,0,0,1,1,1,2,4,6,7,8,9,11,16,18,17,15,14,11,8,4,3,2,1,1,1,1,1,1,2,3,3,4,4,4,4,4,6,6,6,7,8,9,10,9,9,8,7,6,6,4,3,3,3,4,5,5,6,7,5,5,4,3,1,1,1,1,0,0,0,0,0,0,0,0,0,0,0,0,0,0,0,0,0,0,0,0,0,0,0,0,0,0,0,0,0,0,0,0,0,0,0,0,1,1,1,1,1,2,3,4,5,7,9,12,15,18,22,25,28,31,33,35,36,37,37,37,36,35,34,32,29,27,25,23,20,18,16,15,14,14,14,15,16,18,19,22,24,27
32,34,36,37,38,38,37,36,34,32,30,28,26,23,20,18,16,14,12,11,9,8,7,5,5,4,3,3,2,2,1,1,1,1,1,1,1,1,1,1,1,1,0,0,0,0,0,0,0,0,0,0,0,0,0,1,1,1,4,6,7,7,8,10,15,17,17,15,14,11,8,5,3,2,1,1,1,1,1,1,2,3,3,4,4,4,4,5,6,6,7,7,8,9,9,9,9,8,7,6,7,5,3,3,3,4,5,5,6,7,5,5,4,3,1,1,1,1,0,0,0,0,0,0,0,0,0,0,0,0,0,0,0,0,0,0,0,0,0,0,0,0,0,0,0,0,0,0,0,0,0,0,0,1,1,1,1,2,2,3,4,6,8,10,13,16,20,23,27,29,32,34,36,37,37,37,36,35,34,32,29,27,24,22,20,17,15,14,13,12,12,13,14,15,17,20,22,25,27,30,32,34,36,37,37,37,37,36,34,32,30,28,25,23,20,18,16,14,12,11,9,8,6,5,5,4,3,3,2,2,1,1,1,1,1,1,1,1,1,1,1,1,0,0,0,0,0,0,0,0,0,0,0,0,0,1,1,1,4,6,7,7,8,10,15,17,17,15,14,11,8,5,3,2,1,1,1,1,1,1,2,3,3,4,4,4,4,5,6,6,6,7,8,9,9,9,9,8,7,6,7,5,3,3,3,4,5,5,6,7,5,5,4,3,1,1,1,1,0,0,0,0,0,0,0,0,0,0,0,0,0,0,0,0,0,0,0,0,0,0,0,0,0,0,0,0,0,0,0,0,0,0,0,1,1,1,1,2,2,3,4,6,8,10,13,16,20,23,27,29,32,34,36,37,37,37,36,35,34,32,29,27,24,22,20,17,15,14,13,12,12,13,14,15,17,20,22,25,28,30
35,36,37,37,37,36,34,33,30,28,25,23,20,18,15,13,11,10,8,7,6,5,4,3,3,2,2,2,1,1,1,1,1,1,1,1,1,1,0,0,0,0,0,0,0,0,0,0,0,0,0,0,0,0,0,0,1,1,3,5,6,7,8,9,14,17,17,15,14,12,9,5,3,2,1,1,1,1,1,1,2,3,3,4,4,4,4,5,6,6,7,7,8,9,9,9,9,8,7,6,7,5,4,3,4,4,5,5,6,6,5,5,4,3,1,1,1,1,0,0,0,0,0,0,0,0,0,0,0,0,0,0,0,0,0,0,0,0,0,0,0,0,0,0,0,0,0,0,0,0,0,1,1,1,1,1,2,3,4,5,7,9,11,14,17,21,24,28,31,33,35,36,37,37,36,35,33,31,29,27,24,22,19,17,15,13,12,11,11,11,12,13,15,17,20,23,26,28,31,33,35,36,37,37,37,36,34,32,30,27,25,22,20,17,15,13,11,10,8,7,6,5,4,3,3,2,2,1,1,1,1,1,1,1,1,1,1,1,0,0,0,0,0,0,0,0,0,0,0,0,0,0,0,0,0,0,1,1,3,5,6,7,7,9,14,17,17,15,14,12,9,5,3,2,1,1,1,1,1,1,2,3,3,4,4,4,4,5,6,6,6,7,7,9,9,9,9,8,7,6,7,5,4,3,4,4,5,5,6,6,5,5,4,3,1,1,1,1,0,0,0,0,0,0,0,0,0,0,0,0,0,0,0,0,0,0,0,0,0,0,0,0,0,0,0,0,0,0,0,0,0,1,1,1,1,1,2,3,4,5,7,9,11,14,17,21,24,28,31,33,35,36,37,37,36,35,33,31,29,27,24,22,19,17,15,13,12,11,11,11,12,13,15,18,20,24,26,29,31,34
37,37,37,36,35,33,31,28,25,22,20,17,15,13,11,9,8,6,5,4,4,3,2,2,2,1,1,1,1,1,1,1,1,1,1,0,0,0,0,0,0,0,0,0,0,0,0,0,0,0,0,0,0,0,0,0,0,1,3,5,6,7,7,9,13,16,16,15,14,12,10,6,3,2,1,1,1,1,1,1,2,3,3,4,4,4,4,5,6,6,6,7,7,8,9,9,8,8,7,6,7,5,4,4,4,5,5,5,6,6,5,5,4,3,1,1,1,0,0,0,0,0,0,0,0,0,0,0,0,0,0,0,0,0,0,0,0,0,0,0,0,0,0,0,0,0,0,0,0,0,1,1,1,1,1,2,3,4,5,7,9,12,15,18,22,25,29,32,34,35,37,37,36,35,34,31,29,27,24,22,19,17,14,13,11,10,10,10,10,11,13,15,18,21,24,27,30,32,34,35,36,37,37,36,34,33,30,28,25,22,20,17,15,13,11,9,8,6,5,4,4,3,2,2,2,1,1,1,1,1,1,1,1,1,1,0,0,0,0,0,0,0,0,0,0,0,0,0,0,0,0,0,0,0,0,0,0,1,3,5,6,6,7,9,13,16,16,15,14,12,10,6,3,2,1,1,1,1,1,1,2,3,3,4,4,4,4,5,6,6,6,7,7,8,9,9,8,8,7,6,7,5,4,4,4,5,5,5,6,6,5,5,4,3,1,1,1,0,0,0,0,0,0,0,0,0,0,0,0,0,0,0,0,0,0,0,0,0,0,0,0,0,0,0,0,0,0,0,0,0,1,1,1,1,1,2,3,4,5,7,9,12,15,18,22,25,29,32,34,35,36,37,36,35,34,31,29,27,24,22,19,17,14,13,11,10,10,10,10,11,13,15,18,21,24,28,30,32,34,36
37,36,35,33,31,29,26,23,20,17,15,13,11,9,7,6,5,4,3,3,2,2,1,1,1,1,1,1,1,1,1,1,0,0,0,0,0,0,0,0,0,0,0,0,0,0,0,0,0,0,0,0,0,0,0,0,0,1,2,4,5,6,7,9,12,16,16,15,13,12,10,6,4,2,1,1,1,1,1,1,2,3,3,4,4,4,5,5,6,7,7,7,7,8,8,8,8,8,7,7,7,6,4,4,4,5,6,5,6,6,5,5,4,2,1,1,1,0,0,0,0,0,0,0,0,0,0,0,0,0,0,0,0,0,0,0,0,0,0,0,0,0,0,0,0,0,0,0,0,1,1,1,1,1,2,3,4,6,8,10,13,16,20,23,26,30,32,34,36,36,36,35,34,32,30,27,24,21,19,17,14,12,11,9,9,8,9,10,11,13,16,18,22,25,28,31,33,34,36,36,36,36,34,33,31,28,25,23,20,17,15,13,11,9,7,6,5,4,3,3,2,2,1,1,1,1,1,1,1,1,1,1,0,0,0,0,0,0,0,0,0,0,0,0,0,0,0,0,0,0,0,0,0,0,0,0,0,1,2,4,5,6,7,9,12,16,16,15,13,12,10,6,4,2,1,1,1,1,1,1,2,3,3,4,4,4,5,5,6,6,6,7,7,8,8,8,8,8,7,7,7,6,4,4,4,5,6,5,6,6,5,5,4,2,1,1,1,0,0,0,0,0,0,0,0,0,0,0,0,0,0,0,0,0,0,0,0,0,0,0,0,0,0,0,0,0,0,0,0,1,1,1,1,1,2,3,4,6,8,10,13,16,20,23,26,30,32,34,36,36,36,35,34,32,30,27,24,21,19,17,14,12,11,9,9,8,9,10,11,13,16,18,22,25,28,31,33,35,36,37
35,34,31,29,26,24,20,18,15,13,11,9,7,6,5,4,3,2,2,2,1,1,1,1,1,1,1,1,0,0,0,0,0,0,0,0,0,0,0,0,0,0,0,0,0,0,0,0,0,0,0,0,0,0,0,0,0,1,2,4,5,6,6,8,11,15,16,15,13,12,10,7,4,3,2,1,1,1,1,1,2,3,3,4,4,5,5,5,6,7,7,7,7,8,8,8,8,8,7,7,6,6,4,4,5,5,6,5,6,6,5,5,4,2,1,1,1,0,0,0,0,0,0,0,0,0,0,0,0,0,0,0,0,0,0,0,0,0,0,0,0,0,0,0,0,0,0,0,1,1,1,1,1,2,3,5,6,8,11,14,17,20,24,27,30,33,35,36,36,35,34,33,30,27,25,22,19,17,14,12,10,9,8,7,7,8,9,11,14,16,19,22,26,29,31,34,35,36,36,36,35,33,31,29,26,23,20,17,15,12,11,9,7,6,5,4,3,2,2,2,1,1,1,1,1,1,1,1,0,0,0,0,0,0,0,0,0,0,0,0,0,0,0,0,0,0,0,0,0,0,0,0,0,0,0,0,0,1,2,4,5,6,6,8,11,15,16,15,13,12,10,7,4,3,2,1,1,1,1,1,2,3,3,4,4,5,5,5,6,7,6,7,7,8,8,8,8,8,7,7,6,6,4,4,5,5,6,5,6,6,5,5,4,2,1,1,1,0,0,0,0,0,0,0,0,0,0,0,0,0,0,0,0,0,0,0,0,0,0,0,0,0,0,0,0,0,0,0,1,1,1,1,1,2,3,5,6,8,11,14,17,20,24,27,30,33,35,36,36,35,34,33,30,27,25,22,19,16,14,12,10,9,8,7,7,8,9,11,14,16,19,22,26,29,32,34,36,36,37,36
32,30,27,24,21,18,16,13,11,9,7,6,5,4,3,2,2,1,1,1,1,1,1,1,1,1,0,0,0,0,0,0,0,0,0,0,0,0,0,0,0,0,0,0,0,0,0,0,0,0,0,0,0,0,0,0,0,1,2,3,5,5,6,8,10,15,15,14,13,12,10,7,4,3,2,1,1,1,1,1,2,2,3,4,4,5,5,5,6,7,7,7,7,8,8,8,7,8,7,7,6,6,5,4,5,5,6,5,7,6,5,4,4,2,1,1,1,0,0,0,0,0,0,0,0,0,0,0,0,0,0,0,0,0,0,0,0,0,0,0,0,0,0,0,0,0,0,1,1,1,1,1,2,3,5,7,9,12,15,18,21,25,28,31,33,35,36,36,35,33,31,29,26,23,20,17,14,12,10,9,8,7,6,7,7,9,11,14,17,20,23,26,29,32,34,35,36,36,35,34,32,29,27,24,21,18,15,13,11,9,7,6,5,4,3,2,2,1,1,1,1,1,1,1,1,1,0,0,0,0,0,0,0,0,0,0,0,0,0,0,0,0,0,0,0,0,0,0,0,0,0,0,0,0,0,0,0,1,2,3,5,5,6,8,10,15,15,14,13,12,10,7,4,3,2,1,1,1,1,1,2,2,3,4,4,5,5,5,6,7,6,7,7,7,8,8,7,8,7,7,6,6,5,4,5,5,6,5,7,6,5,4,4,2,1,1,1,0,0,0,0,0,0,0,0,0,0,0,0,0,0,0,0,0,0,0,0,0,0,0,0,0,0,0,0,0,0,1,1,1,1,1,2,3,5,7,9,12,15,18,21,25,28,31,33,35,36,36,34,33,31,29,26,22,20,17,14,12,10,9,8,7,6,7,8,9,11,14,17,20,23,26,30,32,34,36,36,36,35,34
28,25,22,19,16,14,11,9,7,6,5,4,3,2,2,1,1,1,1,1,1,1,1,0,0,0,0,0,0,0,0,0,0,0,0,0,0,0,0,0,0,0,0,0,0,0,0,0,0,0,0,0,0,0,0,0,0,1,1,3,4,5,6,8,10,14,15,14,13,12,11,8,5,3,2,1,1,1,1,1,2,2,3,4,4,5,5,6,6,7,7,7,7,7,7,7,7,8,7,7,6,7,5,5,5,6,6,5,7,5,5,4,3,2,1,1,1,0,0,0,0,0,0,0,0,0,0,0,0,0,0,0,0,0,0,0,0,0,0,0,0,0,0,0,0,0,1,1,1,1,2,2,3,5,7,10,12,15,19,22,26,29,32,34,35,35,35,34,32,29,27,24,21,18,15,12,10,9,7,6,6,6,6,7,9,11,14,17,21,24,27,30,33,34,35,36,35,34,32,30,28,25,22,19,16,14,11,9,7,6,5,4,3,2,2,1,1,1,1,1,1,1,1,0,0,0,0,0,0,0,0,0,0,0,0,0,0,0,0,0,0,0,0,0,0,0,0,0,0,0,0,0,0,0,0,0,0,1,1,3,4,5,6,8,10,14,15,14,13,12,11,8,5,3,2,1,1,1,1,1,2,2,3,4,4,5,5,6,6,7,7,7,7,7,7,7,7,8,7,7,6,7,5,5,5,6,6,5,7,5,5,4,3,2,1,1,1,0,0,0,0,0,0,0,0,0,0,0,0,0,0,0,0,0,0,0,0,0,0,0,0,0,0,0,0,0,1,1,1,1,2,2,3,5,7,10,12,15,19,22,25,29,32,34,35,35,35,34,32,29,27,24,21,18,15,12,10,9,7,6,6,6,6,7,9,11,14,17,21,24,27,30,33,34,36,36,36,34,33,31
23,20,17,14,12,10,8,6,5,4,3,2,2,1,1,1,1,1,1,1,1,0,0,0,0,0,0,0,0,0,0,0,0,0,0,0,0,0,0,0,0,0,0,0,0,0,0,0,0,0,0,0,0,0,0,0,0,1,1,3,4,5,5,8,9,13,15,14,13,12,11,8,5,3,2,1,1,1,1,1,2,2,3,4,4,5,5,6,6,7,7,7,7,7,7,7,7,7,7,7,6,7,5,5,6,6,6,5,7,5,5,4,3,2,1,1,1,0,0,0,0,0,0,0,0,0,0,0,0,0,0,0,0,0,0,0,0,0,0,0,0,0,0,0,0,1,1,1,1,2,2,4,5,7,10,13,16,19,23,26,29,32,34,35,35,34,33,31,28,25,22,19,16,13,11,9,7,6,5,5,5,6,7,9,11,14,17,21,25,28,31,33,34,35,35,34,33,31,29,26,23,20,17,14,12,10,8,6,5,4,3,2,2,1,1,1,1,1,1,1,1,0,0,0,0,0,0,0,0,0,0,0,0,0,0,0,0,0,0,0,0,0,0,0,0,0,0,0,0,0,0,0,0,0,0,0,0,1,1,3,4,5,5,8,9,13,15,14,13,12,11,8,5,3,2,1,1,1,1,1,2,2,3,4,4,5,5,6,6,7,7,7,7,7,7,7,7,7,7,7,6,7,5,5,6,6,6,5,7,5,5,4,3,2,1,1,1,0,0,0,0,0,0,0,0,0,0,0,0,0,0,0,0,0,0,0,0,0,0,0,0,0,0,0,0,1,1,1,1,2,2,4,5,7,10,13,16,20,23,26,29,32,34,35,35,34,33,31,28,25,22,19,16,13,11,9,7,6,5,5,5,6,7,9,11,14,17,21,25,28,31,33,35,35,35,35,33,31,29,26
18,15,13,10,8,7,5,4,3,2,2,1,1,1,1,1,1,1,0,0,0,0,0,0,0,0,0,0,0,0,0,0,0,0,0,0,0,0,0,0,0,0,0,0,0,0,0,0,0,0,0,0,0,0,0,0,0,1,1,2,4,4,5,7,8,12,15,14,13,12,11,9,5,3,2,2,1,1,1,1,2,2,3,4,4,5,5,6,6,7,7,6,7,7,7,7,7,7,8,7,6,7,6,5,6,6,6,6,7,5,5,4,3,1,1,1,1,0,0,0,0,0,0,0,0,0,0,0,0,0,0,0,0,0,0,0,0,0,0,0,0,0,0,0,0,1,1,1,2,2,4,5,7,10,13,17,20,24,27,30,32,34,35,35,34,32,30,27,23,20,17,14,12,9,8,6,5,4,4,5,5,7,9,11,14,18,21,25,29,31,33,35,35,35,34,32,29,27,24,21,18,15,13,10,8,7,5,4,3,2,2,1,1,1,1,1,1,1,0,0,0,0,0,0,0,0,0,0,0,0,0,0,0,0,0,0,0,0,0,0,0,0,0,0,0,0,0,0,0,0,0,0,0,0,0,0,0,1,1,2,4,4,5,7,8,12,15,14,13,12,11,9,5,3,2,2,1,1,1,1,2,2,3,4,4,5,5,6,6,7,7,6,6,7,7,7,7,7,8,7,6,7,6,5,6,6,6,6,6,5,5,4,3,1,1,1,1,0,0,0,0,0,0,0,0,0,0,0,0,0,0,0,0,0,0,0,0,0,0,0,0,0,0,0,0,1,1,1,2,2,4,5,7,10,13,17,20,24,27,30,32,34,35,35,34,32,30,27,23,20,17,14,12,9,8,6,5,4,4,5,5,7,9,11,14,18,21,25,29,31,33,35,35,35,34,32,30,27,24,21
14,11,9,7,6,4,3,2,2,1,1,1,1,1,1,1,0,0,0,0,0,0,0,0,0,0,0,0,0,0,0,0,0,0,0,0,0,0,0,0,0,0,0,0,0,0,0,0,0,0,0,0,0,0,0,0,0,0,1,2,3,4,5,7,8,12,14,14,13,12,11,9,6,3,2,2,1,1,1,1,2,2,3,4,4,5,5,6,6,7,7,6,6,6,6,6,7,7,8,7,6,7,6,6,6,6,6,6,6,5,5,4,3,1,1,1,1,0,0,0,0,0,0,0,0,0,0,0,0,0,0,0,0,0,0,0,0,0,0,0,0,0,0,0,1,1,1,2,2,4,5,7,10,13,17,21,24,27,30,32,34,34,34,33,31,29,25,22,18,16,13,10,8,7,5,4,4,4,4,5,7,9,11,14,18,21,25,29,32,33,34,35,34,33,31,28,25,22,19,16,14,11,9,7,6,4,3,2,2,1,1,1,1,1,1,1,0,0,0,0,0,0,0,0,0,0,0,0,0,0,0,0,0,0,0,0,0,0,0,0,0,0,0,0,0,0,0,0,0,0,0,0,0,0,0,0,0,0,1,2,3,4,5,7,8,12,14,14,13,12,11,9,6,3,2,2,1,1,1,1,2,2,3,4,4,5,5,6,6,7,7,6,6,6,6,6,7,7,8,7,6,7,6,6,6,6,6,6,6,5,5,4,3,1,1,1,1,0,0,0,0,0,0,0,0,0,0,0,0,0,0,0,0,0,0,0,0,0,0,0,0,0,0,0,1,1,1,2,2,4,5,7,10,13,17,21,24,27,30,32,34,34,34,33,31,29,25,22,18,16,13,10,8,7,5,4,4,4,4,5,7,9,11,14,18,22,25,29,32,34,34,35,34,33,31,28,25,22,20,17
10,8,6,5,4,3,2,1,1,1,1,1,1,1,0,0,0,0,0,0,0,0,0,0,0,0,0,0,0,0,0,0,0,0,0,0,0,0,0,0,0,0,0,0,0,0,0,0,0,0,0,0,0,0,0,0,0,0,1,2,3,4,4,7,7,11,14,14,13,12,10,10,6,4,3,2,1,1,1,1,2,2,3,4,4,6,5,6,7,7,7,6,6,6,6,6,6,7,8,7,6,7,6,6,7,7,6,6,6,5,5,4,3,1,1,1,0,0,0,0,0,0,0,0,0,0,0,0,0,0,0,0,0,0,0,0,0,0,0,0,0,0,0,1,1,1,1,2,4,5,7,10,13,17,21,25,28,31,33,34,34,34,32,30,28,24,21,17,14,12,9,7,6,4,4,3,3,4,5,7,9,11,15,18,22,25,29,32,34,34,34,34,32,30,27,23,20,18,15,12,10,8,6,5,4,3,2,1,1,1,1,1,1,1,0,0,0,0,0,0,0,0,0,0,0,0,0,0,0,0,0,0,0,0,0,0,0,0,0,0,0,0,0,0,0,0,0,0,0,0,0,0,0,0,0,0,0,0,1,2,3,4,4,7,7,11,14,14,12,12,10,10,6,4,3,2,1,1,1,1,2,2,3,4,4,6,5,6,6,7,7,6,6,6,6,6,6,7,8,7,7,7,6,6,7,7,6,6,6,5,5,4,3,1,1,1,0,0,0,0,0,0,0,0,0,0,0,0,0,0,0,0,0,0,0,0,0,0,0,0,0,0,0,1,1,1,1,2,4,5,7,10,13,17,21,25,28,31,33,34,34,34,32,30,28,24,21,17,14,12,9,7,6,4,4,3,3,4,5,7,9,11,15,18,22,26,29,32,34,34,34,34,32,30,27,24,21,18,15,12
7,5,4,3,2,2,1,1,1,1,1,1,0,0,0,0,0,0,0,0,0,0,0,0,0,0,0,0,0,0,0,0,0,0,0,0,0,0,0,0,0,0,0,0,0,0,0,0,0,0,0,0,0,0,0,0,0,0,1,2,3,4,4,6,7,10,13,13,12,12,10,10,7,4,3,2,1,1,1,1,1,2,3,4,5,6,5,7,7,7,7,6,6,6,6,6,6,7,7,7,7,7,7,6,7,7,6,6,6,5,5,4,2,1,1,1,0,0,0,0,0,0,0,0,0,0,0,0,0,0,0,0,0,0,0,0,0,0,0,0,0,0,1,1,1,1,2,4,5,8,10,13,17,21,25,28,31,33,34,34,33,32,29,26,23,20,16,13,10,8,6,5,4,3,3,3,4,5,7,9,11,15,18,22,26,29,32,33,34,34,33,31,29,25,22,19,16,13,11,9,7,5,4,3,2,2,1,1,1,1,1,1,0,0,0,0,0,0,0,0,0,0,0,0,0,0,0,0,0,0,0,0,0,0,0,0,0,0,0,0,0,0,0,0,0,0,0,0,0,0,0,0,0,0,0,0,0,0,1,1,3,4,4,6,7,10,13,13,12,12,10,10,7,4,3,2,1,1,1,1,1,2,3,4,5,6,5,7,7,7,7,6,6,6,6,6,6,7,8,7,7,7,7,6,7,7,6,6,6,5,5,4,2,1,1,1,0,0,0,0,0,0,0,0,0,0,0,0,0,0,0,0,0,0,0,0,0,0,0,0,0,0,1,1,1,1,2,4,5,8,10,13,17,21,25,28,31,33,34,34,33,32,29,26,23,20,16,13,10,8,6,5,4,3,3,3,4,5,7,9,12,15,18,22,26,29,32,33,34,34,33,31,29,26,22,19,16,13,11,9
5,3,2,2,1,1,1,1,1,1,0,0,0,0,0,0,0,0,0,0,0,0,0,0,0,0,0,0,0,0,0,0,0,0,0,0,0,0,0,0,0,0,0,0,0,0,0,0,0,0,0,0,0,0,0,0,0,0,1,1,3,4,4,6,7,9,13,13,12,12,11,10,8,4,3,2,1,1,1,1,1,2,3,4,5,6,6,7,7,7,7,6,6,6,6,5,6,6,7,7,7,7,7,7,7,7,6,6,6,5,5,4,2,1,1,1,0,0,0,0,0,0,0,0,0,0,0,0,0,0,0,0,0,0,0,0,0,0,0,0,0,1,1,1,1,2,3,5,8,10,13,17,21,25,28,31,33,34,34,33,31,28,25,22,19,15,12,9,7,6,4,3,3,3,3,4,5,7,9,12,15,19,22,26,29,32,33,34,33,32,30,28,24,21,18,14,12,10,8,6,4,3,2,2,1,1,1,1,1,1,0,0,0,0,0,0,0,0,0,0,0,0,0,0,0,0,0,0,0,0,0,0,0,0,0,0,0,0,0,0,0,0,0,0,0,0,0,0,0,0,0,0,0,0,0,0,0,0,1,1,2,4,4,6,7,9,13,13,12,12,11,10,8,4,3,2,1,1,1,1,1,2,3,4,5,6,6,7,7,7,7,6,6,6,6,5,6,6,7,7,7,7,7,7,7,7,6,6,6,5,5,4,2,1,1,1,0,0,0,0,0,0,0,0,0,0,0,0,0,0,0,0,0,0,0,0,0,0,0,0,0,1,1,1,1,2,3,5,8,10,13,17,21,25,28,31,33,34,34,33,31,28,25,22,19,15,12,9,7,6,4,3,3,3,3,4,5,7,9,12,15,19,22,26,29,32,34,34,34,32,30,28,25,21,18,15,12,10,8,6
3,2,1,1,1,1,1,1,0,0,0,0,0,0,0,0,0,0,0,0,0,0,0,0,0,0,0,0,0,0,0,0,0,0,0,0,0,0,0,0,0,0,0,0,0,0,0,0,0,0,0,0,0,0,0,0,0,0,1,1,2,3,4,6,7,9,12,13,12,12,11,10,8,5,3,2,1,1,1,1,1,2,3,4,5,6,6,7,7,7,7,6,6,5,5,5,6,6,7,7,7,7,8,7,7,7,6,6,5,5,4,4,2,1,1,1,0,0,0,0,0,0,0,0,0,0,0,0,0,0,0,0,0,0,0,0,0,0,0,0,1,1,1,1,2,3,5,7,10,13,17,21,24,28,31,33,33,33,32,30,28,24,21,18,14,11,9,7,5,4,3,2,2,3,4,5,7,9,12,15,19,22,26,29,32,33,34,33,31,29,27,23,20,17,14,11,8,7,5,4,3,2,1,1,1,1,1,1,0,0,0,0,0,0,0,0,0,0,0,0,0,0,0,0,0,0,0,0,0,0,0,0,0,0,0,0,0,0,0,0,0,0,0,0,0,0,0,0,0,0,0,0,0,0,0,0,0,0,1,1,2,3,4,6,7,9,12,13,12,12,11,10,8,5,3,2,1,1,1,1,1,2,3,4,5,6,6,7,7,7,7,6,6,5,5,5,6,6,7,7,7,7,8,7,7,7,6,6,5,5,4,4,2,1,1,1,0,0,0,0,0,0,0,0,0,0,0,0,0,0,0,0,0,0,0,0,0,0,0,0,1,1,1,1,2,3,5,7,10,13,17,21,24,28,31,33,33,33,32,30,28,24,21,18,14,11,9,7,5,4,3,2,2,3,4,5,7,9,12,15,19,23,26,29,32,33,34,33,31,29,27,24,20,17,14,11,9,7,5,4
2,1,1,1,1,1,1,0,0,0,0,0,0,0,0,0,0,0,0,0,0,0,0,0,0,0,0,0,0,0,0,0,0,0,0,0,0,0,0,0,0,0,0,0,0,0,0,0,0,0,0,0,0,0,0,0,0,0,1,1,2,3,4,5,7,8,12,13,12,12,11,10,8,5,3,2,2,1,1,1,1,2,3,4,5,6,6,7,7,7,7,6,6,5,5,5,5,6,7,7,7,7,8,8,8,8,7,7,5,5,4,3,2,1,1,1,0,0,0,0,0,0,0,0,0,0,0,0,0,0,0,0,0,0,0,0,0,0,0,1,1,1,1,2,3,5,7,10,13,17,21,24,28,30,32,33,33,31,29,27,24,20,17,14,11,8,6,4,3,2,2,2,2,3,5,7,9,12,15,19,22,26,29,32,33,33,33,31,28,25,22,19,16,13,10,7,6,4,3,2,2,1,1,1,1,1,1,0,0,0,0,0,0,0,0,0,0,0,0,0,0,0,0,0,0,0,0,0,0,0,0,0,0,0,0,0,0,0,0,0,0,0,0,0,0,0,0,0,0,0,0,0,0,0,0,0,0,0,1,1,2,3,4,5,7,8,12,13,12,12,11,10,8,5,3,2,2,1,1,1,1,2,3,4,5,6,6,7,7,7,7,6,6,5,5,5,5,6,7,7,7,7,8,8,8,8,7,7,5,5,4,3,2,1,1,1,0,0,0,0,0,0,0,0,0,0,0,0,0,0,0,0,0,0,0,0,0,0,0,1,1,1,1,2,3,5,7,10,13,17,21,24,28,30,32,33,33,32,29,27,24,20,17,13,11,8,6,4,3,2,2,2,2,3,5,7,9,12,15,19,22,26,29,32,33,33,33,31,28,26,23,19,16,13,10,8,6,4,3,2
1,1,1,1,1,0,0,0,0,0,0,0,0,0,0,0,0,0,0,0,0,0,0,0,0,0,0,0,0,0,0,0,0,0,0,0,0,0,0,0,0,0,0,0,0,0,0,0,0,0,0,0,0,0,0,0,0,0,1,1,2,3,3,5,7,8,11,13,12,12,11,10,9,6,3,2,2,1,1,1,1,2,3,4,5,6,7,7,7,7,7,6,5,5,5,5,5,6,7,7,7,7,8,8,8,8,7,7,5,5,4,3,2,1,1,1,0,0,0,0,0,0,0,0,0,0,0,0,0,0,0,0,0,0,0,0,0,0,1,1,1,1,2,3,4,6,9,13,17,20,24,27,30,32,33,32,31,29,26,23,19,16,13,10,8,6,4,3,2,2,2,2,3,4,6,9,12,15,19,23,26,29,31,33,33,32,30,28,24,21,18,15,12,9,7,5,4,3,2,1,1,1,1,1,1,0,0,0,0,0,0,0,0,0,0,0,0,0,0,0,0,0,0,0,0,0,0,0,0,0,0,0,0,0,0,0,0,0,0,0,0,0,0,0,0,0,0,0,0,0,0,0,0,0,0,0,0,0,1,1,2,3,3,5,7,8,11,13,12,12,11,10,9,6,3,2,2,1,1,1,1,2,3,4,5,6,7,7,7,7,7,6,5,5,5,5,5,6,7,7,7,7,8,8,8,8,7,7,5,5,4,3,2,1,1,1,0,0,0,0,0,0,0,0,0,0,0,0,0,0,0,0,0,0,0,0,0,0,1,1,1,1,2,3,4,6,9,13,17,20,24,27,30,32,33,32,31,29,26,23,19,16,13,10,8,6,4,3,2,2,2,2,3,4,7,9,12,15,19,23,26,29,31,33,33,32,31,28,24,21,18,15,12,9,7,5,4,3,2,1
1,1,1,0,0,0,0,0,0,0,0,0,0,0,0,0,0,0,0,0,0,0,0,0,0,0,0,0,0,0,0,0,0,0,0,0,0,0,0,0,0,0,0,0,0,0,0,0,0,0,0,0,0,0,0,0,0,0,0,1,2,3,3,5,7,7,11,12,12,12,11,10,9,6,4,3,2,1,1,1,1,2,3,4,5,6,7,7,8,7,7,6,5,5,4,4,5,6,7,7,7,7,8,9,8,8,7,7,5,5,4,3,2,1,1,1,0,0,0,0,0,0,0,0,0,0,0,0,0,0,0,0,0,0,0,0,0,1,1,1,1,2,3,4,6,9,12,16,20,24,27,30,32,32,32,30,28,25,22,19,15,12,9,7,5,4,3,2,2,2,2,3,4,6,9,12,16,19,23,26,29,31,33,33,32,30,27,24,20,17,14,11,9,6,5,3,2,2,1,1,1,1,1,0,0,0,0,0,0,0,0,0,0,0,0,0,0,0,0,0,0,0,0,0,0,0,0,0,0,0,0,0,0,0,0,0,0,0,0,0,0,0,0,0,0,0,0,0,0,0,0,0,0,0,0,0,0,0,0,1,2,3,3,5,7,7,11,12,12,12,11,10,9,6,4,3,2,1,1,1,1,2,3,4,5,6,7,7,7,7,7,6,5,5,4,4,5,6,7,7,7,7,8,9,8,8,7,7,5,5,4,3,2,1,1,1,0,0,0,0,0,0,0,0,0,0,0,0,0,0,0,0,0,0,0,0,0,1,1,1,1,2,3,4,6,9,12,16,20,24,27,30,32,32,32,30,28,25,22,19,15,12,9,7,5,4,3,2,2,2,2,3,4,6,9,12,16,19,23,26,29,31,33,33,32,30,28,24,20,17,14,11,9,6,5,3,2,2,1,1
1,1,0,0,0,0,0,0,0,0,0,0,0,0,0,0,0,0,0,0,0,0,0,0,0,0,0,0,0,0,0,0,0,0,0,0,0,0,0,0,0,0,0,0,0,0,0,0,0,0,0,0,0,0,0,0,0,0,0,1,2,2,3,5,7,7,10,12,12,12,11,10,9,7,4,3,2,1,1,1,1,2,3,4,5,6,7,7,8,7,7,6,5,4,4,4,5,6,6,7,7,7,8,9,9,8,7,7,5,5,4,3,1,1,1,1,0,0,0,0,0,0,0,0,0,0,0,0,0,0,0,0,0,0,0,0,1,1,1,1,2,2,4,6,8,12,15,20,24,27,30,31,32,32,30,27,24,21,18,15,12,9,7,5,3,2,2,1,2,2,3,4,6,8,12,16,19,23,26,29,31,32,32,32,30,27,24,20,16,13,11,8,6,4,3,2,1,1,1,1,1,1,0,0,0,0,0,0,0,0,0,0,0,0,0,0,0,0,0,0,0,0,0,0,0,0,0,0,0,0,0,0,0,0,0,0,0,0,0,0,0,0,0,0,0,0,0,0,0,0,0,0,0,0,0,0,0,0,0,1,1,2,3,5,6,7,10,12,12,12,11,10,9,7,4,3,2,1,1,1,1,2,3,4,5,6,7,7,8,7,7,6,5,4,4,4,5,6,6,7,7,7,8,9,9,8,7,7,5,5,4,3,1,1,1,1,0,0,0,0,0,0,0,0,0,0,0,0,0,0,0,0,0,0,0,0,1,1,1,1,2,2,4,6,8,12,15,19,24,27,30,31,32,32,30,27,24,21,18,15,12,9,7,5,3,2,2,1,2,2,3,4,6,8,12,16,19,23,26,29,31,32,32,32,30,27,24,20,16,13,11,8,6,4,3,2,1,1,1,1
0,0,0,0,0,0,0,0,0,0,0,0,0,0,0,0,0,0,0,0,0,0,0,0,0,0,0,0,0,0,0,0,0,0,0,0,0,0,0,0,0,0,0,0,0,0,0,0,0,0,0,0,0,0,0,0,0,0,0,1,1,2,3,4,6,7,9,12,12,12,11,10,9,7,4,3,2,1,1,1,1,2,3,4,5,6,8,7,8,7,7,6,5,4,4,4,4,5,6,7,8,7,8,10,9,8,7,7,5,5,4,3,1,1,1,0,0,0,0,0,0,0,0,0,0,0,0,0,0,0,0,0,0,0,0,0,1,1,1,1,2,4,6,8,11,15,19,23,27,29,31,32,31,30,27,24,20,17,14,11,8,6,4,3,2,2,1,1,2,2,4,5,8,11,15,19,23,26,29,31,32,32,31,29,27,23,20,16,13,10,8,5,4,3,2,1,1,1,1,1,0,0,0,0,0,0,0,0,0,0,0,0,0,0,0,0,0,0,0,0,0,0,0,0,0,0,0,0,0,0,0,0,0,0,0,0,0,0,0,0,0,0,0,0,0,0,0,0,0,0,0,0,0,0,0,0,0,0,0,1,1,2,3,4,6,7,9,12,12,12,11,10,9,7,4,3,2,1,1,1,1,2,3,4,5,6,8,7,8,7,7,6,5,4,4,4,4,5,6,7,8,7,8,10,9,8,7,7,5,5,4,3,1,1,1,0,0,0,0,0,0,0,0,0,0,0,0,0,0,0,0,0,0,0,0,0,1,1,1,1,2,4,6,8,11,15,19,23,27,29,31,32,31,30,27,24,20,17,14,11,8,6,4,3,2,2,1,1,2,2,4,5,8,11,15,19,23,26,29,31,32,32,31,29,27,23,20,16,13,10,8,6,4,3,2,1,1,1,1,1
0,0,0,0,0,0,0,0,0,0,0,0,0,0,0,0,0,0,0,0,0,0,0,0,0,0,0,0,0,0,0,0,0,0,0,0,0,0,0,0,0,0,0,0,0,0,0,0,0,0,0,0,0,0,0,0,0,0,0,1,1,2,3,4,6,6,9,11,12,12,11,10,9,8,4,3,2,1,1,1,1,2,3,4,5,6,8,8,8,7,7,6,5,4,3,3,4,5,6,7,8,8,8,10,9,8,7,7,6,5,4,2,1,1,1,0,0,0,0,0,0,0,0,0,0,0,0,0,0,0,0,0,0,0,0,1,1,1,1,2,3,5,8,10,14,18,22,26,29,31,31,31,30,27,24,20,17,13,11,8,6,4,3,2,1,1,1,2,2,4,5,8,11,14,18,23,26,28,30,32,32,31,29,26,23,19,16,12,9,7,5,4,3,2,1,1,1,1,1,0,0,0,0,0,0,0,0,0,0,0,0,0,0,0,0,0,0,0,0,0,0,0,0,0,0,0,0,0,0,0,0,0,0,0,0,0,0,0,0,0,0,0,0,0,0,0,0,0,0,0,0,0,0,0,0,0,0,0,0,1,1,2,3,4,6,6,9,11,12,12,11,10,9,8,4,3,2,1,1,1,1,2,3,4,5,6,8,8,8,7,7,6,5,4,3,3,4,5,6,7,8,8,8,10,9,8,7,7,6,5,4,2,1,1,1,0,0,0,0,0,0,0,0,0,0,0,0,0,0,0,0,0,0,0,0,1,1,1,1,2,3,5,8,10,14,18,22,26,29,31,31,31,30,27,24,20,17,13,11,8,6,4,3,2,1,1,1,2,2,4,5,8,11,14,18,23,26,29,30,32,32,31,29,26,23,20,16,12,9,7,5,4,3,2,1,1,1,1,1,0
0,0,0,0,0,0,0,0,0,0,0,0,0,0,0,0,0,0,0,0,0,0,0,0,0,0,0,0,0,0,0,0,0,0,0,0,0,0,0,0,0,0,0,0,0,0,0,0,0,0,0,0,0,0,0,0,0,0,0,1,1,2,3,4,6,6,8,11,11,11,11,10,9,8,5,3,2,2,1,1,1,2,3,4,6,6,8,8,8,7,7,6,5,4,3,3,4,5,6,7,8,8,9,11,10,8,8,7,6,5,4,2,1,1,1,0,0,0,0,0,0,0,0,0,0,0,0,0,0,0,0,0,0,0,1,1,1,1,2,3,5,7,10,13,17,21,25,28,30,31,31,29,27,24,20,16,13,10,8,6,4,3,2,1,1,1,1,2,3,5,7,10,14,18,22,26,28,30,31,31,31,29,26,23,19,16,12,9,7,5,3,2,2,1,1,1,1,0,0,0,0,0,0,0,0,0,0,0,0,0,0,0,0,0,0,0,0,0,0,0,0,0,0,0,0,0,0,0,0,0,0,0,0,0,0,0,0,0,0,0,0,0,0,0,0,0,0,0,0,0,0,0,0,0,0,0,0,0,0,1,1,2,3,4,6,6,8,11,11,11,11,10,9,8,5,3,2,2,1,1,1,2,3,4,6,6,8,8,8,7,7,6,5,4,3,3,4,5,6,7,8,8,9,11,10,8,8,7,6,5,4,2,1,1,1,0,0,0,0,0,0,0,0,0,0,0,0,0,0,0,0,0,0,0,1,1,1,1,2,3,5,7,10,13,17,21,25,28,30,31,31,29,27,24,20,16,13,10,8,6,4,3,2,1,1,1,1,2,3,5,7,10,14,18,22,26,28,30,31,32,31,29,26,23,19,16,12,9,7,5,3,2,2,1,1,1,1,0,0,0
0,0,0,0,0,0,0,0,0,0,0,0,0,0,0,0,0,0,0,0,0,0,0,0,0,0,0,0,0,0,0,0,0,0,0,0,0,0,0,0,0,0,0,0,0,0,0,0,0,0,0,0,0,0,0,0,0,0,0,1,1,2,3,4,6,6,8,11,11,11,11,10,9,8,5,3,3,2,1,1,1,2,3,4,6,6,8,8,8,7,7,6,4,4,3,3,4,5,6,7,8,8,9,11,10,9,8,7,6,5,4,2,1,1,1,0,0,0,0,0,0,0,0,0,0,0,0,0,0,0,0,0,0,1,1,1,1,2,3,4,6,9,13,16,20,24,28,30,31,31,29,27,24,20,16,12,10,7,5,4,3,2,1,1,1,1,2,3,5,7,10,13,17,21,25,28,30,31,31,30,28,26,22,19,15,12,9,7,5,3,2,1,1,1,1,1,0,0,0,0,0,0,0,0,0,0,0,0,0,0,0,0,0,0,0,0,0,0,0,0,0,0,0,0,0,0,0,0,0,0,0,0,0,0,0,0,0,0,0,0,0,0,0,0,0,0,0,0,0,0,0,0,0,0,0,0,0,0,0,1,1,2,3,4,6,6,8,11,11,11,11,10,9,8,5,3,3,2,1,1,1,2,3,4,6,6,8,8,8,7,7,6,4,4,3,3,4,5,6,7,8,8,9,11,10,9,8,7,6,5,4,2,1,1,1,0,0,0,0,0,0,0,0,0,0,0,0,0,0,0,0,0,0,1,1,1,1,2,3,4,6,9,13,16,20,24,28,30,31,30,29,27,24,20,16,12,10,7,5,4,3,2,1,1,1,1,2,3,5,7,10,13,17,21,25,28,30,31,31,30,28,26,22,19,15,12,9,7,5,3,2,1,1,1,1,1,0,0,0,0
0,0,0,0,0,0,0,0,0,0,0,0,0,0,0,0,0,0,0,0,0,0,0,0,0,0,0,0,0,0,0,0,0,0,0,0,0,0,0,0,0,0,0,0,0,0,0,0,0,0,0,0,0,0,0,0,0,0,0,0,1,2,2,4,5,6,7,10,11,11,11,10,9,9,6,3,3,2,1,1,1,2,3,4,6,7,8,8,8,7,7,6,4,3,3,3,4,5,6,7,8,8,9,11,11,9,8,7,6,4,4,2,1,1,1,0,0,0,0,0,0,0,0,0,0,0,0,0,0,0,0,0,0,1,1,1,2,3,4,6,8,12,16,20,24,27,29,31,30,29,27,24,20,16,13,9,7,5,4,2,2,1,1,1,1,1,2,4,7,9,12,16,20,24,27,30,31,31,30,28,25,22,19,15,12,9,6,5,3,2,1,1,1,1,1,0,0,0,0,0,0,0,0,0,0,0,0,0,0,0,0,0,0,0,0,0,0,0,0,0,0,0,0,0,0,0,0,0,0,0,0,0,0,0,0,0,0,0,0,0,0,0,0,0,0,0,0,0,0,0,0,0,0,0,0,0,0,0,0,0,1,2,2,4,5,6,7,10,11,11,11,10,9,9,6,3,3,2,1,1,1,2,3,4,6,7,8,8,8,7,7,6,4,3,3,3,4,5,6,7,8,8,9,11,11,9,8,7,6,4,4,2,1,1,1,0,0,0,0,0,0,0,0,0,0,0,0,0,0,0,0,0,0,1,1,1,2,3,4,6,8,12,16,20,23,27,29,31,30,29,27,24,20,16,13,9,7,5,4,2,2,1,1,1,1,1,2,4,7,9,12,16,20,24,27,30,31,31,30,28,26,22,19,15,12,9,7,5,3,2,1,1,1,1,1,0,0,0,0,0
0,0,0,0,0,0,0,0,0,0,0,0,0,0,0,0,0,0,0,0,0,0,0,0,0,0,0,0,0,0,0,0,0,0,0,0,0,0,0,0,0,0,0,0,0,0,0,0,0,0,0,0,0,0,0,0,0,0,0,0,1,1,2,3,5,6,7,10,11,11,11,10,9,9,6,4,3,2,1,1,1,2,3,4,6,7,8,8,8,7,7,6,4,3,2,3,3,4,5,7,8,9,9,11,11,9,9,7,6,4,3,2,1,1,1,0,0,0,0,0,0,0,0,0,0,0,0,0,0,0,0,0,1,1,1,2,2,4,5,8,11,15,19,23,26,29,30,30,29,27,24,20,16,13,10,7,5,4,2,2,1,1,1,1,1,2,4,6,9,12,15,19,23,27,29,30,30,29,28,25,22,19,15,12,9,6,4,3,2,1,1,1,1,1,0,0,0,0,0,0,0,0,0,0,0,0,0,0,0,0,0,0,0,0,0,0,0,0,0,0,0,0,0,0,0,0,0,0,0,0,0,0,0,0,0,0,0,0,0,0,0,0,0,0,0,0,0,0,0,0,0,0,0,0,0,0,0,0,0,0,1,1,2,3,5,6,7,10,11,11,11,10,9,9,6,4,3,2,1,1,1,2,3,4,6,7,8,8,8,7,7,6,4,3,2,3,3,4,5,7,8,9,9,11,11,9,9,7,6,4,3,2,1,1,1,0,0,0,0,0,0,0,0,0,0,0,0,0,0,0,0,0,1,1,1,2,2,4,5,8,11,15,19,23,26,29,30,30,29,27,24,20,16,13,10,7,5,4,2,2,1,1,1,1,1,2,4,6,9,12,16,19,23,27,29,31,31,30,28,25,22,19,15,12,9,6,5,3,2,1,1,1,1,1,0,0,0,0,0,0
0,0,0,0,0,0,0,0,0,0,0,0,0,0,0,0,0,0,0,0,0,0,0,0,0,0,0,0,0,0,0,0,0,0,0,0,0,0,0,0,0,0,0,0,0,0,0,0,0,0,0,0,0,0,0,0,0,0,0,0,1,1,2,3,5,6,7,9,11,11,11,10,9,9,7,4,3,2,1,1,1,2,3,4,6,7,8,8,8,7,7,6,4,3,2,2,3,4,5,7,8,9,10,11,11,9,9,7,6,4,3,2,1,1,1,0,0,0,0,0,0,0,0,0,0,0,0,0,0,0,0,1,1,1,1,2,3,5,7,10,14,18,22,25,28,30,30,29,27,24,20,17,13,10,7,5,3,2,2,1,1,1,1,1,2,3,5,8,11,15,19,22,26,28,30,30,29,27,25,22,19,15,12,9,6,4,3,2,1,1,1,1,0,0,0,0,0,0,0,0,0,0,0,0,0,0,0,0,0,0,0,0,0,0,0,0,0,0,0,0,0,0,0,0,0,0,0,0,0,0,0,0,0,0,0,0,0,0,0,0,0,0,0,0,0,0,0,0,0,0,0,0,0,0,0,0,0,0,0,0,1,1,2,3,5,6,7,9,11,11,11,10,9,9,7,4,3,2,1,1,1,2,3,4,6,7,8,8,8,7,7,5,4,3,2,2,3,4,5,7,8,9,10,11,11,9,9,7,6,4,3,2,1,1,1,0,0,0,0,0,0,0,0,0,0,0,0,0,0,0,0,1,1,1,1,2,3,5,7,10,14,18,22,25,28,30,30,29,27,24,20,17,13,10,7,5,3,2,2,1,1,1,1,1,2,3,5,8,11,15,19,23,26,28,30,30,29,28,25,22,19,15,12,9,6,4,3,2,1,1,1,1,0,0,0,0,0,0,0,0
0,0,0,0,0,0,0,0,0,0,0,0,0,0,0,0,0,0,0,0,0,0,0,0,0,0,0,0,0,0,0,0,0,0,0,0,0,0,0,0,0,0,0,0,0,0,0,0,0,0,0,0,0,0,0,0,0,0,0,0,1,1,2,3,4,6,6,9,10,11,11,10,9,9,7,4,3,2,1,1,1,2,3,4,6,7,8,8,8,7,7,6,4,3,2,2,3,4,5,7,8,9,10,11,11,10,9,7,6,4,3,2,1,1,1,0,0,0,0,0,0,0,0,0,0,0,0,0,0,0,0,1,1,1,2,3,5,7,10,13,17,21,25,27,29,30,29,27,24,20,17,13,10,7,5,3,2,1,1,1,1,1,1,2,3,4,7,10,14,18,22,25,28,29,30,29,27,25,22,18,15,12,9,6,4,3,2,1,1,1,1,0,0,0,0,0,0,0,0,0,0,0,0,0,0,0,0,0,0,0,0,0,0,0,0,0,0,0,0,0,0,0,0,0,0,0,0,0,0,0,0,0,0,0,0,0,0,0,0,0,0,0,0,0,0,0,0,0,0,0,0,0,0,0,0,0,0,0,0,0,1,1,2,3,5,6,6,9,10,11,11,10,9,9,7,4,3,2,1,1,1,2,3,4,6,7,8,8,7,7,7,5,4,3,2,2,3,4,5,7,8,9,10,11,11,10,9,7,6,4,3,2,1,1,1,0,0,0,0,0,0,0,0,0,0,0,0,0,0,0,0,1,1,1,2,3,5,7,10,13,17,21,24,27,29,30,29,27,24,20,17,13,10,7,5,3,2,1,1,1,1,1,1,2,3,4,7,10,14,18,22,25,28,29,30,29,27,25,22,18,15,12,9,6,4,3,2,1,1,1,1,0,0,0,0,0,0,0,0,0
0,0,0,0,0,0,0,0,0,0,0,0,0,0,0,0,0,0,0,0,0,0,0,0,0,0,0,0,0,0,0,0,0,0,0,0,0,0,0,0,0,0,0,0,0,0,0,0,0,0,0,0,0,0,0,0,0,0,0,0,1,1,2,3,4,6,6,8,10,11,11,10,9,9,8,5,3,2,2,1,1,2,3,5,6,7,8,8,8,7,7,5,4,3,2,2,3,4,5,6,8,9,11,11,12,10,9,7,6,4,3,1,1,1,1,0,0,0,0,0,0,0,0,0,0,0,0,0,0,0,1,1,1,2,3,4,6,9,12,16,20,24,27,29,30,29,27,24,20,17,13,10,7,5,3,2,1,1,1,1,1,1,1,2,4,6,9,13,17,21,24,27,29,29,29,27,25,22,18,15,12,9,6,4,3,2,1,1,1,1,0,0,0,0,0,0,0,0,0,0,0,0,0,0,0,0,0,0,0,0,0,0,0,0,0,0,0,0,0,0,0,0,0,0,0,0,0,0,0,0,0,0,0,0,0,0,0,0,0,0,0,0,0,0,0,0,0,0,0,0,0,0,0,0,0,0,0,0,0,0,1,1,2,3,4,6,6,8,10,11,11,10,9,9,8,5,3,2,2,1,1,2,3,4,6,7,8,8,8,7,7,5,4,3,2,2,3,4,5,6,8,9,11,11,12,10,9,7,6,4,3,1,1,1,1,0,0,0,0,0,0,0,0,0,0,0,0,0,0,0,1,1,1,2,3,4,6,9,12,16,20,24,27,29,30,29,27,24,20,17,13,10,7,5,3,2,1,1,1,1,1,1,1,2,4,6,9,13,17,21,24,27,29,30,29,27,25,22,18,15,12,9,6,4,3,2,1,1,1,1,0,0,0,0,0,0,0,0,0,0
0,0,0,0,0,0,0,0,0,0,0,0,0,0,0,0,0,0,0,0,0,0,0,0,0,0,0,0,0,0,0,0,0,0,0,0,0,0,0,0,0,0,0,0,0,0,0,0,0,0,0,0,0,0,0,0,0,0,0,0,1,1,2,3,4,6,6,8,10,10,11,11,9,9,8,5,3,3,2,1,1,2,3,5,6,8,9,8,8,7,7,5,3,2,2,2,3,4,5,6,8,9,11,11,12,10,9,7,6,4,3,1,1,1,0,0,0,0,0,0,0,0,0,0,0,0,0,0,0,1,1,1,1,2,4,6,8,11,15,19,22,26,28,29,29,27,25,21,17,14,10,7,5,4,2,1,1,1,1,1,1,1,2,3,5,8,12,16,20,24,26,28,29,29,27,24,22,18,15,12,9,6,4,3,2,1,1,1,1,0,0,0,0,0,0,0,0,0,0,0,0,0,0,0,0,0,0,0,0,0,0,0,0,0,0,0,0,0,0,0,0,0,0,0,0,0,0,0,0,0,0,0,0,0,0,0,0,0,0,0,0,0,0,0,0,0,0,0,0,0,0,0,0,0,0,0,0,0,0,0,1,1,2,3,4,6,6,8,10,10,11,11,9,9,8,5,3,3,2,1,1,2,3,5,6,8,9,8,8,7,7,5,3,2,2,2,3,4,5,6,8,9,11,11,12,10,9,7,6,4,3,1,1,1,0,0,0,0,0,0,0,0,0,0,0,0,0,0,0,1,1,1,1,2,4,6,8,11,15,19,22,26,28,29,29,27,25,21,17,14,10,7,5,4,2,1,1,1,1,1,1,1,2,3,5,8,12,16,20,24,26,28,29,29,27,24,22,18,15,12,9,6,4,3,2,1,1,1,1,0,0,0,0,0,0,0,0,0,0,0
0,0,0,0,0,0,0,0,0,0,0,0,0,0,0,0,0,0,0,0,0,0,0,0,0,0,0,0,0,0,0,0,0,0,0,0,0,0,0,0,0,0,0,0,0,0,0,0,0,0,0,0,0,0,0,0,0,0,0,0,1,1,2,3,4,5,6,7,10,10,11,11,9,9,8,6,3,3,2,1,1,2,3,5,6,8,9,8,8,7,7,5,3,2,2,2,2,3,5,6,8,10,11,11,12,11,9,7,6,4,2,1,1,1,0,0,0,0,0,0,0,0,0,0,0,0,0,0,1,1,1,1,2,3,5,8,11,14,18,21,25,27,29,29,28,25,22,18,14,11,8,5,4,2,1,1,1,1,1,1,1,2,3,5,7,11,15,19,23,26,28,29,29,27,25,21,18,15,12,9,7,5,3,2,1,1,1,1,0,0,0,0,0,0,0,0,0,0,0,0,0,0,0,0,0,0,0,0,0,0,0,0,0,0,0,0,0,0,0,0,0,0,0,0,0,0,0,0,0,0,0,0,0,0,0,0,0,0,0,0,0,0,0,0,0,0,0,0,0,0,0,0,0,0,0,0,0,0,0,0,1,1,1,3,4,5,6,7,10,10,11,11,9,9,8,6,3,3,2,1,1,2,3,5,6,8,9,8,8,7,7,5,3,2,2,2,2,3,5,6,8,10,11,11,12,11,9,7,6,4,2,1,1,1,0,0,0,0,0,0,0,0,0,0,0,0,0,0,1,1,1,1,2,3,5,8,11,14,18,21,25,27,29,29,28,25,22,18,14,10,8,5,4,2,1,1,1,1,1,1,1,2,3,5,7,11,15,19,23,26,28,29,29,27,25,21,18,15,12,9,7,5,3,2,1,1,1,1,0,0,0,0,0,0,0,0,0,0,0,0
0,0,0,0,0,0,0,0,0,0,0,0,0,0,0,0,0,0,0,0,0,0,0,0,0,0,0,0,0,0,0,0,0,0,0,0,0,0,0,0,0,0,0,0,0,0,0,0,0,0,0,0,0,0,0,0,0,0,0,0,1,1,1,3,4,5,5,7,9,10,11,11,9,9,8,6,4,3,2,1,1,2,3,5,6,8,9,8,8,7,7,5,3,2,1,2,2,3,5,6,8,10,12,11,12,11,9,8,6,4,2,1,1,1,0,0,0,0,0,0,0,0,0,0,0,0,0,0,1,1,1,2,3,4,7,10,13,17,20,24,26,28,28,28,26,22,18,15,11,8,6,4,2,2,1,1,1,1,1,1,1,2,4,6,9,13,17,21,25,27,28,28,27,25,22,18,15,12,9,7,5,3,2,1,1,1,1,0,0,0,0,0,0,0,0,0,0,0,0,0,0,0,0,0,0,0,0,0,0,0,0,0,0,0,0,0,0,0,0,0,0,0,0,0,0,0,0,0,0,0,0,0,0,0,0,0,0,0,0,0,0,0,0,0,0,0,0,0,0,0,0,0,0,0,0,0,0,0,0,0,1,1,1,3,4,5,5,7,9,10,11,11,9,9,8,6,4,3,2,1,1,2,3,5,6,8,9,8,8,7,6,5,3,2,1,2,2,3,5,6,8,10,12,11,12,11,9,8,6,4,2,1,1,1,0,0,0,0,0,0,0,0,0,0,0,0,0,0,1,1,1,2,3,4,7,10,13,17,20,24,26,28,28,28,25,22,18,15,11,8,6,4,2,2,1,1,1,1,1,1,1,2,4,6,9,13,17,21,25,27,28,28,27,25,22,18,15,12,9,7,5,3,2,1,1,1,1,0,0,0,0,0,0,0,0,0,0,0,0,0
0,0,0,0,0,0,0,0,0,0,0,0,0,0,0,0,0,0,0,0,0,0,0,0,0,0,0,0,0,0,0,0,0,0,0,0,0,0,0,0,0,0,0,0,0,0,0,0,0,0,0,0,0,0,0,0,0,0,0,0,0,1,1,3,4,5,5,7,9,9,10,11,9,9,8,7,4,3,2,1,1,2,3,5,6,8,9,8,8,7,6,5,3,2,1,2,2,3,4,6,8,10,12,12,12,11,9,8,6,4,2,1,1,1,0,0,0,0,0,0,0,0,0,0,0,0,0,1,1,1,1,2,4,6,9,12,16,19,23,26,28,28,27,26,23,19,15,12,8,6,4,3,2,1,1,1,1,1,1,1,2,3,6,8,12,16,20,24,27,28,28,27,25,22,19,15,12,9,7,5,3,2,1,1,1,1,0,0,0,0,0,0,0,0,0,0,0,0,0,0,0,0,0,0,0,0,0,0,0,0,0,0,0,0,0,0,0,0,0,0,0,0,0,0,0,0,0,0,0,0,0,0,0,0,0,0,0,0,0,0,0,0,0,0,0,0,0,0,0,0,0,0,0,0,0,0,0,0,0,0,0,1,1,3,4,5,5,7,9,9,10,11,9,9,8,7,4,3,2,1,1,2,3,5,6,8,9,8,8,7,6,5,3,2,1,2,2,3,4,6,8,10,12,12,12,11,9,8,6,4,2,1,1,1,0,0,0,0,0,0,0,0,0,0,0,0,0,1,1,1,1,2,4,6,9,12,16,19,23,26,28,28,27,26,23,19,15,12,8,6,4,3,2,1,1,1,1,1,1,1,2,3,6,8,12,16,20,24,27,28,28,27,25,23,19,15,12,9,7,5,3,2,1,1,1,1,0,0,0,0,0,0,0,0,0,0,0,0,0,0
0,0,0,0,0,0,0,0,0,0,0,0,0,0,0,0,0,0,0,0,0,0,0,0,0,0,0,0,0,0,0,0,0,0,0,0,0,0,0,0,0,0,0,0,0,0,0,0,0,0,0,0,0,0,0,0,0,0,0,0,0,1,1,3,3,5,5,6,9,9,10,11,9,9,8,7,4,3,2,2,1,2,3,5,6,8,9,8,8,7,6,5,3,2,1,1,2,3,4,6,8,10,12,12,12,12,10,8,6,4,2,1,1,1,0,0,0,0,0,0,0,0,0,0,0,0,0,1,1,1,2,3,5,7,11,15,18,22,25,27,28,28,26,23,20,16,12,9,6,4,3,2,1,1,1,1,1,1,1,2,3,5,8,11,15,19,23,25,27,28,27,25,23,20,16,12,9,7,5,3,2,1,1,1,1,0,0,0,0,0,0,0,0,0,0,0,0,0,0,0,0,0,0,0,0,0,0,0,0,0,0,0,0,0,0,0,0,0,0,0,0,0,0,0,0,0,0,0,0,0,0,0,0,0,0,0,0,0,0,0,0,0,0,0,0,0,0,0,0,0,0,0,0,0,0,0,0,0,0,0,0,1,1,3,4,5,5,6,9,9,10,11,9,9,8,7,4,3,2,2,1,2,3,5,6,8,9,8,8,7,6,5,3,2,1,1,2,3,4,6,8,10,12,12,12,12,10,8,6,4,2,1,1,1,0,0,0,0,0,0,0,0,0,0,0,0,0,1,1,1,2,3,5,7,11,15,18,22,25,27,28,28,26,23,20,16,12,9,6,4,3,2,1,1,1,1,1,1,1,2,3,5,8,11,15,19,23,25,27,28,27,26,23,20,16,12,9,7,5,3,2,1,1,1,1,0,0,0,0,0,0,0,0,0,0,0,0,0,0,0
0,0,0,0,0,0,0,0,0,0,0,0,0,0,0,0,0,0,0,0,0,0,0,0,0,0,0,0,0,0,0,0,0,0,0,0,0,0,0,0,0,0,0,0,0,0,0,0,0,0,0,0,0,0,0,0,0,0,0,0,0,1,1,2,3,5,5,6,8,9,10,11,10,9,8,7,5,3,3,2,1,2,3,5,7,8,9,9,8,7,6,5,3,2,1,1,2,3,4,6,8,10,12,12,12,12,10,8,6,4,2,1,1,1,0,0,0,0,0,0,0,0,0,0,0,0,1,1,1,2,3,4,6,10,13,17,21,24,26,28,28,26,24,21,17,13,10,7,4,3,2,1,1,1,1,1,1,1,2,3,4,7,10,13,17,21,25,27,28,27,26,23,20,17,13,9,7,5,3,2,1,1,1,1,0,0,0,0,0,0,0,0,0,0,0,0,0,0,0,0,0,0,0,0,0,0,0,0,0,0,0,0,0,0,0,0,0,0,0,0,0,0,0,0,0,0,0,0,0,0,0,0,0,0,0,0,0,0,0,0,0,0,0,0,0,0,0,0,0,0,0,0,0,0,0,0,0,0,0,0,0,1,1,2,3,5,5,6,8,9,10,11,10,9,8,7,5,3,3,2,1,2,3,5,7,8,9,9,8,7,6,5,3,2,1,1,2,3,4,6,8,10,12,12,12,12,10,8,6,4,2,1,1,1,0,0,0,0,0,0,0,0,0,0,0,0,1,1,1,2,3,4,6,9,13,17,21,24,26,28,28,26,24,21,17,13,10,7,4,3,2,1,1,1,1,1,1,1,2,3,4,6,10,13,17,21,25,27,28,27,26,23,20,17,13,9,7,5,3,2,1,1,1,1,0,0,0,0,0,0,0,0,0,0,0,0,0,0,0,0
0,0,0,0,0,0,0,0,0,0,0,0,0,0,0,0,0,0,0,0,0,0,0,0,0,0,0,0,0,0,0,0,0,0,0,0,0,0,0,0,0,0,0,0,0,0,0,0,0,0,0,0,0,0,0,0,0,0,0,0,0,1,1,2,3,5,5,6,8,9,10,11,10,9,8,8,5,3,3,2,1,2,3,5,7,8,9,9,8,7,6,5,3,2,1,1,2,2,4,5,8,10,12,12,12,12,10,8,6,4,2,1,1,1,0,0,0,0,0,0,0,0,0,0,0,1,1,1,1,2,3,6,8,12,16,20,23,26,27,27,26,24,21,18,14,10,7,5,3,2,1,1,1,1,1,1,1,1,2,4,6,9,12,16,20,24,26,27,27,26,23,21,17,14,10,7,5,3,2,1,1,1,1,0,0,0,0,0,0,0,0,0,0,0,0,0,0,0,0,0,0,0,0,0,0,0,0,0,0,0,0,0,0,0,0,0,0,0,0,0,0,0,0,0,0,0,0,0,0,0,0,0,0,0,0,0,0,0,0,0,0,0,0,0,0,0,0,0,0,0,0,0,0,0,0,0,0,0,0,0,0,1,1,2,3,5,5,6,8,9,10,11,10,9,8,8,5,3,3,2,1,2,3,5,7,8,9,9,8,7,6,5,3,2,1,1,2,2,4,5,8,10,12,12,12,12,10,8,6,4,2,1,1,1,0,0,0,0,0,0,0,0,0,0,0,1,1,1,1,2,3,6,8,12,16,20,23,25,27,27,26,24,21,18,14,10,7,5,3,2,1,1,1,1,1,1,1,1,2,4,6,9,12,16,20,24,26,27,27,26,23,21,17,14,10,7,5,3,2,1,1,1,1,0,0,0,0,0,0,0,0,0,0,0,0,0,0,0,0,0
0,0,0,0,0,0,0,0,0,0,0,0,0,0,0,0,0,0,0,0,0,0,0,0,0,0,0,0,0,0,0,0,0,0,0,0,0,0,0,0,0,0,0,0,0,0,0,0,0,0,0,0,0,0,0,0,0,0,0,0,0,1,1,2,3,4,5,6,8,9,10,11,10,9,8,8,6,4,3,2,1,2,3,5,7,8,9,9,8,7,6,5,3,2,1,1,1,2,4,5,7,11,12,12,12,13,10,8,6,4,2,1,1,1,0,0,0,0,0,0,0,0,0,0,0,1,1,1,2,3,5,7,10,14,18,22,25,27,27,27,25,22,18,15,11,8,5,3,2,1,1,1,1,1,1,1,1,2,3,5,8,11,15,19,22,25,27,27,26,24,21,18,14,11,8,5,4,2,1,1,1,1,0,0,0,0,0,0,0,0,0,0,0,0,0,0,0,0,0,0,0,0,0,0,0,0,0,0,0,0,0,0,0,0,0,0,0,0,0,0,0,0,0,0,0,0,0,0,0,0,0,0,0,0,0,0,0,0,0,0,0,0,0,0,0,0,0,0,0,0,0,0,0,0,0,0,0,0,0,0,0,1,1,2,3,4,5,6,8,9,10,11,10,9,8,8,6,4,3,2,1,2,3,5,7,8,9,9,8,7,6,5,3,2,1,1,1,2,4,5,7,11,12,12,12,13,10,8,6,4,2,1,1,1,0,0,0,0,0,0,0,0,0,0,0,1,1,1,2,3,5,7,10,14,18,22,25,27,27,27,25,22,18,15,11,8,5,3,2,1,1,1,1,1,1,1,1,2,3,5,8,11,15,19,22,25,27,27,26,24,21,18,15,11,8,5,4,2,1,1,1,1,0,0,0,0,0,0,0,0,0,0,0,0,0,0,0,0,0,0
0,0,0,0,0,0,0,0,0,0,0,0,0,0,0,0,0,0,0,0,0,0,0,0,0,0,0,0,0,0,0,0,0,0,0,0,0,0,0,0,0,0,0,0,0,0,0,0,0,0,0,0,0,0,0,0,0,0,0,0,0,1,1,2,3,4,5,5,7,9,10,11,10,9,8,8,6,4,3,2,2,2,4,5,7,8,9,9,8,7,6,5,3,1,1,1,1,2,3,5,7,11,12,13,12,13,11,9,6,4,2,1,1,1,0,0,0,0,0,0,0,0,0,0,1,1,1,1,3,4,6,9,13,17,21,24,26,27,27,25,22,19,15,12,9,6,4,2,1,1,1,1,1,1,1,1,2,3,4,7,10,13,17,21,24,26,27,26,24,22,18,15,12,9,6,4,2,2,1,1,1,0,0,0,0,0,0,0,0,0,0,0,0,0,0,0,0,0,0,0,0,0,0,0,0,0,0,0,0,0,0,0,0,0,0,0,0,0,0,0,0,0,0,0,0,0,0,0,0,0,0,0,0,0,0,0,0,0,0,0,0,0,0,0,0,0,0,0,0,0,0,0,0,0,0,0,0,0,0,0,0,1,1,2,3,4,5,5,7,9,10,11,10,9,8,8,6,4,3,2,2,2,4,5,7,8,9,9,8,7,6,5,3,1,1,1,1,2,3,5,7,11,12,13,12,13,11,9,6,4,2,1,1,1,0,0,0,0,0,0,0,0,0,0,1,1,1,1,3,4,6,9,13,17,20,24,26,27,27,25,22,19,15,12,9,6,4,2,1,1,1,1,1,1,1,1,2,3,4,7,10,13,17,21,24,26,27,26,24,22,18,15,12,9,6,4,2,2,1,1,1,0,0,0,0,0,0,0,0,0,0,0,0,0,0,0,0,0,0,0
0,0,0,0,0,0,0,0,0,0,0,0,0,0,0,0,0,0,0,0,0,0,0,0,0,0,0,0,0,0,0,0,0,0,0,0,0,0,0,0,0,0,0,0,0,0,0,0,0,0,0,0,0,0,0,0,0,0,0,0,0,1,1,2,3,4,5,5,7,9,10,10,10,9,8,8,6,4,3,2,2,2,4,5,7,8,9,9,8,7,6,5,3,1,1,1,1,2,3,5,7,11,13,13,12,13,11,9,6,4,2,1,1,1,0,0,0,0,0,0,0,0,0,0,1,1,1,2,3,5,8,11,15,19,23,25,27,27,25,23,20,16,13,9,7,4,3,2,1,1,1,1,1,1,1,1,2,4,6,8,12,16,20,23,25,27,26,24,22,19,16,12,9,6,4,2,2,1,1,1,1,0,0,0,0,0,0,0,0,0,0,0,0,0,0,0,0,0,0,0,0,0,0,0,0,0,0,0,0,0,0,0,0,0,0,0,0,0,0,0,0,0,0,0,0,0,0,0,0,0,0,0,0,0,0,0,0,0,0,0,0,0,0,0,0,0,0,0,0,0,0,0,0,0,0,0,0,0,0,0,0,1,1,2,3,4,5,5,7,9,10,10,10,9,8,8,6,4,3,2,2,2,4,5,7,8,9,9,8,7,5,5,3,1,1,1,1,2,3,5,7,11,13,13,12,13,11,9,6,4,2,1,1,1,0,0,0,0,0,0,0,0,0,0,1,1,1,2,3,5,8,11,15,19,23,25,27,27,25,23,20,16,13,9,7,4,3,2,1,1,1,1,1,1,1,1,2,4,6,8,12,16,20,23,25,27,26,24,22,19,16,12,9,6,4,3,2,1,1,1,1,0,0,0,0,0,0,0,0,0,0,0,0,0,0,0,0,0,0,0
0,0,0,0,0,0,0,0,0,0,0,0,0,0,0,0,0,0,0,0,0,0,0,0,0,0,0,0,0,0,0,0,0,0,0,0,0,0,0,0,0,0,0,0,0,0,0,0,0,0,0,0,0,0,0,0,0,0,0,0,0,0,1,2,3,4,5,5,6,8,9,10,10,9,8,8,7,4,3,2,2,2,4,5,7,8,9,9,8,7,5,5,3,1,1,1,1,2,3,5,7,11,13,13,12,13,11,9,6,4,2,1,1,1,0,0,0,0,0,0,0,0,0,1,1,1,1,3,5,7,10,14,17,21,24,26,26,26,24,21,17,14,10,7,5,3,2,1,1,1,1,0,1,1,1,2,3,5,8,11,15,18,22,25,26,26,25,23,20,17,13,10,7,5,3,2,1,1,1,1,0,0,0,0,0,0,0,0,0,0,0,0,0,0,0,0,0,0,0,0,0,0,0,0,0,0,0,0,0,0,0,0,0,0,0,0,0,0,0,0,0,0,0,0,0,0,0,0,0,0,0,0,0,0,0,0,0,0,0,0,0,0,0,0,0,0,0,0,0,0,0,0,0,0,0,0,0,0,0,0,0,0,1,2,3,4,5,5,6,8,9,10,10,9,8,8,7,4,3,2,2,2,4,5,7,8,9,9,8,7,5,5,3,1,1,1,1,2,3,5,7,11,13,13,12,13,11,9,6,4,2,1,1,1,0,0,0,0,0,0,0,0,0,1,1,1,1,3,5,7,10,14,17,21,24,26,26,26,24,21,17,14,10,7,5,3,2,1,1,1,1,0,1,1,1,2,3,5,8,11,15,18,22,25,26,26,25,23,20,17,13,10,7,5,3,2,1,1,1,1,0,0,0,0,0,0,0,0,0,0,0,0,0,0,0,0,0,0,0,0
0,0,0,0,0,0,0,0,0,0,0,0,0,0,0,0,0,0,0,0,0,0,0,0,0,0,0,0,0,0,0,0,0,0,0,0,0,0,0,0,0,0,0,0,0,0,0,0,0,0,0,0,0,0,0,0,0,0,0,0,0,0,1,2,3,4,5,5,6,8,9,10,10,9,8,8,7,5,3,3,2,2,4,5,7,8,9,10,8,7,5,5,3,1,1,1,1,2,3,5,7,11,13,13,12,12,11,9,6,4,2,1,1,0,0,0,0,0,0,0,0,0,0,1,1,1,2,4,6,9,12,16,20,23,25,26,26,24,21,18,15,11,8,5,3,2,1,1,1,1,0,1,1,1,1,3,4,7,10,13,17,21,24,26,26,25,24,20,17,14,11,8,5,3,2,1,1,1,1,0,0,0,0,0,0,0,0,0,0,0,0,0,0,0,0,0,0,0,0,0,0,0,0,0,0,0,0,0,0,0,0,0,0,0,0,0,0,0,0,0,0,0,0,0,0,0,0,0,0,0,0,0,0,0,0,0,0,0,0,0,0,0,0,0,0,0,0,0,0,0,0,0,0,0,0,0,0,0,0,0,0,0,1,2,3,4,5,5,6,8,9,10,10,9,8,8,7,5,3,3,2,2,4,5,7,8,9,9,8,7,5,5,3,1,1,1,1,2,3,5,7,11,13,13,12,12,11,9,6,4,2,1,1,0,0,0,0,0,0,0,0,0,0,1,1,1,2,4,6,9,12,16,20,23,25,26,26,24,21,18,15,11,8,5,3,2,1,1,1,1,0,1,1,1,1,3,4,7,10,13,17,21,24,25,26,25,24,20,17,14,11,8,5,3,2,1,1,1,1,0,0,0,0,0,0,0,0,0,0,0,0,0,0,0,0,0,0,0,0,0
0,0,0,0,0,0,0,0,0,0,0,0,0,0,0,0,0,0,0,0,0,0,0,0,0,0,0,0,0,0,0,0,0,0,0,0,0,0,0,0,0,0,0,0,0,0,0,0,0,0,0,0,0,0,0,0,0,0,0,0,0,0,1,2,3,3,5,5,6,8,9,10,10,9,8,8,7,5,3,3,2,2,4,5,7,9,9,10,8,7,5,5,3,1,1,1,1,2,3,5,7,11,13,13,13,12,12,9,7,4,2,1,1,0,0,0,0,0,0,0,0,0,1,1,1,2,3,5,8,11,14,18,21,24,26,26,24,22,19,16,12,9,6,4,2,1,1,1,1,0,1,1,1,1,2,4,6,8,12,15,19,22,25,26,25,24,22,18,15,11,8,6,4,2,1,1,1,1,0,0,0,0,0,0,0,0,0,0,0,0,0,0,0,0,0,0,0,0,0,0,0,0,0,0,0,0,0,0,0,0,0,0,0,0,0,0,0,0,0,0,0,0,0,0,0,0,0,0,0,0,0,0,0,0,0,0,0,0,0,0,0,0,0,0,0,0,0,0,0,0,0,0,0,0,0,0,0,0,0,0,0,0,1,2,3,3,5,5,6,8,9,10,10,9,8,8,7,5,3,3,2,2,4,5,7,8,9,10,8,7,5,4,3,1,1,1,1,2,3,5,7,11,13,13,13,12,12,9,7,4,2,1,1,0,0,0,0,0,0,0,0,0,1,1,1,2,3,5,8,11,14,18,21,24,26,26,24,22,19,16,12,9,6,4,2,1,1,1,1,0,1,1,1,1,2,4,6,8,12,15,19,22,25,26,25,24,22,18,15,11,8,6,4,2,1,1,1,1,0,0,0,0,0,0,0,0,0,0,0,0,0,0,0,0,0,0,0,0,0,0
0,0,0,0,0,0,0,0,0,0,0,0,0,0,0,0,0,0,0,0,0,0,0,0,0,0,0,0,0,0,0,0,0,0,0,0,0,0,0,0,0,0,0,0,0,0,0,0,0,0,0,0,0,0,0,0,0,0,0,0,0,0,1,2,3,3,5,5,6,8,9,9,10,9,9,8,8,6,4,3,3,3,4,5,7,9,9,10,8,7,5,4,3,1,1,1,1,2,3,5,7,11,13,13,13,12,12,9,7,4,2,1,1,0,0,0,0,0,0,0,0,0,1,1,1,2,4,6,10,13,17,20,23,25,26,25,23,20,16,13,10,7,4,3,2,1,1,1,0,0,1,1,1,2,3,5,7,11,14,18,21,24,25,25,24,22,19,16,12,9,6,4,3,2,1,1,1,0,0,0,0,0,0,0,0,0,0,0,0,0,0,0,0,0,0,0,0,0,0,0,0,0,0,0,0,0,0,0,0,0,0,0,0,0,0,0,0,0,0,0,0,0,0,0,0,0,0,0,0,0,0,0,0,0,0,0,0,0,0,0,0,0,0,0,0,0,0,0,0,0,0,0,0,0,0,0,0,0,0,0,0,0,1,2,3,3,5,5,6,8,8,9,10,9,9,8,8,6,4,3,3,3,4,5,7,9,9,10,8,7,5,4,3,1,1,1,1,2,3,5,7,11,13,13,13,12,12,9,7,4,2,1,1,0,0,0,0,0,0,0,0,0,1,1,1,2,4,6,10,13,17,20,23,25,26,25,23,20,16,13,10,7,4,3,2,1,1,1,0,0,1,1,1,2,3,5,7,11,14,18,21,24,25,25,24,22,19,16,12,9,6,4,3,2,1,1,1,0,0,0,0,0,0,0,0,0,0,0,0,0,0,0,0,0,0,0,0,0,0,0
0,0,0,0,0,0,0,0,0,0,0,0,0,0,0,0,0,0,0,0,0,0,0,0,0,0,0,0,0,0,0,0,0,0,0,0,0,0,0,0,0,0,0,0,0,0,0,0,0,0,0,0,0,0,0,0,0,0,0,0,0,0,1,1,2,3,5,4,5,8,8,9,10,9,9,8,8,6,4,3,3,3,3,5,7,9,9,10,8,7,5,4,3,1,1,1,1,2,2,4,7,10,12,13,13,12,12,10,7,4,2,1,1,0,0,0,0,0,0,0,0,1,1,1,2,3,5,8,12,15,19,22,24,25,25,23,21,17,14,11,8,5,3,2,1,1,1,0,0,0,1,1,1,2,4,7,9,13,17,20,23,25,25,25,23,20,17,13,10,7,5,3,2,1,1,1,0,0,0,0,0,0,0,0,0,0,0,0,0,0,0,0,0,0,0,0,0,0,0,0,0,0,0,0,0,0,0,0,0,0,0,0,0,0,0,0,0,0,0,0,0,0,0,0,0,0,0,0,0,0,0,0,0,0,0,0,0,0,0,0,0,0,0,0,0,0,0,0,0,0,0,0,0,0,0,0,0,0,0,0,0,0,1,1,2,3,4,4,5,8,8,9,10,9,9,8,8,6,4,3,3,3,3,5,7,9,9,10,8,6,5,4,3,1,1,1,1,2,2,4,7,10,12,13,13,12,12,10,7,4,2,1,1,0,0,0,0,0,0,0,0,1,1,1,2,3,5,8,12,15,19,22,24,25,25,23,21,17,14,11,8,5,3,2,1,1,1,0,0,0,1,1,1,2,4,7,9,13,16,20,23,25,25,25,23,20,17,13,10,7,5,3,2,1,1,1,0,0,0,0,0,0,0,0,0,0,0,0,0,0,0,0,0,0,0,0,0,0,0,0
0,0,0,0,0,0,0,0,0,0,0,0,0,0,0,0,0,0,0,0,0,0,0,0,0,0,0,0,0,0,0,0,0,0,0,0,0,0,0,0,0,0,0,0,0,0,0,0,0,0,0,0,0,0,0,0,0,0,0,0,0,0,1,1,2,3,4,4,5,7,8,9,10,9,9,8,8,7,4,3,3,3,4,5,7,9,9,10,8,7,5,4,3,1,1,1,1,1,2,4,7,10,12,13,13,12,12,10,7,4,2,1,1,0,0,0,0,0,0,0,1,1,1,1,2,4,6,10,14,17,21,23,25,25,24,21,18,15,12,9,6,4,2,1,1,1,1,0,0,1,1,1,2,3,5,8,12,15,19,22,24,25,25,23,21,18,15,11,8,5,3,2,1,1,1,0,0,0,0,0,0,0,0,0,0,0,0,0,0,0,0,0,0,0,0,0,0,0,0,0,0,0,0,0,0,0,0,0,0,0,0,0,0,0,0,0,0,0,0,0,0,0,0,0,0,0,0,0,0,0,0,0,0,0,0,0,0,0,0,0,0,0,0,0,0,0,0,0,0,0,0,0,0,0,0,0,0,0,0,0,0,0,1,1,2,3,4,4,5,8,8,9,10,9,9,8,8,7,4,3,3,3,4,5,7,9,9,10,8,6,5,4,3,1,1,1,1,1,2,4,7,10,12,13,13,12,12,10,7,4,2,1,1,0,0,0,0,0,0,0,1,1,1,1,2,4,6,10,14,17,21,23,25,25,24,21,18,15,12,9,6,4,2,1,1,1,1,0,0,1,1,1,2,3,5,8,12,15,19,22,24,25,25,23,21,18,15,11,8,5,3,2,1,1,1,0,0,0,0,0,0,0,0,0,0,0,0,0,0,0,0,0,0,0,0,0,0,0,0,0
0,0,0,0,0,0,0,0,0,0,0,0,0,0,0,0,0,0,0,0,0,0,0,0,0,0,0,0,0,0,0,0,0,0,0,0,0,0,0,0,0,0,0,0,0,0,0,0,0,0,0,0,0,0,0,0,0,0,0,0,0,0,1,1,2,3,4,4,5,7,8,9,10,9,9,8,8,7,5,3,3,3,4,5,7,9,9,9,8,7,5,4,3,1,1,1,1,1,2,4,7,10,12,13,13,12,12,10,7,4,2,1,1,0,0,0,0,0,0,0,1,1,1,2,3,5,8,12,16,19,22,24,25,24,22,19,16,12,9,7,4,3,2,1,1,1,0,0,1,1,1,1,2,4,7,10,14,17,21,23,24,25,24,22,19,16,12,9,6,4,2,1,1,1,1,0,0,0,0,0,0,0,0,0,0,0,0,0,0,0,0,0,0,0,0,0,0,0,0,0,0,0,0,0,0,0,0,0,0,0,0,0,0,0,0,0,0,0,0,0,0,0,0,0,0,0,0,0,0,0,0,0,0,0,0,0,0,0,0,0,0,0,0,0,0,0,0,0,0,0,0,0,0,0,0,0,0,0,0,0,0,0,1,1,2,3,4,4,5,7,8,9,10,9,9,8,8,7,5,3,3,3,4,5,7,9,9,9,8,6,5,4,3,1,1,1,1,1,2,4,7,10,12,13,13,12,12,10,7,4,2,1,1,0,0,0,0,0,0,0,1,1,1,2,3,5,8,12,16,19,22,24,25,24,22,19,16,12,9,7,4,3,2,1,1,1,0,0,1,1,1,1,2,4,7,10,14,17,21,23,24,25,24,22,19,16,12,9,6,4,2,1,1,1,1,0,0,0,0,0,0,0,0,0,0,0,0,0,0,0,0,0,0,0,0,0,0,0,0,0
0,0,0,0,0,0,0,0,0,0,0,0,0,0,0,0,0,0,0,0,0,0,0,0,0,0,0,0,0,0,0,0,0,0,0,0,0,0,0,0,0,0,0,0,0,0,0,0,0,0,0,0,0,0,0,0,0,0,0,0,0,0,1,1,2,3,4,4,5,7,7,8,10,9,9,8,8,7,5,4,3,3,4,6,7,9,9,9,8,7,5,4,3,1,1,0,1,1,2,4,7,10,12,13,13,12,12,10,7,4,3,1,1,0,0,0,0,0,0,1,1,1,1,2,4,6,10,14,18,21,23,25,24,23,20,17,13,10,7,5,3,2,1,1,1,0,0,0,1,1,1,2,3,5,9,13,16,19,22,24,24,24,22,20,17,14,10,7,4,3,2,1,1,1,0,0,0,0,0,0,0,0,0,0,0,0,0,0,0,0,0,0,0,0,0,0,0,0,0,0,0,0,0,0,0,0,0,0,0,0,0,0,0,0,0,0,0,0,0,0,0,0,0,0,0,0,0,0,0,0,0,0,0,0,0,0,0,0,0,0,0,0,0,0,0,0,0,0,0,0,0,0,0,0,0,0,0,0,0,0,0,0,1,1,2,3,4,4,5,7,7,8,10,9,9,8,8,7,5,4,3,3,4,6,7,9,9,9,8,6,5,4,3,1,1,0,1,1,2,4,7,10,12,13,13,12,12,10,7,4,3,1,1,0,0,0,0,0,0,1,1,1,1,2,4,6,10,14,18,21,23,25,24,23,20,17,13,10,7,5,3,2,1,1,1,0,0,0,1,1,1,2,3,5,9,13,16,19,22,24,24,24,22,20,17,14,10,7,4,3,2,1,1,1,0,0,0,0,0,0,0,0,0,0,0,0,0,0,0,0,0,0,0,0,0,0,0,0,0,0
0,0,0,0,0,0,0,0,0,0,0,0,0,0,0,0,0,0,0,0,0,0,0,0,0,0,0,0,0,0,0,0,0,0,0,0,0,0,0,0,0,0,0,0,0,0,0,0,0,0,0,0,0,0,0,0,0,0,0,0,0,0,0,1,2,3,4,4,5,7,7,8,10,9,9,8,8,8,6,4,3,4,4,6,7,9,9,9,8,6,5,4,2,1,1,0,1,1,2,4,7,10,12,13,13,12,12,10,7,4,3,1,1,0,0,0,0,0,0,1,1,1,2,3,5,8,12,16,20,22,24,24,23,21,18,14,11,8,6,4,2,1,1,1,1,0,0,0,1,1,1,2,4,7,10,15,18,21,23,24,24,23,21,18,15,11,8,5,3,2,1,1,1,0,0,0,0,0,0,0,0,0,0,0,0,0,0,0,0,0,0,0,0,0,0,0,0,0,0,0,0,0,0,0,0,0,0,0,0,0,0,0,0,0,0,0,0,0,0,0,0,0,0,0,0,0,0,0,0,0,0,0,0,0,0,0,0,0,0,0,0,0,0,0,0,0,0,0,0,0,0,0,0,0,0,0,0,0,0,0,0,0,0,1,2,3,4,4,5,7,7,8,10,9,9,8,8,8,6,4,3,4,4,6,7,9,9,9,8,6,5,4,2,1,1,0,1,1,2,4,7,10,12,13,13,12,12,10,7,4,3,1,1,0,0,0,0,0,0,1,1,1,2,3,5,8,12,16,20,22,24,24,23,21,18,14,11,8,6,4,2,1,1,1,1,0,0,0,1,1,1,2,4,7,10,15,18,21,23,24,24,23,21,18,15,11,8,5,3,2,1,1,1,0,0,0,0,0,0,0,0,0,0,0,0,0,0,0,0,0,0,0,0,0,0,0,0,0,0,0
0,0,0,0,0,0,0,0,0,0,0,0,0,0,0,0,0,0,0,0,0,0,0,0,0,0,0,0,0,0,0,0,0,0,0,0,0,0,0,0,0,0,0,0,0,0,0,0,0,0,0,0,0,0,0,0,0,0,0,0,0,0,0,1,2,3,4,4,5,7,7,8,10,9,9,8,8,8,6,4,4,4,4,6,7,9,9,9,8,6,5,4,2,1,1,0,1,1,2,4,7,9,12,13,13,12,12,11,7,5,3,1,1,0,0,0,0,0,1,1,1,1,2,4,6,10,14,18,21,23,24,24,22,19,16,12,9,6,4,3,2,1,1,1,0,0,0,1,1,1,2,3,6,9,13,17,20,22,24,24,23,21,19,16,13,9,6,4,2,1,1,1,1,0,0,0,0,0,0,0,0,0,0,0,0,0,0,0,0,0,0,0,0,0,0,0,0,0,0,0,0,0,0,0,0,0,0,0,0,0,0,0,0,0,0,0,0,0,0,0,0,0,0,0,0,0,0,0,0,0,0,0,0,0,0,0,0,0,0,0,0,0,0,0,0,0,0,0,0,0,0,0,0,0,0,0,0,0,0,0,0,0,0,1,2,3,4,4,5,7,7,8,10,9,9,8,8,8,6,4,4,4,4,6,7,9,9,9,8,6,5,4,2,1,1,0,1,1,2,4,7,9,12,13,13,12,12,11,7,5,3,1,1,0,0,0,0,0,1,1,1,1,2,4,6,10,14,18,21,23,24,24,22,19,16,12,9,6,4,3,2,1,1,1,0,0,0,1,1,1,2,3,5,9,13,17,20,22,24,24,23,21,19,16,13,9,6,4,2,1,1,1,1,0,0,0,0,0,0,0,0,0,0,0,0,0,0,0,0,0,0,0,0,0,0,0,0,0,0,0
0,0,0,0,0,0,0,0,0,0,0,0,0,0,0,0,0,0,0,0,0,0,0,0,0,0,0,0,0,0,0,0,0,0,0,0,0,0,0,0,0,0,0,0,0,0,0,0,0,0,0,0,0,0,0,0,0,0,0,0,0,0,0,1,2,3,4,4,4,6,7,8,9,9,9,8,8,8,6,4,4,4,4,6,7,9,9,9,8,6,5,4,2,1,1,0,1,1,2,4,7,9,11,13,13,12,12,11,7,5,3,2,1,0,0,0,0,0,1,1,1,2,3,5,8,12,16,19,22,23,24,23,20,17,13,10,7,5,3,2,1,1,1,0,0,0,0,1,1,2,3,4,7,11,15,19,21,23,24,23,22,20,17,14,11,7,5,3,2,1,1,1,0,0,0,0,0,0,0,0,0,0,0,0,0,0,0,0,0,0,0,0,0,0,0,0,0,0,0,0,0,0,0,0,0,0,0,0,0,0,0,0,0,0,0,0,0,0,0,0,0,0,0,0,0,0,0,0,0,0,0,0,0,0,0,0,0,0,0,0,0,0,0,0,0,0,0,0,0,0,0,0,0,0,0,0,0,0,0,0,0,0,0,1,2,3,4,4,4,6,7,8,9,9,9,8,8,8,6,4,4,4,4,6,7,9,9,9,8,6,5,4,2,1,1,0,1,1,2,4,7,9,11,13,13,12,12,11,7,5,3,2,1,0,0,0,0,0,1,1,1,2,3,5,8,12,16,19,22,23,24,23,20,17,13,10,7,5,3,2,1,1,1,0,0,0,0,1,1,2,3,4,7,11,15,19,21,23,24,23,22,20,17,14,11,7,5,3,2,1,1,1,0,0,0,0,0,0,0,0,0,0,0,0,0,0,0,0,0,0,0,0,0,0,0,0,0,0,0,0
0,0,0,0,0,0,0,0,0,0,0,0,0,0,0,0,0,0,0,0,0,0,0,0,0,0,0,0,0,0,0,0,0,0,0,0,0,0,0,0,0,0,0,0,0,0,0,0,0,0,0,0,0,0,0,0,0,0,0,0,0,0,0,1,2,3,4,4,4,6,7,8,9,10,9,8,8,8,7,5,4,4,5,6,7,9,10,9,8,6,5,3,2,1,1,0,1,1,2,4,7,9,11,12,13,12,12,11,8,5,3,2,1,1,0,0,0,1,1,1,1,2,4,6,10,13,17,21,23,23,23,21,18,15,11,8,5,4,2,1,1,1,1,0,0,0,1,1,1,2,4,6,9,13,17,20,22,23,23,22,20,18,15,12,9,6,4,2,1,1,1,0,0,0,0,0,0,0,0,0,0,0,0,0,0,0,0,0,0,0,0,0,0,0,0,0,0,0,0,0,0,0,0,0,0,0,0,0,0,0,0,0,0,0,0,0,0,0,0,0,0,0,0,0,0,0,0,0,0,0,0,0,0,0,0,0,0,0,0,0,0,0,0,0,0,0,0,0,0,0,0,0,0,0,0,0,0,0,0,0,0,0,0,1,2,3,4,4,4,6,7,8,9,10,9,8,8,8,7,5,4,4,5,6,7,9,9,9,8,6,5,3,2,1,1,0,1,1,2,4,7,9,11,12,13,12,12,11,8,5,3,2,1,1,0,0,0,1,1,1,1,2,4,6,10,13,17,21,23,23,23,21,18,15,11,8,5,4,2,1,1,1,1,0,0,0,1,1,1,2,4,6,9,13,17,20,22,23,23,22,20,18,15,12,9,6,4,2,1,1,1,0,0,0,0,0,0,0,0,0,0,0,0,0,0,0,0,0,0,0,0,0,0,0,0,0,0,0,0,0
0,0,0,0,0,0,0,0,0,0,0,0,0,0,0,0,0,0,0,0,0,0,0,0,0,0,0,0,0,0,0,0,0,0,0,0,0,0,0,0,0,0,0,0,0,0,0,0,0,0,0,0,0,0,0,0,0,0,0,0,0,0,0,1,2,3,3,4,4,6,7,7,9,10,9,9,8,8,7,5,4,4,5,6,7,9,10,9,8,6,5,3,2,1,1,1,1,1,2,4,7,9,11,12,13,12,11,11,8,5,3,2,1,1,0,0,0,1,1,1,2,3,5,8,11,15,19,22,23,23,22,19,16,13,9,6,4,3,2,1,1,1,0,0,0,0,1,1,2,3,5,7,11,15,18,22,23,23,22,21,19,16,13,10,7,4,3,1,1,1,0,0,0,0,0,0,0,0,0,0,0,0,0,0,0,0,0,0,0,0,0,0,0,0,0,0,0,0,0,0,0,0,0,0,0,0,0,0,0,0,0,0,0,0,0,0,0,0,0,0,0,0,0,0,0,0,0,0,0,0,0,0,0,0,0,0,0,0,0,0,0,0,0,0,0,0,0,0,0,0,0,0,0,0,0,0,0,0,0,0,0,0,0,1,2,3,3,4,4,6,7,7,9,10,9,9,8,8,7,5,4,4,5,6,7,9,9,9,8,6,5,3,2,1,1,1,1,1,2,4,7,9,11,12,13,12,11,11,8,5,3,2,1,1,0,0,0,1,1,1,2,3,5,8,11,15,19,22,23,23,22,19,16,13,9,6,4,3,2,1,1,1,0,0,0,0,1,1,2,3,5,7,11,15,18,22,23,23,22,21,19,16,13,10,7,4,3,1,1,1,0,0,0,0,0,0,0,0,0,0,0,0,0,0,0,0,0,0,0,0,0,0,0,0,0,0,0,0,0,0
0,0,0,0,0,0,0,0,0,0,0,0,0,0,0,0,0,0,0,0,0,0,0,0,0,0,0,0,0,0,0,0,0,0,0,0,0,0,0,0,0,0,0,0,0,0,0,0,0,0,0,0,0,0,0,0,0,0,0,0,0,0,0,1,2,3,3,4,4,5,7,7,8,9,9,9,8,8,8,6,4,5,5,6,7,9,10,9,8,6,5,3,2,1,1,1,1,1,2,4,7,9,11,12,13,13,11,11,8,6,3,2,1,1,0,0,1,1,1,1,2,4,7,10,13,17,20,23,23,22,20,18,14,11,7,5,3,2,1,1,1,0,0,0,0,1,1,1,2,4,6,9,13,17,20,22,23,23,21,20,17,14,11,8,5,3,2,1,1,1,0,0,0,0,0,0,0,0,0,0,0,0,0,0,0,0,0,0,0,0,0,0,0,0,0,0,0,0,0,0,0,0,0,0,0,0,0,0,0,0,0,0,0,0,0,0,0,0,0,0,0,0,0,0,0,0,0,0,0,0,0,0,0,0,0,0,0,0,0,0,0,0,0,0,0,0,0,0,0,0,0,0,0,0,0,0,0,0,0,0,0,0,0,1,2,3,3,4,4,5,7,7,8,9,9,9,8,8,8,6,4,5,5,6,7,9,9,9,8,6,5,3,2,1,1,1,1,1,2,4,7,9,11,12,13,13,11,11,8,6,3,2,1,1,0,0,1,1,1,1,2,4,7,10,13,17,20,23,23,22,20,18,14,11,7,5,3,2,1,1,1,0,0,0,0,1,1,1,2,4,6,9,13,17,20,22,23,23,21,20,17,14,11,8,5,3,2,1,1,1,0,0,0,0,0,0,0,0,0,0,0,0,0,0,0,0,0,0,0,0,0,0,0,0,0,0,0,0,0,0
0,0,0,0,0,0,0,0,0,0,0,0,0,0,0,0,0,0,0,0,0,0,0,0,0,0,0,0,0,0,0,0,0,0,0,0,0,0,0,0,0,0,0,0,0,0,0,0,0,0,0,0,0,0,0,0,0,0,0,0,0,0,0,1,2,2,3,4,4,5,7,7,8,9,9,9,9,8,8,6,5,5,5,6,7,9,10,9,8,6,5,3,2,1,1,1,1,1,2,4,7,9,10,12,13,13,11,10,8,6,4,2,1,1,0,0,1,1,1,2,3,5,8,11,15,19,21,23,22,21,19,16,12,9,6,4,2,1,1,1,1,0,0,0,0,1,1,2,3,5,7,11,15,18,21,23,23,22,20,18,15,12,9,6,4,2,1,1,1,0,0,0,0,0,0,0,0,0,0,0,0,0,0,0,0,0,0,0,0,0,0,0,0,0,0,0,0,0,0,0,0,0,0,0,0,0,0,0,0,0,0,0,0,0,0,0,0,0,0,0,0,0,0,0,0,0,0,0,0,0,0,0,0,0,0,0,0,0,0,0,0,0,0,0,0,0,0,0,0,0,0,0,0,0,0,0,0,0,0,0,0,0,0,1,2,2,3,4,4,5,7,7,8,9,9,9,9,8,8,6,5,5,5,6,7,9,9,9,8,6,5,3,2,1,1,1,1,1,2,4,7,9,10,12,13,13,11,10,8,6,4,2,1,1,0,0,1,1,1,2,3,5,8,11,15,19,21,23,22,21,19,16,12,9,6,4,2,1,1,1,1,0,0,0,0,1,1,2,3,5,7,11,15,18,21,23,23,22,20,18,15,12,9,6,4,2,1,1,1,0,0,0,0,0,0,0,0,0,0,0,0,0,0,0,0,0,0,0,0,0,0,0,0,0,0,0,0,0,0,0
0,0,0,0,0,0,0,0,0,0,0,0,0,0,0,0,0,0,0,0,0,0,0,0,0,0,0,0,0,0,0,0,0,0,0,0,0,0,0,0,0,0,0,0,0,0,0,0,0,0,0,0,0,0,0,0,0,0,0,0,0,0,0,1,2,2,3,4,4,5,7,7,7,9,9,9,9,8,8,7,5,5,6,6,7,9,9,9,8,6,5,3,2,1,1,1,1,1,2,4,6,8,10,12,12,13,11,10,8,6,4,3,1,1,1,1,1,1,1,2,4,7,10,13,17,20,22,23,21,19,17,14,10,7,5,3,2,1,1,1,0,0,0,0,1,1,1,2,4,6,9,13,16,20,22,23,22,21,19,16,13,10,7,5,3,2,1,1,0,0,0,0,0,0,0,0,0,0,0,0,0,0,0,0,0,0,0,0,0,0,0,0,0,0,0,0,0,0,0,0,0,0,0,0,0,0,0,0,0,0,0,0,0,0,0,0,0,0,0,0,0,0,0,0,0,0,0,0,0,0,0,0,0,0,0,0,0,0,0,0,0,0,0,0,0,0,0,0,0,0,0,0,0,0,0,0,0,0,0,0,0,0,0,1,2,2,3,4,4,5,7,7,7,9,9,9,9,8,8,7,5,5,6,6,7,9,9,9,8,6,5,3,2,1,1,1,1,1,2,4,6,8,10,12,12,13,11,10,8,6,4,3,1,1,1,1,1,1,1,2,4,7,10,13,17,20,22,23,21,19,17,14,10,7,5,3,2,1,1,1,0,0,0,0,1,1,1,2,4,6,9,13,16,20,22,23,22,21,19,16,13,10,7,5,3,2,1,1,0,0,0,0,0,0,0,0,0,0,0,0,0,0,0,0,0,0,0,0,0,0,0,0,0,0,0,0,0,0,0,0
0,0,0,0,0,0,0,0,0,0,0,0,0,0,0,0,0,0,0,0,0,0,0,0,0,0,0,0,0,0,0,0,0,0,0,0,0,0,0,0,0,0,0,0,0,0,0,0,0,0,0,0,0,0,0,0,0,0,0,0,0,0,0,1,1,2,3,4,4,5,7,7,7,9,9,9,9,8,8,7,5,5,6,6,7,9,9,9,8,6,5,3,2,1,1,1,1,1,2,4,6,8,10,12,12,13,11,10,8,6,4,3,1,1,1,1,1,1,2,3,5,8,11,15,18,21,22,22,20,18,15,12,8,6,3,2,1,1,1,0,0,0,0,0,1,1,1,3,5,8,11,15,18,21,22,22,21,19,17,14,11,8,6,4,2,1,1,1,0,0,0,0,0,0,0,0,0,0,0,0,0,0,0,0,0,0,0,0,0,0,0,0,0,0,0,0,0,0,0,0,0,0,0,0,0,0,0,0,0,0,0,0,0,0,0,0,0,0,0,0,0,0,0,0,0,0,0,0,0,0,0,0,0,0,0,0,0,0,0,0,0,0,0,0,0,0,0,0,0,0,0,0,0,0,0,0,0,0,0,0,0,0,0,1,1,2,3,4,4,5,7,7,7,9,9,9,9,8,8,7,5,5,6,6,7,8,9,9,8,6,5,3,2,1,1,1,1,1,2,4,6,8,10,12,12,13,11,10,8,6,4,3,1,1,1,1,1,1,2,3,5,8,11,15,18,21,22,22,20,18,15,12,8,6,3,2,1,1,1,0,0,0,0,0,1,1,1,3,5,8,11,15,18,21,22,22,21,19,17,14,11,8,6,4,2,1,1,1,0,0,0,0,0,0,0,0,0,0,0,0,0,0,0,0,0,0,0,0,0,0,0,0,0,0,0,0,0,0,0,0
0,0,0,0,0,0,0,0,0,0,0,0,0,0,0,0,0,0,0,0,0,0,0,0,0,0,0,0,0,0,0,0,0,0,0,0,0,0,0,0,0,0,0,0,0,0,0,0,0,0,0,0,0,0,0,0,0,0,0,0,0,0,0,1,1,2,3,4,4,4,7,7,7,9,9,9,9,8,8,8,6,5,6,6,7,8,9,9,8,6,5,3,2,1,1,1,1,1,2,4,6,8,10,11,12,13,11,10,8,7,4,3,2,1,1,1,1,1,3,4,6,10,13,17,20,22,22,21,19,16,13,10,7,4,2,1,1,1,1,0,0,0,0,1,1,1,2,4,6,9,13,16,19,22,22,21,20,18,15,13,10,7,4,3,1,1,1,0,0,0,0,0,0,0,0,0,0,0,0,0,0,0,0,0,0,0,0,0,0,0,0,0,0,0,0,0,0,0,0,0,0,0,0,0,0,0,0,0,0,0,0,0,0,0,0,0,0,0,0,0,0,0,0,0,0,0,0,0,0,0,0,0,0,0,0,0,0,0,0,0,0,0,0,0,0,0,0,0,0,0,0,0,0,0,0,0,0,0,0,0,0,0,0,1,1,2,3,4,4,4,7,7,7,9,9,9,9,8,8,8,6,5,6,6,7,8,9,9,8,6,5,3,2,1,1,1,1,1,2,4,6,8,10,11,12,13,11,10,8,7,4,3,2,1,1,1,1,1,3,4,6,10,13,17,20,22,22,21,19,16,13,10,7,4,2,1,1,1,1,0,0,0,0,1,1,1,2,4,6,9,13,16,19,22,22,21,20,18,15,13,10,7,4,3,1,1,1,0,0,0,0,0,0,0,0,0,0,0,0,0,0,0,0,0,0,0,0,0,0,0,0,0,0,0,0,0,0,0,0,0
0,0,0,0,0,0,0,0,0,0,0,0,0,0,0,0,0,0,0,0,0,0,0,0,0,0,0,0,0,0,0,0,0,0,0,0,0,0,0,0,0,0,0,0,0,0,0,0,0,0,0,0,0,0,0,0,0,0,0,0,0,0,0,1,1,2,3,4,4,4,7,7,7,9,9,9,9,8,8,8,7,6,7,6,7,8,9,9,8,6,5,3,2,2,1,1,1,1,2,4,6,8,9,11,12,12,11,10,8,7,5,3,2,1,1,1,1,2,3,5,8,11,15,18,21,22,22,20,17,14,11,8,5,3,2,1,1,1,0,0,0,0,0,1,1,1,3,5,8,11,14,18,20,22,22,20,18,16,14,11,8,5,3,2,1,1,1,0,0,0,0,0,0,0,0,0,0,0,0,0,0,0,0,0,0,0,0,0,0,0,0,0,0,0,0,0,0,0,0,0,0,0,0,0,0,0,0,0,0,0,0,0,0,0,0,0,0,0,0,0,0,0,0,0,0,0,0,0,0,0,0,0,0,0,0,0,0,0,0,0,0,0,0,0,0,0,0,0,0,0,0,0,0,0,0,0,0,0,0,0,0,0,0,1,1,2,3,4,4,4,7,6,7,9,9,9,9,8,8,8,7,6,6,6,7,8,9,9,8,6,5,3,2,2,1,1,1,1,2,4,6,8,9,11,12,12,11,10,8,7,5,3,2,1,1,1,1,2,3,5,8,11,15,18,21,22,22,20,17,14,11,8,5,3,2,1,1,1,0,0,0,0,0,1,1,1,3,5,8,11,14,18,20,22,22,20,18,16,14,11,8,5,3,2,1,1,1,0,0,0,0,0,0,0,0,0,0,0,0,0,0,0,0,0,0,0,0,0,0,0,0,0,0,0,0,0,0,0,0,0
0,0,0,0,0,0,0,0,0,0,0,0,0,0,0,0,0,0,0,0,0,0,0,0,0,0,0,0,0,0,0,0,0,0,0,0,0,0,0,0,0,0,0,0,0,0,0,0,0,0,0,0,0,0,0,0,0,0,0,0,0,0,0,1,1,2,3,4,4,4,7,6,6,9,9,9,9,8,8,8,7,6,7,7,7,8,9,9,8,6,5,3,2,2,1,1,1,1,2,5,6,8,9,11,12,12,11,10,8,7,5,3,2,1,1,1,1,3,4,6,9,13,16,19,21,22,21,19,15,12,9,6,4,2,1,1,1,0,0,0,0,0,1,1,1,2,3,6,9,13,16,19,21,22,21,19,17,15,12,9,6,4,2,1,1,1,0,0,0,0,0,0,0,0,0,0,0,0,0,0,0,0,0,0,0,0,0,0,0,0,0,0,0,0,0,0,0,0,0,0,0,0,0,0,0,0,0,0,0,0,0,0,0,0,0,0,0,0,0,0,0,0,0,0,0,0,0,0,0,0,0,0,0,0,0,0,0,0,0,0,0,0,0,0,0,0,0,0,0,0,0,0,0,0,0,0,0,0,0,0,0,0,0,1,1,2,3,4,4,4,7,6,6,9,9,9,9,8,8,8,7,6,7,7,7,8,9,8,8,6,4,3,2,2,1,1,1,1,2,5,6,8,9,11,11,12,11,10,8,7,5,3,2,1,1,1,1,3,4,6,9,13,16,19,21,22,21,19,15,12,9,6,4,2,1,1,1,0,0,0,0,0,1,1,1,2,3,6,9,13,16,19,21,22,21,19,17,15,12,9,6,4,2,1,1,1,0,0,0,0,0,0,0,0,0,0,0,0,0,0,0,0,0,0,0,0,0,0,0,0,0,0,0,0,0,0,0,0,0,0
0,0,0,0,0,0,0,0,0,0,0,0,0,0,0,0,0,0,0,0,0,0,0,0,0,0,0,0,0,0,0,0,0,0,0,0,0,0,0,0,0,0,0,0,0,0,0,0,0,0,0,0,0,0,0,0,0,0,0,0,0,0,0,1,1,2,3,3,4,4,6,6,6,8,9,9,9,8,8,8,8,6,7,7,8,8,9,8,8,6,4,3,2,2,1,1,1,1,2,5,6,7,9,11,11,12,11,10,8,7,5,4,2,1,1,1,2,3,5,8,11,14,18,20,22,22,20,17,14,11,8,5,3,2,1,1,1,0,0,0,0,0,1,1,1,2,4,7,11,14,17,20,21,21,20,18,15,13,10,7,5,3,2,1,1,1,0,0,0,0,0,0,0,0,0,0,0,0,0,0,0,0,0,0,0,0,0,0,0,0,0,0,0,0,0,0,0,0,0,0,0,0,0,0,0,0,0,0,0,0,0,0,0,0,0,0,0,0,0,0,0,0,0,0,0,0,0,0,0,0,0,0,0,0,0,0,0,0,0,0,0,0,0,0,0,0,0,0,0,0,0,0,0,0,0,0,0,0,0,0,0,0,0,1,1,2,3,4,4,4,6,6,6,8,9,9,9,8,8,8,8,6,7,7,7,8,9,8,8,6,4,3,2,2,1,1,1,1,2,5,6,7,9,11,11,12,12,10,8,7,5,4,2,1,1,1,2,3,5,8,11,14,18,20,22,22,20,17,14,11,8,5,3,2,1,1,1,0,0,0,0,0,1,1,1,2,4,7,11,14,17,20,21,21,20,18,15,13,10,7,5,3,2,1,1,1,0,0,0,0,0,0,0,0,0,0,0,0,0,0,0,0,0,0,0,0,0,0,0,0,0,0,0,0,0,0,0,0,0,0
0,0,0,0,0,0,0,0,0,0,0,0,0,0,0,0,0,0,0,0,0,0,0,0,0,0,0,0,0,0,0,0,0,0,0,0,0,0,0,0,0,0,0,0,0,0,0,0,0,0,0,0,0,0,0,0,0,0,0,0,0,0,0,0,1,2,3,3,4,4,6,6,6,8,9,9,9,9,8,9,8,7,7,7,8,8,9,8,8,6,4,3,2,2,1,1,1,1,3,5,6,7,9,10,11,12,11,10,8,8,6,4,3,2,1,2,3,4,6,9,13,16,19,21,22,21,19,15,12,9,6,4,2,1,1,1,0,0,0,0,0,0,1,1,2,3,5,9,13,16,19,21,21,21,19,16,14,11,9,6,4,2,1,1,1,0,0,0,0,0,0,0,0,0,0,0,0,0,0,0,0,0,0,0,0,0,0,0,0,0,0,0,0,0,0,0,0,0,0,0,0,0,0,0,0,0,0,0,0,0,0,0,0,0,0,0,0,0,0,0,0,0,0,0,0,0,0,0,0,0,0,0,0,0,0,0,0,0,0,0,0,0,0,0,0,0,0,0,0,0,0,0,0,0,0,0,0,0,0,0,0,0,0,0,1,2,3,3,4,4,6,6,6,8,9,9,9,9,8,9,8,7,7,7,8,8,9,8,8,6,4,3,2,2,1,1,1,1,3,5,6,7,9,10,11,12,11,10,8,7,6,4,3,2,1,2,3,4,6,9,13,16,19,21,22,21,19,15,12,9,6,4,2,1,1,1,0,0,0,0,0,0,1,1,2,3,5,9,13,16,19,21,21,21,19,16,14,11,9,6,4,2,1,1,1,0,0,0,0,0,0,0,0,0,0,0,0,0,0,0,0,0,0,0,0,0,0,0,0,0,0,0,0,0,0,0,0,0,0,0
0,0,0,0,0,0,0,0,0,0,0,0,0,0,0,0,0,0,0,0,0,0,0,0,0,0,0,0,0,0,0,0,0,0,0,0,0,0,0,0,0,0,0,0,0,0,0,0,0,0,0,0,0,0,0,0,0,0,0,0,0,0,0,0,1,2,3,3,4,4,6,6,6,8,9,9,9,9,8,9,9,7,7,7,8,8,9,8,7,6,4,3,2,2,1,1,1,1,3,4,6,7,8,10,11,12,11,10,8,8,6,4,3,2,2,2,3,5,8,11,14,17,20,21,21,20,17,14,10,7,5,3,2,1,1,1,0,0,0,0,0,1,1,1,2,4,7,10,14,17,20,21,21,20,18,15,12,10,7,5,3,2,1,1,0,0,0,0,0,0,0,0,0,0,0,0,0,0,0,0,0,0,0,0,0,0,0,0,0,0,0,0,0,0,0,0,0,0,0,0,0,0,0,0,0,0,0,0,0,0,0,0,0,0,0,0,0,0,0,0,0,0,0,0,0,0,0,0,0,0,0,0,0,0,0,0,0,0,0,0,0,0,0,0,0,0,0,0,0,0,0,0,0,0,0,0,0,0,0,0,0,0,0,0,1,2,3,3,4,4,6,6,6,8,9,9,9,9,8,9,9,7,7,7,8,8,9,8,7,6,4,3,2,2,1,1,1,1,3,4,6,7,8,10,11,12,11,10,8,8,6,4,3,2,2,2,3,5,8,11,14,17,20,21,21,20,17,14,10,7,5,3,2,1,1,1,0,0,0,0,0,1,1,1,2,4,7,10,14,17,20,21,21,20,18,15,12,10,7,5,3,2,1,1,0,0,0,0,0,0,0,0,0,0,0,0,0,0,0,0,0,0,0,0,0,0,0,0,0,0,0,0,0,0,0,0,0,0,0,0
0,0,0,0,0,0,0,0,0,0,0,0,0,0,0,0,0,0,0,0,0,0,0,0,0,0,0,0,0,0,0,0,0,0,0,0,0,0,0,0,0,0,0,0,0,0,0,0,0,0,0,0,0,0,0,0,0,0,0,0,0,0,0,0,1,2,3,3,4,4,6,6,6,7,8,9,9,9,9,9,9,7,7,8,8,8,9,8,7,6,4,3,2,2,1,1,1,2,3,4,6,7,8,10,11,11,11,10,8,8,6,4,3,2,2,3,4,6,9,13,16,19,20,21,21,19,16,12,9,6,4,2,1,1,1,0,0,0,0,0,0,1,1,2,3,5,8,12,16,18,20,21,20,19,16,13,11,8,6,4,2,1,1,1,0,0,0,0,0,0,0,0,0,0,0,0,0,0,0,0,0,0,0,0,0,0,0,0,0,0,0,0,0,0,0,0,0,0,0,0,0,0,0,0,0,0,0,0,0,0,0,0,0,0,0,0,0,0,0,0,0,0,0,0,0,0,0,0,0,0,0,0,0,0,0,0,0,0,0,0,0,0,0,0,0,0,0,0,0,0,0,0,0,0,0,0,0,0,0,0,0,0,0,0,1,2,3,3,4,4,6,6,6,7,8,9,9,9,9,9,9,7,7,8,8,8,9,8,7,6,4,3,2,2,1,1,1,2,3,4,6,7,8,10,11,11,11,10,8,8,6,4,3,2,2,3,4,6,9,13,16,19,20,21,21,19,16,12,9,6,4,2,1,1,1,0,0,0,0,0,0,1,1,2,3,5,8,12,16,18,20,21,20,18,16,13,11,8,6,4,2,1,1,1,0,0,0,0,0,0,0,0,0,0,0,0,0,0,0,0,0,0,0,0,0,0,0,0,0,0,0,0,0,0,0,0,0,0,0,0
0,0,0,0,0,0,0,0,0,0,0,0,0,0,0,0,0,0,0,0,0,0,0,0,0,0,0,0,0,0,0,0,0,0,0,0,0,0,0,0,0,0,0,0,0,0,0,0,0,0,0,0,0,0,0,0,0,0,0,0,0,0,0,0,1,2,3,3,4,4,5,6,6,7,8,9,9,9,9,9,10,8,7,8,8,8,9,8,7,6,4,3,2,2,1,1,1,2,3,4,6,7,8,9,10,11,11,9,8,8,7,5,4,3,2,3,5,8,11,14,17,19,21,21,20,17,14,10,7,5,3,2,1,1,1,0,0,0,0,0,1,1,1,2,4,6,10,14,17,19,21,21,19,17,15,12,9,7,4,3,1,1,1,0,0,0,0,0,0,0,0,0,0,0,0,0,0,0,0,0,0,0,0,0,0,0,0,0,0,0,0,0,0,0,0,0,0,0,0,0,0,0,0,0,0,0,0,0,0,0,0,0,0,0,0,0,0,0,0,0,0,0,0,0,0,0,0,0,0,0,0,0,0,0,0,0,0,0,0,0,0,0,0,0,0,0,0,0,0,0,0,0,0,0,0,0,0,0,0,0,0,0,0,0,1,2,3,3,4,4,5,6,6,7,8,9,9,9,9,9,10,8,7,8,8,8,9,8,7,6,4,3,2,2,1,1,1,2,3,4,6,7,8,9,10,11,11,10,8,8,7,5,4,3,2,3,5,8,11,14,17,19,21,21,20,17,14,10,7,5,3,2,1,1,1,0,0,0,0,0,1,1,1,2,4,6,10,14,17,19,20,20,19,17,15,12,9,7,4,3,1,1,1,0,0,0,0,0,0,0,0,0,0,0,0,0,0,0,0,0,0,0,0,0,0,0,0,0,0,0,0,0,0,0,0,0,0,0,0,0
0,0,0,0,0,0,0,0,0,0,0,0,0,0,0,0,0,0,0,0,0,0,0,0,0,0,0,0,0,0,0,0,0,0,0,0,0,0,0,0,0,0,0,0,0,0,0,0,0,0,0,0,0,0,0,0,0,0,0,0,0,0,0,0,1,2,2,3,4,4,5,6,6,6,8,9,9,9,9,9,10,9,8,8,8,8,9,8,7,6,4,3,2,2,1,1,1,2,3,4,6,6,8,9,10,11,11,9,8,8,7,5,4,3,3,4,6,9,12,16,18,20,21,20,19,16,12,9,6,4,2,1,1,1,0,0,0,0,0,0,1,1,1,3,5,8,11,15,18,20,20,20,18,16,13,10,8,5,3,2,1,1,1,0,0,0,0,0,0,0,0,0,0,0,0,0,0,0,0,0,0,0,0,0,0,0,0,0,0,0,0,0,0,0,0,0,0,0,0,0,0,0,0,0,0,0,0,0,0,0,0,0,0,0,0,0,0,0,0,0,0,0,0,0,0,0,0,0,0,0,0,0,0,0,0,0,0,0,0,0,0,0,0,0,0,0,0,0,0,0,0,0,0,0,0,0,0,0,0,0,0,0,0,0,1,2,2,3,4,4,5,6,6,6,8,9,9,9,9,9,10,9,8,8,8,8,9,8,7,6,4,3,2,2,1,1,1,2,3,4,6,6,8,9,10,11,11,9,8,8,7,5,4,3,3,4,6,9,12,16,18,20,21,20,19,16,12,9,6,4,2,1,1,1,0,0,0,0,0,0,1,1,1,3,5,8,11,15,18,20,20,20,18,16,13,10,8,5,3,2,1,1,1,0,0,0,0,0,0,0,0,0,0,0,0,0,0,0,0,0,0,0,0,0,0,0,0,0,0,0,0,0,0,0,0,0,0,0,0,0
0,0,0,0,0,0,0,0,0,0,0,0,0,0,0,0,0,0,0,0,0,0,0,0,0,0,0,0,0,0,0,0,0,0,0,0,0,0,0,0,0,0,0,0,0,0,0,0,0,0,0,0,0,0,0,0,0,0,0,0,0,0,0,0,1,2,2,3,4,4,5,6,6,6,8,9,9,10,9,9,10,9,8,8,9,8,9,8,7,6,4,3,2,2,1,1,1,2,3,4,5,6,7,8,10,11,11,9,8,8,7,6,4,4,4,6,8,11,14,17,19,20,21,20,17,14,11,7,5,3,2,1,1,1,0,0,0,0,0,1,1,1,2,3,6,9,13,16,19,20,20,19,17,15,12,9,6,4,3,1,1,1,0,0,0,0,0,0,0,0,0,0,0,0,0,0,0,0,0,0,0,0,0,0,0,0,0,0,0,0,0,0,0,0,0,0,0,0,0,0,0,0,0,0,0,0,0,0,0,0,0,0,0,0,0,0,0,0,0,0,0,0,0,0,0,0,0,0,0,0,0,0,0,0,0,0,0,0,0,0,0,0,0,0,0,0,0,0,0,0,0,0,0,0,0,0,0,0,0,0,0,0,0,0,1,2,2,3,4,4,5,6,6,6,8,9,9,10,9,9,10,9,8,8,9,8,9,8,7,6,4,3,2,2,1,1,1,2,3,4,5,6,7,8,10,11,11,9,9,8,7,6,4,4,4,6,8,11,14,17,19,20,21,20,17,14,11,7,5,3,2,1,1,1,0,0,0,0,0,1,1,1,2,3,6,9,13,16,19,20,20,19,17,15,12,9,6,4,3,1,1,1,0,0,0,0,0,0,0,0,0,0,0,0,0,0,0,0,0,0,0,0,0,0,0,0,0,0,0,0,0,0,0,0,0,0,0,0,0,0
0,0,0,0,0,0,0,0,0,0,0,0,0,0,0,0,0,0,0,0,0,0,0,0,0,0,0,0,0,0,0,0,0,0,0,0,0,0,0,0,0,0,0,0,0,0,0,0,0,0,0,0,0,0,0,0,0,0,0,0,0,0,0,0,1,2,2,3,4,4,4,6,6,6,8,8,9,10,9,9,10,10,8,9,9,8,9,8,7,6,4,3,2,2,1,1,1,2,4,4,5,6,7,8,9,10,10,9,9,8,8,6,5,5,5,7,9,12,15,18,20,21,20,18,16,12,9,6,4,2,1,1,1,0,0,0,0,0,0,1,1,1,2,4,7,11,14,18,20,20,20,18,16,13,10,7,5,3,2,1,1,1,0,0,0,0,0,0,0,0,0,0,0,0,0,0,0,0,0,0,0,0,0,0,0,0,0,0,0,0,0,0,0,0,0,0,0,0,0,0,0,0,0,0,0,0,0,0,0,0,0,0,0,0,0,0,0,0,0,0,0,0,0,0,0,0,0,0,0,0,0,0,0,0,0,0,0,0,0,0,0,0,0,0,0,0,0,0,0,0,0,0,0,0,0,0,0,0,0,0,0,0,0,0,1,2,2,3,4,4,4,6,6,6,8,8,9,10,9,9,10,10,8,9,9,8,9,8,7,6,4,3,2,2,1,1,1,2,4,4,5,6,7,8,9,10,10,9,9,8,8,6,5,5,5,7,9,12,15,18,20,21,20,18,16,12,9,6,4,2,1,1,1,0,0,0,0,0,0,1,1,1,2,4,7,11,14,18,19,20,20,18,16,13,10,7,5,3,2,1,1,1,0,0,0,0,0,0,0,0,0,0,0,0,0,0,0,0,0,0,0,0,0,0,0,0,0,0,0,0,0,0,0,0,0,0,0,0,0,0
0,0,0,0,0,0,0,0,0,0,0,0,0,0,0,0,0,0,0,0,0,0,0,0,0,0,0,0,0,0,0,0,0,0,0,0,0,0,0,0,0,0,0,0,0,0,0,0,0,0,0,0,0,0,0,0,0,0,0,0,0,0,0,0,1,2,2,3,4,3,4,6,6,5,7,8,9,10,9,10,10,10,9,9,9,8,9,8,7,6,4,3,2,2,1,1,1,2,4,4,5,6,7,8,9,10,10,9,9,8,8,7,5,5,6,8,11,14,17,19,20,20,19,17,14,11,8,5,3,2,1,1,1,0,0,0,0,0,1,1,1,2,3,5,9,12,16,18,20,20,19,17,15,12,9,6,4,2,1,1,1,0,0,0,0,0,0,0,0,0,0,0,0,0,0,0,0,0,0,0,0,0,0,0,0,0,0,0,0,0,0,0,0,0,0,0,0,0,0,0,0,0,0,0,0,0,0,0,0,0,0,0,0,0,0,0,0,0,0,0,0,0,0,0,0,0,0,0,0,0,0,0,0,0,0,0,0,0,0,0,0,0,0,0,0,0,0,0,0,0,0,0,0,0,0,0,0,0,0,0,0,0,0,0,1,2,2,3,4,3,4,6,6,5,7,8,9,10,9,10,10,10,9,9,9,8,9,8,7,6,4,3,2,2,1,1,1,2,4,4,5,6,7,8,9,10,10,9,9,8,8,7,5,5,6,8,11,14,17,19,20,20,19,17,14,11,8,5,3,2,1,1,1,0,0,0,0,0,1,1,1,2,3,5,9,12,16,18,20,20,19,17,15,12,9,6,4,2,1,1,1,0,0,0,0,0,0,0,0,0,0,0,0,0,0,0,0,0,0,0,0,0,0,0,0,0,0,0,0,0,0,0,0,0,0,0,0,0,0,0
0,0,0,0,0,0,0,0,0,0,0,0,0,0,0,0,0,0,0,0,0,0,0,0,0,0,0,0,0,0,0,0,0,0,0,0,0,0,0,0,0,0,0,0,0,0,0,0,0,0,0,0,0,0,0,0,0,0,0,0,0,0,0,0,1,1,2,3,4,3,4,6,6,5,7,8,9,10,10,10,10,11,9,9,9,8,9,8,7,6,4,3,2,2,1,1,1,2,4,4,5,6,7,7,9,10,10,9,9,8,8,7,6,6,7,10,12,15,18,19,20,20,18,16,12,9,6,4,2,1,1,1,0,0,0,0,0,0,1,1,1,2,4,7,10,14,17,19,20,19,18,16,13,11,8,5,3,2,1,1,1,0,0,0,0,0,0,0,0,0,0,0,0,0,0,0,0,0,0,0,0,0,0,0,0,0,0,0,0,0,0,0,0,0,0,0,0,0,0,0,0,0,0,0,0,0,0,0,0,0,0,0,0,0,0,0,0,0,0,0,0,0,0,0,0,0,0,0,0,0,0,0,0,0,0,0,0,0,0,0,0,0,0,0,0,0,0,0,0,0,0,0,0,0,0,0,0,0,0,0,0,0,0,0,1,1,2,3,4,3,4,6,6,5,7,8,9,10,10,10,10,11,9,9,9,8,8,8,7,6,4,3,2,2,1,1,1,2,4,4,5,6,7,7,9,10,10,9,9,8,8,7,6,6,7,10,12,15,18,19,20,20,18,16,12,9,6,4,2,1,1,1,0,0,0,0,0,0,1,1,1,2,4,7,10,14,17,19,20,19,18,16,13,11,8,5,3,2,1,1,1,0,0,0,0,0,0,0,0,0,0,0,0,0,0,0,0,0,0,0,0,0,0,0,0,0,0,0,0,0,0,0,0,0,0,0,0,0,0,0
0,0,0,0,0,0,0,0,0,0,0,0,0,0,0,0,0,0,0,0,0,0,0,0,0,0,0,0,0,0,0,0,0,0,0,0,0,0,0,0,0,0,0,0,0,0,0,0,0,0,0,0,0,0,0,0,0,0,0,0,0,0,0,0,1,1,2,3,3,3,4,6,6,5,7,8,9,10,10,10,11,11,10,9,9,8,8,8,7,6,4,3,2,2,1,1,1,2,4,4,5,6,7,7,8,9,9,9,9,8,9,8,7,7,9,11,14,16,19,20,20,19,17,14,11,8,5,3,2,1,1,1,0,0,0,0,0,1,1,1,2,3,5,8,12,15,18,19,19,19,17,15,12,9,6,4,2,1,1,1,0,0,0,0,0,0,0,0,0,0,0,0,0,0,0,0,0,0,0,0,0,0,0,0,0,0,0,0,0,0,0,0,0,0,0,0,0,0,0,0,0,0,0,0,0,0,0,0,0,0,0,0,0,0,0,0,0,0,0,0,0,0,0,0,0,0,0,0,0,0,0,0,0,0,0,0,0,0,0,0,0,0,0,0,0,0,0,0,0,0,0,0,0,0,0,0,0,0,0,0,0,0,0,0,1,1,2,3,3,3,4,6,6,5,7,8,9,10,10,10,11,11,10,9,9,8,8,8,7,6,4,3,2,2,1,1,1,2,4,4,5,6,7,7,8,9,9,9,9,9,9,8,7,7,9,11,14,16,19,20,20,19,17,14,11,8,5,3,2,1,1,1,0,0,0,0,0,1,1,1,2,3,5,8,12,15,18,19,19,19,17,15,12,9,6,4,2,1,1,1,0,0,0,0,0,0,0,0,0,0,0,0,0,0,0,0,0,0,0,0,0,0,0,0,0,0,0,0,0,0,0,0,0,0,0,0,0,0,0,0
0,0,0,0,0,0,0,0,0,0,0,0,0,0,0,0,0,0,0,0,0,0,0,0,0,0,0,0,0,0,0,0,0,0,0,0,0,0,0,0,0,0,0,0,0,0,0,0,0,0,0,0,0,0,0,0,0,0,0,0,0,0,0,0,1,1,2,3,3,3,4,6,6,5,7,7,8,10,10,10,11,12,10,9,9,8,8,8,7,6,4,3,2,2,1,1,1,3,4,5,5,5,6,7,8,9,9,9,9,9,9,9,8,8,10,13,15,18,19,20,20,18,16,13,9,6,4,2,1,1,1,0,0,0,0,0,0,1,1,1,2,4,6,10,13,16,19,19,19,18,16,13,11,8,5,3,2,1,1,1,0,0,0,0,0,0,0,0,0,0,0,0,0,0,0,0,0,0,0,0,0,0,0,0,0,0,0,0,0,0,0,0,0,0,0,0,0,0,0,0,0,0,0,0,0,0,0,0,0,0,0,0,0,0,0,0,0,0,0,0,0,0,0,0,0,0,0,0,0,0,0,0,0,0,0,0,0,0,0,0,0,0,0,0,0,0,0,0,0,0,0,0,0,0,0,0,0,0,0,0,0,0,0,0,1,1,2,3,3,3,4,6,6,5,7,7,8,10,10,10,11,12,10,9,9,8,8,8,7,6,4,3,2,2,1,1,1,3,4,5,5,5,6,7,8,9,9,9,9,9,9,9,8,8,10,13,15,18,19,20,20,18,16,13,9,6,4,2,1,1,1,0,0,0,0,0,0,1,1,1,2,4,6,10,13,16,19,19,19,18,16,13,11,8,5,3,2,1,1,1,0,0,0,0,0,0,0,0,0,0,0,0,0,0,0,0,0,0,0,0,0,0,0,0,0,0,0,0,0,0,0,0,0,0,0,0,0,0,0,0
0,0,0,0,0,0,0,0,0,0,0,0,0,0,0,0,0,0,0,0,0,0,0,0,0,0,0,0,0,0,0,0,0,0,0,0,0,0,0,0,0,0,0,0,0,0,0,0,0,0,0,0,0,0,0,0,0,0,0,0,0,0,0,0,1,1,2,3,3,3,4,6,6,5,6,7,8,10,10,10,11,12,11,9,9,8,8,8,6,6,4,3,2,2,1,1,1,3,4,5,5,5,6,7,8,9,9,9,9,9,9,9,9,10,12,14,17,18,19,20,19,17,14,11,8,5,3,2,1,1,1,0,0,0,0,0,0,1,1,1,3,5,8,11,15,17,19,19,18,17,15,12,9,7,4,2,1,1,1,0,0,0,0,0,0,0,0,0,0,0,0,0,0,0,0,0,0,0,0,0,0,0,0,0,0,0,0,0,0,0,0,0,0,0,0,0,0,0,0,0,0,0,0,0,0,0,0,0,0,0,0,0,0,0,0,0,0,0,0,0,0,0,0,0,0,0,0,0,0,0,0,0,0,0,0,0,0,0,0,0,0,0,0,0,0,0,0,0,0,0,0,0,0,0,0,0,0,0,0,0,0,0,0,0,1,1,2,3,3,3,4,6,6,5,6,7,8,10,10,10,11,12,11,9,9,8,8,8,6,6,4,3,2,2,1,1,1,3,4,5,5,5,6,7,8,9,9,9,9,9,9,9,9,10,12,14,17,18,19,20,19,17,14,11,8,5,3,2,1,1,1,0,0,0,0,0,0,1,1,1,3,5,8,11,14,17,19,19,18,17,15,12,9,7,4,2,1,1,1,0,0,0,0,0,0,0,0,0,0,0,0,0,0,0,0,0,0,0,0,0,0,0,0,0,0,0,0,0,0,0,0,0,0,0,0,0,0,0,0,0
0,0,0,0,0,0,0,0,0,0,0,0,0,0,0,0,0,0,0,0,0,0,0,0,0,0,0,0,0,0,0,0,0,0,0,0,0,0,0,0,0,0,0,0,0,0,0,0,0,0,0,0,0,0,0,0,0,0,0,0,0,0,0,0,1,1,2,3,3,3,4,6,6,5,6,7,8,9,10,11,11,12,12,10,9,9,8,8,6,6,4,3,2,2,2,1,2,3,4,5,5,5,6,6,7,8,9,9,9,9,10,10,10,11,13,16,18,19,20,19,18,16,13,10,7,4,2,1,1,1,0,0,0,0,0,0,1,1,1,2,3,6,9,13,16,18,19,19,17,16,13,11,8,5,3,2,1,1,1,0,0,0,0,0,0,0,0,0,0,0,0,0,0,0,0,0,0,0,0,0,0,0,0,0,0,0,0,0,0,0,0,0,0,0,0,0,0,0,0,0,0,0,0,0,0,0,0,0,0,0,0,0,0,0,0,0,0,0,0,0,0,0,0,0,0,0,0,0,0,0,0,0,0,0,0,0,0,0,0,0,0,0,0,0,0,0,0,0,0,0,0,0,0,0,0,0,0,0,0,0,0,0,0,0,1,1,2,3,3,3,4,6,6,5,6,7,8,9,10,11,11,12,11,10,9,9,8,7,6,6,4,3,2,2,2,1,2,3,4,5,5,5,6,6,7,8,9,9,9,9,10,10,10,11,13,16,18,19,20,19,18,16,13,10,7,4,2,1,1,1,0,0,0,0,0,0,1,1,1,2,3,6,9,13,16,18,19,19,17,16,13,11,8,5,3,2,1,1,1,0,0,0,0,0,0,0,0,0,0,0,0,0,0,0,0,0,0,0,0,0,0,0,0,0,0,0,0,0,0,0,0,0,0,0,0,0,0,0,0,0
0,0,0,0,0,0,0,0,0,0,0,0,0,0,0,0,0,0,0,0,0,0,0,0,0,0,0,0,0,0,0,0,0,0,0,0,0,0,0,0,0,0,0,0,0,0,0,0,0,0,0,0,0,0,0,0,0,0,0,0,0,0,0,0,1,1,2,3,3,4,4,5,6,5,6,7,8,9,10,11,11,12,12,10,9,9,8,7,6,6,4,3,2,2,2,1,2,3,4,5,5,5,6,6,7,8,8,9,9,9,10,11,12,13,15,17,19,19,19,19,17,14,11,8,5,3,2,1,1,1,0,0,0,0,0,0,1,1,1,2,4,7,10,14,17,19,19,18,16,15,12,10,7,4,2,1,1,1,0,0,0,0,0,0,0,0,0,0,0,0,0,0,0,0,0,0,0,0,0,0,0,0,0,0,0,0,0,0,0,0,0,0,0,0,0,0,0,0,0,0,0,0,0,0,0,0,0,0,0,0,0,0,0,0,0,0,0,0,0,0,0,0,0,0,0,0,0,0,0,0,0,0,0,0,0,0,0,0,0,0,0,0,0,0,0,0,0,0,0,0,0,0,0,0,0,0,0,0,0,0,0,0,0,0,1,1,2,3,3,3,4,5,6,5,6,7,8,9,10,11,11,12,12,10,9,9,8,7,6,6,4,3,2,2,2,1,2,3,4,5,5,5,6,6,7,8,8,9,9,9,10,11,12,13,15,17,19,19,19,19,17,14,11,8,5,3,2,1,1,1,0,0,0,0,0,0,1,1,1,2,4,7,10,14,17,19,19,18,16,15,12,10,7,4,2,1,1,1,0,0,0,0,0,0,0,0,0,0,0,0,0,0,0,0,0,0,0,0,0,0,0,0,0,0,0,0,0,0,0,0,0,0,0,0,0,0,0,0,0,0
0,0,0,0,0,0,0,0,0,0,0,0,0,0,0,0,0,0,0,0,0,0,0,0,0,0,0,0,0,0,0,0,0,0,0,0,0,0,0,0,0,0,0,0,0,0,0,0,0,0,0,0,0,0,0,0,0,0,0,0,0,0,0,0,0,1,2,3,3,4,3,5,6,5,6,6,8,9,11,11,11,12,12,11,9,9,8,7,6,6,4,3,2,2,2,1,2,3,4,5,5,5,5,6,7,8,8,9,9,10,11,12,13,14,17,19,19,19,19,18,16,13,10,7,4,3,1,1,1,0,0,0,0,0,0,1,1,1,2,3,5,8,12,15,18,19,19,17,15,13,11,8,6,3,2,1,1,1,0,0,0,0,0,0,0,0,0,0,0,0,0,0,0,0,0,0,0,0,0,0,0,0,0,0,0,0,0,0,0,0,0,0,0,0,0,0,0,0,0,0,0,0,0,0,0,0,0,0,0,0,0,0,0,0,0,0,0,0,0,0,0,0,0,0,0,0,0,0,0,0,0,0,0,0,0,0,0,0,0,0,0,0,0,0,0,0,0,0,0,0,0,0,0,0,0,0,0,0,0,0,0,0,0,0,0,1,2,3,3,4,3,5,6,5,6,6,8,9,11,11,11,12,12,10,9,9,8,7,6,6,4,3,2,2,2,1,2,3,4,5,5,5,5,6,7,8,8,9,9,10,11,12,13,14,17,19,19,19,19,18,16,13,10,7,4,3,1,1,1,0,0,0,0,0,0,1,1,1,2,3,5,8,12,15,18,19,19,17,15,13,11,8,6,3,2,1,1,1,0,0,0,0,0,0,0,0,0,0,0,0,0,0,0,0,0,0,0,0,0,0,0,0,0,0,0,0,0,0,0,0,0,0,0,0,0,0,0,0,0,0
0,0,0,0,0,0,0,0,0,0,0,0,0,0,0,0,0,0,0,0,0,0,0,0,0,0,0,0,0,0,0,0,0,0,0,0,0,0,0,0,0,0,0,0,0,0,0,0,0,0,0,0,0,0,0,0,0,0,0,0,0,0,0,0,0,1,2,2,3,4,3,5,5,5,5,6,7,9,11,11,11,12,13,11,9,9,8,7,6,5,4,3,2,2,2,1,2,4,4,5,5,5,5,6,6,7,8,9,9,10,11,13,15,16,18,20,20,19,19,17,14,11,8,6,3,2,1,1,1,0,0,0,0,0,0,1,1,1,2,4,6,10,13,16,18,19,18,17,14,12,10,7,5,3,1,1,1,0,0,0,0,0,0,0,0,0,0,0,0,0,0,0,0,0,0,0,0,0,0,0,0,0,0,0,0,0,0,0,0,0,0,0,0,0,0,0,0,0,0,0,0,0,0,0,0,0,0,0,0,0,0,0,0,0,0,0,0,0,0,0,0,0,0,0,0,0,0,0,0,0,0,0,0,0,0,0,0,0,0,0,0,0,0,0,0,0,0,0,0,0,0,0,0,0,0,0,0,0,0,0,0,0,0,0,0,1,2,2,3,4,3,5,5,5,5,6,7,9,11,11,11,12,13,11,9,9,8,7,6,5,4,3,2,2,2,1,2,4,4,5,5,5,5,6,6,7,8,9,9,10,11,13,15,16,18,20,20,19,19,17,14,11,8,6,3,2,1,1,1,0,0,0,0,0,0,1,1,1,2,4,6,10,13,16,18,19,18,17,14,12,10,7,5,3,1,1,1,0,0,0,0,0,0,0,0,0,0,0,0,0,0,0,0,0,0,0,0,0,0,0,0,0,0,0,0,0,0,0,0,0,0,0,0,0,0,0,0,0,0,0
0,0,0,0,0,0,0,0,0,0,0,0,0,0,0,0,0,0,0,0,0,0,0,0,0,0,0,0,0,0,0,0,0,0,0,0,0,0,0,0,0,0,0,0,0,0,0,0,0,0,0,0,0,0,0,0,0,0,0,0,0,0,0,0,0,1,2,2,3,4,3,5,5,5,5,6,7,9,11,11,12,12,13,12,10,9,8,8,6,5,4,3,2,2,2,1,2,4,4,5,5,5,5,6,6,7,7,8,10,11,12,14,16,18,19,20,20,19,18,16,13,10,7,5,3,1,1,1,0,0,0,0,0,0,0,1,1,2,3,5,7,11,15,17,18,18,17,16,13,11,9,6,4,2,1,1,1,0,0,0,0,0,0,0,0,0,0,0,0,0,0,0,0,0,0,0,0,0,0,0,0,0,0,0,0,0,0,0,0,0,0,0,0,0,0,0,0,0,0,0,0,0,0,0,0,0,0,0,0,0,0,0,0,0,0,0,0,0,0,0,0,0,0,0,0,0,0,0,0,0,0,0,0,0,0,0,0,0,0,0,0,0,0,0,0,0,0,0,0,0,0,0,0,0,0,0,0,0,0,0,0,0,0,0,0,1,2,2,3,4,3,5,5,5,5,6,7,9,11,11,12,12,13,12,10,9,8,7,6,5,4,3,2,2,2,1,2,4,4,5,5,5,5,6,6,7,7,9,10,11,12,14,16,18,19,20,20,19,18,16,13,10,7,5,3,1,1,1,0,0,0,0,0,0,0,1,1,2,3,5,7,11,15,17,18,18,17,16,13,11,9,6,4,2,1,1,1,0,0,0,0,0,0,0,0,0,0,0,0,0,0,0,0,0,0,0,0,0,0,0,0,0,0,0,0,0,0,0,0,0,0,0,0,0,0,0,0,0,0,0
0,0,0,0,0,0,0,0,0,0,0,0,0,0,0,0,0,0,0,0,0,0,0,0,0,0,0,0,0,0,0,0,0,0,0,0,0,0,0,0,0,0,0,0,0,0,0,0,0,0,0,0,0,0,0,0,0,0,0,0,0,0,0,0,0,1,2,2,3,4,3,4,5,5,5,6,7,8,11,11,12,12,13,12,10,10,9,8,6,5,4,3,2,2,2,1,2,4,4,5,5,5,5,5,6,6,7,8,10,11,13,15,18,19,20,21,20,19,17,14,12,9,6,4,2,1,1,1,0,0,0,0,0,0,1,1,1,2,3,6,9,12,16,18,18,18,17,15,12,10,7,5,3,1,1,1,0,0,0,0,0,0,0,0,0,0,0,0,0,0,0,0,0,0,0,0,0,0,0,0,0,0,0,0,0,0,0,0,0,0,0,0,0,0,0,0,0,0,0,0,0,0,0,0,0,0,0,0,0,0,0,0,0,0,0,0,0,0,0,0,0,0,0,0,0,0,0,0,0,0,0,0,0,0,0,0,0,0,0,0,0,0,0,0,0,0,0,0,0,0,0,0,0,0,0,0,0,0,0,0,0,0,0,0,0,1,2,2,3,4,3,4,5,5,5,6,7,8,11,11,12,12,13,12,10,9,8,7,6,5,4,3,2,2,2,1,2,4,4,5,5,5,5,5,6,6,7,8,10,11,13,15,18,19,20,21,20,19,17,14,12,9,6,4,2,1,1,1,0,0,0,0,0,0,1,1,1,2,3,6,9,12,16,18,18,18,17,15,12,10,7,5,3,1,1,1,0,0,0,0,0,0,0,0,0,0,0,0,0,0,0,0,0,0,0,0,0,0,0,0,0,0,0,0,0,0,0,0,0,0,0,0,0,0,0,0,0,0,0,0
0,0,0,0,0,0,0,0,0,0,0,0,0,0,0,0,0,0,0,0,0,0,0,0,0,0,0,0,0,0,0,0,0,0,0,0,0,0,0,0,0,0,0,0,0,0,0,0,0,0,0,0,0,0,0,0,0,0,0,0,0,0,0,0,0,1,2,2,3,4,3,4,5,5,5,6,6,8,10,12,12,13,13,13,10,10,9,8,6,5,4,3,2,2,2,2,2,4,4,5,5,5,5,5,6,6,7,8,10,12,14,16,19,21,21,21,20,18,16,13,10,7,5,3,2,1,1,0,0,0,0,0,0,0,1,1,1,2,4,7,10,14,17,18,18,17,16,14,11,9,6,4,2,1,1,1,0,0,0,0,0,0,0,0,0,0,0,0,0,0,0,0,0,0,0,0,0,0,0,0,0,0,0,0,0,0,0,0,0,0,0,0,0,0,0,0,0,0,0,0,0,0,0,0,0,0,0,0,0,0,0,0,0,0,0,0,0,0,0,0,0,0,0,0,0,0,0,0,0,0,0,0,0,0,0,0,0,0,0,0,0,0,0,0,0,0,0,0,0,0,0,0,0,0,0,0,0,0,0,0,0,0,0,0,0,1,2,2,3,4,3,4,5,5,5,6,6,8,10,12,12,13,13,13,10,10,9,8,6,5,4,3,2,2,2,2,2,4,4,5,5,5,5,5,6,6,7,8,10,12,14,16,19,21,21,21,20,18,16,13,10,7,5,3,2,1,1,0,0,0,0,0,0,0,1,1,1,2,4,7,10,14,17,18,18,17,16,14,11,9,6,4,2,1,1,1,0,0,0,0,0,0,0,0,0,0,0,0,0,0,0,0,0,0,0,0,0,0,0,0,0,0,0,0,0,0,0,0,0,0,0,0,0,0,0,0,0,0,0,0
0,0,0,0,0,0,0,0,0,0,0,0,0,0,0,0,0,0,0,0,0,0,0,0,0,0,0,0,0,0,0,0,0,0,0,0,0,0,0,0,0,0,0,0,0,0,0,0,0,0,0,0,0,0,0,0,0,0,0,0,0,0,0,0,0,1,2,2,3,4,3,4,5,5,5,6,6,8,10,12,12,13,13,13,11,10,9,8,6,5,4,3,2,2,2,2,3,4,4,5,5,5,4,5,5,6,6,8,11,13,15,18,21,22,22,21,20,17,15,12,9,6,4,2,1,1,1,0,0,0,0,0,0,1,1,1,2,3,5,8,11,15,17,18,18,17,15,13,10,8,5,3,2,1,1,0,0,0,0,0,0,0,0,0,0,0,0,0,0,0,0,0,0,0,0,0,0,0,0,0,0,0,0,0,0,0,0,0,0,0,0,0,0,0,0,0,0,0,0,0,0,0,0,0,0,0,0,0,0,0,0,0,0,0,0,0,0,0,0,0,0,0,0,0,0,0,0,0,0,0,0,0,0,0,0,0,0,0,0,0,0,0,0,0,0,0,0,0,0,0,0,0,0,0,0,0,0,0,0,0,0,0,0,0,0,1,2,2,3,4,3,4,5,5,5,6,6,8,10,12,12,13,13,13,11,10,9,8,6,5,4,3,2,2,2,2,3,4,4,5,5,5,4,5,5,6,6,8,11,13,15,18,21,22,22,21,20,17,15,12,9,6,4,2,1,1,1,0,0,0,0,0,0,1,1,1,2,3,5,8,11,15,17,18,18,17,15,13,10,8,5,3,2,1,1,0,0,0,0,0,0,0,0,0,0,0,0,0,0,0,0,0,0,0,0,0,0,0,0,0,0,0,0,0,0,0,0,0,0,0,0,0,0,0,0,0,0,0,0,0
0,0,0,0,0,0,0,0,0,0,0,0,0,0,0,0,0,0,0,0,0,0,0,0,0,0,0,0,0,0,0,0,0,0,0,0,0,0,0,0,0,0,0,0,0,0,0,0,0,0,0,0,0,0,0,0,0,0,0,0,0,0,0,0,0,1,2,2,2,4,3,4,5,5,4,6,6,7,10,12,12,13,13,13,11,10,9,8,6,5,5,3,2,2,2,2,3,4,4,5,5,5,4,5,5,5,6,8,11,13,16,19,22,23,23,21,19,16,13,10,8,5,3,2,1,1,1,0,0,0,0,0,0,1,1,1,2,4,6,9,13,16,18,18,17,16,14,11,9,6,4,2,1,1,1,0,0,0,0,0,0,0,0,0,0,0,0,0,0,0,0,0,0,0,0,0,0,0,0,0,0,0,0,0,0,0,0,0,0,0,0,0,0,0,0,0,0,0,0,0,0,0,0,0,0,0,0,0,0,0,0,0,0,0,0,0,0,0,0,0,0,0,0,0,0,0,0,0,0,0,0,0,0,0,0,0,0,0,0,0,0,0,0,0,0,0,0,0,0,0,0,0,0,0,0,0,0,0,0,0,0,0,0,0,0,1,2,2,3,4,3,4,5,5,4,6,6,7,10,12,12,13,13,13,11,10,9,8,6,5,5,3,2,2,2,2,3,4,4,5,5,5,4,5,5,5,6,8,11,13,16,19,22,23,23,21,19,16,13,10,8,5,3,2,1,1,1,0,0,0,0,0,0,1,1,1,2,4,6,9,13,16,18,18,17,16,14,11,9,6,4,2,1,1,1,0,0,0,0,0,0,0,0,0,0,0,0,0,0,0,0,0,0,0,0,0,0,0,0,0,0,0,0,0,0,0,0,0,0,0,0,0,0,0,0,0,0,0,0,0
0,0,0,0,0,0,0,0,0,0,0,0,0,0,0,0,0,0,0,0,0,0,0,0,0,0,0,0,0,0,0,0,0,0,0,0,0,0,0,0,0,0,0,0,0,0,0,0,0,0,0,0,0,0,0,0,0,0,0,0,0,0,0,0,0,1,1,2,3,3,3,4,5,5,4,6,6,7,10,12,13,13,13,13,12,10,9,8,6,5,5,3,2,2,2,2,3,4,4,5,5,5,4,4,5,5,6,8,12,14,17,20,23,24,23,21,19,15,12,9,7,4,2,1,1,1,0,0,0,0,0,0,0,1,1,2,3,5,7,11,14,17,18,18,17,15,13,10,8,5,3,2,1,1,0,0,0,0,0,0,0,0,0,0,0,0,0,0,0,0,0,0,0,0,0,0,0,0,0,0,0,0,0,0,0,0,0,0,0,0,0,0,0,0,0,0,0,0,0,0,0,0,0,0,0,0,0,0,0,0,0,0,0,0,0,0,0,0,0,0,0,0,0,0,0,0,0,0,0,0,0,0,0,0,0,0,0,0,0,0,0,0,0,0,0,0,0,0,0,0,0,0,0,0,0,0,0,0,0,0,0,0,0,0,0,1,1,2,3,3,3,4,5,5,4,6,6,7,10,12,13,13,13,13,12,10,9,8,6,5,5,3,2,2,2,2,3,4,4,5,5,5,4,4,5,5,6,8,12,14,17,20,23,24,23,21,19,15,12,9,7,4,2,1,1,1,0,0,0,0,0,0,0,1,1,2,3,5,7,11,14,17,18,18,17,15,13,10,8,5,3,2,1,1,0,0,0,0,0,0,0,0,0,0,0,0,0,0,0,0,0,0,0,0,0,0,0,0,0,0,0,0,0,0,0,0,0,0,0,0,0,0,0,0,0,0,0,0,0,0
0,0,0,0,0,0,0,0,0,0,0,0,0,0,0,0,0,0,0,0,0,0,0,0,0,0,0,0,0,0,0,0,0,0,0,0,0,0,0,0,0,0,0,0,0,0,0,0,0,0,0,0,0,0,0,0,0,0,0,0,0,0,0,0,0,1,1,2,3,3,3,4,5,5,4,6,6,7,10,12,13,13,13,14,12,10,9,8,6,5,5,3,3,2,2,2,3,4,5,5,5,5,4,4,5,5,6,9,12,15,18,21,24,25,23,20,18,14,11,8,6,3,2,1,1,1,0,0,0,0,0,0,1,1,1,2,3,6,9,12,15,17,18,17,16,14,12,9,7,4,3,1,1,1,0,0,0,0,0,0,0,0,0,0,0,0,0,0,0,0,0,0,0,0,0,0,0,0,0,0,0,0,0,0,0,0,0,0,0,0,0,0,0,0,0,0,0,0,0,0,0,0,0,0,0,0,0,0,0,0,0,0,0,0,0,0,0,0,0,0,0,0,0,0,0,0,0,0,0,0,0,0,0,0,0,0,0,0,0,0,0,0,0,0,0,0,0,0,0,0,0,0,0,0,0,0,0,0,0,0,0,0,0,0,0,1,1,2,3,3,3,4,5,5,4,6,6,7,10,12,13,13,13,14,12,10,9,8,6,5,5,3,3,2,2,2,3,4,5,5,5,5,4,4,5,5,6,9,12,15,18,21,24,25,23,20,18,14,11,8,6,3,2,1,1,1,0,0,0,0,0,0,1,1,1,2,3,6,9,12,15,17,18,17,16,14,12,9,7,4,3,1,1,1,0,0,0,0,0,0,0,0,0,0,0,0,0,0,0,0,0,0,0,0,0,0,0,0,0,0,0,0,0,0,0,0,0,0,0,0,0,0,0,0,0,0,0,0,0,0
0,0,0,0,0,0,0,0,0,0,0,0,0,0,0,0,0,0,0,0,0,0,0,0,0,0,0,0,0,0,0,0,0,0,0,0,0,0,0,0,0,0,0,0,0,0,0,0,0,0,0,0,0,0,0,0,0,0,0,0,0,0,0,0,0,1,1,2,3,3,4,4,5,5,4,6,5,7,9,11,13,13,13,14,13,10,9,8,6,5,5,3,3,3,2,3,3,4,5,5,5,5,4,4,4,5,6,9,13,16,19,23,25,25,23,20,17,13,10,7,5,3,1,1,1,0,0,0,0,0,0,0,1,1,1,3,4,7,10,13,16,17,17,17,15,13,11,8,6,4,2,1,1,1,0,0,0,0,0,0,0,0,0,0,0,0,0,0,0,0,0,0,0,0,0,0,0,0,0,0,0,0,0,0,0,0,0,0,0,0,0,0,0,0,0,0,0,0,0,0,0,0,0,0,0,0,0,0,0,0,0,0,0,0,0,0,0,0,0,0,0,0,0,0,0,0,0,0,0,0,0,0,0,0,0,0,0,0,0,0,0,0,0,0,0,0,0,0,0,0,0,0,0,0,0,0,0,0,0,0,0,0,0,0,0,1,1,2,3,3,4,4,5,5,4,6,5,7,9,11,13,13,13,14,12,10,9,8,6,5,5,3,3,3,2,3,3,4,5,5,5,5,4,4,4,5,6,9,13,16,19,23,25,25,23,20,17,13,10,7,5,3,1,1,1,0,0,0,0,0,0,0,1,1,1,3,4,7,10,13,16,17,17,17,15,13,11,8,6,4,2,1,1,1,0,0,0,0,0,0,0,0,0,0,0,0,0,0,0,0,0,0,0,0,0,0,0,0,0,0,0,0,0,0,0,0,0,0,0,0,0,0,0,0,0,0,0,0,0,0
0,0,0,0,0,0,0,0,0,0,0,0,0,0,0,0,0,0,0,0,0,0,0,0,0,0,0,0,0,0,0,0,0,0,0,0,0,0,0,0,0,0,0,0,0,0,0,0,0,0,0,0,0,0,0,0,0,0,0,0,0,0,0,0,0,1,1,2,3,3,4,4,5,5,4,5,5,6,9,11,13,14,13,14,13,10,9,8,6,5,5,3,3,3,2,3,4,4,5,5,5,5,4,4,4,5,6,9,13,17,21,24,25,26,23,19,16,12,9,6,4,2,1,1,1,0,0,0,0,0,0,0,1,1,2,3,5,8,11,14,16,17,17,16,14,12,10,7,5,3,1,1,1,0,0,0,0,0,0,0,0,0,0,0,0,0,0,0,0,0,0,0,0,0,0,0,0,0,0,0,0,0,0,0,0,0,0,0,0,0,0,0,0,0,0,0,0,0,0,0,0,0,0,0,0,0,0,0,0,0,0,0,0,0,0,0,0,0,0,0,0,0,0,0,0,0,0,0,0,0,0,0,0,0,0,0,0,0,0,0,0,0,0,0,0,0,0,0,0,0,0,0,0,0,0,0,0,0,0,0,0,0,0,0,0,1,1,2,3,3,4,4,5,5,4,5,5,6,9,11,13,14,13,14,13,10,9,8,6,5,5,3,3,3,2,3,4,4,5,5,5,5,4,4,4,5,6,9,13,17,21,24,25,26,23,19,16,12,9,6,4,2,1,1,1,0,0,0,0,0,0,0,1,1,2,3,5,8,11,14,17,17,17,16,14,12,10,7,5,3,1,1,1,0,0,0,0,0,0,0,0,0,0,0,0,0,0,0,0,0,0,0,0,0,0,0,0,0,0,0,0,0,0,0,0,0,0,0,0,0,0,0,0,0,0,0,0,0,0,0
0,0,0,0,0,0,0,0,0,0,0,0,0,0,0,0,0,0,0,0,0,0,0,0,0,0,0,0,0,0,0,0,0,0,0,0,0,0,0,0,0,0,0,0,0,0,0,0,0,0,0,0,0,0,0,0,0,0,0,0,0,0,0,0,0,1,1,2,3,3,4,4,5,5,4,5,5,6,9,11,13,14,14,13,13,10,9,8,7,5,5,3,3,3,3,3,4,4,5,5,5,5,4,4,4,5,6,10,14,18,22,24,26,26,23,18,15,11,8,5,3,2,1,1,0,0,0,0,0,0,0,1,1,1,2,4,6,9,12,15,17,17,16,15,13,11,9,6,4,2,1,1,1,0,0,0,0,0,0,0,0,0,0,0,0,0,0,0,0,0,0,0,0,0,0,0,0,0,0,0,0,0,0,0,0,0,0,0,0,0,0,0,0,0,0,0,0,0,0,0,0,0,0,0,0,0,0,0,0,0,0,0,0,0,0,0,0,0,0,0,0,0,0,0,0,0,0,0,0,0,0,0,0,0,0,0,0,0,0,0,0,0,0,0,0,0,0,0,0,0,0,0,0,0,0,0,0,0,0,0,0,0,0,0,0,1,1,2,3,3,4,4,5,5,4,5,5,6,9,11,13,14,14,13,13,10,9,8,7,5,5,3,3,3,3,3,4,4,5,5,5,5,4,4,4,5,7,10,14,18,22,24,26,26,23,18,15,11,8,5,3,2,1,1,0,0,0,0,0,0,0,1,1,1,2,4,6,9,12,15,17,17,16,15,13,11,9,6,4,2,1,1,1,0,0,0,0,0,0,0,0,0,0,0,0,0,0,0,0,0,0,0,0,0,0,0,0,0,0,0,0,0,0,0,0,0,0,0,0,0,0,0,0,0,0,0,0,0,0,0
0,0,0,0,0,0,0,0,0,0,0,0,0,0,0,0,0,0,0,0,0,0,0,0,0,0,0,0,0,0,0,0,0,0,0,0,0,0,0,0,0,0,0,0,0,0,0,0,0,0,0,0,0,0,0,0,0,0,0,0,0,0,0,0,0,1,1,2,2,3,4,3,5,5,4,5,5,6,8,11,13,14,14,13,13,11,9,8,7,5,5,4,3,3,3,3,4,4,5,5,5,5,4,4,4,5,7,10,15,19,23,25,26,25,23,18,14,11,7,4,2,1,1,1,0,0,0,0,0,0,0,1,1,1,3,5,7,10,13,16,17,17,16,14,12,10,8,5,3,2,1,1,0,0,0,0,0,0,0,0,0,0,0,0,0,0,0,0,0,0,0,0,0,0,0,0,0,0,0,0,0,0,0,0,0,0,0,0,0,0,0,0,0,0,0,0,0,0,0,0,0,0,0,0,0,0,0,0,0,0,0,0,0,0,0,0,0,0,0,0,0,0,0,0,0,0,0,0,0,0,0,0,0,0,0,0,0,0,0,0,0,0,0,0,0,0,0,0,0,0,0,0,0,0,0,0,0,0,0,0,0,0,0,0,0,1,1,2,2,3,4,3,5,5,4,5,5,6,8,11,13,14,14,13,13,11,9,8,7,5,5,4,3,3,3,3,4,4,5,5,5,5,4,4,4,5,7,10,15,19,23,25,26,25,23,18,14,11,7,4,2,1,1,1,0,0,0,0,0,0,0,1,1,1,3,5,7,10,13,16,17,17,16,14,12,10,8,5,3,2,1,1,0,0,0,0,0,0,0,0,0,0,0,0,0,0,0,0,0,0,0,0,0,0,0,0,0,0,0,0,0,0,0,0,0,0,0,0,0,0,0,0,0,0,0,0,0,0,0,0
0,0,0,0,0,0,0,0,0,0,0,0,0,0,0,0,0,0,0,0,0,0,0,0,0,0,0,0,0,0,0,0,0,0,0,0,0,0,0,0,0,0,0,0,0,0,0,0,0,0,0,0,0,0,0,0,0,0,0,0,0,0,0,0,0,1,1,2,2,3,4,3,5,5,4,5,6,6,8,11,13,14,14,13,14,11,9,8,7,5,5,4,3,3,3,3,4,4,5,5,5,4,4,4,4,5,7,11,16,20,24,26,26,25,22,17,13,10,6,4,2,1,1,1,0,0,0,0,0,0,0,1,1,2,3,6,8,11,14,16,17,16,15,13,12,9,7,4,2,1,1,1,0,0,0,0,0,0,0,0,0,0,0,0,0,0,0,0,0,0,0,0,0,0,0,0,0,0,0,0,0,0,0,0,0,0,0,0,0,0,0,0,0,0,0,0,0,0,0,0,0,0,0,0,0,0,0,0,0,0,0,0,0,0,0,0,0,0,0,0,0,0,0,0,0,0,0,0,0,0,0,0,0,0,0,0,0,0,0,0,0,0,0,0,0,0,0,0,0,0,0,0,0,0,0,0,0,0,0,0,0,0,0,0,0,1,1,2,2,3,4,3,5,5,4,5,5,6,8,11,13,14,14,13,13,11,9,8,7,5,5,4,3,3,3,3,4,4,5,5,5,4,4,4,4,5,7,11,16,20,24,26,26,25,22,17,13,10,6,4,2,1,1,1,0,0,0,0,0,0,0,1,1,2,3,6,8,11,14,16,17,16,15,13,12,9,7,4,2,1,1,1,0,0,0,0,0,0,0,0,0,0,0,0,0,0,0,0,0,0,0,0,0,0,0,0,0,0,0,0,0,0,0,0,0,0,0,0,0,0,0,0,0,0,0,0,0,0,0,0
0,0,0,0,0,0,0,0,0,0,0,0,0,0,0,0,0,0,0,0,0,0,0,0,0,0,0,0,0,0,0,0,0,0,0,0,0,0,0,0,0,0,0,0,0,0,0,0,0,0,0,0,0,0,0,0,0,0,0,0,0,0,0,0,0,0,1,2,2,3,4,3,5,5,4,5,6,6,8,11,13,14,14,13,14,12,9,8,7,5,5,4,3,3,3,4,4,4,5,5,5,4,4,4,4,5,8,12,16,20,24,26,26,24,21,16,12,9,6,3,1,1,1,0,0,0,0,0,0,0,1,1,1,2,4,7,10,13,15,17,17,16,14,13,11,8,6,4,2,1,1,1,0,0,0,0,0,0,0,0,0,0,0,0,0,0,0,0,0,0,0,0,0,0,0,0,0,0,0,0,0,0,0,0,0,0,0,0,0,0,0,0,0,0,0,0,0,0,0,0,0,0,0,0,0,0,0,0,0,0,0,0,0,0,0,0,0,0,0,0,0,0,0,0,0,0,0,0,0,0,0,0,0,0,0,0,0,0,0,0,0,0,0,0,0,0,0,0,0,0,0,0,0,0,0,0,0,0,0,0,0,0,0,0,0,0,1,2,2,3,4,3,5,5,4,5,6,6,8,11,13,14,14,13,14,12,9,8,7,5,5,4,3,3,3,4,4,4,5,5,5,4,4,4,4,5,8,12,16,20,24,26,26,24,21,16,12,9,6,3,1,1,1,0,0,0,0,0,0,0,1,1,1,2,4,7,10,13,15,17,17,16,14,13,11,8,6,4,2,1,1,1,0,0,0,0,0,0,0,0,0,0,0,0,0,0,0,0,0,0,0,0,0,0,0,0,0,0,0,0,0,0,0,0,0,0,0,0,0,0,0,0,0,0,0,0,0,0,0,0
0,0,0,0,0,0,0,0,0,0,0,0,0,0,0,0,0,0,0,0,0,0,0,0,0,0,0,0,0,0,0,0,0,0,0,0,0,0,0,0,0,0,0,0,0,0,0,0,0,0,0,0,0,0,0,0,0,0,0,0,0,0,0,0,0,0,1,2,2,2,4,3,4,5,4,4,6,6,7,10,13,14,14,13,13,12,9,8,7,5,5,4,3,3,3,4,4,4,5,5,5,4,4,4,4,5,8,12,17,21,25,26,26,24,21,15,12,8,5,3,1,1,1,0,0,0,0,0,0,0,1,1,1,3,5,8,11,13,16,17,16,15,14,12,10,8,5,3,1,1,1,0,0,0,0,0,0,0,0,0,0,0,0,0,0,0,0,0,0,0,0,0,0,0,0,0,0,0,0,0,0,0,0,0,0,0,0,0,0,0,0,0,0,0,0,0,0,0,0,0,0,0,0,0,0,0,0,0,0,0,0,0,0,0,0,0,0,0,0,0,0,0,0,0,0,0,0,0,0,0,0,0,0,0,0,0,0,0,0,0,0,0,0,0,0,0,0,0,0,0,0,0,0,0,0,0,0,0,0,0,0,0,0,0,0,0,1,2,2,3,4,3,4,5,4,4,6,6,7,10,13,14,14,13,13,12,9,8,7,5,5,4,3,3,3,4,4,4,5,5,5,4,4,4,4,5,8,12,17,21,25,26,26,24,21,15,12,8,5,3,1,1,1,0,0,0,0,0,0,0,1,1,1,3,5,8,11,13,16,17,17,15,14,12,10,8,5,3,1,1,1,0,0,0,0,0,0,0,0,0,0,0,0,0,0,0,0,0,0,0,0,0,0,0,0,0,0,0,0,0,0,0,0,0,0,0,0,0,0,0,0,0,0,0,0,0,0,0,0,0
0,0,0,0,0,0,0,0,0,0,0,0,0,0,0,0,0,0,0,0,0,0,0,0,0,0,0,0,0,0,0,0,0,0,0,0,0,0,0,0,0,0,0,0,0,0,0,0,0,0,0,0,0,0,0,0,0,0,0,0,0,0,0,0,0,0,1,2,2,2,4,3,4,5,4,4,6,6,7,10,13,14,14,13,13,13,10,8,7,6,5,4,3,3,3,4,4,4,5,5,5,4,4,4,5,6,9,13,18,22,25,26,25,23,20,15,11,8,5,2,1,1,0,0,0,0,0,0,0,0,1,1,2,3,6,9,12,14,16,17,16,15,13,11,9,7,4,2,1,1,1,0,0,0,0,0,0,0,0,0,0,0,0,0,0,0,0,0,0,0,0,0,0,0,0,0,0,0,0,0,0,0,0,0,0,0,0,0,0,0,0,0,0,0,0,0,0,0,0,0,0,0,0,0,0,0,0,0,0,0,0,0,0,0,0,0,0,0,0,0,0,0,0,0,0,0,0,0,0,0,0,0,0,0,0,0,0,0,0,0,0,0,0,0,0,0,0,0,0,0,0,0,0,0,0,0,0,0,0,0,0,0,0,0,0,0,1,2,2,2,4,3,4,5,4,4,6,6,7,10,13,14,14,13,13,13,10,8,7,6,5,4,3,3,3,4,4,4,5,5,5,4,4,4,5,6,9,13,18,22,25,26,25,23,20,15,11,8,5,2,1,1,0,0,0,0,0,0,0,0,1,1,2,3,6,9,12,14,16,17,16,15,13,11,9,7,4,2,1,1,1,0,0,0,0,0,0,0,0,0,0,0,0,0,0,0,0,0,0,0,0,0,0,0,0,0,0,0,0,0,0,0,0,0,0,0,0,0,0,0,0,0,0,0,0,0,0,0,0,0
0,0,0,0,0,0,0,0,0,0,0,0,0,0,0,0,0,0,0,0,0,0,0,0,0,0,0,0,0,0,0,0,0,0,0,0,0,0,0,0,0,0,0,0,0,0,0,0,0,0,0,0,0,0,0,0,0,0,0,0,0,0,0,0,0,0,1,2,2,2,4,3,4,5,4,4,6,6,7,10,12,14,15,14,13,13,10,8,7,6,5,4,3,3,3,4,4,5,5,5,5,5,4,4,5,6,9,14,18,22,25,26,25,22,19,14,11,7,5,2,1,1,0,0,0,0,0,0,0,1,1,1,2,4,7,10,13,15,16,16,15,14,12,10,8,6,3,2,1,1,0,0,0,0,0,0,0,0,0,0,0,0,0,0,0,0,0,0,0,0,0,0,0,0,0,0,0,0,0,0,0,0,0,0,0,0,0,0,0,0,0,0,0,0,0,0,0,0,0,0,0,0,0,0,0,0,0,0,0,0,0,0,0,0,0,0,0,0,0,0,0,0,0,0,0,0,0,0,0,0,0,0,0,0,0,0,0,0,0,0,0,0,0,0,0,0,0,0,0,0,0,0,0,0,0,0,0,0,0,0,0,0,0,0,0,0,1,2,2,2,4,3,4,5,4,4,6,6,7,10,12,14,14,13,13,13,10,8,7,6,5,4,3,3,3,4,4,5,5,5,5,5,4,4,5,6,9,14,18,22,25,26,25,22,19,14,11,7,5,2,1,1,0,0,0,0,0,0,0,1,1,1,2,4,7,10,13,15,16,16,15,14,12,10,8,6,3,2,1,1,0,0,0,0,0,0,0,0,0,0,0,0,0,0,0,0,0,0,0,0,0,0,0,0,0,0,0,0,0,0,0,0,0,0,0,0,0,0,0,0,0,0,0,0,0,0,0,0,0,0
0,0,0,0,0,0,0,0,0,0,0,0,0,0,0,0,0,0,0,0,0,0,0,0,0,0,0,0,0,0,0,0,0,0,0,0,0,0,0,0,0,0,0,0,0,0,0,0,0,0,0,0,0,0,0,0,0,0,0,0,0,0,0,0,0,0,1,1,2,2,3,3,4,5,4,4,6,6,7,9,12,14,14,14,13,13,11,8,7,6,5,5,3,3,4,5,4,5,5,5,5,5,5,5,5,7,10,14,19,22,25,25,24,21,18,14,10,7,4,2,1,1,0,0,0,0,0,0,0,1,1,1,3,5,8,11,14,15,16,16,15,13,11,9,7,5,3,1,1,1,0,0,0,0,0,0,0,0,0,0,0,0,0,0,0,0,0,0,0,0,0,0,0,0,0,0,0,0,0,0,0,0,0,0,0,0,0,0,0,0,0,0,0,0,0,0,0,0,0,0,0,0,0,0,0,0,0,0,0,0,0,0,0,0,0,0,0,0,0,0,0,0,0,0,0,0,0,0,0,0,0,0,0,0,0,0,0,0,0,0,0,0,0,0,0,0,0,0,0,0,0,0,0,0,0,0,0,0,0,0,0,0,0,0,0,0,1,2,2,2,3,3,4,5,4,4,6,6,7,9,12,14,14,14,13,13,11,8,7,6,5,5,3,3,4,5,4,5,5,5,5,5,5,5,5,7,10,14,19,22,25,25,24,21,18,14,10,7,4,2,1,1,0,0,0,0,0,0,0,1,1,1,3,5,8,11,14,15,16,16,15,13,11,9,7,5,3,1,1,1,0,0,0,0,0,0,0,0,0,0,0,0,0,0,0,0,0,0,0,0,0,0,0,0,0,0,0,0,0,0,0,0,0,0,0,0,0,0,0,0,0,0,0,0,0,0,0,0,0,0
0,0,0,0,0,0,0,0,0,0,0,0,0,0,0,0,0,0,0,0,0,0,0,0,0,0,0,0,0,0,0,0,0,0,0,0,0,0,0,0,0,0,0,0,0,0,0,0,0,0,0,0,0,0,0,0,0,0,0,0,0,0,0,0,0,0,1,1,2,2,3,3,4,5,4,4,6,6,7,9,12,13,14,14,13,13,11,8,7,7,5,5,3,3,4,5,5,5,5,5,5,5,5,5,6,8,11,15,19,22,24,25,23,20,17,13,10,7,4,2,1,1,0,0,0,0,0,0,1,1,1,2,3,6,9,12,14,16,16,16,14,12,11,9,6,4,2,1,1,1,0,0,0,0,0,0,0,0,0,0,0,0,0,0,0,0,0,0,0,0,0,0,0,0,0,0,0,0,0,0,0,0,0,0,0,0,0,0,0,0,0,0,0,0,0,0,0,0,0,0,0,0,0,0,0,0,0,0,0,0,0,0,0,0,0,0,0,0,0,0,0,0,0,0,0,0,0,0,0,0,0,0,0,0,0,0,0,0,0,0,0,0,0,0,0,0,0,0,0,0,0,0,0,0,0,0,0,0,0,0,0,0,0,0,0,0,1,1,2,2,3,3,4,5,4,4,6,6,7,9,12,13,14,14,13,13,11,8,7,7,5,5,3,3,4,5,5,5,5,5,5,5,5,5,6,8,11,15,19,22,24,25,23,20,17,13,10,7,4,2,1,1,0,0,0,0,0,0,1,1,1,2,3,6,9,12,14,16,16,16,14,12,11,9,6,4,2,1,1,1,0,0,0,0,0,0,0,0,0,0,0,0,0,0,0,0,0,0,0,0,0,0,0,0,0,0,0,0,0,0,0,0,0,0,0,0,0,0,0,0,0,0,0,0,0,0,0,0,0,0
0,0,0,0,0,0,0,0,0,0,0,0,0,0,0,0,0,0,0,0,0,0,0,0,0,0,0,0,0,0,0,0,0,0,0,0,0,0,0,0,0,0,0,0,0,0,0,0,0,0,0,0,0,0,0,0,0,0,0,0,0,0,0,0,0,0,1,1,2,2,3,3,4,5,4,4,6,6,7,9,11,13,14,14,13,13,11,9,7,7,5,5,3,3,4,5,5,5,5,5,5,5,5,5,6,8,12,16,20,22,24,24,23,19,16,13,9,6,4,2,1,1,0,0,0,0,0,0,1,1,1,2,4,6,10,13,15,16,16,15,13,12,10,8,5,3,2,1,1,0,0,0,0,0,0,0,0,0,0,0,0,0,0,0,0,0,0,0,0,0,0,0,0,0,0,0,0,0,0,0,0,0,0,0,0,0,0,0,0,0,0,0,0,0,0,0,0,0,0,0,0,0,0,0,0,0,0,0,0,0,0,0,0,0,0,0,0,0,0,0,0,0,0,0,0,0,0,0,0,0,0,0,0,0,0,0,0,0,0,0,0,0,0,0,0,0,0,0,0,0,0,0,0,0,0,0,0,0,0,0,0,0,0,0,0,0,1,1,2,2,3,3,4,5,4,4,6,6,7,9,11,13,14,14,13,13,11,9,7,7,5,5,3,3,4,5,5,5,5,5,5,5,5,5,6,8,12,16,20,22,24,24,23,19,16,13,9,6,4,2,1,1,0,0,0,0,0,0,1,1,1,2,4,6,10,13,15,16,16,15,13,12,10,8,5,3,2,1,1,0,0,0,0,0,0,0,0,0,0,0,0,0,0,0,0,0,0,0,0,0,0,0,0,0,0,0,0,0,0,0,0,0,0,0,0,0,0,0,0,0,0,0,0,0,0,0,0,0,0,0
0,0,0,0,0,0,0,0,0,0,0,0,0,0,0,0,0,0,0,0,0,0,0,0,0,0,0,0,0,0,0,0,0,0,0,0,0,0,0,0,0,0,0,0,0,0,0,0,0,0,0,0,0,0,0,0,0,0,0,0,0,0,0,0,0,0,1,1,2,2,3,4,4,5,4,4,5,6,7,8,11,13,14,14,13,13,12,9,7,7,5,5,4,3,4,5,5,5,5,5,5,5,5,6,7,9,13,16,20,22,23,23,22,18,15,12,9,6,4,2,1,1,0,0,0,0,0,0,1,1,1,3,5,7,11,14,15,16,16,14,13,11,9,7,5,3,1,1,1,0,0,0,0,0,0,0,0,0,0,0,0,0,0,0,0,0,0,0,0,0,0,0,0,0,0,0,0,0,0,0,0,0,0,0,0,0,0,0,0,0,0,0,0,0,0,0,0,0,0,0,0,0,0,0,0,0,0,0,0,0,0,0,0,0,0,0,0,0,0,0,0,0,0,0,0,0,0,0,0,0,0,0,0,0,0,0,0,0,0,0,0,0,0,0,0,0,0,0,0,0,0,0,0,0,0,0,0,0,0,0,0,0,0,0,0,0,1,1,2,2,3,4,4,5,4,4,5,6,7,8,11,13,14,14,13,13,12,9,7,7,5,5,4,3,4,5,5,5,5,5,5,5,5,6,7,9,13,16,20,22,23,23,22,18,15,12,9,6,4,2,1,1,0,0,0,0,0,0,1,1,1,3,5,8,11,14,15,16,16,14,13,11,9,7,5,3,1,1,1,0,0,0,0,0,0,0,0,0,0,0,0,0,0,0,0,0,0,0,0,0,0,0,0,0,0,0,0,0,0,0,0,0,0,0,0,0,0,0,0,0,0,0,0,0,0,0,0,0,0,0
0,0,0,0,0,0,0,0,0,0,0,0,0,0,0,0,0,0,0,0,0,0,0,0,0,0,0,0,0,0,0,0,0,0,0,0,0,0,0,0,0,0,0,0,0,0,0,0,0,0,0,0,0,0,0,0,0,0,0,0,0,0,0,0,0,0,1,1,2,2,3,4,4,5,5,4,5,6,6,8,11,13,14,14,13,13,12,9,8,7,6,5,4,3,4,5,5,5,5,5,5,5,6,6,7,10,13,17,20,21,22,22,20,17,14,12,9,6,4,3,1,1,0,0,0,0,0,0,1,1,2,3,5,9,12,14,16,16,15,14,12,10,8,6,4,2,1,1,0,0,0,0,0,0,0,0,0,0,0,0,0,0,0,0,0,0,0,0,0,0,0,0,0,0,0,0,0,0,0,0,0,0,0,0,0,0,0,0,0,0,0,0,0,0,0,0,0,0,0,0,0,0,0,0,0,0,0,0,0,0,0,0,0,0,0,0,0,0,0,0,0,0,0,0,0,0,0,0,0,0,0,0,0,0,0,0,0,0,0,0,0,0,0,0,0,0,0,0,0,0,0,0,0,0,0,0,0,0,0,0,0,0,0,0,0,0,1,1,2,2,3,4,4,5,5,4,5,6,6,8,11,13,14,14,13,13,12,9,8,7,6,5,4,3,4,5,5,5,5,5,5,5,6,6,7,10,13,17,20,21,22,22,20,17,14,12,9,6,4,3,1,1,0,0,0,0,0,0,1,1,2,3,5,9,12,14,16,16,15,14,12,10,8,6,4,2,1,1,0,0,0,0,0,0,0,0,0,0,0,0,0,0,0,0,0,0,0,0,0,0,0,0,0,0,0,0,0,0,0,0,0,0,0,0,0,0,0,0,0,0,0,0,0,0,0,0,0,0,0,0
0,0,0,0,0,0,0,0,0,0,0,0,0,0,0,0,0,0,0,0,0,0,0,0,0,0,0,0,0,0,0,0,0,0,0,0,0,0,0,0,0,0,0,0,0,0,0,0,0,0,0,0,0,0,0,0,0,0,0,0,0,0,0,0,0,0,1,1,2,2,3,4,4,5,5,4,5,6,6,8,10,13,14,14,13,13,12,10,8,7,6,5,4,3,4,5,5,5,5,5,5,5,6,7,8,11,14,17,19,21,21,21,19,17,14,11,9,6,4,3,1,1,0,0,0,0,0,1,1,1,2,4,6,10,13,15,16,15,15,13,11,10,7,5,3,2,1,1,0,0,0,0,0,0,0,0,0,0,0,0,0,0,0,0,0,0,0,0,0,0,0,0,0,0,0,0,0,0,0,0,0,0,0,0,0,0,0,0,0,0,0,0,0,0,0,0,0,0,0,0,0,0,0,0,0,0,0,0,0,0,0,0,0,0,0,0,0,0,0,0,0,0,0,0,0,0,0,0,0,0,0,0,0,0,0,0,0,0,0,0,0,0,0,0,0,0,0,0,0,0,0,0,0,0,0,0,0,0,0,0,0,0,0,0,0,0,1,1,2,2,3,4,4,5,5,4,5,6,6,8,10,13,14,14,13,13,12,10,8,7,6,5,4,3,4,5,5,5,5,5,5,5,6,7,8,11,14,17,19,21,21,21,19,17,14,11,9,6,4,3,1,1,0,0,0,0,0,1,1,1,2,4,6,10,13,15,16,16,15,13,11,10,7,5,3,2,1,1,0,0,0,0,0,0,0,0,0,0,0,0,0,0,0,0,0,0,0,0,0,0,0,0,0,0,0,0,0,0,0,0,0,0,0,0,0,0,0,0,0,0,0,0,0,0,0,0,0,0,0,0
0,0,0,0,0,0,0,0,0,0,0,0,0,0,0,0,0,0,0,0,0,0,0,0,0,0,0,0,0,0,0,0,0,0,0,0,0,0,0,0,0,0,0,0,0,0,0,0,0,0,0,0,0,0,0,0,0,0,0,0,0,0,0,0,0,0,1,1,2,2,3,4,4,5,5,4,5,6,6,8,10,12,14,14,14,13,12,10,8,8,6,6,4,4,4,5,5,5,5,5,5,6,6,8,9,12,15,17,19,20,20,20,18,16,13,11,9,6,4,3,2,1,0,0,0,0,0,1,1,1,3,4,7,11,13,15,16,15,14,12,11,9,7,4,2,1,1,1,0,0,0,0,0,0,0,0,0,0,0,0,0,0,0,0,0,0,0,0,0,0,0,0,0,0,0,0,0,0,0,0,0,0,0,0,0,0,0,0,0,0,0,0,0,0,0,0,0,0,0,0,0,0,0,0,0,0,0,0,0,0,0,0,0,0,0,0,0,0,0,0,0,0,0,0,0,0,0,0,0,0,0,0,0,0,0,0,0,0,0,0,0,0,0,0,0,0,0,0,0,0,0,0,0,0,0,0,0,0,0,0,0,0,0,0,0,0,1,1,2,2,3,4,4,5,5,4,5,6,6,8,10,12,14,14,14,13,12,10,8,8,6,6,4,4,4,5,5,5,5,5,5,6,6,8,9,12,15,17,19,20,20,20,18,16,13,11,9,6,4,3,2,1,0,0,0,0,0,1,1,1,3,5,7,11,13,15,16,15,14,12,11,9,7,4,2,1,1,1,0,0,0,0,0,0,0,0,0,0,0,0,0,0,0,0,0,0,0,0,0,0,0,0,0,0,0,0,0,0,0,0,0,0,0,0,0,0,0,0,0,0,0,0,0,0,0,0,0,0,0,0
0,0,0,0,0,0,0,0,0,0,0,0,0,0,0,0,0,0,0,0,0,0,0,0,0,0,0,0,0,0,0,0,0,0,0,0,0,0,0,0,0,0,0,0,0,0,0,0,0,0,0,0,0,0,0,0,0,0,0,0,0,0,0,0,0,0,1,1,2,2,3,4,3,5,5,4,5,6,6,7,9,12,14,14,14,13,12,11,8,8,6,6,4,4,4,6,5,5,5,6,5,6,7,9,10,13,15,17,19,20,19,19,17,15,13,10,9,7,5,3,2,1,1,0,0,0,0,1,1,2,3,5,8,11,14,15,15,15,13,12,10,8,6,4,2,1,1,0,0,0,0,0,0,0,0,0,0,0,0,0,0,0,0,0,0,0,0,0,0,0,0,0,0,0,0,0,0,0,0,0,0,0,0,0,0,0,0,0,0,0,0,0,0,0,0,0,0,0,0,0,0,0,0,0,0,0,0,0,0,0,0,0,0,0,0,0,0,0,0,0,0,0,0,0,0,0,0,0,0,0,0,0,0,0,0,0,0,0,0,0,0,0,0,0,0,0,0,0,0,0,0,0,0,0,0,0,0,0,0,0,0,0,0,0,0,0,1,1,2,2,3,4,3,5,5,4,5,6,6,7,9,12,14,14,14,13,12,11,8,8,6,6,4,4,4,6,5,5,5,6,5,6,7,9,10,13,15,17,19,20,19,19,17,15,13,10,9,7,5,3,2,1,1,0,0,0,0,1,1,2,3,5,8,12,14,15,15,15,13,12,10,8,6,4,2,1,1,0,0,0,0,0,0,0,0,0,0,0,0,0,0,0,0,0,0,0,0,0,0,0,0,0,0,0,0,0,0,0,0,0,0,0,0,0,0,0,0,0,0,0,0,0,0,0,0,0,0,0,0,0
0,0,0,0,0,0,0,0,0,0,0,0,0,0,0,0,0,0,0,0,0,0,0,0,0,0,0,0,0,0,0,0,0,0,0,0,0,0,0,0,0,0,0,0,0,0,0,0,0,0,0,0,0,0,0,0,0,0,0,0,0,0,0,0,0,0,1,1,2,2,3,4,3,5,5,4,5,6,6,7,9,11,13,14,14,13,12,11,9,8,7,6,5,4,5,6,6,5,5,6,5,6,8,10,11,14,16,17,18,19,18,17,16,14,12,10,9,7,5,4,2,1,1,0,0,0,1,1,1,2,4,6,9,12,14,15,15,14,13,11,9,7,5,3,1,1,1,0,0,0,0,0,0,0,0,0,0,0,0,0,0,0,0,0,0,0,0,0,0,0,0,0,0,0,0,0,0,0,0,0,0,0,0,0,0,0,0,0,0,0,0,0,0,0,0,0,0,0,0,0,0,0,0,0,0,0,0,0,0,0,0,0,0,0,0,0,0,0,0,0,0,0,0,0,0,0,0,0,0,0,0,0,0,0,0,0,0,0,0,0,0,0,0,0,0,0,0,0,0,0,0,0,0,0,0,0,0,0,0,0,0,0,0,0,0,0,1,1,2,2,3,4,3,5,5,4,5,6,6,7,9,11,13,14,14,13,12,11,9,8,7,6,5,4,5,6,6,5,5,6,5,6,8,10,11,14,16,17,18,19,18,17,16,14,12,10,9,7,5,4,2,1,1,0,0,0,1,1,1,2,4,6,9,12,15,15,15,14,13,11,9,7,5,3,1,1,1,0,0,0,0,0,0,0,0,0,0,0,0,0,0,0,0,0,0,0,0,0,0,0,0,0,0,0,0,0,0,0,0,0,0,0,0,0,0,0,0,0,0,0,0,0,0,0,0,0,0,0,0,0
0,0,0,0,0,0,0,0,0,0,0,0,0,0,0,0,0,0,0,0,0,0,0,0,0,0,0,0,0,0,0,0,0,0,0,0,0,0,0,0,0,0,0,0,0,0,0,0,0,0,0,0,0,0,0,0,0,0,0,0,0,0,0,0,0,0,0,1,2,2,3,4,3,5,5,4,5,6,6,7,9,11,13,14,14,13,12,11,9,8,7,6,5,4,5,6,6,5,5,6,6,7,8,10,12,14,16,17,18,18,17,16,15,14,12,10,9,7,5,4,2,1,1,0,0,0,1,1,1,3,4,7,10,13,15,15,15,14,12,10,9,6,4,2,1,1,1,0,0,0,0,0,0,0,0,0,0,0,0,0,0,0,0,0,0,0,0,0,0,0,0,0,0,0,0,0,0,0,0,0,0,0,0,0,0,0,0,0,0,0,0,0,0,0,0,0,0,0,0,0,0,0,0,0,0,0,0,0,0,0,0,0,0,0,0,0,0,0,0,0,0,0,0,0,0,0,0,0,0,0,0,0,0,0,0,0,0,0,0,0,0,0,0,0,0,0,0,0,0,0,0,0,0,0,0,0,0,0,0,0,0,0,0,0,0,0,0,1,2,2,3,4,3,5,5,4,5,6,6,7,9,11,13,14,14,13,12,11,9,8,7,6,5,4,5,6,6,5,5,6,6,7,8,10,12,14,16,17,18,18,17,16,15,14,12,10,9,7,5,4,2,1,1,0,0,0,1,1,1,3,4,7,10,13,15,15,15,14,12,10,9,6,4,2,1,1,1,0,0,0,0,0,0,0,0,0,0,0,0,0,0,0,0,0,0,0,0,0,0,0,0,0,0,0,0,0,0,0,0,0,0,0,0,0,0,0,0,0,0,0,0,0,0,0,0,0,0,0,0,0
0,0,0,0,0,0,0,0,0,0,0,0,0,0,0,0,0,0,0,0,0,0,0,0,0,0,0,0,0,0,0,0,0,0,0,0,0,0,0,0,0,0,0,0,0,0,0,0,0,0,0,0,0,0,0,0,0,0,0,0,0,0,0,0,0,0,0,1,2,2,3,4,3,5,5,4,5,6,6,7,8,10,12,14,14,13,12,11,10,8,7,6,5,4,5,6,6,5,5,6,6,7,9,11,13,15,16,17,17,17,16,15,14,13,11,9,9,8,6,4,3,1,1,0,0,0,1,1,2,3,5,8,11,14,15,15,14,13,12,10,8,6,3,2,1,1,0,0,0,0,0,0,0,0,0,0,0,0,0,0,0,0,0,0,0,0,0,0,0,0,0,0,0,0,0,0,0,0,0,0,0,0,0,0,0,0,0,0,0,0,0,0,0,0,0,0,0,0,0,0,0,0,0,0,0,0,0,0,0,0,0,0,0,0,0,0,0,0,0,0,0,0,0,0,0,0,0,0,0,0,0,0,0,0,0,0,0,0,0,0,0,0,0,0,0,0,0,0,0,0,0,0,0,0,0,0,0,0,0,0,0,0,0,0,0,0,0,1,2,2,3,4,3,5,5,4,5,6,6,7,8,10,12,14,14,13,12,11,10,8,7,6,5,4,5,6,6,5,5,6,6,7,9,11,13,15,16,17,17,17,16,15,14,13,11,9,9,8,6,4,3,1,1,0,0,0,1,1,2,3,5,8,11,14,15,15,14,13,12,10,8,6,3,2,1,1,0,0,0,0,0,0,0,0,0,0,0,0,0,0,0,0,0,0,0,0,0,0,0,0,0,0,0,0,0,0,0,0,0,0,0,0,0,0,0,0,0,0,0,0,0,0,0,0,0,0,0,0,0,0
0,0,0,0,0,0,0,0,0,0,0,0,0,0,0,0,0,0,0,0,0,0,0,0,0,0,0,0,0,0,0,0,0,0,0,0,0,0,0,0,0,0,0,0,0,0,0,0,0,0,0,0,0,0,0,0,0,0,0,0,0,0,0,0,0,0,0,1,2,2,2,4,3,5,5,4,5,6,6,7,8,10,12,14,14,13,12,12,10,9,8,7,6,5,5,6,6,6,5,6,7,8,10,12,14,15,16,17,16,15,15,14,13,12,11,9,9,8,6,5,3,2,1,0,0,0,1,1,2,4,6,9,12,14,15,15,14,12,11,9,7,5,3,1,1,1,0,0,0,0,0,0,0,0,0,0,0,0,0,0,0,0,0,0,0,0,0,0,0,0,0,0,0,0,0,0,0,0,0,0,0,0,0,0,0,0,0,0,0,0,0,0,0,0,0,0,0,0,0,0,0,0,0,0,0,0,0,0,0,0,0,0,0,0,0,0,0,0,0,0,0,0,0,0,0,0,0,0,0,0,0,0,0,0,0,0,0,0,0,0,0,0,0,0,0,0,0,0,0,0,0,0,0,0,0,0,0,0,0,0,0,0,0,0,0,0,0,1,2,2,3,4,3,5,5,4,5,6,6,7,8,10,12,14,14,13,12,12,10,9,8,7,6,5,5,6,6,6,5,6,7,8,10,12,14,15,16,16,16,15,15,14,13,12,11,9,9,8,6,5,3,2,1,0,0,0,1,1,2,4,6,9,12,14,15,15,14,12,11,9,7,5,3,1,1,1,0,0,0,0,0,0,0,0,0,0,0,0,0,0,0,0,0,0,0,0,0,0,0,0,0,0,0,0,0,0,0,0,0,0,0,0,0,0,0,0,0,0,0,0,0,0,0,0,0,0,0,0,0,0
0,0,0,0,0,0,0,0,0,0,0,0,0,0,0,0,0,0,0,0,0,0,0,0,0,0,0,0,0,0,0,0,0,0,0,0,0,0,0,0,0,0,0,0,0,0,0,0,0,0,0,0,0,0,0,0,0,0,0,0,0,0,0,0,0,1,0,1,1,2,2,4,3,5,5,5,5,6,6,7,8,9,11,13,14,13,12,12,11,9,8,7,6,5,6,6,6,6,6,6,7,9,11,13,14,16,16,16,15,14,13,12,12,12,11,9,9,8,7,5,3,2,1,1,0,1,1,1,3,4,7,10,13,14,15,14,13,12,10,8,6,4,2,1,1,1,0,0,0,0,0,0,0,0,0,0,0,0,0,0,0,0,0,0,0,0,0,0,0,0,0,0,0,0,0,0,0,0,0,0,0,0,0,0,0,0,0,0,0,0,0,0,0,0,0,0,0,0,0,0,0,0,0,0,0,0,0,0,0,0,0,0,0,0,0,0,0,0,0,0,0,0,0,0,0,0,0,0,0,0,0,0,0,0,0,0,0,0,0,0,0,0,0,0,0,0,0,0,0,0,0,0,0,0,0,0,0,0,0,0,0,0,0,0,0,1,0,1,1,2,3,4,3,5,5,5,5,6,6,7,8,9,11,13,14,13,12,12,11,9,8,7,6,5,6,6,6,6,6,6,7,9,11,13,14,16,16,16,15,14,13,12,12,12,11,9,9,8,7,5,3,2,1,1,0,1,1,1,3,4,7,10,13,14,15,14,13,12,10,8,6,4,2,1,1,1,0,0,0,0,0,0,0,0,0,0,0,0,0,0,0,0,0,0,0,0,0,0,0,0,0,0,0,0,0,0,0,0,0,0,0,0,0,0,0,0,0,0,0,0,0,0,0,0,0,0,0,0,0,0
0,0,0,0,0,0,0,0,0,0,0,0,0,0,0,0,0,0,0,0,0,0,0,0,0,0,0,0,0,0,0,0,0,0,0,0,0,0,0,0,0,0,0,0,0,0,0,0,0,0,0,0,0,0,0,0,0,0,0,0,0,0,0,0,0,1,0,1,1,2,3,4,3,4,5,5,5,6,6,7,8,9,11,13,14,13,12,12,11,9,8,7,6,5,6,6,6,6,6,7,8,10,12,13,15,16,16,15,14,13,12,11,11,11,11,10,9,9,7,5,4,2,1,1,0,1,1,2,3,5,8,11,13,15,15,14,13,11,10,8,6,3,2,1,1,0,0,0,0,0,0,0,0,0,0,0,0,0,0,0,0,0,0,0,0,0,0,0,0,0,0,0,0,0,0,0,0,0,0,0,0,0,0,0,0,0,0,0,0,0,0,0,0,0,0,0,0,0,0,0,0,0,0,0,0,0,0,0,0,0,0,0,0,0,0,0,0,0,0,0,0,0,0,0,0,0,0,0,0,0,0,0,0,0,0,0,0,0,0,0,0,0,0,0,0,0,0,0,0,0,0,0,0,0,0,0,0,0,0,0,0,0,0,0,0,1,0,1,1,2,3,4,3,4,5,5,5,6,6,7,8,9,11,13,13,13,12,12,11,9,8,7,6,5,6,6,6,6,6,7,8,10,12,13,15,16,16,15,14,13,12,11,11,11,11,10,9,9,7,5,4,2,1,1,0,1,1,2,3,5,8,11,13,15,15,14,13,11,10,8,6,3,2,1,1,0,0,0,0,0,0,0,0,0,0,0,0,0,0,0,0,0,0,0,0,0,0,0,0,0,0,0,0,0,0,0,0,0,0,0,0,0,0,0,0,0,0,0,0,0,0,0,0,0,0,0,0,0,0,0
0,0,0,0,0,0,0,0,0,0,0,0,0,0,0,0,0,0,0,0,0,0,0,0,0,0,0,0,0,0,0,0,0,0,0,0,0,0,0,0,0,0,0,0,0,0,0,0,0,0,0,0,0,0,0,0,0,0,0,0,0,0,0,0,0,1,0,1,1,2,3,3,3,4,5,5,5,6,6,7,8,9,10,12,13,13,12,12,12,10,8,7,7,5,6,6,6,6,6,7,8,10,12,14,15,16,15,15,13,12,11,10,10,10,11,10,9,9,8,6,4,3,1,1,1,1,1,2,4,6,9,12,14,15,14,13,12,11,9,7,5,3,1,1,1,0,0,0,0,0,0,0,0,0,0,0,0,0,0,0,0,0,0,0,0,0,0,0,0,0,0,0,0,0,0,0,0,0,0,0,0,0,0,0,0,0,0,0,0,0,0,0,0,0,0,0,0,0,0,0,0,0,0,0,0,0,0,0,0,0,0,0,0,0,0,0,0,0,0,0,0,0,0,0,0,0,0,0,0,0,0,0,0,0,0,0,0,0,0,0,0,0,0,0,0,0,0,0,0,0,0,0,0,0,0,0,0,0,0,0,0,0,0,0,0,1,0,1,1,2,3,3,3,4,5,5,5,6,6,7,8,9,10,12,13,13,12,12,12,10,8,7,7,5,6,6,6,6,6,7,8,10,12,14,15,16,15,15,13,12,11,10,10,10,11,10,9,9,8,6,4,2,1,1,1,1,1,2,4,6,9,12,14,15,15,13,12,11,9,7,5,3,1,1,1,0,0,0,0,0,0,0,0,0,0,0,0,0,0,0,0,0,0,0,0,0,0,0,0,0,0,0,0,0,0,0,0,0,0,0,0,0,0,0,0,0,0,0,0,0,0,0,0,0,0,0,0,0,0,0
0,0,0,0,0,0,0,0,0,0,0,0,0,0,0,0,0,0,0,0,0,0,0,0,0,0,0,0,0,0,0,0,0,0,0,0,0,0,0,0,0,0,0,0,0,0,0,0,0,0,0,0,0,0,0,0,0,0,0,0,0,0,0,0,0,0,0,1,1,2,3,3,4,4,5,5,5,6,7,7,8,8,10,12,13,13,12,12,12,10,9,8,7,5,6,6,7,6,7,7,9,11,13,15,16,16,15,14,12,11,10,9,9,10,10,10,9,9,8,6,4,3,1,1,1,1,1,2,4,7,10,12,14,15,14,13,12,10,8,6,4,2,1,1,1,0,0,0,0,0,0,0,0,0,0,0,0,0,0,0,0,0,0,0,0,0,0,0,0,0,0,0,0,0,0,0,0,0,0,0,0,0,0,0,0,0,0,0,0,0,0,0,0,0,0,0,0,0,0,0,0,0,0,0,0,0,0,0,0,0,0,0,0,0,0,0,0,0,0,0,0,0,0,0,0,0,0,0,0,0,0,0,0,0,0,0,0,0,0,0,0,0,0,0,0,0,0,0,0,0,0,0,0,0,0,0,0,0,0,0,0,0,0,0,0,0,0,1,1,2,3,3,4,4,5,5,5,6,7,7,8,8,10,12,13,13,12,12,12,10,9,8,7,5,6,6,7,6,7,7,9,11,13,15,16,16,15,14,12,11,10,9,9,10,10,10,9,9,8,6,4,3,1,1,1,1,1,2,4,7,10,12,14,15,14,13,12,10,8,6,4,2,1,1,1,0,0,0,0,0,0,0,0,0,0,0,0,0,0,0,0,0,0,0,0,0,0,0,0,0,0,0,0,0,0,0,0,0,0,0,0,0,0,0,0,0,0,0,0,0,0,0,0,0,0,0,0,0,0,0
0,0,0,0,0,0,0,0,0,0,0,0,0,0,0,0,0,0,0,0,0,0,0,0,0,0,0,0,0,0,0,0,0,0,0,0,0,0,0,0,0,0,0,0,0,0,0,0,0,0,0,0,0,0,0,0,0,0,0,0,0,0,0,0,0,0,0,1,1,2,3,3,4,4,5,5,5,6,7,7,8,8,9,12,13,13,12,12,12,11,9,8,7,6,7,7,7,7,7,8,10,12,14,15,16,15,15,13,11,10,9,8,8,9,10,10,9,9,8,7,5,3,2,1,1,1,1,3,5,8,11,13,14,14,14,12,11,9,8,5,3,2,1,1,0,0,0,0,0,0,0,0,0,0,0,0,0,0,0,0,0,0,0,0,0,0,0,0,0,0,0,0,0,0,0,0,0,0,0,0,0,0,0,0,0,0,0,0,0,0,0,0,0,0,0,0,0,0,0,0,0,0,0,0,0,0,0,0,0,0,0,0,0,0,0,0,0,0,0,0,0,0,0,0,0,0,0,0,0,0,0,0,0,0,0,0,0,0,0,0,0,0,0,0,0,0,0,0,0,0,0,0,0,0,0,0,0,0,0,0,0,0,0,0,0,0,0,1,1,2,3,3,4,4,5,5,5,6,7,7,8,8,9,11,13,13,12,12,12,11,9,8,7,6,7,7,7,7,7,8,10,12,14,15,16,15,15,13,11,10,9,8,8,9,10,10,9,9,8,7,5,3,2,1,1,1,1,3,5,8,11,13,14,14,14,12,11,9,8,5,3,2,1,1,0,0,0,0,0,0,0,0,0,0,0,0,0,0,0,0,0,0,0,0,0,0,0,0,0,0,0,0,0,0,0,0,0,0,0,0,0,0,0,0,0,0,0,0,0,0,0,0,0,0,0,0,0,0,0,0
0,0,0,0,0,0,0,0,0,0,0,0,0,0,0,0,0,0,0,0,0,0,0,0,0,0,0,0,0,0,0,0,0,0,0,0,0,0,0,0,0,0,0,0,0,0,0,0,0,0,0,0,0,0,0,0,0,0,0,0,0,0,0,0,0,0,0,1,1,2,2,3,4,4,5,6,5,6,7,7,8,8,9,11,12,13,12,12,12,11,10,8,8,6,7,7,7,7,8,8,10,13,15,15,16,15,14,12,10,9,7,7,8,9,10,10,9,9,9,7,5,4,2,1,1,1,2,3,6,9,11,13,14,14,13,12,10,9,7,5,3,1,1,1,0,0,0,0,0,0,0,0,0,0,0,0,0,0,0,0,0,0,0,0,0,0,0,0,0,0,0,0,0,0,0,0,0,0,0,0,0,0,0,0,0,0,0,0,0,0,0,0,0,0,0,0,0,0,0,0,0,0,0,0,0,0,0,0,0,0,0,0,0,0,0,0,0,0,0,0,0,0,0,0,0,0,0,0,0,0,0,0,0,0,0,0,0,0,0,0,0,0,0,0,0,0,0,0,0,0,0,0,0,0,0,0,0,0,0,0,0,0,0,0,0,0,0,1,1,2,2,3,4,4,5,6,5,6,7,7,8,8,9,11,12,13,12,12,12,11,10,8,8,6,7,7,7,7,8,8,10,13,15,15,16,15,14,12,10,9,7,7,8,9,10,10,9,9,9,7,5,4,2,1,1,1,2,3,6,9,11,13,14,14,13,12,10,9,7,5,3,1,1,1,0,0,0,0,0,0,0,0,0,0,0,0,0,0,0,0,0,0,0,0,0,0,0,0,0,0,0,0,0,0,0,0,0,0,0,0,0,0,0,0,0,0,0,0,0,0,0,0,0,0,0,0,0,0,0,0
0,0,0,0,0,0,0,0,0,0,0,0,0,0,0,0,0,0,0,0,0,0,0,0,0,0,0,0,0,0,0,0,0,0,0,0,0,0,0,0,0,0,0,0,0,0,0,0,0,0,0,0,0,0,0,0,0,0,0,0,0,0,0,0,0,0,0,1,1,2,2,3,4,4,5,6,5,6,7,6,7,8,8,10,12,12,12,12,12,12,10,9,8,7,7,7,7,7,8,9,11,14,16,16,16,15,14,11,9,8,6,6,7,8,10,10,10,9,9,8,5,4,2,1,1,1,2,4,7,10,12,14,14,14,13,11,10,8,6,4,2,1,1,1,0,0,0,0,0,0,0,0,0,0,0,0,0,0,0,0,0,0,0,0,0,0,0,0,0,0,0,0,0,0,0,0,0,0,0,0,0,0,0,0,0,0,0,0,0,0,0,0,0,0,0,0,0,0,0,0,0,0,0,0,0,0,0,0,0,0,0,0,0,0,0,0,0,0,0,0,0,0,0,0,0,0,0,0,0,0,0,0,0,0,0,0,0,0,0,0,0,0,0,0,0,0,0,0,0,0,0,0,0,0,0,0,0,0,0,0,0,0,0,0,0,0,0,1,1,2,2,3,4,4,5,6,5,6,7,6,7,8,8,10,12,12,12,12,13,12,10,9,8,7,7,7,7,7,8,9,11,14,16,16,16,15,14,11,9,8,6,6,7,8,10,10,10,9,9,8,5,4,2,1,1,1,2,4,7,10,12,14,14,14,13,11,10,8,6,4,2,1,1,1,0,0,0,0,0,0,0,0,0,0,0,0,0,0,0,0,0,0,0,0,0,0,0,0,0,0,0,0,0,0,0,0,0,0,0,0,0,0,0,0,0,0,0,0,0,0,0,0,0,0,0,0,0,0,0,0
0,0,0,0,0,0,0,0,0,0,0,0,0,0,0,0,0,0,0,0,0,0,0,0,0,0,0,0,0,0,0,0,0,0,0,0,0,0,0,0,0,0,0,0,0,0,0,0,0,0,0,0,0,0,0,0,0,0,0,0,0,0,0,0,0,0,0,1,1,2,2,3,4,4,5,6,5,6,7,6,7,8,8,10,11,12,12,12,12,12,11,9,9,8,7,7,7,8,9,10,12,14,16,16,15,15,13,11,8,7,6,5,6,8,10,10,10,9,9,8,6,4,3,1,1,1,2,4,8,10,13,14,14,13,12,11,9,7,5,3,2,1,1,0,0,0,0,0,0,0,0,0,0,0,0,0,0,0,0,0,0,0,0,0,0,0,0,0,0,0,0,0,0,0,0,0,0,0,0,0,0,0,0,0,0,0,0,0,0,0,0,0,0,0,0,0,0,0,0,0,0,0,0,0,0,0,0,0,0,0,0,0,0,0,0,0,0,0,0,0,0,0,0,0,0,0,0,0,0,0,0,0,0,0,0,0,0,0,0,0,0,0,0,0,0,0,0,0,0,0,0,0,0,0,0,0,0,0,0,0,0,0,0,0,0,0,0,1,1,2,2,3,4,4,5,6,5,6,7,6,7,8,8,10,11,12,12,12,13,12,11,9,9,8,7,7,7,8,9,10,12,14,16,16,15,15,13,11,8,7,6,5,6,8,10,10,10,9,9,8,6,4,3,1,1,1,2,4,8,10,13,14,14,14,12,11,9,7,5,3,2,1,1,0,0,0,0,0,0,0,0,0,0,0,0,0,0,0,0,0,0,0,0,0,0,0,0,0,0,0,0,0,0,0,0,0,0,0,0,0,0,0,0,0,0,0,0,0,0,0,0,0,0,0,0,0,0,0,0,0
0,0,0,0,0,0,0,0,0,0,0,0,0,0,0,0,0,0,0,0,0,0,0,0,0,0,0,0,0,0,0,0,0,0,0,0,0,0,0,0,0,0,0,0,0,0,0,0,0,0,0,0,0,0,0,0,0,0,0,0,0,0,0,0,0,0,0,1,1,2,2,3,4,4,5,6,5,6,7,6,7,7,8,9,11,12,12,12,12,13,12,9,9,8,8,7,8,8,9,11,13,15,16,16,15,14,12,10,7,6,5,5,6,7,9,10,10,9,9,9,6,5,3,2,1,2,3,5,9,11,13,14,14,13,12,10,9,7,5,3,1,1,1,0,0,0,0,0,0,0,0,0,0,0,0,0,0,0,0,0,0,0,0,0,0,0,0,0,0,0,0,0,0,0,0,0,0,0,0,0,0,0,0,0,0,0,0,0,0,0,0,0,0,0,0,0,0,0,0,0,0,0,0,0,0,0,0,0,0,0,0,0,0,0,0,0,0,0,0,0,0,0,0,0,0,0,0,0,0,0,0,0,0,0,0,0,0,0,0,0,0,0,0,0,0,0,0,0,0,0,0,0,0,0,0,0,0,0,0,0,0,0,0,0,0,0,0,1,1,2,2,3,4,4,5,6,5,6,7,6,7,7,8,9,11,12,12,12,12,13,12,9,9,8,8,7,8,8,9,11,13,15,16,16,15,14,12,10,7,6,5,5,6,7,9,10,10,9,9,9,6,5,3,2,1,2,3,5,9,11,13,14,14,13,12,10,9,7,5,3,1,1,1,0,0,0,0,0,0,0,0,0,0,0,0,0,0,0,0,0,0,0,0,0,0,0,0,0,0,0,0,0,0,0,0,0,0,0,0,0,0,0,0,0,0,0,0,0,0,0,0,0,0,0,0,0,0,0,0,0
0,0,0,0,0,0,0,0,0,0,0,0,0,0,0,0,0,0,0,0,0,0,0,0,0,0,0,0,0,0,0,0,0,0,0,0,0,0,0,0,0,0,0,0,0,0,0,0,0,0,0,0,0,0,0,0,0,0,0,0,0,0,0,0,0,0,0,1,1,2,2,3,4,4,5,6,6,6,7,6,7,7,7,9,10,11,12,12,12,13,12,10,9,9,8,8,8,9,10,11,14,15,17,16,15,14,11,9,7,5,4,4,5,7,9,10,10,10,9,9,7,5,3,2,2,2,3,6,9,12,13,14,14,13,11,10,8,6,4,2,1,1,1,0,0,0,0,0,0,0,0,0,0,0,0,0,0,0,0,0,0,0,0,0,0,0,0,0,0,0,0,0,0,0,0,0,0,0,0,0,0,0,0,0,0,0,0,0,0,0,0,0,0,0,0,0,0,0,0,0,0,0,0,0,0,0,0,0,0,0,0,0,0,0,0,0,0,0,0,0,0,0,0,0,0,0,0,0,0,0,0,0,0,0,0,0,0,0,0,0,0,0,0,0,0,0,0,0,0,0,0,0,0,0,0,0,0,0,0,0,0,0,0,0,0,0,0,1,1,2,2,3,4,4,5,6,6,6,7,6,7,7,7,9,10,11,12,12,12,13,12,10,9,9,8,8,8,9,10,11,14,15,17,16,15,14,11,9,6,5,4,4,5,7,9,10,10,10,9,9,7,5,3,2,2,2,3,6,9,12,13,14,14,13,11,10,8,6,4,2,1,1,1,0,0,0,0,0,0,0,0,0,0,0,0,0,0,0,0,0,0,0,0,0,0,0,0,0,0,0,0,0,0,0,0,0,0,0,0,0,0,0,0,0,0,0,0,0,0,0,0,0,0,0,0,0,0,0,0,0
0,0,0,0,0,0,0,0,0,0,0,0,0,0,0,0,0,0,0,0,0,0,0,0,0,0,0,0,0,0,0,0,0,0,0,0,0,0,0,0,0,0,0,0,0,0,0,0,0,0,0,0,0,0,0,0,0,0,0,0,0,0,0,0,0,0,0,1,1,2,2,3,4,4,5,6,6,6,8,6,7,7,7,8,10,11,12,12,12,13,13,11,10,10,8,8,9,9,11,12,14,16,16,15,14,13,11,8,6,4,3,3,5,7,9,10,10,10,9,9,8,5,4,3,2,2,4,7,10,12,14,14,13,12,11,9,7,5,3,2,1,1,0,0,0,0,0,0,0,0,0,0,0,0,0,0,0,0,0,0,0,0,0,0,0,0,0,0,0,0,0,0,0,0,0,0,0,0,0,0,0,0,0,0,0,0,0,0,0,0,0,0,0,0,0,0,0,0,0,0,0,0,0,0,0,0,0,0,0,0,0,0,0,0,0,0,0,0,0,0,0,0,0,0,0,0,0,0,0,0,0,0,0,0,0,0,0,0,0,0,0,0,0,0,0,0,0,0,0,0,0,0,0,0,0,0,0,0,0,0,0,0,0,0,0,0,0,1,1,2,2,3,4,4,5,6,6,6,7,6,7,7,7,8,9,11,12,12,12,13,13,11,10,10,8,8,9,9,11,12,14,16,16,15,14,13,11,8,6,4,3,4,5,7,9,10,10,10,9,9,8,5,4,3,2,2,4,7,10,12,14,14,13,12,11,9,7,5,3,2,1,1,0,0,0,0,0,0,0,0,0,0,0,0,0,0,0,0,0,0,0,0,0,0,0,0,0,0,0,0,0,0,0,0,0,0,0,0,0,0,0,0,0,0,0,0,0,0,0,0,0,0,0,0,0,0,0,0,0,0
0,0,0,0,0,0,0,0,0,0,0,0,0,0,0,0,0,0,0,0,0,0,0,0,0,0,0,0,0,0,0,0,0,0,0,0,0,0,0,0,0,0,0,0,0,0,0,0,0,0,0,0,0,0,0,0,0,0,0,0,0,0,0,0,0,0,0,1,1,2,2,3,4,4,6,6,6,6,8,6,6,7,7,8,9,10,12,12,12,13,13,11,10,10,9,8,9,10,11,13,15,16,16,15,14,12,10,7,5,3,3,3,4,6,8,10,10,10,10,9,8,6,4,3,2,3,5,8,11,13,14,14,13,12,10,8,7,4,3,1,1,1,0,0,0,0,0,0,0,0,0,0,0,0,0,0,0,0,0,0,0,0,0,0,0,0,0,0,0,0,0,0,0,0,0,0,0,0,0,0,0,0,0,0,0,0,0,0,0,0,0,0,0,0,0,0,0,0,0,0,0,0,0,0,0,0,0,0,0,0,0,0,0,0,0,0,0,0,0,0,0,0,0,0,0,0,0,0,0,0,0,0,0,0,0,0,0,0,0,0,0,0,0,0,0,0,0,0,0,0,0,0,0,0,0,0,0,0,0,0,0,0,0,0,0,0,0,1,1,2,2,3,4,4,6,6,6,6,8,6,6,7,7,7,9,10,12,12,12,13,13,11,10,10,9,8,9,10,11,13,15,16,16,15,14,12,10,7,5,3,3,3,4,6,8,10,10,10,10,9,8,6,4,3,2,3,5,8,11,13,14,14,13,12,10,8,7,4,3,1,1,1,0,0,0,0,0,0,0,0,0,0,0,0,0,0,0,0,0,0,0,0,0,0,0,0,0,0,0,0,0,0,0,0,0,0,0,0,0,0,0,0,0,0,0,0,0,0,0,0,0,0,0,0,0,0,0,0,0,0
0,0,0,0,0,0,0,0,0,0,0,0,0,0,0,0,0,0,0,0,0,0,0,0,0,0,0,0,0,0,0,0,0,0,0,0,0,0,0,0,0,0,0,0,0,0,0,0,0,0,0,0,0,0,0,0,0,0,0,0,0,0,0,0,0,0,1,0,1,2,2,3,4,4,6,6,6,6,8,6,6,7,7,7,8,10,11,12,12,13,14,12,11,11,9,9,10,11,12,14,16,17,16,15,13,11,9,6,4,3,2,3,4,6,8,10,10,10,10,9,9,6,5,4,3,3,5,8,12,13,14,13,12,11,10,8,6,4,2,1,1,1,0,0,0,0,0,0,0,0,0,0,0,0,0,0,0,0,0,0,0,0,0,0,0,0,0,0,0,0,0,0,0,0,0,0,0,0,0,0,0,0,0,0,0,0,0,0,0,0,0,0,0,0,0,0,0,0,0,0,0,0,0,0,0,0,0,0,0,0,0,0,0,0,0,0,0,0,0,0,0,0,0,0,0,0,0,0,0,0,0,0,0,0,0,0,0,0,0,0,0,0,0,0,0,0,0,0,0,0,0,0,0,0,0,0,0,0,0,0,0,0,0,0,0,0,1,0,1,2,2,3,4,4,6,6,6,6,8,6,6,7,7,7,8,10,11,12,12,13,14,12,11,11,9,9,10,11,12,14,16,17,16,15,13,11,9,6,4,3,2,3,4,6,8,10,10,10,10,9,9,6,5,4,3,3,5,8,12,13,14,13,12,11,10,8,6,4,2,1,1,1,0,0,0,0,0,0,0,0,0,0,0,0,0,0,0,0,0,0,0,0,0,0,0,0,0,0,0,0,0,0,0,0,0,0,0,0,0,0,0,0,0,0,0,0,0,0,0,0,0,0,0,0,0,0,0,0,0,0
0,0,0,0,0,0,0,0,0,0,0,0,0,0,0,0,0,0,0,0,0,0,0,0,0,0,0,0,0,0,0,0,0,0,0,0,0,0,0,0,0,0,0,0,0,0,0,0,0,0,0,0,0,0,0,0,0,0,0,0,0,0,0,0,0,0,1,0,1,1,2,3,4,4,6,6,6,6,8,7,6,6,7,7,8,9,11,12,12,13,14,13,11,11,10,9,10,12,13,15,16,17,16,15,13,11,8,6,3,2,2,2,4,5,7,9,10,10,10,10,9,7,5,4,3,4,6,9,12,13,14,13,12,11,9,7,5,3,2,1,1,1,0,0,0,0,0,0,0,0,0,0,0,0,0,0,0,0,0,0,0,0,0,0,0,0,0,0,0,0,0,0,0,0,0,0,0,0,0,0,0,0,0,0,0,0,0,0,0,0,0,0,0,0,0,0,0,0,0,0,0,0,0,0,0,0,0,0,0,0,0,0,0,0,0,0,0,0,0,0,0,0,0,0,0,0,0,0,0,0,0,0,0,0,0,0,0,0,0,0,0,0,0,0,0,0,0,0,0,0,0,0,0,0,0,0,0,0,0,0,0,0,0,0,0,0,1,0,1,1,2,3,4,4,6,6,6,6,8,7,6,6,7,7,8,9,11,12,12,13,14,13,11,11,10,9,10,12,13,15,16,17,16,15,13,10,8,6,3,2,2,2,4,5,7,9,10,10,10,10,9,7,5,4,3,4,6,9,12,13,14,13,12,11,9,7,5,3,2,1,1,1,0,0,0,0,0,0,0,0,0,0,0,0,0,0,0,0,0,0,0,0,0,0,0,0,0,0,0,0,0,0,0,0,0,0,0,0,0,0,0,0,0,0,0,0,0,0,0,0,0,0,0,0,0,0,0,0,0,0
0,0,0,0,0,0,0,0,0,0,0,0,0,0,0,0,0,0,0,0,0,0,0,0,0,0,0,0,0,0,0,0,0,0,0,0,0,0,0,0,0,0,0,0,0,0,0,0,0,0,0,0,0,0,0,0,0,0,0,0,0,0,0,0,0,0,1,0,1,1,2,3,4,4,6,6,7,6,7,7,6,6,6,6,7,9,11,12,12,13,14,13,12,12,10,10,11,12,14,15,17,17,15,14,12,10,7,5,3,2,2,2,3,5,7,9,10,10,10,10,9,8,6,5,4,5,7,10,12,13,13,13,11,10,8,6,4,3,1,1,1,0,0,0,0,0,0,0,0,0,0,0,0,0,0,0,0,0,0,0,0,0,0,0,0,0,0,0,0,0,0,0,0,0,0,0,0,0,0,0,0,0,0,0,0,0,0,0,0,0,0,0,0,0,0,0,0,0,0,0,0,0,0,0,0,0,0,0,0,0,0,0,0,0,0,0,0,0,0,0,0,0,0,0,0,0,0,0,0,0,0,0,0,0,0,0,0,0,0,0,0,0,0,0,0,0,0,0,0,0,0,0,0,0,0,0,0,0,0,0,0,0,0,0,0,0,1,0,1,1,2,3,4,4,6,6,7,6,7,7,6,6,6,6,7,9,11,12,12,13,14,13,12,12,10,10,11,12,14,15,17,17,15,14,12,10,7,5,3,2,2,2,3,5,7,9,10,10,10,10,9,8,6,5,4,5,7,10,12,13,14,13,11,10,9,6,4,3,1,1,1,0,0,0,0,0,0,0,0,0,0,0,0,0,0,0,0,0,0,0,0,0,0,0,0,0,0,0,0,0,0,0,0,0,0,0,0,0,0,0,0,0,0,0,0,0,0,0,0,0,0,0,0,0,0,0,0,0,0,0
0,0,0,0,0,0,0,0,0,0,0,0,0,0,0,0,0,0,0,0,0,0,0,0,0,0,0,0,0,0,0,0,0,0,0,0,0,0,0,0,0,0,0,0,0,0,0,0,0,0,0,0,0,0,0,0,0,0,0,0,0,0,0,0,0,0,1,0,1,1,2,3,4,4,6,6,7,6,7,7,6,6,6,6,7,8,10,12,13,13,14,14,13,13,11,11,12,13,14,16,17,17,15,14,11,9,6,4,2,1,1,2,3,5,7,9,10,10,10,10,9,8,6,5,5,6,8,11,13,13,13,12,11,10,8,6,4,2,1,1,1,0,0,0,0,0,0,0,0,0,0,0,0,0,0,0,0,0,0,0,0,0,0,0,0,0,0,0,0,0,0,0,0,0,0,0,0,0,0,0,0,0,0,0,0,0,0,0,0,0,0,0,0,0,0,0,0,0,0,0,0,0,0,0,0,0,0,0,0,0,0,0,0,0,0,0,0,0,0,0,0,0,0,0,0,0,0,0,0,0,0,0,0,0,0,0,0,0,0,0,0,0,0,0,0,0,0,0,0,0,0,0,0,0,0,0,0,0,0,0,0,0,0,0,0,0,1,0,1,1,2,3,4,4,6,6,7,6,7,7,6,6,6,6,7,8,10,12,13,13,15,14,13,13,11,11,12,13,14,16,17,17,15,14,11,9,6,4,2,1,1,2,3,5,7,9,10,10,10,10,9,8,6,5,5,5,8,11,13,13,13,12,11,10,8,6,4,2,1,1,1,0,0,0,0,0,0,0,0,0,0,0,0,0,0,0,0,0,0,0,0,0,0,0,0,0,0,0,0,0,0,0,0,0,0,0,0,0,0,0,0,0,0,0,0,0,0,0,0,0,0,0,0,0,0,0,0,0,0,0
0,0,0,0,0,0,0,0,0,0,0,0,0,0,0,0,0,0,0,0,0,0,0,0,0,0,0,0,0,0,0,0,0,0,0,0,0,0,0,0,0,0,0,0,0,0,0,0,0,0,0,0,0,0,0,0,0,0,0,0,0,0,0,0,0,0,0,0,1,1,2,3,4,4,6,7,7,7,7,7,6,6,6,6,6,8,10,12,13,14,15,15,13,13,12,12,12,14,15,16,17,17,15,13,10,8,6,4,2,1,1,2,2,4,6,8,10,10,10,10,10,9,7,6,5,6,9,11,13,13,13,12,10,9,7,5,3,2,1,1,1,0,0,0,0,0,0,0,0,0,0,0,0,0,0,0,0,0,0,0,0,0,0,0,0,0,0,0,0,0,0,0,0,0,0,0,0,0,0,0,0,0,0,0,0,0,0,0,0,0,0,0,0,0,0,0,0,0,0,0,0,0,0,0,0,0,0,0,0,0,0,0,0,0,0,0,0,0,0,0,0,0,0,0,0,0,0,0,0,0,0,0,0,0,0,0,0,0,0,0,0,0,0,0,0,0,0,0,0,0,0,0,0,0,0,0,0,0,0,0,0,0,0,0,0,0,0,0,1,1,2,3,4,4,6,7,7,7,7,7,6,6,6,5,6,8,10,12,13,14,15,15,13,13,12,12,12,14,15,16,17,17,15,13,10,8,6,4,2,1,1,2,2,4,6,8,10,11,10,10,10,9,7,6,5,6,9,11,13,13,13,12,10,9,7,5,3,2,1,1,1,0,0,0,0,0,0,0,0,0,0,0,0,0,0,0,0,0,0,0,0,0,0,0,0,0,0,0,0,0,0,0,0,0,0,0,0,0,0,0,0,0,0,0,0,0,0,0,0,0,0,0,0,0,0,0,0,0,0,0
0,0,0,0,0,0,0,0,0,0,0,0,0,0,0,0,0,0,0,0,0,0,0,0,0,0,0,0,0,0,0,0,0,0,0,0,0,0,0,0,0,0,0,0,0,0,0,0,0,0,0,0,0,0,0,0,0,0,0,0,0,0,0,0,0,0,0,0,1,1,2,3,3,4,6,7,7,7,7,7,6,6,6,5,6,7,9,12,13,14,15,15,14,14,13,13,13,15,16,17,17,16,14,12,10,7,5,3,1,1,1,1,2,4,6,8,10,10,11,10,10,9,8,6,6,7,10,12,13,13,13,11,10,9,7,4,3,1,1,1,0,0,0,0,0,0,0,0,0,0,0,0,0,0,0,0,0,0,0,0,0,0,0,0,0,0,0,0,0,0,0,0,0,0,0,0,0,0,0,0,0,0,0,0,0,0,0,0,0,0,0,0,0,0,0,0,0,0,0,0,0,0,0,0,0,0,0,0,0,0,0,0,0,0,0,0,0,0,0,0,0,0,0,0,0,0,0,0,0,0,0,0,0,0,0,0,0,0,0,0,0,0,0,0,0,0,0,0,0,0,0,0,0,0,0,0,0,0,0,0,0,0,0,0,0,0,0,0,1,1,2,3,4,4,6,7,7,7,7,7,6,6,6,5,6,7,9,12,13,14,15,15,14,14,13,13,13,15,16,17,17,16,14,12,10,7,5,3,1,1,1,1,2,4,6,8,10,10,11,10,10,9,8,6,6,7,10,12,13,13,13,11,10,9,7,4,3,1,1,1,0,0,0,0,0,0,0,0,0,0,0,0,0,0,0,0,0,0,0,0,0,0,0,0,0,0,0,0,0,0,0,0,0,0,0,0,0,0,0,0,0,0,0,0,0,0,0,0,0,0,0,0,0,0,0,0,0,0,0,0
0,0,0,0,0,0,0,0,0,0,0,0,0,0,0,0,0,0,0,0,0,0,0,0,0,0,0,0,0,0,0,0,0,0,0,0,0,0,0,0,0,0,0,0,0,0,0,0,0,0,0,0,0,0,0,0,0,0,0,0,0,0,0,0,0,0,0,0,1,1,2,3,3,4,6,7,7,7,7,8,6,5,6,5,5,6,9,12,13,14,15,16,15,15,14,13,14,16,17,17,17,16,14,12,9,7,4,2,1,1,1,1,2,3,5,8,9,10,11,10,10,10,8,7,7,8,11,12,13,13,12,11,9,8,6,4,2,1,1,1,0,0,0,0,0,0,0,0,0,0,0,0,0,0,0,0,0,0,0,0,0,0,0,0,0,0,0,0,0,0,0,0,0,0,0,0,0,0,0,0,0,0,0,0,0,0,0,0,0,0,0,0,0,0,0,0,0,0,0,0,0,0,0,0,0,0,0,0,0,0,0,0,0,0,0,0,0,0,0,0,0,0,0,0,0,0,0,0,0,0,0,0,0,0,0,0,0,0,0,0,0,0,0,0,0,0,0,0,0,0,0,0,0,0,0,0,0,0,0,0,0,0,0,0,0,0,0,0,1,1,2,3,3,4,6,7,7,7,7,7,6,5,6,5,5,6,9,12,13,14,15,16,15,15,14,13,14,16,17,17,17,16,14,12,9,7,4,2,1,1,1,1,2,3,5,8,9,10,11,10,10,10,8,7,7,8,11,12,13,13,12,11,9,8,6,4,2,1,1,1,0,0,0,0,0,0,0,0,0,0,0,0,0,0,0,0,0,0,0,0,0,0,0,0,0,0,0,0,0,0,0,0,0,0,0,0,0,0,0,0,0,0,0,0,0,0,0,0,0,0,0,0,0,0,0,0,0,0,0,0
0,0,0,0,0,0,0,0,0,0,0,0,0,0,0,0,0,0,0,0,0,0,0,0,0,0,0,0,0,0,0,0,0,0,0,0,0,0,0,0,0,0,0,0,0,0,0,0,0,0,0,0,0,0,0,0,0,0,0,0,0,0,0,0,0,0,0,0,1,1,2,2,3,5,5,7,7,7,7,8,6,5,5,5,5,6,8,11,13,14,15,16,16,16,15,14,15,17,17,17,17,16,13,11,8,6,4,2,1,1,1,1,2,3,5,7,9,10,11,10,10,10,9,8,8,9,11,13,13,13,12,10,9,8,6,3,2,1,1,1,0,0,0,0,0,0,0,0,0,0,0,0,0,0,0,0,0,0,0,0,0,0,0,0,0,0,0,0,0,0,0,0,0,0,0,0,0,0,0,0,0,0,0,0,0,0,0,0,0,0,0,0,0,0,0,0,0,0,0,0,0,0,0,0,0,0,0,0,0,0,0,0,0,0,0,0,0,0,0,0,0,0,0,0,0,0,0,0,0,0,0,0,0,0,0,0,0,0,0,0,0,0,0,0,0,0,0,0,0,0,0,0,0,0,0,0,0,0,0,0,0,0,0,0,0,0,0,0,1,1,2,2,3,5,5,7,7,7,7,8,6,5,5,5,5,6,8,11,13,14,15,16,16,16,15,14,15,17,17,17,17,16,13,11,8,6,4,2,1,1,1,1,2,3,5,7,9,10,11,10,10,10,9,8,8,9,11,13,13,13,12,10,9,8,6,3,2,1,1,1,0,0,0,0,0,0,0,0,0,0,0,0,0,0,0,0,0,0,0,0,0,0,0,0,0,0,0,0,0,0,0,0,0,0,0,0,0,0,0,0,0,0,0,0,0,0,0,0,0,0,0,0,0,0,0,0,0,0,0,0
0,0,0,0,0,0,0,0,0,0,0,0,0,0,0,0,0,0,0,0,0,0,0,0,0,0,0,0,0,0,0,0,0,0,0,0,0,0,0,0,0,0,0,0,0,0,0,0,0,0,0,0,0,0,0,0,0,0,0,0,0,0,0,0,0,0,0,0,1,1,2,2,3,5,5,7,8,7,7,8,6,5,5,5,4,5,8,11,13,14,15,17,17,17,16,15,16,18,18,18,17,15,12,10,7,5,3,2,1,1,1,1,1,3,5,7,8,10,11,11,10,11,10,9,9,11,12,13,13,12,11,10,9,7,5,2,1,1,1,0,0,0,0,0,0,0,0,0,0,0,0,0,0,0,0,0,0,0,0,0,0,0,0,0,0,0,0,0,0,0,0,0,0,0,0,0,0,0,0,0,0,0,0,0,0,0,0,0,0,0,0,0,0,0,0,0,0,0,0,0,0,0,0,0,0,0,0,0,0,0,0,0,0,0,0,0,0,0,0,0,0,0,0,0,0,0,0,0,0,0,0,0,0,0,0,0,0,0,0,0,0,0,0,0,0,0,0,0,0,0,0,0,0,0,0,0,0,0,0,0,0,0,0,0,0,0,0,0,1,1,2,2,3,5,5,7,8,7,7,8,6,5,5,4,4,5,8,11,13,14,15,17,17,17,16,15,16,18,18,18,17,15,12,10,7,5,3,2,1,1,1,1,1,3,5,7,8,10,11,11,10,11,10,9,9,11,12,13,13,12,11,10,9,7,5,2,1,1,1,0,0,0,0,0,0,0,0,0,0,0,0,0,0,0,0,0,0,0,0,0,0,0,0,0,0,0,0,0,0,0,0,0,0,0,0,0,0,0,0,0,0,0,0,0,0,0,0,0,0,0,0,0,0,0,0,0,0,0,0,0
0,0,0,0,0,0,0,0,0,0,0,0,0,0,0,0,0,0,0,0,0,0,0,0,0,0,0,0,0,0,0,0,0,0,0,0,0,0,0,0,0,0,0,0,0,0,0,0,0,0,0,0,0,0,0,0,0,0,0,0,0,0,0,0,0,0,0,0,1,1,2,2,3,5,5,7,8,7,7,8,6,5,5,4,4,5,7,10,13,14,15,17,18,18,17,17,17,18,19,18,16,15,12,9,7,5,3,1,1,1,1,1,1,2,4,6,8,10,11,11,11,11,11,10,10,12,13,13,13,12,11,9,8,6,4,2,1,1,1,0,0,0,0,0,0,0,0,0,0,0,0,0,0,0,0,0,0,0,0,0,0,0,0,0,0,0,0,0,0,0,0,0,0,0,0,0,0,0,0,0,0,0,0,0,0,0,0,0,0,0,0,0,0,0,0,0,0,0,0,0,0,0,0,0,0,0,0,0,0,0,0,0,0,0,0,0,0,0,0,0,0,0,0,0,0,0,0,0,0,0,0,0,0,0,0,0,0,0,0,0,0,0,0,0,0,0,0,0,0,0,0,0,0,0,0,0,0,0,0,0,0,0,0,0,0,0,0,0,1,1,2,2,3,5,5,7,8,7,7,8,6,5,5,4,4,5,7,10,13,14,15,17,18,18,17,17,17,18,19,18,16,15,12,9,7,5,3,1,1,1,1,1,1,2,4,6,8,10,11,11,11,11,11,10,10,12,13,13,13,12,11,9,8,6,4,2,1,1,1,0,0,0,0,0,0,0,0,0,0,0,0,0,0,0,0,0,0,0,0,0,0,0,0,0,0,0,0,0,0,0,0,0,0,0,0,0,0,0,0,0,0,0,0,0,0,0,0,0,0,0,0,0,0,0,0,0,0,0,0,0
0,0,0,0,0,0,0,0,0,0,0,0,0,0,0,0,0,0,0,0,0,0,0,0,0,0,0,0,0,0,0,0,0,0,0,0,0,0,0,0,0,0,0,0,0,0,0,0,0,0,0,0,0,0,0,0,0,0,0,0,0,0,0,0,0,0,0,0,1,1,2,2,3,5,5,7,8,7,7,8,6,5,5,4,4,5,6,10,12,14,15,17,19,19,18,18,18,19,19,18,16,14,11,8,6,4,2,1,1,1,1,1,1,2,4,6,8,9,11,11,11,11,11,11,12,13,14,13,13,12,10,9,8,6,4,2,1,1,1,0,0,0,0,0,0,0,0,0,0,0,0,0,0,0,0,0,0,0,0,0,0,0,0,0,0,0,0,0,0,0,0,0,0,0,0,0,0,0,0,0,0,0,0,0,0,0,0,0,0,0,0,0,0,0,0,0,0,0,0,0,0,0,0,0,0,0,0,0,0,0,0,0,0,0,0,0,0,0,0,0,0,0,0,0,0,0,0,0,0,0,0,0,0,0,0,0,0,0,0,0,0,0,0,0,0,0,0,0,0,0,0,0,0,0,0,0,0,0,0,0,0,0,0,0,0,0,0,0,1,1,2,2,3,5,5,7,8,7,7,8,6,5,5,4,4,5,6,10,12,14,15,17,19,19,18,18,18,19,19,18,16,14,11,8,6,4,2,1,1,1,1,1,1,2,4,6,8,9,11,11,11,11,11,11,12,13,14,13,13,12,10,9,8,6,4,2,1,1,1,0,0,0,0,0,0,0,0,0,0,0,0,0,0,0,0,0,0,0,0,0,0,0,0,0,0,0,0,0,0,0,0,0,0,0,0,0,0,0,0,0,0,0,0,0,0,0,0,0,0,0,0,0,0,0,0,0,0,0,0,0
0,0,0,0,0,0,0,0,0,0,0,0,0,0,0,0,0,0,0,0,0,0,0,0,0,0,0,0,0,0,0,0,0,0,0,0,0,0,0,0,0,0,0,0,0,0,0,0,0,0,0,0,0,0,0,0,0,0,0,0,0,0,0,0,0,0,0,0,1,1,2,2,3,5,5,7,8,8,7,8,6,5,5,4,4,4,6,9,12,14,15,17,19,20,20,19,19,20,19,18,16,13,10,8,5,4,2,1,1,1,0,1,1,2,3,5,7,9,10,11,11,12,12,12,13,14,14,13,13,11,10,8,7,5,3,1,1,1,1,0,0,0,0,0,0,0,0,0,0,0,0,0,0,0,0,0,0,0,0,0,0,0,0,0,0,0,0,0,0,0,0,0,0,0,0,0,0,0,0,0,0,0,0,0,0,0,0,0,0,0,0,0,0,0,0,0,0,0,0,0,0,0,0,0,0,0,0,0,0,0,0,0,0,0,0,0,0,0,0,0,0,0,0,0,0,0,0,0,0,0,0,0,0,0,0,0,0,0,0,0,0,0,0,0,0,0,0,0,0,0,0,0,0,0,0,0,0,0,0,0,0,0,0,0,0,0,0,0,1,1,2,2,3,5,5,7,8,8,7,8,6,5,5,4,4,4,6,9,12,14,15,17,19,20,20,19,19,20,19,18,16,13,10,8,6,4,2,1,1,1,0,1,1,2,3,5,7,9,10,11,11,12,12,12,13,14,14,13,13,11,10,9,7,5,3,1,1,1,1,0,0,0,0,0,0,0,0,0,0,0,0,0,0,0,0,0,0,0,0,0,0,0,0,0,0,0,0,0,0,0,0,0,0,0,0,0,0,0,0,0,0,0,0,0,0,0,0,0,0,0,0,0,0,0,0,0,0,0,0,0
0,0,0,0,0,0,0,0,0,0,0,0,0,0,0,0,0,0,0,0,0,0,0,0,0,0,0,0,0,0,0,0,0,0,0,0,0,0,0,0,0,0,0,0,0,0,0,0,0,0,0,0,0,0,0,0,0,0,0,0,0,0,0,0,0,0,0,1,1,1,2,2,3,5,5,7,8,8,7,8,6,5,4,4,3,4,5,8,12,14,16,18,20,21,21,20,20,21,19,18,16,12,9,7,5,3,1,1,1,1,0,1,1,2,3,5,7,9,10,11,12,12,13,14,14,15,15,14,12,11,9,8,7,5,2,1,1,1,0,0,0,0,0,0,0,0,0,0,0,0,0,0,0,0,0,0,0,0,0,0,0,0,0,0,0,0,0,0,0,0,0,0,0,0,0,0,0,0,0,0,0,0,0,0,0,0,0,0,0,0,0,0,0,0,0,0,0,0,0,0,0,0,0,0,0,0,0,0,0,0,0,0,0,0,0,0,0,0,0,0,0,0,0,0,0,0,0,0,0,0,0,0,0,0,0,0,0,0,0,0,0,0,0,0,0,0,0,0,0,0,0,0,0,0,0,0,0,0,0,0,0,0,0,0,0,0,0,1,1,1,2,2,3,5,5,7,8,8,7,8,6,5,4,4,3,4,5,8,12,14,16,18,20,21,21,20,20,21,19,18,16,12,9,7,5,3,1,1,1,1,0,1,1,2,3,5,7,9,10,11,12,12,13,14,14,15,15,14,12,11,9,8,7,5,2,1,1,1,0,0,0,0,0,0,0,0,0,0,0,0,0,0,0,0,0,0,0,0,0,0,0,0,0,0,0,0,0,0,0,0,0,0,0,0,0,0,0,0,0,0,0,0,0,0,0,0,0,0,0,0,0,0,0,0,0,0,0,0,0,0
0,0,0,0,0,0,0,0,0,0,0,0,0,0,0,0,0,0,0,0,0,0,0,0,0,0,0,0,0,0,0,0,0,0,0,0,0,0,0,0,0,0,0,0,0,0,0,0,0,0,0,0,0,0,0,0,0,0,0,0,0,0,0,0,0,0,0,1,1,1,1,2,3,5,5,7,8,8,7,8,6,5,4,4,3,3,5,8,11,14,16,18,21,22,22,21,22,21,20,18,15,12,9,6,4,3,1,1,1,1,0,1,1,1,3,5,6,8,10,11,12,12,14,15,15,15,15,14,12,10,9,8,6,4,2,1,1,1,0,0,0,0,0,0,0,0,0,0,0,0,0,0,0,0,0,0,0,0,0,0,0,0,0,0,0,0,0,0,0,0,0,0,0,0,0,0,0,0,0,0,0,0,0,0,0,0,0,0,0,0,0,0,0,0,0,0,0,0,0,0,0,0,0,0,0,0,0,0,0,0,0,0,0,0,0,0,0,0,0,0,0,0,0,0,0,0,0,0,0,0,0,0,0,0,0,0,0,0,0,0,0,0,0,0,0,0,0,0,0,0,0,0,0,0,0,0,0,0,0,0,0,0,0,0,0,0,0,1,1,1,1,2,3,5,5,7,8,8,7,8,6,5,4,4,3,3,5,8,11,14,16,18,21,22,22,21,22,21,19,18,15,12,9,6,4,3,1,1,1,1,0,1,1,1,3,5,6,8,10,11,12,12,14,15,15,15,15,14,12,10,9,8,6,4,2,1,1,1,0,0,0,0,0,0,0,0,0,0,0,0,0,0,0,0,0,0,0,0,0,0,0,0,0,0,0,0,0,0,0,0,0,0,0,0,0,0,0,0,0,0,0,0,0,0,0,0,0,0,0,0,0,0,0,0,0,0,0,0,0,0
0,0,0,0,0,0,0,0,0,0,0,0,0,0,0,0,0,0,0,0,0,0,0,0,0,0,0,0,0,0,0,0,0,0,0,0,0,0,0,0,0,0,0,0,0,0,0,0,0,0,0,0,0,0,0,0,0,0,0,0,0,0,0,0,0,0,0,1,0,1,1,2,3,5,5,8,8,8,7,8,6,5,4,3,3,3,5,7,11,14,16,19,21,23,24,22,23,22,20,18,15,11,8,6,4,2,1,1,1,0,0,0,1,1,2,4,6,8,10,11,12,13,14,16,16,16,15,14,12,10,8,7,6,3,2,1,1,1,0,0,0,0,0,0,0,0,0,0,0,0,0,0,0,0,0,0,0,0,0,0,0,0,0,0,0,0,0,0,0,0,0,0,0,0,0,0,0,0,0,0,0,0,0,0,0,0,0,0,0,0,0,0,0,0,0,0,0,0,0,0,0,0,0,0,0,0,0,0,0,0,0,0,0,0,0,0,0,0,0,0,0,0,0,0,0,0,0,0,0,0,0,0,0,0,0,0,0,0,0,0,0,0,0,0,0,0,0,0,0,0,0,0,0,0,0,0,0,0,0,0,0,0,0,0,0,0,0,1,0,1,1,2,3,5,5,7,8,8,7,8,6,5,4,3,3,3,5,7,11,14,16,19,21,23,24,22,23,21,20,18,15,11,8,6,4,2,1,1,1,0,0,0,1,1,2,4,6,8,10,11,12,13,14,16,16,16,15,14,12,10,8,7,6,3,2,1,1,1,0,0,0,0,0,0,0,0,0,0,0,0,0,0,0,0,0,0,0,0,0,0,0,0,0,0,0,0,0,0,0,0,0,0,0,0,0,0,0,0,0,0,0,0,0,0,0,0,0,0,0,0,0,0,0,0,0,0,0,0,0,0
0,0,0,0,0,0,0,0,0,0,0,0,0,0,0,0,0,0,0,0,0,0,0,0,0,0,0,0,0,0,0,0,0,0,0,0,0,0,0,0,0,0,0,0,0,0,0,0,0,0,0,0,0,0,0,0,0,0,0,0,0,0,0,0,0,0,0,1,0,1,1,2,3,5,5,8,8,8,7,7,6,5,4,3,3,3,4,6,10,14,16,19,22,24,25,23,24,22,20,18,14,10,7,5,3,2,1,1,1,0,0,0,1,1,2,4,5,7,9,11,12,13,15,17,18,17,16,14,11,9,8,7,5,3,1,1,1,0,0,0,0,0,0,0,0,0,0,0,0,0,0,0,0,0,0,0,0,0,0,0,0,0,0,0,0,0,0,0,0,0,0,0,0,0,0,0,0,0,0,0,0,0,0,0,0,0,0,0,0,0,0,0,0,0,0,0,0,0,0,0,0,0,0,0,0,0,0,0,0,0,0,0,0,0,0,0,0,0,0,0,0,0,0,0,0,0,0,0,0,0,0,0,0,0,0,0,0,0,0,0,0,0,0,0,0,0,0,0,0,0,0,0,0,0,0,0,0,0,0,0,0,0,0,0,0,0,0,1,0,1,1,2,3,5,5,8,8,8,7,7,6,5,4,3,3,3,4,6,10,14,16,19,22,24,25,23,24,22,20,18,14,10,7,5,3,2,1,1,1,0,0,0,1,1,2,4,5,7,9,11,12,13,15,17,18,17,16,14,11,9,8,7,5,3,1,1,1,0,0,0,0,0,0,0,0,0,0,0,0,0,0,0,0,0,0,0,0,0,0,0,0,0,0,0,0,0,0,0,0,0,0,0,0,0,0,0,0,0,0,0,0,0,0,0,0,0,0,0,0,0,0,0,0,0,0,0,0,0,0,0
0,0,0,0,0,0,0,0,0,0,0,0,0,0,0,0,0,0,0,0,0,0,0,0,0,0,0,0,0,0,0,0,0,0,0,0,0,0,0,0,0,0,0,0,0,0,0,0,0,0,0,0,0,0,0,0,0,0,0,0,0,0,0,0,0,0,0,1,0,1,1,2,3,5,6,8,8,8,8,7,6,5,4,3,2,3,4,6,10,13,17,20,23,25,27,25,24,22,20,17,14,9,7,5,3,1,1,1,0,0,0,0,1,1,2,3,5,7,9,11,13,14,16,18,19,18,16,14,11,9,8,6,4,2,1,1,1,0,0,0,0,0,0,0,0,0,0,0,0,0,0,0,0,0,0,0,0,0,0,0,0,0,0,0,0,0,0,0,0,0,0,0,0,0,0,0,0,0,0,0,0,0,0,0,0,0,0,0,0,0,0,0,0,0,0,0,0,0,0,0,0,0,0,0,0,0,0,0,0,0,0,0,0,0,0,0,0,0,0,0,0,0,0,0,0,0,0,0,0,0,0,0,0,0,0,0,0,0,0,0,0,0,0,0,0,0,0,0,0,0,0,0,0,0,0,0,0,0,0,0,0,0,0,0,0,0,0,1,0,1,1,2,3,5,6,8,8,8,7,7,6,5,3,3,2,3,4,6,10,13,17,20,23,25,27,25,24,22,20,17,14,9,7,5,3,1,1,1,0,0,0,0,1,1,2,3,5,7,9,11,13,14,16,18,19,18,16,14,11,9,8,6,4,2,1,1,1,0,0,0,0,0,0,0,0,0,0,0,0,0,0,0,0,0,0,0,0,0,0,0,0,0,0,0,0,0,0,0,0,0,0,0,0,0,0,0,0,0,0,0,0,0,0,0,0,0,0,0,0,0,0,0,0,0,0,0,0,0,0,0
0,0,0,0,0,0,0,0,0,0,0,0,0,0,0,0,0,0,0,0,0,0,0,0,0,0,0,0,0,0,0,0,0,0,0,0,0,0,0,0,0,0,0,0,0,0,0,0,0,0,0,0,0,0,0,0,0,0,0,0,0,0,0,0,0,0,0,0,0,1,1,2,3,5,6,8,8,8,8,7,7,5,3,3,2,2,4,5,9,13,17,20,23,26,28,26,25,23,20,17,13,8,6,4,2,1,1,1,0,0,0,0,1,1,2,3,5,7,9,11,13,15,17,19,20,18,16,14,11,9,7,6,4,2,1,1,1,0,0,0,0,0,0,0,0,0,0,0,0,0,0,0,0,0,0,0,0,0,0,0,0,0,0,0,0,0,0,0,0,0,0,0,0,0,0,0,0,0,0,0,0,0,0,0,0,0,0,0,0,0,0,0,0,0,0,0,0,0,0,0,0,0,0,0,0,0,0,0,0,0,0,0,0,0,0,0,0,0,0,0,0,0,0,0,0,0,0,0,0,0,0,0,0,0,0,0,0,0,0,0,0,0,0,0,0,0,0,0,0,0,0,0,0,0,0,0,0,0,0,0,0,0,0,0,0,0,0,0,0,1,1,2,3,5,6,8,8,8,8,7,7,5,3,3,2,2,4,5,9,13,17,20,23,26,28,26,25,23,20,17,13,8,6,4,2,1,1,1,0,0,0,0,1,1,2,3,5,7,9,11,13,15,17,19,20,18,16,14,11,9,7,6,4,2,1,1,1,0,0,0,0,0,0,0,0,0,0,0,0,0,0,0,0,0,0,0,0,0,0,0,0,0,0,0,0,0,0,0,0,0,0,0,0,0,0,0,0,0,0,0,0,0,0,0,0,0,0,0,0,0,0,0,0,0,0,0,0,0,0,0
0,0,0,0,0,0,0,0,0,0,0,0,0,0,0,0,0,0,0,0,0,0,0,0,0,0,0,0,0,0,0,0,0,0,0,0,0,0,0,0,0,0,0,0,0,0,0,0,0,0,0,0,0,0,0,0,0,0,0,0,0,0,0,0,0,0,0,0,0,1,1,2,3,5,6,8,9,8,8,7,7,5,3,3,2,2,3,5,9,13,17,21,24,27,29,28,26,23,21,17,12,8,5,4,2,1,1,1,0,0,0,0,0,1,1,3,4,6,9,11,13,15,18,20,21,19,17,14,11,9,7,5,3,2,1,1,0,0,0,0,0,0,0,0,0,0,0,0,0,0,0,0,0,0,0,0,0,0,0,0,0,0,0,0,0,0,0,0,0,0,0,0,0,0,0,0,0,0,0,0,0,0,0,0,0,0,0,0,0,0,0,0,0,0,0,0,0,0,0,0,0,0,0,0,0,0,0,0,0,0,0,0,0,0,0,0,0,0,0,0,0,0,0,0,0,0,0,0,0,0,0,0,0,0,0,0,0,0,0,0,0,0,0,0,0,0,0,0,0,0,0,0,0,0,0,0,0,0,0,0,0,0,0,0,0,0,0,0,0,1,1,2,3,5,6,8,9,8,8,7,7,5,3,3,2,2,3,5,9,13,17,21,24,27,29,28,26,23,21,17,12,8,5,4,2,1,1,1,0,0,0,0,0,1,1,3,4,6,9,11,13,15,18,20,21,19,17,14,11,9,7,5,3,2,1,1,0,0,0,0,0,0,0,0,0,0,0,0,0,0,0,0,0,0,0,0,0,0,0,0,0,0,0,0,0,0,0,0,0,0,0,0,0,0,0,0,0,0,0,0,0,0,0,0,0,0,0,0,0,0,0,0,0,0,0,0,0,0,0,0
0,0,0,0,0,0,0,0,0,0,0,0,0,0,0,0,0,0,0,0,0,0,0,0,0,0,0,0,0,0,0,0,0,0,0,0,0,0,0,0,0,0,0,0,0,0,0,0,0,0,0,0,0,0,0,0,0,0,0,0,0,0,0,0,0,0,0,0,0,1,1,2,3,5,6,8,9,9,8,7,7,5,3,2,2,2,3,4,8,12,17,21,25,28,30,29,27,24,21,17,12,7,5,3,2,1,1,0,0,0,0,0,0,1,1,2,4,6,8,11,13,16,19,21,22,20,17,14,11,9,7,5,3,1,1,1,0,0,0,0,0,0,0,0,0,0,0,0,0,0,0,0,0,0,0,0,0,0,0,0,0,0,0,0,0,0,0,0,0,0,0,0,0,0,0,0,0,0,0,0,0,0,0,0,0,0,0,0,0,0,0,0,0,0,0,0,0,0,0,0,0,0,0,0,0,0,0,0,0,0,0,0,0,0,0,0,0,0,0,0,0,0,0,0,0,0,0,0,0,0,0,0,0,0,0,0,0,0,0,0,0,0,0,0,0,0,0,0,0,0,0,0,0,0,0,0,0,0,0,0,0,0,0,0,0,0,0,0,0,1,1,2,3,5,6,8,9,9,8,7,7,5,3,2,2,2,3,4,8,12,17,21,25,28,30,29,27,24,21,17,12,7,5,3,2,1,1,0,0,0,0,0,0,1,1,2,4,6,8,11,13,16,19,21,22,20,17,14,11,9,7,5,3,1,1,1,0,0,0,0,0,0,0,0,0,0,0,0,0,0,0,0,0,0,0,0,0,0,0,0,0,0,0,0,0,0,0,0,0,0,0,0,0,0,0,0,0,0,0,0,0,0,0,0,0,0,0,0,0,0,0,0,0,0,0,0,0,0,0,0
0,0,0,0,0,0,0,0,0,0,0,0,0,0,0,0,0,0,0,0,0,0,0,0,0,0,0,0,0,0,0,0,0,0,0,0,0,0,0,0,0,0,0,0,0,0,0,0,0,0,0,0,0,0,0,0,0,0,0,0,0,0,0,0,0,0,0,0,0,1,1,2,3,5,7,7,9,9,8,7,7,5,3,2,2,2,3,4,8,12,17,22,26,29,31,31,28,24,21,16,11,7,5,3,1,1,1,0,0,0,0,0,0,1,1,2,4,6,8,11,14,17,20,22,22,21,17,14,11,8,7,4,2,1,1,1,0,0,0,0,0,0,0,0,0,0,0,0,0,0,0,0,0,0,0,0,0,0,0,0,0,0,0,0,0,0,0,0,0,0,0,0,0,0,0,0,0,0,0,0,0,0,0,0,0,0,0,0,0,0,0,0,0,0,0,0,0,0,0,0,0,0,0,0,0,0,0,0,0,0,0,0,0,0,0,0,0,0,0,0,0,0,0,0,0,0,0,0,0,0,0,0,0,0,0,0,0,0,0,0,0,0,0,0,0,0,0,0,0,0,0,0,0,0,0,0,0,0,0,0,0,0,0,0,0,0,0,0,0,1,1,2,3,5,7,7,9,9,8,7,7,5,3,2,2,2,3,4,8,12,17,22,26,29,31,31,28,24,21,16,11,7,5,3,1,1,1,0,0,0,0,0,0,1,1,2,4,6,8,11,14,17,20,22,22,21,17,14,11,8,7,4,2,1,1,1,0,0,0,0,0,0,0,0,0,0,0,0,0,0,0,0,0,0,0,0,0,0,0,0,0,0,0,0,0,0,0,0,0,0,0,0,0,0,0,0,0,0,0,0,0,0,0,0,0,0,0,0,0,0,0,0,0,0,0,0,0,0,0,0
0,0,0,0,0,0,0,0,0,0,0,0,0,0,0,0,0,0,0,0,0,0,0,0,0,0,0,0,0,0,0,0,0,0,0,0,0,0,0,0,0,0,0,0,0,0,0,0,0,0,0,0,0,0,0,0,0,0,0,0,0,0,0,0,0,0,0,0,0,1,1,2,3,5,7,7,9,9,8,7,7,5,3,2,1,2,3,4,8,11,17,23,27,30,32,32,28,25,21,16,11,6,4,2,1,1,1,0,0,0,0,0,0,1,1,2,3,5,8,11,14,18,21,22,23,21,18,14,11,8,6,4,2,1,1,0,0,0,0,0,0,0,0,0,0,0,0,0,0,0,0,0,0,0,0,0,0,0,0,0,0,0,0,0,0,0,0,0,0,0,0,0,0,0,0,0,0,0,0,0,0,0,0,0,0,0,0,0,0,0,0,0,0,0,0,0,0,0,0,0,0,0,0,0,0,0,0,0,0,0,0,0,0,0,0,0,0,0,0,0,0,0,0,0,0,0,0,0,0,0,0,0,0,0,0,0,0,0,0,0,0,0,0,0,0,0,0,0,0,0,0,0,0,0,0,0,0,0,0,0,0,0,0,0,0,0,0,0,0,1,1,2,3,5,7,7,9,9,8,7,7,5,3,2,1,2,3,4,8,11,17,23,28,30,32,32,28,25,21,16,11,6,4,2,1,1,1,0,0,0,0,0,0,1,1,2,3,5,8,11,14,18,21,22,23,21,18,14,11,8,6,4,2,1,1,0,0,0,0,0,0,0,0,0,0,0,0,0,0,0,0,0,0,0,0,0,0,0,0,0,0,0,0,0,0,0,0,0,0,0,0,0,0,0,0,0,0,0,0,0,0,0,0,0,0,0,0,0,0,0,0,0,0,0,0,0,0,0,0,0
0,0,0,0,0,0,0,0,0,0,0,0,0,0,0,0,0,0,0,0,0,0,0,0,0,0,0,0,0,0,0,0,0,0,0,0,0,0,0,0,0,0,0,0,0,0,0,0,0,0,0,0,0,0,0,0,0,0,0,0,0,0,0,0,0,0,0,0,1,1,1,2,3,5,7,7,9,9,8,7,7,5,3,2,1,1,2,4,7,11,17,23,29,32,33,33,29,26,22,16,10,6,4,2,1,1,0,0,0,0,0,0,0,0,1,2,3,5,8,11,15,19,21,23,23,22,18,14,11,8,6,3,2,1,1,0,0,0,0,0,0,0,0,0,0,0,0,0,0,0,0,0,0,0,0,0,0,0,0,0,0,0,0,0,0,0,0,0,0,0,0,0,0,0,0,0,0,0,0,0,0,0,0,0,0,0,0,0,0,0,0,0,0,0,0,0,0,0,0,0,0,0,0,0,0,0,0,0,0,0,0,0,0,0,0,0,0,0,0,0,0,0,0,0,0,0,0,0,0,0,0,0,0,0,0,0,0,0,0,0,0,0,0,0,0,0,0,0,0,0,0,0,0,0,0,0,0,0,0,0,0,0,0,0,0,0,0,0,1,1,1,2,3,5,7,7,9,9,8,7,7,5,3,2,1,1,2,4,7,11,17,23,29,32,33,34,29,26,22,16,10,6,4,2,1,1,0,0,0,0,0,0,0,0,1,2,3,5,8,11,15,19,21,23,23,22,18,14,11,8,6,3,2,1,1,0,0,0,0,0,0,0,0,0,0,0,0,0,0,0,0,0,0,0,0,0,0,0,0,0,0,0,0,0,0,0,0,0,0,0,0,0,0,0,0,0,0,0,0,0,0,0,0,0,0,0,0,0,0,0,0,0,0,0,0,0,0,0,0,0
0,0,0,0,0,0,0,0,0,0,0,0,0,0,0,0,0,0,0,0,0,0,0,0,0,0,0,0,0,0,0,0,0,0,0,0,0,0,0,0,0,0,0,0,0,0,0,0,0,0,0,0,0,0,0,0,0,0,0,0,0,0,0,0,0,0,0,0,1,1,1,2,3,5,7,8,9,9,8,7,8,5,3,2,1,1,2,4,7,11,17,24,30,33,34,34,30,26,22,16,10,6,3,2,1,1,0,0,0,0,0,0,0,0,1,1,3,5,7,11,15,19,22,24,24,23,19,15,11,8,6,3,1,1,1,0,0,0,0,0,0,0,0,0,0,0,0,0,0,0,0,0,0,0,0,0,0,0,0,0,0,0,0,0,0,0,0,0,0,0,0,0,0,0,0,0,0,0,0,0,0,0,0,0,0,0,0,0,0,0,0,0,0,0,0,0,0,0,0,0,0,0,0,0,0,0,0,0,0,0,0,0,0,0,0,0,0,0,0,0,0,0,0,0,0,0,0,0,0,0,0,0,0,0,0,0,0,0,0,0,0,0,0,0,0,0,0,0,0,0,0,0,0,0,0,0,0,0,0,0,0,0,0,0,0,0,0,0,1,1,1,2,3,5,7,8,9,9,8,7,7,5,3,2,1,1,2,4,7,11,17,24,30,33,34,34,30,26,22,16,10,6,3,2,1,1,0,0,0,0,0,0,0,0,1,1,3,5,7,11,15,19,22,24,24,23,19,15,11,8,6,3,1,1,1,0,0,0,0,0,0,0,0,0,0,0,0,0,0,0,0,0,0,0,0,0,0,0,0,0,0,0,0,0,0,0,0,0,0,0,0,0,0,0,0,0,0,0,0,0,0,0,0,0,0,0,0,0,0,0,0,0,0,0,0,0,0,0,0,0
0,0,0,0,0,0,0,0,0,0,0,0,0,0,0,0,0,0,0,0,0,0,0,0,0,0,0,0,0,0,0,0,0,0,0,0,0,0,0,0,0,0,0,0,0,0,0,0,0,0,0,0,0,0,0,0,0,0,0,0,0,0,0,0,0,0,0,0,1,1,1,2,3,5,7,8,9,10,9,7,8,5,3,2,1,1,2,3,7,11,17,24,31,34,35,35,31,27,22,16,10,6,3,1,1,1,0,0,0,0,0,0,0,0,1,1,3,4,7,11,15,20,23,25,24,23,19,15,11,8,5,3,1,1,1,0,0,0,0,0,0,0,0,0,0,0,0,0,0,0,0,0,0,0,0,0,0,0,0,0,0,0,0,0,0,0,0,0,0,0,0,0,0,0,0,0,0,0,0,0,0,0,0,0,0,0,0,0,0,0,0,0,0,0,0,0,0,0,0,0,0,0,0,0,0,0,0,0,0,0,0,0,0,0,0,0,0,0,0,0,0,0,0,0,0,0,0,0,0,0,0,0,0,0,0,0,0,0,0,0,0,0,0,0,0,0,0,0,0,0,0,0,0,0,0,0,0,0,0,0,0,0,0,0,0,0,0,0,1,1,1,2,3,5,7,8,9,10,9,7,8,5,3,2,1,1,2,3,7,11,17,24,31,34,35,35,31,27,22,16,10,6,3,1,1,1,0,0,0,0,0,0,0,0,1,1,3,4,7,11,15,20,23,25,24,23,19,15,11,8,5,3,1,1,1,0,0,0,0,0,0,0,0,0,0,0,0,0,0,0,0,0,0,0,0,0,0,0,0,0,0,0,0,0,0,0,0,0,0,0,0,0,0,0,0,0,0,0,0,0,0,0,0,0,0,0,0,0,0,0,0,0,0,0,0,0,0,0,0,0
0,0,0,0,0,0,0,0,0,0,0,0,0,0,0,0,0,0,0,0,0,0,0,0,0,0,0,0,0,0,0,0,0,0,0,0,0,0,0,0,0,0,0,0,0,0,0,0,0,0,0,0,0,0,0,0,0,0,0,0,0,0,0,0,0,0,0,0,1,1,1,2,3,5,7,8,9,10,9,7,8,5,3,2,1,1,2,3,7,11,17,25,32,35,36,36,32,28,22,16,10,6,3,1,1,1,0,0,0,0,0,0,0,0,1,1,2,4,7,11,16,20,24,25,24,23,20,15,11,8,5,2,1,1,0,0,0,0,0,0,0,0,0,0,0,0,0,0,0,0,0,0,0,0,0,0,0,0,0,0,0,0,0,0,0,0,0,0,0,0,0,0,0,0,0,0,0,0,0,0,0,0,0,0,0,0,0,0,0,0,0,0,0,0,0,0,0,0,0,0,0,0,0,0,0,0,0,0,0,0,0,0,0,0,0,0,0,0,0,0,0,0,0,0,0,0,0,0,0,0,0,0,0,0,0,0,0,0,0,0,0,0,0,0,0,0,0,0,0,0,0,0,0,0,0,0,0,0,0,0,0,0,0,0,0,0,0,0,1,1,1,2,3,5,7,8,9,10,9,7,8,5,3,2,1,1,2,3,7,11,17,25,32,35,36,36,32,28,22,16,10,6,3,1,1,1,0,0,0,0,0,0,0,0,1,1,2,4,7,11,16,20,24,25,24,23,20,15,11,8,5,2,1,1,0,0,0,0,0,0,0,0,0,0,0,0,0,0,0,0,0,0,0,0,0,0,0,0,0,0,0,0,0,0,0,0,0,0,0,0,0,0,0,0,0,0,0,0,0,0,0,0,0,0,0,0,0,0,0,0,0,0,0,0,0,0,0,0,0,0
0,0,0,0,0,0,0,0,0,0,0,0,0,0,0,0,0,0,0,0,0,0,0,0,0,0,0,0,0,0,0,0,0,0,0,0,0,0,0,0,0,0,0,0,0,0,0,0,0,0,0,0,0,0,0,0,0,0,0,0,0,0,0,0,0,0,0,0,1,1,1,2,3,5,7,8,9,10,9,7,8,5,3,2,1,1,2,3,7,11,17,25,32,35,36,37,33,28,22,16,10,6,3,1,1,0,0,0,0,0,0,0,0,0,1,1,2,4,7,11,16,21,24,25,25,23,20,16,12,8,5,2,1,1,0,0,0,0,0,0,0,0,0,0,0,0,0,0,0,0,0,0,0,0,0,0,0,0,0,0,0,0,0,0,0,0,0,0,0,0,0,0,0,0,0,0,0,0,0,0,0,0,0,0,0,0,0,0,0,0,0,0,0,0,0,0,0,0,0,0,0,0,0,0,0,0,0,0,0,0,0,0,0,0,0,0,0,0,0,0,0,0,0,0,0,0,0,0,0,0,0,0,0,0,0,0,0,0,0,0,0,0,0,0,0,0,0,0,0,0,0,0,0,0,0,0,0,0,0,0,0,0,0,0,0,0,0,0,1,1,1,2,3,5,7,8,9,10,9,7,8,5,3,2,1,1,2,3,7,11,17,25,32,35,36,37,33,28,22,16,10,6,3,1,1,0,0,0,0,0,0,0,0,0,1,1,2,4,7,11,16,21,24,25,25,23,20,16,12,8,5,2,1,1,0,0,0,0,0,0,0,0,0,0,0,0,0,0,0,0,0,0,0,0,0,0,0,0,0,0,0,0,0,0,0,0,0,0,0,0,0,0,0,0,0,0,0,0,0,0,0,0,0,0,0,0,0,0,0,0,0,0,0,0,0,0,0,0,0,0
0,0,0,0,0,0,0,0,0,0,0,0,0,0,0,0,0,0,0,0,0,0,0,0,0,0,0,0,0,0,0,0,0,0,0,0,0,0,0,0,0,0,0,0,0,0,0,0,0,0,0,0,0,0,0,0,0,0,0,0,0,0,0,0,0,0,0,0,1,1,1,2,3,5,7,8,9,10,9,7,7,5,3,2,1,1,2,3,7,11,17,25,32,36,36,37,33,28,22,16,10,6,3,1,1,0,0,0,0,0,0,0,0,0,1,1,2,4,7,11,16,21,24,25,25,23,20,16,12,8,5,2,1,1,0,0,0,0,0,0,0,0,0,0,0,0,0,0,0,0,0,0,0,0,0,0,0,0,0,0,0,0,0,0,0,0,0,0,0,0,0,0,0,0,0,0,0,0,0,0,0,0,0,0,0,0,0,0,0,0,0,0,0,0,0,0,0,0,0,0,0,0,0,0,0,0,0,0,0,0,0,0,0,0,0,0,0,0,0,0,0,0,0,0,0,0,0,0,0,0,0,0,0,0,0,0,0,0,0,0,0,0,0,0,0,0,0,0,0,0,0,0,0,0,0,0,0,0,0,0,0,0,0,0,0,0,0,0,1,1,1,2,3,5,7,8,9,10,9,7,7,5,3,2,1,1,2,3,7,11,17,25,32,36,36,37,33,28,22,16,10,6,3,1,1,0,0,0,0,0,0,0,0,0,1,1,2,4,7,11,16,21,24,25,25,23,20,16,12,8,5,2,1,1,0,0,0,0,0,0,0,0,0,0,0,0,0,0,0,0,0,0,0,0,0,0,0,0,0,0,0,0,0,0,0,0,0,0,0,0,0,0,0,0,0,0,0,0,0,0,0,0,0,0,0,0,0,0,0,0,0,0,0,0,0,0,0,0,0,0
0,0,0,0,0,0,0,0,0,0,0,0,0,0,0,0,0,0,0,0,0,0,0,0,0,0,0,0,0,0,0,0,0,0,0,0,0,0,0,0,0,0,0,0,0,0,0,0,0,0,0,0,0,0,0,0,0,0,0,0,0,0,0,0,0,0,0,0,1,1,1,2,3,5,7,8,9,10,9,8,7,6,3,2,1,1,2,3,7,11,17,25,32,36,36,36,33,28,22,16,10,6,3,1,1,0,0,0,0,0,0,0,0,0,1,1,2,4,7,12,16,21,24,25,25,23,20,16,12,8,5,2,1,1,0,0,0,0,0,0,0,0,0,0,0,0,0,0,0,0,0,0,0,0,0,0,0,0,0,0,0,0,0,0,0,0,0,0,0,0,0,0,0,0,0,0,0,0,0,0,0,0,0,0,0,0,0,0,0,0,0,0,0,0,0,0,0,0,0,0,0,0,0,0,0,0,0,0,0,0,0,0,0,0,0,0,0,0,0,0,0,0,0,0,0,0,0,0,0,0,0,0,0,0,0,0,0,0,0,0,0,0,0,0,0,0,0,0,0,0,0,0,0,0,0,0,0,0,0,0,0,0,0,0,0,0,0,0,1,1,1,2,3,5,7,8,9,10,9,7,7,5,3,2,1,1,2,3,7,11,17,25,32,36,36,36,33,28,22,16,10,6,3,1,1,0,0,0,0,0,0,0,0,0,1,1,2,4,7,12,16,21,24,25,25,23,20,16,12,8,5,2,1,1,0,0,0,0,0,0,0,0,0,0,0,0,0,0,0,0,0,0,0,0,0,0,0,0,0,0,0,0,0,0,0,0,0,0,0,0,0,0,0,0,0,0,0,0,0,0,0,0,0,0,0,0,0,0,0,0,0,0,0,0,0,0,0,0,0,0
0,0,0,0,0,0,0,0,0,0,0,0,0,0,0,0,0,0,0,0,0,0,0,0,0,0,0,0,0,0,0,0,0,0,0,0,0,0,0,0,0,0,0,0,0,0,0,0,0,0,0,0,0,0,0,0,0,0,0,0,0,0,0,0,0,0,0,0,1,1,1,2,3,5,7,8,9,10,9,8,7,6,3,2,1,1,2,3,7,11,17,24,31,35,36,36,33,28,22,16,10,6,3,1,1,0,0,0,0,0,0,0,0,1,1,1,2,4,7,12,16,20,23,25,24,22,20,16,12,8,5,2,1,1,0,0,0,0,0,0,0,0,0,0,0,0,0,0,0,0,0,0,0,0,0,0,0,0,0,0,0,0,0,0,0,0,0,0,0,0,0,0,0,0,0,0,0,0,0,0,0,0,0,0,0,0,0,0,0,0,0,0,0,0,0,0,0,0,0,0,0,0,0,0,0,0,0,0,0,0,0,0,0,0,0,0,0,0,0,0,0,0,0,0,0,0,0,0,0,0,0,0,0,0,0,0,0,0,0,0,0,0,0,0,0,0,0,0,0,0,0,0,0,0,0,0,0,0,0,0,0,0,0,0,0,0,0,0,1,1,1,2,3,5,7,8,9,10,9,8,7,6,3,2,1,1,2,3,7,11,17,24,31,35,36,36,33,28,22,16,10,6,3,1,1,0,0,0,0,0,0,0,0,1,1,1,2,4,7,12,16,20,23,25,24,22,20,16,12,8,5,2,1,1,0,0,0,0,0,0,0,0,0,0,0,0,0,0,0,0,0,0,0,0,0,0,0,0,0,0,0,0,0,0,0,0,0,0,0,0,0,0,0,0,0,0,0,0,0,0,0,0,0,0,0,0,0,0,0,0,0,0,0,0,0,0,0,0,0,0
0,0,0,0,0,0,0,0,0,0,0,0,0,0,0,0,0,0,0,0,0,0,0,0,0,0,0,0,0,0,0,0,0,0,0,0,0,0,0,0,0,0,0,0,0,0,0,0,0,0,0,0,0,0,0,0,0,0,0,0,0,0,0,0,0,0,0,0,1,1,1,2,3,5,7,8,9,10,9,8,7,6,3,2,1,1,2,3,7,11,17,24,30,34,36,35,32,27,22,16,10,6,3,1,1,0,0,0,0,0,0,0,0,1,1,1,2,4,7,12,16,20,23,24,24,22,20,16,12,8,5,2,1,1,0,0,0,0,0,0,0,0,0,0,0,0,0,0,0,0,0,0,0,0,0,0,0,0,0,0,0,0,0,0,0,0,0,0,0,0,0,0,0,0,0,0,0,0,0,0,0,0,0,0,0,0,0,0,0,0,0,0,0,0,0,0,0,0,0,0,0,0,0,0,0,0,0,0,0,0,0,0,0,0,0,0,0,0,0,0,0,0,0,0,0,0,0,0,0,0,0,0,0,0,0,0,0,0,0,0,0,0,0,0,0,0,0,0,0,0,0,0,0,0,0,0,0,0,0,0,0,0,0,0,0,0,0,0,1,1,1,2,3,5,7,8,9,10,9,8,7,6,3,2,1,1,2,3,7,11,17,24,30,34,36,35,32,27,22,16,10,6,3,1,1,0,0,0,0,0,0,0,0,1,1,1,2,4,7,12,16,20,23,24,24,22,20,16,12,8,5,2,1,1,0,0,0,0,0,0,0,0,0,0,0,0,0,0,0,0,0,0,0,0,0,0,0,0,0,0,0,0,0,0,0,0,0,0,0,0,0,0,0,0,0,0,0,0,0,0,0,0,0,0,0,0,0,0,0,0,0,0,0,0,0,0,0,0,0,0
0,0,0,0,0,0,0,0,0,0,0,0,0,0,0,0,0,0,0,0,0,0,0,0,0,0,0,0,0,0,0,0,0,0,0,0,0,0,0,0,0,0,0,0,0,0,0,0,0,0,0,0,0,0,0,0,0,0,0,0,0,0,0,0,0,0,0,0,0,1,1,2,3,5,7,8,8,10,9,8,7,6,3,2,1,1,2,4,7,12,17,24,29,33,35,34,31,26,21,16,10,6,3,1,1,0,0,0,0,0,0,0,0,1,1,1,2,4,8,12,16,19,22,23,23,21,19,16,12,8,5,3,1,1,0,0,0,0,0,0,0,0,0,0,0,0,0,0,0,0,0,0,0,0,0,0,0,0,0,0,0,0,0,0,0,0,0,0,0,0,0,0,0,0,0,0,0,0,0,0,0,0,0,0,0,0,0,0,0,0,0,0,0,0,0,0,0,0,0,0,0,0,0,0,0,0,0,0,0,0,0,0,0,0,0,0,0,0,0,0,0,0,0,0,0,0,0,0,0,0,0,0,0,0,0,0,0,0,0,0,0,0,0,0,0,0,0,0,0,0,0,0,0,0,0,0,0,0,0,0,0,0,0,0,0,0,0,0,0,1,1,2,3,5,7,8,8,9,9,8,7,6,3,2,1,1,2,4,7,12,17,24,29,33,35,34,31,26,21,16,10,6,3,1,1,0,0,0,0,0,0,0,0,1,1,1,2,4,8,12,16,19,22,23,23,21,19,16,12,8,5,3,1,1,0,0,0,0,0,0,0,0,0,0,0,0,0,0,0,0,0,0,0,0,0,0,0,0,0,0,0,0,0,0,0,0,0,0,0,0,0,0,0,0,0,0,0,0,0,0,0,0,0,0,0,0,0,0,0,0,0,0,0,0,0,0,0,0,0,0
0,0,0,0,0,0,0,0,0,0,0,0,0,0,0,0,0,0,0,0,0,0,0,0,0,0,0,0,0,0,0,0,0,0,0,0,0,0,0,0,0,0,0,0,0,0,0,0,0,0,0,0,0,0,0,0,0,0,0,0,0,0,0,0,0,0,0,0,0,1,1,2,3,5,6,8,8,9,9,8,6,6,3,2,1,1,2,4,7,12,17,23,28,32,34,33,30,26,21,16,11,6,3,2,1,1,0,0,0,0,0,0,0,1,1,1,2,4,8,12,16,19,21,22,22,21,19,16,12,8,5,3,1,1,0,0,0,0,0,0,0,0,0,0,0,0,0,0,0,0,0,0,0,0,0,0,0,0,0,0,0,0,0,0,0,0,0,0,0,0,0,0,0,0,0,0,0,0,0,0,0,0,0,0,0,0,0,0,0,0,0,0,0,0,0,0,0,0,0,0,0,0,0,0,0,0,0,0,0,0,0,0,0,0,0,0,0,0,0,0,0,0,0,0,0,0,0,0,0,0,0,0,0,0,0,0,0,0,0,0,0,0,0,0,0,0,0,0,0,0,0,0,0,0,0,0,0,0,0,0,0,0,0,0,0,0,0,0,0,1,1,2,3,5,6,8,8,9,9,8,6,6,3,2,1,1,2,4,7,12,17,23,28,32,34,33,30,26,21,16,11,6,3,2,1,1,0,0,0,0,0,0,0,1,1,1,2,4,8,12,16,19,21,22,22,21,19,16,12,8,5,3,1,1,0,0,0,0,0,0,0,0,0,0,0,0,0,0,0,0,0,0,0,0,0,0,0,0,0,0,0,0,0,0,0,0,0,0,0,0,0,0,0,0,0,0,0,0,0,0,0,0,0,0,0,0,0,0,0,0,0,0,0,0,0,0,0,0,0,0
0,0,0,0,0,0,0,0,0,0,0,0,0,0,0,0,0,0,0,0,0,0,0,0,0,0,0,0,0,0,0,0,0,0,0,0,0,0,0,0,0,0,0,0,0,0,0,0,0,0,0,0,0,0,0,0,0,0,0,0,0,0,0,0,0,0,0,0,0,1,1,2,3,5,6,8,8,9,9,8,6,6,3,2,1,1,2,4,7,12,17,23,27,31,33,32,29,25,21,16,11,7,4,2,1,1,0,0,0,0,0,0,0,1,1,1,2,5,8,12,15,18,20,21,22,20,18,16,12,9,5,3,2,1,0,0,0,0,0,0,0,0,0,0,0,0,0,0,0,0,0,0,0,0,0,0,0,0,0,0,0,0,0,0,0,0,0,0,0,0,0,0,0,0,0,0,0,0,0,0,0,0,0,0,0,0,0,0,0,0,0,0,0,0,0,0,0,0,0,0,0,0,0,0,0,0,0,0,0,0,0,0,0,0,0,0,0,0,0,0,0,0,0,0,0,0,0,0,0,0,0,0,0,0,0,0,0,0,0,0,0,0,0,0,0,0,0,0,0,0,0,0,0,0,0,0,0,0,0,0,0,0,0,0,0,0,0,0,0,1,1,2,3,5,6,8,8,9,9,8,6,6,3,2,1,1,2,4,7,12,17,23,27,31,33,32,29,25,21,16,11,7,4,2,1,1,0,0,0,0,0,0,0,1,1,1,2,5,8,12,15,18,20,21,22,20,19,16,12,9,6,3,2,1,0,0,0,0,0,0,0,0,0,0,0,0,0,0,0,0,0,0,0,0,0,0,0,0,0,0,0,0,0,0,0,0,0,0,0,0,0,0,0,0,0,0,0,0,0,0,0,0,0,0,0,0,0,0,0,0,0,0,0,0,0,0,0,0,0,0
0,0,0,0,0,0,0,0,0,0,0,0,0,0,0,0,0,0,0,0,0,0,0,0,0,0,0,0,0,0,0,0,0,0,0,0,0,0,0,0,0,0,0,0,0,0,0,0,0,0,0,0,0,0,0,0,0,0,0,0,0,0,0,0,0,0,0,0,0,1,1,2,3,5,6,8,8,9,9,8,6,6,3,2,2,1,2,4,7,12,17,22,26,29,32,31,28,24,21,16,11,7,4,2,1,1,0,0,0,0,0,0,0,1,1,2,3,5,8,12,15,17,19,20,21,20,18,15,12,9,6,4,2,1,1,0,0,0,0,0,0,0,0,0,0,0,0,0,0,0,0,0,0,0,0,0,0,0,0,0,0,0,0,0,0,0,0,0,0,0,0,0,0,0,0,0,0,0,0,0,0,0,0,0,0,0,0,0,0,0,0,0,0,0,0,0,0,0,0,0,0,0,0,0,0,0,0,0,0,0,0,0,0,0,0,0,0,0,0,0,0,0,0,0,0,0,0,0,0,0,0,0,0,0,0,0,0,0,0,0,0,0,0,0,0,0,0,0,0,0,0,0,0,0,0,0,0,0,0,0,0,0,0,0,0,0,0,0,0,1,1,2,3,5,6,8,8,9,9,8,6,6,3,2,2,1,2,4,7,12,17,22,26,29,32,31,28,24,21,16,11,7,4,2,1,1,0,0,0,0,0,0,0,1,1,2,3,5,8,12,15,17,19,20,21,20,18,16,12,9,6,4,2,1,1,0,0,0,0,0,0,0,0,0,0,0,0,0,0,0,0,0,0,0,0,0,0,0,0,0,0,0,0,0,0,0,0,0,0,0,0,0,0,0,0,0,0,0,0,0,0,0,0,0,0,0,0,0,0,0,0,0,0,0,0,0,0,0,0,0
0,0,0,0,0,0,0,0,0,0,0,0,0,0,0,0,0,0,0,0,0,0,0,0,0,0,0,0,0,0,0,0,0,0,0,0,0,0,0,0,0,0,0,0,0,0,0,0,0,0,0,0,0,0,0,0,0,0,0,0,0,0,0,0,0,0,0,0,0,1,1,2,3,5,6,8,8,9,8,8,6,6,3,2,2,1,2,5,8,12,17,22,24,28,31,30,28,24,21,16,12,8,4,3,1,1,0,0,0,0,0,0,1,1,1,2,3,6,9,12,14,16,18,19,20,19,18,15,12,9,6,4,2,1,1,0,0,0,0,0,0,0,0,0,0,0,0,0,0,0,0,0,0,0,0,0,0,0,0,0,0,0,0,0,0,0,0,0,0,0,0,0,0,0,0,0,0,0,0,0,0,0,0,0,0,0,0,0,0,0,0,0,0,0,0,0,0,0,0,0,0,0,0,0,0,0,0,0,0,0,0,0,0,0,0,0,0,0,0,0,0,0,0,0,0,0,0,0,0,0,0,0,0,0,0,0,0,0,0,0,0,0,0,0,0,0,0,0,0,0,0,0,0,0,0,0,0,0,0,0,0,0,0,0,0,0,0,0,0,1,1,2,3,5,6,8,8,9,8,8,6,6,3,2,2,1,2,5,8,12,17,22,24,28,31,30,28,24,21,16,12,8,5,3,1,1,0,0,0,0,0,0,1,1,1,2,3,6,9,12,14,16,18,19,20,19,18,15,12,9,6,4,2,1,1,0,0,0,0,0,0,0,0,0,0,0,0,0,0,0,0,0,0,0,0,0,0,0,0,0,0,0,0,0,0,0,0,0,0,0,0,0,0,0,0,0,0,0,0,0,0,0,0,0,0,0,0,0,0,0,0,0,0,0,0,0,0,0,0,0
0,0,0,0,0,0,0,0,0,0,0,0,0,0,0,0,0,0,0,0,0,0,0,0,0,0,0,0,0,0,0,0,0,0,0,0,0,0,0,0,0,0,0,0,0,0,0,0,0,0,0,0,0,0,0,0,0,0,0,0,0,0,0,0,0,0,0,0,0,1,1,2,3,5,6,8,8,9,8,8,6,5,3,2,2,2,3,5,8,13,17,21,24,27,30,29,27,24,21,16,13,8,5,3,2,1,0,0,0,0,0,0,1,1,1,2,4,6,9,12,14,16,17,19,19,19,18,15,12,10,7,5,3,1,1,0,0,0,0,0,0,0,0,0,0,0,0,0,0,0,0,0,0,0,0,0,0,0,0,0,0,0,0,0,0,0,0,0,0,0,0,0,0,0,0,0,0,0,0,0,0,0,0,0,0,0,0,0,0,0,0,0,0,0,0,0,0,0,0,0,0,0,0,0,0,0,0,0,0,0,0,0,0,0,0,0,0,0,0,0,0,0,0,0,0,0,0,0,0,0,0,0,0,0,0,0,0,0,0,0,0,0,0,0,0,0,0,0,0,0,0,0,0,0,0,0,0,0,0,0,0,0,0,0,0,0,0,0,0,1,1,2,3,5,6,8,8,9,8,8,6,5,3,2,2,2,3,5,8,13,17,21,24,27,30,29,27,24,21,16,13,8,5,3,2,1,0,0,0,0,0,0,1,1,1,2,4,6,9,12,14,16,17,19,19,19,18,15,12,10,7,5,3,1,1,0,0,0,0,0,0,0,0,0,0,0,0,0,0,0,0,0,0,0,0,0,0,0,0,0,0,0,0,0,0,0,0,0,0,0,0,0,0,0,0,0,0,0,0,0,0,0,0,0,0,0,0,0,0,0,0,0,0,0,0,0,0,0,0,0
0,0,0,0,0,0,0,0,0,0,0,0,0,0,0,0,0,0,0,0,0,0,0,0,0,0,0,0,0,0,0,0,0,0,0,0,0,0,0,0,0,0,0,0,0,0,0,0,0,0,0,0,0,0,0,0,0,0,0,0,0,0,0,0,0,0,0,0,0,1,1,2,3,5,6,7,8,9,8,8,5,5,3,2,2,2,3,6,9,13,17,21,23,26,29,28,26,23,20,16,13,9,6,3,2,1,1,0,0,0,0,0,1,1,1,2,4,7,9,12,14,15,17,18,18,19,17,15,12,10,8,5,3,2,1,0,0,0,0,0,0,0,0,0,0,0,0,0,0,0,0,0,0,0,0,0,0,0,0,0,0,0,0,0,0,0,0,0,0,0,0,0,0,0,0,0,0,0,0,0,0,0,0,0,0,0,0,0,0,0,0,0,0,0,0,0,0,0,0,0,0,0,0,0,0,0,0,0,0,0,0,0,0,0,0,0,0,0,0,0,0,0,0,0,0,0,0,0,0,0,0,0,0,0,0,0,0,0,0,0,0,0,0,0,0,0,0,0,0,0,0,0,0,0,0,0,0,0,0,0,0,0,0,0,0,0,0,0,0,1,1,2,3,5,6,7,8,9,8,8,5,5,3,2,2,2,3,6,9,13,17,21,23,26,29,28,26,23,20,16,13,9,6,3,2,1,1,0,0,0,0,0,1,1,1,2,4,7,9,12,14,15,17,18,18,19,17,15,12,10,8,5,3,2,1,0,0,0,0,0,0,0,0,0,0,0,0,0,0,0,0,0,0,0,0,0,0,0,0,0,0,0,0,0,0,0,0,0,0,0,0,0,0,0,0,0,0,0,0,0,0,0,0,0,0,0,0,0,0,0,0,0,0,0,0,0,0,0,0,0
0,0,0,0,0,0,0,0,0,0,0,0,0,0,0,0,0,0,0,0,0,0,0,0,0,0,0,0,0,0,0,0,0,0,0,0,0,0,0,0,0,0,0,0,0,0,0,0,0,0,0,0,0,0,0,0,0,0,0,0,0,0,0,0,0,0,0,0,0,1,1,2,3,5,6,7,8,9,8,8,5,5,4,2,2,2,3,6,9,13,17,20,22,25,27,27,26,23,20,16,14,10,6,4,2,1,1,0,0,0,0,0,1,1,1,3,5,7,10,12,13,14,16,17,18,18,17,14,12,10,8,6,4,2,1,1,0,0,0,0,0,0,0,0,0,0,0,0,0,0,0,0,0,0,0,0,0,0,0,0,0,0,0,0,0,0,0,0,0,0,0,0,0,0,0,0,0,0,0,0,0,0,0,0,0,0,0,0,0,0,0,0,0,0,0,0,0,0,0,0,0,0,0,0,0,0,0,0,0,0,0,0,0,0,0,0,0,0,0,0,0,0,0,0,0,0,0,0,0,0,0,0,0,0,0,0,0,0,0,0,0,0,0,0,0,0,0,0,0,0,0,0,0,0,0,0,0,0,0,0,0,0,0,0,0,0,0,0,0,1,1,2,3,5,6,7,8,9,8,8,5,5,4,2,2,2,3,6,9,13,17,20,22,25,27,27,26,23,20,16,14,10,6,4,2,1,1,0,0,0,0,0,1,1,1,3,5,7,10,12,13,14,16,17,18,18,17,14,12,10,8,6,4,2,1,1,0,0,0,0,0,0,0,0,0,0,0,0,0,0,0,0,0,0,0,0,0,0,0,0,0,0,0,0,0,0,0,0,0,0,0,0,0,0,0,0,0,0,0,0,0,0,0,0,0,0,0,0,0,0,0,0,0,0,0,0,0,0,0,0
0,0,0,0,0,0,0,0,0,0,0,0,0,0,0,0,0,0,0,0,0,0,0,0,0,0,0,0,0,0,0,0,0,0,0,0,0,0,0,0,0,0,0,0,0,0,0,0,0,0,0,0,0,0,0,0,0,0,0,0,0,0,0,0,0,0,0,0,0,1,1,2,3,5,6,7,8,8,8,8,5,5,4,2,2,2,4,7,10,13,17,19,21,24,26,25,25,23,20,16,14,11,7,4,3,1,1,0,0,0,0,0,1,1,2,3,5,8,10,12,13,14,15,16,17,17,16,14,12,11,9,6,4,2,1,1,0,0,0,0,0,0,0,0,0,0,0,0,0,0,0,0,0,0,0,0,0,0,0,0,0,0,0,0,0,0,0,0,0,0,0,0,0,0,0,0,0,0,0,0,0,0,0,0,0,0,0,0,0,0,0,0,0,0,0,0,0,0,0,0,0,0,0,0,0,0,0,0,0,0,0,0,0,0,0,0,0,0,0,0,0,0,0,0,0,0,0,0,0,0,0,0,0,0,0,0,0,0,0,0,0,0,0,0,0,0,0,0,0,0,0,0,0,0,0,0,0,0,0,0,0,0,0,0,0,0,0,0,0,1,1,2,3,5,6,7,8,8,8,8,5,5,4,2,2,2,4,7,10,13,17,19,21,24,26,25,25,23,20,16,14,11,7,4,3,1,1,0,0,0,0,0,1,1,2,3,5,8,10,12,13,14,15,16,17,17,17,14,12,11,9,6,4,2,1,1,0,0,0,0,0,0,0,0,0,0,0,0,0,0,0,0,0,0,0,0,0,0,0,0,0,0,0,0,0,0,0,0,0,0,0,0,0,0,0,0,0,0,0,0,0,0,0,0,0,0,0,0,0,0,0,0,0,0,0,0,0,0,0,0
0,0,0,0,0,0,0,0,0,0,0,0,0,0,0,0,0,0,0,0,0,0,0,0,0,0,0,0,0,0,0,0,0,0,0,0,0,0,0,0,0,0,0,0,0,0,0,0,0,0,0,0,0,0,0,0,0,0,0,0,0,0,0,0,0,0,0,0,0,1,1,2,3,5,6,7,8,8,8,8,6,5,4,2,2,3,4,7,10,14,17,19,21,23,24,24,24,23,20,16,15,12,8,5,3,2,1,1,0,0,0,1,1,1,2,4,6,8,10,11,12,13,14,15,16,17,16,14,12,11,9,7,5,3,1,1,0,0,0,0,0,0,0,0,0,0,0,0,0,0,0,0,0,0,0,0,0,0,0,0,0,0,0,0,0,0,0,0,0,0,0,0,0,0,0,0,0,0,0,0,0,0,0,0,0,0,0,0,0,0,0,0,0,0,0,0,0,0,0,0,0,0,0,0,0,0,0,0,0,0,0,0,0,0,0,0,0,0,0,0,0,0,0,0,0,0,0,0,0,0,0,0,0,0,0,0,0,0,0,0,0,0,0,0,0,0,0,0,0,0,0,0,0,0,0,0,0,0,0,0,0,0,0,0,0,0,0,0,0,1,1,2,3,5,6,7,8,8,8,8,6,5,4,2,2,3,4,7,10,14,17,19,21,23,24,24,24,23,20,16,15,12,8,5,3,2,1,1,0,0,0,1,1,1,2,4,6,8,10,11,12,13,14,15,16,17,16,14,12,11,9,7,5,3,1,1,0,0,0,0,0,0,0,0,0,0,0,0,0,0,0,0,0,0,0,0,0,0,0,0,0,0,0,0,0,0,0,0,0,0,0,0,0,0,0,0,0,0,0,0,0,0,0,0,0,0,0,0,0,0,0,0,0,0,0,0,0,0,0,0
0,0,0,0,0,0,0,0,0,0,0,0,0,0,0,0,0,0,0,0,0,0,0,0,0,0,0,0,0,0,0,0,0,0,0,0,0,0,0,0,0,0,0,0,0,0,0,0,0,0,0,0,0,0,0,0,0,0,0,0,0,0,0,0,0,0,0,0,0,1,1,2,3,5,6,7,8,8,8,8,6,5,4,2,2,3,5,7,11,14,17,18,20,22,22,23,24,22,19,16,15,13,9,6,4,2,1,1,0,0,0,1,1,1,2,4,7,9,10,11,12,12,13,14,15,16,15,14,12,11,10,8,5,3,2,1,1,0,0,0,0,0,0,0,0,0,0,0,0,0,0,0,0,0,0,0,0,0,0,0,0,0,0,0,0,0,0,0,0,0,0,0,0,0,0,0,0,0,0,0,0,0,0,0,0,0,0,0,0,0,0,0,0,0,0,0,0,0,0,0,0,0,0,0,0,0,0,0,0,0,0,0,0,0,0,0,0,0,0,0,0,0,0,0,0,0,0,0,0,0,0,0,0,0,0,0,0,0,0,0,0,0,0,0,0,0,0,0,0,0,0,0,0,0,0,0,0,0,0,0,0,0,0,0,0,0,0,0,0,1,1,2,3,5,6,7,8,8,8,8,6,5,4,2,2,3,5,7,11,14,17,18,20,22,22,23,24,22,19,16,15,13,9,6,4,2,1,1,0,0,0,1,1,1,2,4,7,9,10,11,12,12,13,14,15,16,16,14,12,11,10,8,5,3,2,1,1,0,0,0,0,0,0,0,0,0,0,0,0,0,0,0,0,0,0,0,0,0,0,0,0,0,0,0,0,0,0,0,0,0,0,0,0,0,0,0,0,0,0,0,0,0,0,0,0,0,0,0,0,0,0,0,0,0,0,0,0,0,0,0
0,0,0,0,0,0,0,0,0,0,0,0,0,0,0,0,0,0,0,0,0,0,0,0,0,0,0,0,0,0,0,0,0,0,0,0,0,0,0,0,0,0,0,0,0,0,0,0,0,0,0,0,0,0,0,0,0,0,0,0,0,0,0,0,0,0,0,0,1,1,1,2,3,5,6,7,8,8,8,8,6,4,4,3,3,3,5,8,12,14,16,17,20,21,21,22,23,22,19,17,15,13,9,6,4,2,1,1,0,0,0,1,1,1,2,5,7,9,11,11,12,12,12,13,14,15,15,14,12,12,10,8,6,4,2,1,1,0,0,0,0,0,0,0,0,0,0,0,0,0,0,0,0,0,0,0,0,0,0,0,0,0,0,0,0,0,0,0,0,0,0,0,0,0,0,0,0,0,0,0,0,0,0,0,0,0,0,0,0,0,0,0,0,0,0,0,0,0,0,0,0,0,0,0,0,0,0,0,0,0,0,0,0,0,0,0,0,0,0,0,0,0,0,0,0,0,0,0,0,0,0,0,0,0,0,0,0,0,0,0,0,0,0,0,0,0,0,0,0,0,0,0,0,0,0,0,0,0,0,0,0,0,0,0,0,0,0,0,1,1,1,2,3,5,6,7,8,8,8,8,6,4,4,3,3,3,5,8,12,14,16,17,20,21,21,22,23,22,19,17,15,13,10,6,4,2,1,1,0,0,0,1,1,1,2,5,7,9,11,11,12,12,12,13,14,15,15,14,13,12,10,8,6,4,2,1,1,0,0,0,0,0,0,0,0,0,0,0,0,0,0,0,0,0,0,0,0,0,0,0,0,0,0,0,0,0,0,0,0,0,0,0,0,0,0,0,0,0,0,0,0,0,0,0,0,0,0,0,0,0,0,0,0,0,0,0,0,0,0,0
0,0,0,0,0,0,0,0,0,0,0,0,0,0,0,0,0,0,0,0,0,0,0,0,0,0,0,0,0,0,0,0,0,0,0,0,0,0,0,0,0,0,0,0,0,0,0,0,0,0,0,0,0,0,0,0,0,0,0,0,0,0,0,0,0,0,0,0,1,1,1,2,3,5,6,7,8,7,8,8,6,4,4,3,3,4,6,8,12,14,16,17,19,20,20,21,22,21,18,17,16,14,10,7,5,3,1,1,0,0,0,1,1,1,3,5,8,10,11,11,11,11,12,12,13,14,14,14,13,12,11,9,7,4,2,1,1,0,0,0,0,0,0,0,0,0,0,0,0,0,0,0,0,0,0,0,0,0,0,0,0,0,0,0,0,0,0,0,0,0,0,0,0,0,0,0,0,0,0,0,0,0,0,0,0,0,0,0,0,0,0,0,0,0,0,0,0,0,0,0,0,0,0,0,0,0,0,0,0,0,0,0,0,0,0,0,0,0,0,0,0,0,0,0,0,0,0,0,0,0,0,0,0,0,0,0,0,0,0,0,0,0,0,0,0,0,0,0,0,0,0,0,0,0,0,0,0,0,0,0,0,0,0,0,0,0,0,0,1,1,1,2,3,5,6,7,8,7,8,8,6,4,4,3,3,4,6,8,12,14,16,17,19,20,20,21,22,21,18,17,16,14,10,7,5,3,1,1,0,0,0,1,1,1,3,5,8,10,11,11,11,11,12,12,13,14,14,14,13,12,11,9,7,4,2,1,1,0,0,0,0,0,0,0,0,0,0,0,0,0,0,0,0,0,0,0,0,0,0,0,0,0,0,0,0,0,0,0,0,0,0,0,0,0,0,0,0,0,0,0,0,0,0,0,0,0,0,0,0,0,0,0,0,0,0,0,0,0,0,0
0,0,0,0,0,0,0,0,0,0,0,0,0,0,0,0,0,0,0,0,0,0,0,0,0,0,0,0,0,0,0,0,0,0,0,0,0,0,0,0,0,0,0,0,0,0,0,0,0,0,0,0,0,0,0,0,0,0,0,0,0,0,0,0,0,0,0,0,1,1,1,2,3,5,6,7,8,7,8,8,6,4,5,3,3,4,6,9,12,15,16,17,18,19,19,20,21,21,18,17,16,14,11,8,5,3,2,1,1,0,1,1,1,2,3,6,8,10,11,11,11,11,11,12,12,13,14,14,13,12,11,10,7,5,3,1,1,1,0,0,0,0,0,0,0,0,0,0,0,0,0,0,0,0,0,0,0,0,0,0,0,0,0,0,0,0,0,0,0,0,0,0,0,0,0,0,0,0,0,0,0,0,0,0,0,0,0,0,0,0,0,0,0,0,0,0,0,0,0,0,0,0,0,0,0,0,0,0,0,0,0,0,0,0,0,0,0,0,0,0,0,0,0,0,0,0,0,0,0,0,0,0,0,0,0,0,0,0,0,0,0,0,0,0,0,0,0,0,0,0,0,0,0,0,0,0,0,0,0,0,0,0,0,0,0,0,0,0,1,1,1,2,3,5,6,7,8,7,8,8,6,4,5,3,3,4,6,9,12,15,16,17,18,19,19,20,21,21,18,17,16,14,11,8,5,3,2,1,1,0,1,1,1,2,3,6,8,10,11,11,11,11,11,12,12,13,14,14,13,12,11,10,7,5,3,1,1,1,0,0,0,0,0,0,0,0,0,0,0,0,0,0,0,0,0,0,0,0,0,0,0,0,0,0,0,0,0,0,0,0,0,0,0,0,0,0,0,0,0,0,0,0,0,0,0,0,0,0,0,0,0,0,0,0,0,0,0,0,0,0
0,0,0,0,0,0,0,0,0,0,0,0,0,0,0,0,0,0,0,0,0,0,0,0,0,0,0,0,0,0,0,0,0,0,0,0,0,0,0,0,0,0,0,0,0,0,0,0,0,0,0,0,0,0,0,0,0,0,0,0,0,0,0,0,0,0,0,0,1,1,1,2,3,5,6,7,8,7,8,8,6,4,5,3,4,5,7,9,13,14,16,16,17,18,18,19,19,20,18,17,16,15,12,9,6,4,2,1,1,0,1,1,1,2,4,7,9,10,11,11,10,10,10,11,12,12,13,13,13,12,12,10,8,6,3,2,1,1,0,0,0,0,0,0,0,0,0,0,0,0,0,0,0,0,0,0,0,0,0,0,0,0,0,0,0,0,0,0,0,0,0,0,0,0,0,0,0,0,0,0,0,0,0,0,0,0,0,0,0,0,0,0,0,0,0,0,0,0,0,0,0,0,0,0,0,0,0,0,0,0,0,0,0,0,0,0,0,0,0,0,0,0,0,0,0,0,0,0,0,0,0,0,0,0,0,0,0,0,0,0,0,0,0,0,0,0,0,0,0,0,0,0,0,0,0,0,0,0,0,0,0,0,0,0,0,0,0,0,1,1,1,2,3,5,6,7,8,7,8,8,6,4,5,3,4,5,7,9,13,14,16,16,17,18,18,19,19,20,18,17,16,15,12,9,6,4,2,1,1,0,1,1,1,2,4,7,9,10,11,11,10,10,10,11,12,12,13,13,13,12,12,10,8,6,3,2,1,1,0,0,0,0,0,0,0,0,0,0,0,0,0,0,0,0,0,0,0,0,0,0,0,0,0,0,0,0,0,0,0,0,0,0,0,0,0,0,0,0,0,0,0,0,0,0,0,0,0,0,0,0,0,0,0,0,0,0,0,0,0,0
0,0,0,0,0,0,0,0,0,0,0,0,0,0,0,0,0,0,0,0,0,0,0,0,0,0,0,0,0,0,0,0,0,0,0,0,0,0,0,0,0,0,0,0,0,0,0,0,0,0,0,0,0,0,0,0,0,0,0,0,0,0,0,0,0,0,0,0,1,1,1,2,3,5,6,7,8,7,8,8,6,4,5,4,4,5,7,10,13,14,15,16,16,17,17,17,18,19,17,17,16,15,13,10,7,5,3,1,1,1,1,1,1,2,4,7,9,10,11,10,10,10,10,10,11,11,12,13,13,13,12,11,9,6,4,2,1,1,0,0,0,0,0,0,0,0,0,0,0,0,0,0,0,0,0,0,0,0,0,0,0,0,0,0,0,0,0,0,0,0,0,0,0,0,0,0,0,0,0,0,0,0,0,0,0,0,0,0,0,0,0,0,0,0,0,0,0,0,0,0,0,0,0,0,0,0,0,0,0,0,0,0,0,0,0,0,0,0,0,0,0,0,0,0,0,0,0,0,0,0,0,0,0,0,0,0,0,0,0,0,0,0,0,0,0,0,0,0,0,0,0,0,0,0,0,0,0,0,0,0,0,0,0,0,0,0,0,0,1,1,1,2,3,5,6,7,8,7,8,8,6,4,5,4,4,5,7,10,13,14,15,16,16,17,17,17,18,19,17,17,16,15,13,10,7,5,3,1,1,1,1,1,1,2,4,7,9,10,11,10,10,10,10,10,11,11,12,13,13,13,12,11,9,6,4,2,1,1,0,0,0,0,0,0,0,0,0,0,0,0,0,0,0,0,0,0,0,0,0,0,0,0,0,0,0,0,0,0,0,0,0,0,0,0,0,0,0,0,0,0,0,0,0,0,0,0,0,0,0,0,0,0,0,0,0,0,0,0,0,0
0,0,0,0,0,0,0,0,0,0,0,0,0,0,0,0,0,0,0,0,0,0,0,0,0,0,0,0,0,0,0,0,0,0,0,0,0,0,0,0,0,0,0,0,0,0,0,0,0,0,0,0,0,0,0,0,0,0,0,0,0,0,0,0,0,0,0,0,1,1,1,2,3,5,6,7,8,7,8,7,6,4,5,4,4,6,8,10,13,14,15,15,16,16,16,16,17,18,17,17,17,15,13,11,8,5,3,2,1,1,1,1,1,2,5,8,9,11,11,10,10,9,9,9,10,10,11,13,13,13,12,11,10,7,5,2,1,1,0,0,0,0,0,0,0,0,0,0,0,0,0,0,0,0,0,0,0,0,0,0,0,0,0,0,0,0,0,0,0,0,0,0,0,0,0,0,0,0,0,0,0,0,0,0,0,0,0,0,0,0,0,0,0,0,0,0,0,0,0,0,0,0,0,0,0,0,0,0,0,0,0,0,0,0,0,0,0,0,0,0,0,0,0,0,0,0,0,0,0,0,0,0,0,0,0,0,0,0,0,0,0,0,0,0,0,0,0,0,0,0,0,0,0,0,0,0,0,0,0,0,0,0,0,0,0,0,0,0,1,1,1,2,3,5,6,7,8,7,8,7,6,4,5,4,4,6,8,10,13,14,15,15,16,16,16,16,17,18,17,17,17,15,13,11,8,5,3,2,1,1,1,1,1,2,5,8,9,11,11,10,10,9,9,9,10,10,11,13,13,13,12,11,10,7,5,3,1,1,0,0,0,0,0,0,0,0,0,0,0,0,0,0,0,0,0,0,0,0,0,0,0,0,0,0,0,0,0,0,0,0,0,0,0,0,0,0,0,0,0,0,0,0,0,0,0,0,0,0,0,0,0,0,0,0,0,0,0,0,0,0
0,0,0,0,0,0,0,0,0,0,0,0,0,0,0,0,0,0,0,0,0,0,0,0,0,0,0,0,0,0,0,0,0,0,0,0,0,0,0,0,0,0,0,0,0,0,0,0,0,0,0,0,0,0,0,0,0,0,0,0,0,0,0,0,0,0,0,0,1,1,1,2,4,5,6,7,8,7,8,7,7,4,5,4,5,6,8,11,13,14,15,15,15,15,15,15,16,17,16,17,17,16,14,11,9,6,4,2,1,1,1,1,1,3,5,8,10,11,11,10,9,9,8,8,9,9,10,12,13,13,12,12,10,8,5,3,2,1,1,0,0,0,0,0,0,0,0,0,0,0,0,0,0,0,0,0,0,0,0,0,0,0,0,0,0,0,0,0,0,0,0,0,0,0,0,0,0,0,0,0,0,0,0,0,0,0,0,0,0,0,0,0,0,0,0,0,0,0,0,0,0,0,0,0,0,0,0,0,0,0,0,0,0,0,0,0,0,0,0,0,0,0,0,0,0,0,0,0,0,0,0,0,0,0,0,0,0,0,0,0,0,0,0,0,0,0,0,0,0,0,0,0,0,0,0,0,0,0,0,0,0,0,0,0,0,0,0,0,1,1,1,2,3,5,6,7,8,7,8,7,7,4,5,4,5,6,8,11,13,14,15,15,15,15,15,15,16,17,16,17,17,16,14,12,9,6,4,2,1,1,1,1,1,3,5,8,10,11,11,10,9,9,8,8,9,9,10,12,13,13,12,12,10,8,5,3,2,1,1,0,0,0,0,0,0,0,0,0,0,0,0,0,0,0,0,0,0,0,0,0,0,0,0,0,0,0,0,0,0,0,0,0,0,0,0,0,0,0,0,0,0,0,0,0,0,0,0,0,0,0,0,0,0,0,0,0,0,0,0,0
0,0,0,0,0,0,0,0,0,0,0,0,0,0,0,0,0,0,0,0,0,0,0,0,0,0,0,0,0,0,0,0,0,0,0,0,0,0,0,0,0,0,0,0,0,0,0,0,0,0,0,0,0,0,0,0,0,0,0,0,0,0,0,0,0,0,0,0,1,1,2,2,4,5,6,7,7,7,8,7,7,5,5,5,5,7,9,11,13,14,15,15,14,14,14,14,15,16,16,17,17,16,14,12,10,7,4,2,1,1,1,1,2,3,6,8,10,11,10,10,9,8,8,8,8,8,10,12,13,13,13,12,11,9,6,4,2,1,1,0,0,0,0,0,0,0,0,0,0,0,0,0,0,0,0,0,0,0,0,0,0,0,0,0,0,0,0,0,0,0,0,0,0,0,0,0,0,0,0,0,0,0,0,0,0,0,0,0,0,0,0,0,0,0,0,0,0,0,0,0,0,0,0,0,0,0,0,0,0,0,0,0,0,0,0,0,0,0,0,0,0,0,0,0,0,0,0,0,0,0,0,0,0,0,0,0,0,0,0,0,0,0,0,0,0,0,0,0,0,0,0,0,0,0,0,0,0,0,0,0,0,0,0,0,0,0,0,0,1,1,2,2,4,5,6,7,7,7,8,7,7,5,5,5,5,7,9,11,13,14,15,15,14,14,14,14,15,16,16,17,17,16,14,12,10,7,4,2,1,1,1,1,2,3,6,8,10,11,10,10,9,8,8,8,8,8,10,12,13,13,13,12,11,9,6,4,2,1,1,0,0,0,0,0,0,0,0,0,0,0,0,0,0,0,0,0,0,0,0,0,0,0,0,0,0,0,0,0,0,0,0,0,0,0,0,0,0,0,0,0,0,0,0,0,0,0,0,0,0,0,0,0,0,0,0,0,0,0,0,0
0,0,0,0,0,0,0,0,0,0,0,0,0,0,0,0,0,0,0,0,0,0,0,0,0,0,0,0,0,0,0,0,0,0,0,0,0,0,0,0,0,0,0,0,0,0,0,0,0,0,0,0,0,0,0,0,0,0,0,0,0,0,0,0,0,0,0,0,1,1,2,2,4,5,6,7,7,8,8,7,7,5,5,5,5,7,9,12,13,14,15,14,13,13,14,13,14,15,15,17,17,16,15,13,11,8,5,3,2,1,1,1,2,4,6,9,10,11,10,10,9,8,7,7,7,7,9,11,13,13,13,12,11,9,7,4,2,1,1,1,0,0,0,0,0,0,0,0,0,0,0,0,0,0,0,0,0,0,0,0,0,0,0,0,0,0,0,0,0,0,0,0,0,0,0,0,0,0,0,0,0,0,0,0,0,0,0,0,0,0,0,0,0,0,0,0,0,0,0,0,0,0,0,0,0,0,0,0,0,0,0,0,0,0,0,0,0,0,0,0,0,0,0,0,0,0,0,0,0,0,0,0,0,0,0,0,0,0,0,0,0,0,0,0,0,0,0,0,0,0,0,0,0,0,0,0,0,0,0,0,0,0,0,0,0,0,0,0,1,1,2,2,4,5,6,7,7,7,8,7,7,5,5,5,5,7,9,12,13,13,15,14,13,13,14,13,14,15,15,17,17,16,15,13,11,8,5,3,2,1,1,1,2,4,6,9,10,11,10,10,9,8,7,7,7,7,9,11,13,13,13,13,11,9,7,4,2,1,1,1,0,0,0,0,0,0,0,0,0,0,0,0,0,0,0,0,0,0,0,0,0,0,0,0,0,0,0,0,0,0,0,0,0,0,0,0,0,0,0,0,0,0,0,0,0,0,0,0,0,0,0,0,0,0,0,0,0,0,0,0
0,0,0,0,0,0,0,0,0,0,0,0,0,0,0,0,0,0,0,0,0,0,0,0,0,0,0,0,0,0,0,0,0,0,0,0,0,0,0,0,0,0,0,0,0,0,0,0,0,0,0,0,0,0,0,0,0,0,0,0,0,0,0,0,0,0,0,0,1,1,2,2,4,5,6,7,7,8,8,7,7,5,5,6,6,8,10,12,13,13,14,14,13,12,13,13,13,14,15,16,17,16,15,13,11,8,6,4,2,1,1,1,2,4,7,9,10,10,10,9,8,7,7,6,6,6,8,11,13,13,13,13,12,10,7,5,3,2,1,1,0,0,0,0,0,0,0,0,0,0,0,0,0,0,0,0,0,0,0,0,0,0,0,0,0,0,0,0,0,0,0,0,0,0,0,0,0,0,0,0,0,0,0,0,0,0,0,0,0,0,0,0,0,0,0,0,0,0,0,0,0,0,0,0,0,0,0,0,0,0,0,0,0,0,0,0,0,0,0,0,0,0,0,0,0,0,0,0,0,0,0,0,0,0,0,0,0,0,0,0,0,0,0,0,0,0,0,0,0,0,0,0,0,0,0,0,0,0,0,0,0,0,0,0,0,0,0,0,1,1,2,2,4,5,6,7,7,8,8,7,7,5,5,6,6,8,10,12,13,13,14,14,13,12,13,13,13,14,15,16,17,17,15,13,11,8,6,4,2,1,1,1,2,4,7,9,10,10,10,9,8,7,7,6,6,6,8,11,13,13,13,13,12,10,8,5,3,2,1,1,0,0,0,0,0,0,0,0,0,0,0,0,0,0,0,0,0,0,0,0,0,0,0,0,0,0,0,0,0,0,0,0,0,0,0,0,0,0,0,0,0,0,0,0,0,0,0,0,0,0,0,0,0,0,0,0,0,0,0,0
0,0,0,0,0,0,0,0,0,0,0,0,0,0,0,0,0,0,0,0,0,0,0,0,0,0,0,0,0,0,0,0,0,0,0,0,0,0,0,0,0,0,0,0,0,0,0,0,0,0,0,0,0,0,0,0,0,0,0,0,0,0,0,0,0,0,0,0,1,1,2,2,4,5,5,7,7,8,7,7,7,5,5,6,6,8,10,12,13,13,14,13,12,12,12,12,12,13,14,15,17,17,16,14,12,9,7,4,2,1,1,1,3,5,7,10,10,10,10,9,8,7,6,5,5,5,7,10,12,13,13,13,12,11,8,6,4,2,1,1,0,0,0,0,0,0,0,0,0,0,0,0,0,0,0,0,0,0,0,0,0,0,0,0,0,0,0,0,0,0,0,0,0,0,0,0,0,0,0,0,0,0,0,0,0,0,0,0,0,0,0,0,0,0,0,0,0,0,0,0,0,0,0,0,0,0,0,0,0,0,0,0,0,0,0,0,0,0,0,0,0,0,0,0,0,0,0,0,0,0,0,0,0,0,0,0,0,0,0,0,0,0,0,0,0,0,0,0,0,0,0,0,0,0,0,0,0,0,0,0,0,0,0,0,0,0,0,0,1,1,2,2,4,5,5,7,7,8,7,7,7,5,5,6,6,8,10,12,13,13,14,13,12,12,12,12,12,13,14,15,17,17,16,14,12,9,7,4,2,1,1,1,3,5,7,10,10,10,10,9,8,7,6,5,5,5,7,10,12,13,13,13,12,11,8,6,4,2,1,1,0,0,0,0,0,0,0,0,0,0,0,0,0,0,0,0,0,0,0,0,0,0,0,0,0,0,0,0,0,0,0,0,0,0,0,0,0,0,0,0,0,0,0,0,0,0,0,0,0,0,0,0,0,0,0,0,0,0,0,0
0,0,0,0,0,0,0,0,0,0,0,0,0,0,0,0,0,0,0,0,0,0,0,0,0,0,0,0,0,0,0,0,0,0,0,0,0,0,0,0,0,0,0,0,0,0,0,0,0,0,0,0,0,0,0,0,0,0,0,0,0,0,0,0,0,0,0,0,1,1,2,2,3,5,5,7,7,8,7,7,7,5,5,7,7,9,11,12,13,13,13,13,12,11,11,11,12,12,13,14,16,17,16,14,13,10,7,5,3,2,1,2,3,5,8,10,10,10,10,9,8,7,6,5,4,5,7,9,12,13,13,13,13,12,9,6,4,3,1,1,0,0,0,0,0,0,0,0,0,0,0,0,0,0,0,0,0,0,0,0,0,0,0,0,0,0,0,0,0,0,0,0,0,0,0,0,0,0,0,0,0,0,0,0,0,0,0,0,0,0,0,0,0,0,0,0,0,0,0,0,0,0,0,0,0,0,0,0,0,0,0,0,0,0,0,0,0,0,0,0,0,0,0,0,0,0,0,0,0,0,0,0,0,0,0,0,0,0,0,0,0,0,0,0,0,0,0,0,0,0,0,0,0,0,0,0,0,0,0,0,0,0,0,0,0,0,0,0,1,1,2,2,3,5,5,7,7,8,7,7,7,5,5,7,7,9,11,12,13,13,13,13,12,11,11,11,12,12,13,14,16,17,16,14,13,10,7,5,3,2,1,2,3,5,8,10,10,10,10,9,8,7,6,5,4,5,7,9,12,13,14,13,13,12,9,6,4,3,1,1,0,0,0,0,0,0,0,0,0,0,0,0,0,0,0,0,0,0,0,0,0,0,0,0,0,0,0,0,0,0,0,0,0,0,0,0,0,0,0,0,0,0,0,0,0,0,0,0,0,0,0,0,0,0,0,0,0,0,0,0
0,0,0,0,0,0,0,0,0,0,0,0,0,0,0,0,0,0,0,0,0,0,0,0,0,0,0,0,0,0,0,0,0,0,0,0,0,0,0,0,0,0,0,0,0,0,0,0,0,0,0,0,0,0,0,0,0,0,0,0,0,0,0,0,0,0,0,0,1,1,2,2,3,5,5,6,7,8,7,7,7,6,5,7,7,9,11,13,13,13,13,12,11,10,11,11,11,11,13,14,16,17,16,15,13,11,8,6,4,2,2,2,3,6,8,10,10,10,9,9,7,7,5,4,3,4,6,9,11,13,14,14,13,12,10,7,5,3,2,1,1,0,0,0,0,0,0,0,0,0,0,0,0,0,0,0,0,0,0,0,0,0,0,0,0,0,0,0,0,0,0,0,0,0,0,0,0,0,0,0,0,0,0,0,0,0,0,0,0,0,0,0,0,0,0,0,0,0,0,0,0,0,0,0,0,0,0,0,0,0,0,0,0,0,0,0,0,0,0,0,0,0,0,0,0,0,0,0,0,0,0,0,0,0,0,0,0,0,0,0,0,0,0,0,0,0,0,0,0,0,0,0,0,0,0,0,0,0,0,0,0,0,0,0,0,0,0,0,1,1,2,2,3,5,5,6,7,8,7,7,7,6,5,7,7,9,11,12,13,13,13,12,11,10,11,11,11,11,13,14,16,17,16,15,13,11,8,6,4,2,2,2,3,6,8,10,10,10,9,9,7,7,5,4,3,4,6,9,11,13,14,14,13,12,10,7,5,3,2,1,1,0,0,0,0,0,0,0,0,0,0,0,0,0,0,0,0,0,0,0,0,0,0,0,0,0,0,0,0,0,0,0,0,0,0,0,0,0,0,0,0,0,0,0,0,0,0,0,0,0,0,0,0,0,0,0,0,0,0,0
0,0,0,0,0,0,0,0,0,0,0,0,0,0,0,0,0,0,0,0,0,0,0,0,0,0,0,0,0,0,0,0,0,0,0,0,0,0,0,0,0,0,0,0,0,0,0,0,0,0,0,0,0,0,0,0,0,0,0,0,0,0,0,0,0,0,0,0,1,1,2,2,3,5,5,6,7,8,7,7,7,6,6,8,8,10,11,12,13,13,12,11,11,10,10,10,11,10,12,13,15,17,17,15,14,12,9,6,4,3,2,2,4,6,9,10,10,10,9,8,7,6,5,4,3,3,5,8,11,12,14,14,13,13,11,8,6,4,2,1,1,0,0,0,0,0,0,0,0,0,0,0,0,0,0,0,0,0,0,0,0,0,0,0,0,0,0,0,0,0,0,0,0,0,0,0,0,0,0,0,0,0,0,0,0,0,0,0,0,0,0,0,0,0,0,0,0,0,0,0,0,0,0,0,0,0,0,0,0,0,0,0,0,0,0,0,0,0,0,0,0,0,0,0,0,0,0,0,0,0,0,0,0,0,0,0,0,0,0,0,0,0,0,0,0,0,0,0,0,0,0,0,0,0,0,0,0,0,0,0,0,0,0,0,0,0,0,0,1,1,2,2,3,5,5,6,7,8,7,7,7,6,6,8,8,10,11,12,13,13,12,11,11,10,10,10,11,10,12,13,15,17,17,15,14,12,9,6,4,3,2,2,4,6,9,10,10,10,9,8,7,6,5,4,3,3,5,8,11,13,14,14,13,13,11,8,6,4,2,1,1,0,0,0,0,0,0,0,0,0,0,0,0,0,0,0,0,0,0,0,0,0,0,0,0,0,0,0,0,0,0,0,0,0,0,0,0,0,0,0,0,0,0,0,0,0,0,0,0,0,0,0,0,0,0,0,0,0,0,0
0,0,0,0,0,0,0,0,0,0,0,0,0,0,0,0,0,0,0,0,0,0,0,0,0,0,0,0,0,0,0,0,0,0,0,0,0,0,0,0,0,0,0,0,0,0,0,0,0,0,0,0,0,0,0,0,0,0,0,0,0,0,0,0,0,0,0,1,1,1,2,3,3,5,5,6,7,8,7,7,7,6,6,8,8,10,12,12,13,13,12,11,10,9,9,10,10,10,11,12,14,16,17,16,14,13,10,7,5,3,3,3,4,7,9,10,10,10,9,8,7,6,5,3,2,3,5,7,10,12,13,14,14,13,12,9,6,4,3,1,1,0,0,0,0,0,0,0,0,0,0,0,0,0,0,0,0,0,0,0,0,0,0,0,0,0,0,0,0,0,0,0,0,0,0,0,0,0,0,0,0,0,0,0,0,0,0,0,0,0,0,0,0,0,0,0,0,0,0,0,0,0,0,0,0,0,0,0,0,0,0,0,0,0,0,0,0,0,0,0,0,0,0,0,0,0,0,0,0,0,0,0,0,0,0,0,0,0,0,0,0,0,0,0,0,0,0,0,0,0,0,0,0,0,0,0,0,0,0,0,0,0,0,0,0,0,0,1,1,1,2,3,3,5,5,6,7,8,7,7,7,6,6,8,8,10,12,12,13,13,12,11,10,9,9,10,10,10,11,12,14,16,17,16,14,13,10,7,5,3,3,3,4,7,9,10,10,10,9,8,7,6,4,3,2,3,5,7,10,12,13,14,14,13,12,9,7,4,3,1,1,0,0,0,0,0,0,0,0,0,0,0,0,0,0,0,0,0,0,0,0,0,0,0,0,0,0,0,0,0,0,0,0,0,0,0,0,0,0,0,0,0,0,0,0,0,0,0,0,0,0,0,0,0,0,0,0,0,0,0
0,0,0,0,0,0,0,0,0,0,0,0,0,0,0,0,0,0,0,0,0,0,0,0,0,0,0,0,0,0,0,0,0,0,0,0,0,0,0,0,0,0,0,0,0,0,0,0,0,0,0,0,0,0,0,0,0,0,0,0,0,0,0,0,0,0,0,1,1,1,2,3,3,5,6,6,7,7,7,7,7,6,6,9,9,11,12,12,12,13,11,10,10,9,9,9,10,9,11,11,14,16,17,16,15,13,11,8,6,4,3,3,5,7,9,10,10,9,9,8,7,6,4,2,2,2,4,6,9,12,13,14,14,13,12,10,7,5,3,2,1,1,0,0,0,0,0,0,0,0,0,0,0,0,0,0,0,0,0,0,0,0,0,0,0,0,0,0,0,0,0,0,0,0,0,0,0,0,0,0,0,0,0,0,0,0,0,0,0,0,0,0,0,0,0,0,0,0,0,0,0,0,0,0,0,0,0,0,0,0,0,0,0,0,0,0,0,0,0,0,0,0,0,0,0,0,0,0,0,0,0,0,0,0,0,0,0,0,0,0,0,0,0,0,0,0,0,0,0,0,0,0,0,0,0,0,0,0,0,0,0,0,0,0,0,0,0,1,1,1,2,3,3,5,6,6,7,7,7,7,7,6,6,9,9,11,12,12,12,13,11,10,10,9,9,9,10,9,11,11,14,16,17,16,15,13,11,8,6,4,3,3,5,7,9,10,10,9,9,8,7,6,4,2,2,2,4,6,9,12,13,14,14,13,12,10,7,5,3,2,1,1,0,0,0,0,0,0,0,0,0,0,0,0,0,0,0,0,0,0,0,0,0,0,0,0,0,0,0,0,0,0,0,0,0,0,0,0,0,0,0,0,0,0,0,0,0,0,0,0,0,0,0,0,0,0,0,0,0,0
0,0,0,0,0,0,0,0,0,0,0,0,0,0,0,0,0,0,0,0,0,0,0,0,0,0,0,0,0,0,0,0,0,0,0,0,0,0,0,0,0,0,0,0,0,0,0,0,0,0,0,0,0,0,0,0,0,0,0,0,0,0,0,0,0,0,0,1,1,1,2,3,3,4,6,6,7,7,7,7,7,7,7,9,9,11,12,12,12,13,11,9,10,8,8,9,9,9,10,10,13,15,17,16,15,14,12,9,7,5,4,4,5,8,10,10,10,9,8,7,7,5,4,2,1,2,3,6,9,11,13,14,14,14,13,11,8,6,4,2,1,1,0,0,0,0,0,0,0,0,0,0,0,0,0,0,0,0,0,0,0,0,0,0,0,0,0,0,0,0,0,0,0,0,0,0,0,0,0,0,0,0,0,0,0,0,0,0,0,0,0,0,0,0,0,0,0,0,0,0,0,0,0,0,0,0,0,0,0,0,0,0,0,0,0,0,0,0,0,0,0,0,0,0,0,0,0,0,0,0,0,0,0,0,0,0,0,0,0,0,0,0,0,0,0,0,0,0,0,0,0,0,0,0,0,0,0,0,0,0,0,0,0,0,0,0,0,1,1,1,2,3,3,4,6,6,7,7,7,7,7,7,7,9,9,11,12,12,12,13,11,9,10,8,8,9,9,9,10,10,13,15,17,16,15,14,12,9,7,5,4,4,5,8,10,10,10,9,8,7,7,5,4,2,1,2,3,6,9,11,13,14,14,14,13,11,8,6,4,2,1,1,0,0,0,0,0,0,0,0,0,0,0,0,0,0,0,0,0,0,0,0,0,0,0,0,0,0,0,0,0,0,0,0,0,0,0,0,0,0,0,0,0,0,0,0,0,0,0,0,0,0,0,0,0,0,0,0,0,0
0,0,0,0,0,0,0,0,0,0,0,0,0,0,0,0,0,0,0,0,0,0,0,0,0,0,0,0,0,0,0,0,0,0,0,0,0,0,0,0,0,0,0,0,0,0,0,0,0,0,0,0,0,0,0,0,0,0,0,0,0,0,0,0,0,0,0,1,1,1,2,3,3,4,6,6,7,7,7,7,7,7,7,9,10,12,12,12,12,12,10,9,9,8,7,8,9,8,10,10,12,14,16,16,15,14,13,10,7,6,4,5,6,8,10,10,10,9,8,7,6,5,3,2,1,2,3,5,8,10,12,14,14,14,13,11,9,7,4,3,1,1,0,0,0,0,0,0,0,0,0,0,0,0,0,0,0,0,0,0,0,0,0,0,0,0,0,0,0,0,0,0,0,0,0,0,0,0,0,0,0,0,0,0,0,0,0,0,0,0,0,0,0,0,0,0,0,0,0,0,0,0,0,0,0,0,0,0,0,0,0,0,0,0,0,0,0,0,0,0,0,0,0,0,0,0,0,0,0,0,0,0,0,0,0,0,0,0,0,0,0,0,0,0,0,0,0,0,0,0,0,0,0,0,0,0,0,0,0,0,0,0,0,0,0,0,0,1,1,1,2,3,3,4,6,6,7,7,7,7,7,7,7,9,10,12,12,12,12,12,10,9,9,8,7,8,9,8,10,10,12,14,16,16,15,14,13,10,7,6,4,5,6,8,10,10,10,9,8,7,6,5,3,2,1,2,3,5,8,10,12,14,14,14,13,11,9,7,4,3,1,1,0,0,0,0,0,0,0,0,0,0,0,0,0,0,0,0,0,0,0,0,0,0,0,0,0,0,0,0,0,0,0,0,0,0,0,0,0,0,0,0,0,0,0,0,0,0,0,0,0,0,0,0,0,0,0,0,0,0
0,0,0,0,0,0,0,0,0,0,0,0,0,0,0,0,0,0,0,0,0,0,0,0,0,0,0,0,0,0,0,0,0,0,0,0,0,0,0,0,0,0,0,0,0,0,0,0,0,0,0,0,0,0,0,0,0,0,0,0,0,0,0,0,0,0,0,1,1,1,2,3,3,4,6,6,6,7,7,7,7,8,8,10,11,12,12,12,12,12,10,9,9,7,7,8,8,8,9,9,11,14,16,17,15,15,14,12,9,6,5,5,7,9,10,10,9,9,8,7,6,5,3,1,1,1,2,4,7,10,12,13,14,14,14,12,10,8,5,3,2,1,1,0,0,0,0,0,0,0,0,0,0,0,0,0,0,0,0,0,0,0,0,0,0,0,0,0,0,0,0,0,0,0,0,0,0,0,0,0,0,0,0,0,0,0,0,0,0,0,0,0,0,0,0,0,0,0,0,0,0,0,0,0,0,0,0,0,0,0,0,0,0,0,0,0,0,0,0,0,0,0,0,0,0,0,0,0,0,0,0,0,0,0,0,0,0,0,0,0,0,0,0,0,0,0,0,0,0,0,0,0,0,0,0,0,0,0,0,0,0,0,0,0,0,0,0,1,1,1,2,3,3,4,6,6,6,7,7,7,7,8,8,10,11,12,12,12,12,12,10,9,9,7,7,8,8,8,9,9,11,14,16,17,15,15,14,12,9,6,5,5,7,9,10,10,9,9,8,7,6,5,3,1,1,1,2,4,7,10,12,13,14,14,14,12,10,8,5,3,2,1,1,0,0,0,0,0,0,0,0,0,0,0,0,0,0,0,0,0,0,0,0,0,0,0,0,0,0,0,0,0,0,0,0,0,0,0,0,0,0,0,0,0,0,0,0,0,0,0,0,0,0,0,0,0,0,0,0,0
0,0,0,0,0,0,0,0,0,0,0,0,0,0,0,0,0,0,0,0,0,0,0,0,0,0,0,0,0,0,0,0,0,0,0,0,0,0,0,0,0,0,0,0,0,0,0,0,0,0,0,0,0,0,0,0,0,0,0,0,0,0,0,0,0,0,0,1,1,1,2,3,3,4,6,6,6,7,7,7,7,8,8,10,11,12,12,12,12,11,10,8,8,7,7,7,8,8,9,9,10,13,15,16,16,15,14,13,10,7,6,6,7,9,10,10,9,8,7,7,6,4,2,1,1,1,2,4,6,9,11,13,14,14,14,13,11,8,6,4,2,1,1,0,0,0,0,0,0,0,0,0,0,0,0,0,0,0,0,0,0,0,0,0,0,0,0,0,0,0,0,0,0,0,0,0,0,0,0,0,0,0,0,0,0,0,0,0,0,0,0,0,0,0,0,0,0,0,0,0,0,0,0,0,0,0,0,0,0,0,0,0,0,0,0,0,0,0,0,0,0,0,0,0,0,0,0,0,0,0,0,0,0,0,0,0,0,0,0,0,0,0,0,0,0,0,0,0,0,0,0,0,0,0,0,0,0,0,0,0,0,0,0,0,0,0,0,1,1,1,2,3,3,4,6,6,6,7,7,7,7,8,8,10,11,12,12,12,12,11,10,8,8,7,7,7,8,8,9,9,10,13,15,16,16,15,14,13,10,7,6,6,7,9,10,10,9,8,7,7,6,4,2,1,1,1,2,4,6,9,11,13,14,14,14,13,11,8,6,4,2,1,1,0,0,0,0,0,0,0,0,0,0,0,0,0,0,0,0,0,0,0,0,0,0,0,0,0,0,0,0,0,0,0,0,0,0,0,0,0,0,0,0,0,0,0,0,0,0,0,0,0,0,0,0,0,0,0,0,0
0,0,0,0,0,0,0,0,0,0,0,0,0,0,0,0,0,0,0,0,0,0,0,0,0,0,0,0,0,0,0,0,0,0,0,0,0,0,0,0,0,0,0,0,0,0,0,0,0,0,0,0,0,0,0,0,0,0,0,0,0,0,0,0,0,0,0,1,1,1,2,3,3,4,6,6,6,7,7,7,8,8,9,10,12,12,12,12,11,11,9,8,8,7,7,7,7,7,8,9,9,12,15,16,16,15,15,13,11,9,7,7,8,9,10,10,9,8,7,6,6,4,2,1,1,1,2,3,6,8,10,13,14,15,14,13,12,9,7,5,3,1,1,0,0,0,0,0,0,0,0,0,0,0,0,0,0,0,0,0,0,0,0,0,0,0,0,0,0,0,0,0,0,0,0,0,0,0,0,0,0,0,0,0,0,0,0,0,0,0,0,0,0,0,0,0,0,0,0,0,0,0,0,0,0,0,0,0,0,0,0,0,0,0,0,0,0,0,0,0,0,0,0,0,0,0,0,0,0,0,0,0,0,0,0,0,0,0,0,0,0,0,0,0,0,0,0,0,0,0,0,0,0,0,0,0,0,0,0,0,0,0,0,0,0,0,0,1,1,1,2,3,3,4,6,6,6,7,7,7,8,8,9,10,12,12,12,12,11,11,9,8,8,7,7,7,7,7,8,9,9,12,15,16,16,15,15,13,11,9,7,7,8,9,10,10,9,8,7,6,6,4,2,1,1,1,2,3,6,8,10,13,14,15,14,13,12,9,7,5,3,1,1,0,0,0,0,0,0,0,0,0,0,0,0,0,0,0,0,0,0,0,0,0,0,0,0,0,0,0,0,0,0,0,0,0,0,0,0,0,0,0,0,0,0,0,0,0,0,0,0,0,0,0,0,0,0,0,0,0
0,0,0,0,0,0,0,0,0,0,0,0,0,0,0,0,0,0,0,0,0,0,0,0,0,0,0,0,0,0,0,0,0,0,0,0,0,0,0,0,0,0,0,0,0,0,0,0,0,0,0,0,0,0,0,0,0,0,0,0,0,0,0,0,0,0,0,1,1,1,2,3,3,4,6,6,6,7,7,7,8,9,9,10,13,12,12,12,11,11,9,8,7,6,6,7,7,7,8,8,8,11,14,16,16,16,15,14,12,10,8,8,9,10,10,10,9,8,7,6,5,4,2,1,1,1,1,3,5,7,10,12,14,15,14,14,13,10,8,5,3,2,1,1,0,0,0,0,0,0,0,0,0,0,0,0,0,0,0,0,0,0,0,0,0,0,0,0,0,0,0,0,0,0,0,0,0,0,0,0,0,0,0,0,0,0,0,0,0,0,0,0,0,0,0,0,0,0,0,0,0,0,0,0,0,0,0,0,0,0,0,0,0,0,0,0,0,0,0,0,0,0,0,0,0,0,0,0,0,0,0,0,0,0,0,0,0,0,0,0,0,0,0,0,0,0,0,0,0,0,0,0,0,0,0,0,0,0,0,0,0,0,0,0,0,0,0,1,1,1,2,3,3,4,6,6,6,7,7,7,8,9,9,10,13,12,12,12,11,11,9,8,7,6,6,7,7,7,8,8,9,11,14,16,16,16,15,14,12,10,8,8,9,10,10,10,9,8,7,6,5,3,2,1,1,1,1,3,5,7,10,12,14,15,15,14,13,10,8,5,3,2,1,1,0,0,0,0,0,0,0,0,0,0,0,0,0,0,0,0,0,0,0,0,0,0,0,0,0,0,0,0,0,0,0,0,0,0,0,0,0,0,0,0,0,0,0,0,0,0,0,0,0,0,0,0,0,0,0,0
0,0,0,0,0,0,0,0,0,0,0,0,0,0,0,0,0,0,0,0,0,0,0,0,0,0,0,0,0,0,0,0,0,0,0,0,0,0,0,0,0,0,0,0,0,0,0,0,0,0,0,0,0,0,0,0,0,0,0,0,0,0,0,0,0,0,0,1,1,1,2,3,4,4,6,6,6,7,7,7,8,9,10,11,13,12,12,12,11,10,9,8,7,6,6,7,7,7,7,8,8,10,13,15,16,16,15,15,13,11,10,9,10,10,10,9,9,8,7,6,5,3,1,1,1,1,1,2,4,6,9,11,13,15,15,14,13,11,9,6,4,2,1,1,0,0,0,0,0,0,0,0,0,0,0,0,0,0,0,0,0,0,0,0,0,0,0,0,0,0,0,0,0,0,0,0,0,0,0,0,0,0,0,0,0,0,0,0,0,0,0,0,0,0,0,0,0,0,0,0,0,0,0,0,0,0,0,0,0,0,0,0,0,0,0,0,0,0,0,0,0,0,0,0,0,0,0,0,0,0,0,0,0,0,0,0,0,0,0,0,0,0,0,0,0,0,0,0,0,0,0,0,0,0,0,0,0,0,0,0,0,0,0,0,0,0,0,1,1,1,2,3,4,4,6,6,6,7,7,7,8,9,10,11,13,12,12,12,11,10,9,8,7,6,6,7,7,7,7,8,8,10,13,15,16,16,15,15,13,11,10,9,10,10,10,9,9,8,7,6,5,3,1,1,1,1,1,2,4,6,9,11,14,15,15,14,13,11,9,6,4,2,1,1,0,0,0,0,0,0,0,0,0,0,0,0,0,0,0,0,0,0,0,0,0,0,0,0,0,0,0,0,0,0,0,0,0,0,0,0,0,0,0,0,0,0,0,0,0,0,0,0,0,0,0,0,0,0,0,0
0,0,0,0,0,0,0,0,0,0,0,0,0,0,0,0,0,0,0,0,0,0,0,0,0,0,0,0,0,0,0,0,0,0,0,0,0,0,0,0,0,0,0,0,0,0,0,0,0,0,0,0,0,0,0,0,0,0,0,0,0,0,0,0,0,0,0,1,1,1,2,3,4,4,5,6,6,7,7,6,8,9,10,11,14,12,12,12,11,10,9,8,6,6,6,6,6,7,7,8,7,9,12,14,16,16,16,15,14,12,11,10,11,11,10,9,8,7,6,6,4,3,1,1,1,1,1,2,4,6,8,11,13,14,15,15,14,12,10,7,5,3,1,1,1,0,0,0,0,0,0,0,0,0,0,0,0,0,0,0,0,0,0,0,0,0,0,0,0,0,0,0,0,0,0,0,0,0,0,0,0,0,0,0,0,0,0,0,0,0,0,0,0,0,0,0,0,0,0,0,0,0,0,0,0,0,0,0,0,0,0,0,0,0,0,0,0,0,0,0,0,0,0,0,0,0,0,0,0,0,0,0,0,0,0,0,0,0,0,0,0,0,0,0,0,0,0,0,0,0,0,0,0,0,0,0,0,0,0,0,0,0,0,0,0,0,0,1,1,1,2,3,4,4,5,6,6,7,7,6,8,9,10,11,14,12,12,12,11,10,9,8,6,6,6,6,6,7,7,8,7,9,12,14,16,16,16,15,14,12,11,10,11,11,10,9,8,7,6,6,4,3,1,1,1,1,1,2,4,6,8,11,13,14,15,15,14,12,10,7,5,3,1,1,1,0,0,0,0,0,0,0,0,0,0,0,0,0,0,0,0,0,0,0,0,0,0,0,0,0,0,0,0,0,0,0,0,0,0,0,0,0,0,0,0,0,0,0,0,0,0,0,0,0,0,0,0,0,0,0
0,0,0,0,0,0,0,0,0,0,0,0,0,0,0,0,0,0,0,0,0,0,0,0,0,0,0,0,0,0,0,0,0,0,0,0,0,0,0,0,0,0,0,0,0,0,0,0,0,0,0,0,0,0,0,0,0,0,0,0,0,0,0,0,0,0,0,1,1,2,2,3,4,4,5,5,6,7,7,7,9,10,11,11,14,12,12,12,10,9,8,7,6,5,6,6,6,6,7,7,7,8,11,13,15,16,16,16,15,14,12,12,12,11,11,9,8,7,6,6,4,2,1,1,1,1,1,1,3,5,7,10,12,14,15,15,14,13,10,8,5,3,2,1,1,0,0,0,0,0,0,0,0,0,0,0,0,0,0,0,0,0,0,0,0,0,0,0,0,0,0,0,0,0,0,0,0,0,0,0,0,0,0,0,0,0,0,0,0,0,0,0,0,0,0,0,0,0,0,0,0,0,0,0,0,0,0,0,0,0,0,0,0,0,0,0,0,0,0,0,0,0,0,0,0,0,0,0,0,0,0,0,0,0,0,0,0,0,0,0,0,0,0,0,0,0,0,0,0,0,0,0,0,0,0,0,0,0,0,0,0,0,0,0,0,0,0,1,1,2,2,3,4,4,5,5,6,7,7,7,8,10,11,11,14,12,12,12,10,9,8,7,6,5,6,6,6,6,7,7,7,8,11,13,15,16,16,16,15,14,12,12,12,11,11,9,8,7,6,6,4,2,1,1,1,1,1,1,3,5,7,10,12,14,15,15,14,13,11,8,5,3,2,1,1,0,0,0,0,0,0,0,0,0,0,0,0,0,0,0,0,0,0,0,0,0,0,0,0,0,0,0,0,0,0,0,0,0,0,0,0,0,0,0,0,0,0,0,0,0,0,0,0,0,0,0,0,0,0,0
0,0,0,0,0,0,0,0,0,0,0,0,0,0,0,0,0,0,0,0,0,0,0,0,0,0,0,0,0,0,0,0,0,0,0,0,0,0,0,0,0,0,0,0,0,0,0,0,0,0,0,0,0,0,0,0,0,0,0,0,0,0,0,0,0,0,0,1,1,2,2,3,4,4,5,5,6,7,7,7,9,10,11,12,14,12,12,11,10,9,8,7,5,5,6,6,6,6,6,7,6,8,10,13,15,15,16,16,16,15,14,13,13,12,11,9,8,7,6,5,4,2,1,1,1,1,1,1,3,4,6,9,12,14,15,15,15,14,11,9,6,4,2,1,1,0,0,0,0,0,0,0,0,0,0,0,0,0,0,0,0,0,0,0,0,0,0,0,0,0,0,0,0,0,0,0,0,0,0,0,0,0,0,0,0,0,0,0,0,0,0,0,0,0,0,0,0,0,0,0,0,0,0,0,0,0,0,0,0,0,0,0,0,0,0,0,0,0,0,0,0,0,0,0,0,0,0,0,0,0,0,0,0,0,0,0,0,0,0,0,0,0,0,0,0,0,0,0,0,0,0,0,0,0,0,0,0,0,0,0,0,0,0,0,0,0,0,1,1,2,2,3,4,4,5,5,6,7,7,7,9,10,11,12,14,12,12,11,10,9,8,7,5,5,6,6,6,6,6,7,6,8,10,13,15,15,16,16,16,15,14,13,13,12,11,9,8,7,6,5,4,2,1,1,1,1,1,1,3,4,6,9,12,14,15,15,15,14,11,9,6,4,2,1,1,0,0,0,0,0,0,0,0,0,0,0,0,0,0,0,0,0,0,0,0,0,0,0,0,0,0,0,0,0,0,0,0,0,0,0,0,0,0,0,0,0,0,0,0,0,0,0,0,0,0,0,0,0,0,0
0,0,0,0,0,0,0,0,0,0,0,0,0,0,0,0,0,0,0,0,0,0,0,0,0,0,0,0,0,0,0,0,0,0,0,0,0,0,0,0,0,0,0,0,0,0,0,0,0,0,0,0,0,0,0,0,0,0,0,0,0,0,0,0,0,0,0,1,1,2,2,3,4,4,5,5,6,7,7,7,9,10,12,12,14,12,12,11,10,8,7,7,5,5,6,6,6,6,6,7,6,7,9,12,14,15,16,17,17,16,15,15,14,12,11,9,8,7,6,5,3,2,1,1,1,0,1,1,2,4,6,8,11,13,15,15,15,14,12,10,7,5,3,1,1,1,0,0,0,0,0,0,0,0,0,0,0,0,0,0,0,0,0,0,0,0,0,0,0,0,0,0,0,0,0,0,0,0,0,0,0,0,0,0,0,0,0,0,0,0,0,0,0,0,0,0,0,0,0,0,0,0,0,0,0,0,0,0,0,0,0,0,0,0,0,0,0,0,0,0,0,0,0,0,0,0,0,0,0,0,0,0,0,0,0,0,0,0,0,0,0,0,0,0,0,0,0,0,0,0,0,0,0,0,0,0,0,0,0,0,0,0,0,0,0,0,0,1,1,2,2,3,4,4,5,5,6,7,7,7,9,10,12,12,14,12,12,11,10,8,7,7,5,5,6,6,6,6,6,7,6,7,9,12,14,15,16,17,17,16,15,15,14,12,11,9,8,7,6,5,3,2,1,1,1,0,1,1,2,4,6,8,11,13,15,15,15,14,12,10,7,5,3,1,1,1,0,0,0,0,0,0,0,0,0,0,0,0,0,0,0,0,0,0,0,0,0,0,0,0,0,0,0,0,0,0,0,0,0,0,0,0,0,0,0,0,0,0,0,0,0,0,0,0,0,0,0,0,0,0
0,0,0,0,0,0,0,0,0,0,0,0,0,0,0,0,0,0,0,0,0,0,0,0,0,0,0,0,0,0,0,0,0,0,0,0,0,0,0,0,0,0,0,0,0,0,0,0,0,0,0,0,0,0,0,0,0,0,0,0,0,0,0,0,0,0,0,1,1,2,3,3,4,4,5,5,6,6,7,7,9,11,12,13,14,12,12,11,10,8,7,7,5,5,6,6,5,6,6,6,6,7,8,11,13,15,16,17,17,18,17,16,15,13,11,9,8,6,6,5,3,1,1,1,1,0,1,1,2,3,5,7,10,12,14,15,15,15,13,11,8,6,3,2,1,1,0,0,0,0,0,0,0,0,0,0,0,0,0,0,0,0,0,0,0,0,0,0,0,0,0,0,0,0,0,0,0,0,0,0,0,0,0,0,0,0,0,0,0,0,0,0,0,0,0,0,0,0,0,0,0,0,0,0,0,0,0,0,0,0,0,0,0,0,0,0,0,0,0,0,0,0,0,0,0,0,0,0,0,0,0,0,0,0,0,0,0,0,0,0,0,0,0,0,0,0,0,0,0,0,0,0,0,0,0,0,0,0,0,0,0,0,0,0,0,0,0,1,1,2,3,3,4,4,5,5,6,6,7,7,9,11,12,12,14,12,12,11,10,8,7,6,5,5,6,6,5,6,6,6,6,7,8,11,13,15,16,17,17,18,17,16,15,13,11,9,8,6,6,5,3,1,1,1,1,0,1,1,2,3,5,7,10,13,15,15,15,15,13,11,8,6,3,2,1,1,0,0,0,0,0,0,0,0,0,0,0,0,0,0,0,0,0,0,0,0,0,0,0,0,0,0,0,0,0,0,0,0,0,0,0,0,0,0,0,0,0,0,0,0,0,0,0,0,0,0,0,0,0,0
0,0,0,0,0,0,0,0,0,0,0,0,0,0,0,0,0,0,0,0,0,0,0,0,0,0,0,0,0,0,0,0,0,0,0,0,0,0,0,0,0,0,0,0,0,0,0,0,0,0,0,0,0,0,0,0,0,0,0,0,0,0,0,0,0,0,1,1,1,2,3,3,4,4,5,5,6,6,7,7,9,11,13,13,14,12,12,11,10,8,7,6,4,5,5,5,5,6,6,6,6,6,7,10,12,14,16,17,18,18,18,17,16,14,11,9,8,6,6,4,3,1,1,1,0,0,1,1,1,3,4,7,9,12,14,15,15,15,14,12,9,6,4,2,1,1,0,0,0,0,0,0,0,0,0,0,0,0,0,0,0,0,0,0,0,0,0,0,0,0,0,0,0,0,0,0,0,0,0,0,0,0,0,0,0,0,0,0,0,0,0,0,0,0,0,0,0,0,0,0,0,0,0,0,0,0,0,0,0,0,0,0,0,0,0,0,0,0,0,0,0,0,0,0,0,0,0,0,0,0,0,0,0,0,0,0,0,0,0,0,0,0,0,0,0,0,0,0,0,0,0,0,0,0,0,0,0,0,0,0,0,0,0,0,0,0,1,1,1,2,3,3,4,4,5,5,6,6,7,7,9,11,13,13,14,12,12,11,10,8,7,6,4,5,5,5,5,6,6,6,6,6,7,10,12,14,16,17,18,18,18,18,16,14,11,9,8,6,6,4,3,1,1,1,0,0,1,1,1,3,4,7,9,12,14,15,16,15,14,12,9,6,4,2,1,1,0,0,0,0,0,0,0,0,0,0,0,0,0,0,0,0,0,0,0,0,0,0,0,0,0,0,0,0,0,0,0,0,0,0,0,0,0,0,0,0,0,0,0,0,0,0,0,0,0,0,0,0,0,0
0,0,0,0,0,0,0,0,0,0,0,0,0,0,0,0,0,0,0,0,0,0,0,0,0,0,0,0,0,0,0,0,0,0,0,0,0,0,0,0,0,0,0,0,0,0,0,0,0,0,0,0,0,0,0,0,0,0,0,0,0,0,0,0,0,0,1,1,1,2,3,3,4,4,5,5,6,6,7,8,10,11,13,13,13,12,11,10,9,8,6,6,4,5,5,5,5,6,6,6,6,6,7,9,11,13,16,17,18,19,20,19,17,14,12,9,7,6,5,4,2,1,1,1,0,0,0,1,1,2,4,6,8,11,14,15,16,15,14,13,10,7,5,3,1,1,1,0,0,0,0,0,0,0,0,0,0,0,0,0,0,0,0,0,0,0,0,0,0,0,0,0,0,0,0,0,0,0,0,0,0,0,0,0,0,0,0,0,0,0,0,0,0,0,0,0,0,0,0,0,0,0,0,0,0,0,0,0,0,0,0,0,0,0,0,0,0,0,0,0,0,0,0,0,0,0,0,0,0,0,0,0,0,0,0,0,0,0,0,0,0,0,0,0,0,0,0,0,0,0,0,0,0,0,0,0,0,0,0,0,0,0,0,0,0,0,1,1,1,2,3,3,4,4,5,5,6,6,7,8,10,11,13,13,13,12,11,10,9,7,6,6,4,5,5,5,5,6,6,6,6,6,7,9,11,13,16,17,18,19,20,19,17,14,12,9,7,6,5,4,2,1,1,1,0,0,0,1,1,2,4,6,8,11,14,15,16,15,14,13,10,7,5,3,1,1,1,0,0,0,0,0,0,0,0,0,0,0,0,0,0,0,0,0,0,0,0,0,0,0,0,0,0,0,0,0,0,0,0,0,0,0,0,0,0,0,0,0,0,0,0,0,0,0,0,0,0,0,0,0
0,0,0,0,0,0,0,0,0,0,0,0,0,0,0,0,0,0,0,0,0,0,0,0,0,0,0,0,0,0,0,0,0,0,0,0,0,0,0,0,0,0,0,0,0,0,0,0,0,0,0,0,0,0,0,0,0,0,0,0,0,0,0,0,0,0,1,1,1,2,3,3,4,4,5,5,6,6,7,8,10,12,14,13,13,12,11,10,9,7,6,5,4,5,5,5,5,5,6,6,6,5,6,8,10,12,15,17,19,20,21,20,18,15,12,9,7,6,5,4,2,1,1,1,0,0,0,1,1,2,3,5,8,10,13,15,16,16,15,13,11,8,6,4,2,1,1,0,0,0,0,0,0,0,0,0,0,0,0,0,0,0,0,0,0,0,0,0,0,0,0,0,0,0,0,0,0,0,0,0,0,0,0,0,0,0,0,0,0,0,0,0,0,0,0,0,0,0,0,0,0,0,0,0,0,0,0,0,0,0,0,0,0,0,0,0,0,0,0,0,0,0,0,0,0,0,0,0,0,0,0,0,0,0,0,0,0,0,0,0,0,0,0,0,0,0,0,0,0,0,0,0,0,0,0,0,0,0,0,0,0,0,0,0,0,0,1,1,1,2,3,3,4,4,5,5,6,6,7,8,10,12,14,13,13,12,11,10,9,7,6,5,4,5,5,5,5,5,6,6,6,5,6,8,10,12,15,17,19,20,21,20,18,15,12,9,7,6,5,4,2,1,1,1,0,0,0,1,1,2,3,5,8,10,13,15,16,16,15,13,11,8,6,4,2,1,1,0,0,0,0,0,0,0,0,0,0,0,0,0,0,0,0,0,0,0,0,0,0,0,0,0,0,0,0,0,0,0,0,0,0,0,0,0,0,0,0,0,0,0,0,0,0,0,0,0,0,0,0,0
0,0,0,0,0,0,0,0,0,0,0,0,0,0,0,0,0,0,0,0,0,0,0,0,0,0,0,0,0,0,0,0,0,0,0,0,0,0,0,0,0,0,0,0,0,0,0,0,0,0,0,0,0,0,0,0,0,0,0,0,0,0,0,0,0,0,1,1,1,2,3,3,4,4,5,5,6,6,7,9,10,12,14,13,13,12,11,10,9,7,6,5,4,5,5,5,5,5,6,6,6,5,6,7,9,12,15,17,19,21,22,22,19,16,13,10,8,6,5,3,2,1,1,1,0,0,0,1,1,1,2,4,7,9,12,14,16,16,15,14,12,9,7,4,2,1,1,0,0,0,0,0,0,0,0,0,0,0,0,0,0,0,0,0,0,0,0,0,0,0,0,0,0,0,0,0,0,0,0,0,0,0,0,0,0,0,0,0,0,0,0,0,0,0,0,0,0,0,0,0,0,0,0,0,0,0,0,0,0,0,0,0,0,0,0,0,0,0,0,0,0,0,0,0,0,0,0,0,0,0,0,0,0,0,0,0,0,0,0,0,0,0,0,0,0,0,0,0,0,0,0,0,0,0,0,0,0,0,0,0,0,0,0,0,0,0,1,1,1,2,3,3,4,4,5,5,6,6,7,9,10,12,14,13,13,12,11,10,9,7,6,5,4,5,5,5,5,5,6,6,6,5,6,7,9,12,15,17,19,21,22,22,19,16,13,10,8,6,5,3,2,1,1,1,0,0,0,1,1,1,2,4,7,9,12,14,16,16,15,14,12,9,7,4,2,1,1,0,0,0,0,0,0,0,0,0,0,0,0,0,0,0,0,0,0,0,0,0,0,0,0,0,0,0,0,0,0,0,0,0,0,0,0,0,0,0,0,0,0,0,0,0,0,0,0,0,0,0,0,0
0,0,0,0,0,0,0,0,0,0,0,0,0,0,0,0,0,0,0,0,0,0,0,0,0,0,0,0,0,0,0,0,0,0,0,0,0,0,0,0,0,0,0,0,0,0,0,0,0,0,0,0,0,0,0,0,0,0,0,0,0,0,0,0,0,0,1,1,1,2,3,3,4,5,5,5,6,6,7,9,10,13,14,13,13,13,11,9,9,7,6,5,4,4,4,4,5,5,6,6,6,5,5,7,8,11,14,17,20,21,23,23,20,17,13,10,8,7,5,3,1,1,1,0,0,0,0,0,1,1,2,4,6,8,11,14,15,16,16,15,13,10,8,5,3,2,1,1,0,0,0,0,0,0,0,0,0,0,0,0,0,0,0,0,0,0,0,0,0,0,0,0,0,0,0,0,0,0,0,0,0,0,0,0,0,0,0,0,0,0,0,0,0,0,0,0,0,0,0,0,0,0,0,0,0,0,0,0,0,0,0,0,0,0,0,0,0,0,0,0,0,0,0,0,0,0,0,0,0,0,0,0,0,0,0,0,0,0,0,0,0,0,0,0,0,0,0,0,0,0,0,0,0,0,0,0,0,0,0,0,0,0,0,0,0,0,1,1,1,2,3,3,4,5,5,5,6,6,7,9,10,13,14,13,13,13,11,9,9,7,6,5,4,4,4,4,5,5,6,6,6,5,5,7,8,11,14,17,20,21,23,23,20,17,13,10,8,7,5,3,1,1,1,0,0,0,0,0,1,1,2,4,6,8,11,14,15,16,16,15,13,10,8,5,3,2,1,1,0,0,0,0,0,0,0,0,0,0,0,0,0,0,0,0,0,0,0,0,0,0,0,0,0,0,0,0,0,0,0,0,0,0,0,0,0,0,0,0,0,0,0,0,0,0,0,0,0,0,0,0
0,0,0,0,0,0,0,0,0,0,0,0,0,0,0,0,0,0,0,0,0,0,0,0,0,0,0,0,0,0,0,0,0,0,0,0,0,0,0,0,0,0,0,0,0,0,0,0,0,0,0,0,0,0,0,0,0,0,0,0,0,0,0,0,0,0,1,1,1,2,3,3,4,5,5,5,6,6,7,9,10,13,14,13,13,13,10,9,8,7,6,5,4,4,4,4,5,5,6,5,6,4,5,6,8,10,13,16,20,22,23,23,21,18,14,10,8,7,4,3,1,1,1,0,0,0,0,0,1,1,2,3,5,8,11,13,15,16,16,15,14,11,9,6,4,2,1,1,0,0,0,0,0,0,0,0,0,0,0,0,0,0,0,0,0,0,0,0,0,0,0,0,0,0,0,0,0,0,0,0,0,0,0,0,0,0,0,0,0,0,0,0,0,0,0,0,0,0,0,0,0,0,0,0,0,0,0,0,0,0,0,0,0,0,0,0,0,0,0,0,0,0,0,0,0,0,0,0,0,0,0,0,0,0,0,0,0,0,0,0,0,0,0,0,0,0,0,0,0,0,0,0,0,0,0,0,0,0,0,0,0,0,0,0,0,0,1,1,1,2,3,3,4,5,5,5,6,6,7,9,10,13,14,13,13,13,10,9,8,7,6,5,4,4,4,4,5,5,6,5,6,4,5,6,8,10,13,16,20,22,24,24,21,18,14,10,8,7,4,3,1,1,1,0,0,0,0,0,1,1,2,3,5,8,11,13,15,16,16,15,14,11,9,6,4,2,1,1,0,0,0,0,0,0,0,0,0,0,0,0,0,0,0,0,0,0,0,0,0,0,0,0,0,0,0,0,0,0,0,0,0,0,0,0,0,0,0,0,0,0,0,0,0,0,0,0,0,0,0,0
0,0,0,0,0,0,0,0,0,0,0,0,0,0,0,0,0,0,0,0,0,0,0,0,0,0,0,0,0,0,0,0,0,0,0,0,0,0,0,0,0,0,0,0,0,0,0,0,0,0,0,0,0,0,0,0,0,0,0,0,0,0,0,0,0,0,1,1,1,2,3,3,4,5,4,5,6,6,7,9,10,14,14,13,13,13,10,9,8,6,6,4,4,4,4,4,4,5,6,5,6,4,5,6,7,9,12,16,20,22,24,24,22,19,15,11,9,7,4,2,1,1,1,0,0,0,0,0,1,1,1,2,4,7,10,12,14,16,16,16,14,12,10,7,5,3,1,1,0,0,0,0,0,0,0,0,0,0,0,0,0,0,0,0,0,0,0,0,0,0,0,0,0,0,0,0,0,0,0,0,0,0,0,0,0,0,0,0,0,0,0,0,0,0,0,0,0,0,0,0,0,0,0,0,0,0,0,0,0,0,0,0,0,0,0,0,0,0,0,0,0,0,0,0,0,0,0,0,0,0,0,0,0,0,0,0,0,0,0,0,0,0,0,0,0,0,0,0,0,0,0,0,0,0,0,0,0,0,0,0,0,0,0,0,0,0,1,1,1,2,3,3,4,5,4,5,6,6,7,9,10,13,14,13,13,13,10,9,8,6,6,4,4,4,4,4,4,5,6,5,6,4,5,6,7,9,12,16,20,22,24,24,22,19,15,11,9,7,4,2,1,1,1,0,0,0,0,0,1,1,1,2,4,7,10,12,15,16,16,16,15,12,10,7,5,3,1,1,0,0,0,0,0,0,0,0,0,0,0,0,0,0,0,0,0,0,0,0,0,0,0,0,0,0,0,0,0,0,0,0,0,0,0,0,0,0,0,0,0,0,0,0,0,0,0,0,0,0,0,0
0,0,0,0,0,0,0,0,0,0,0,0,0,0,0,0,0,0,0,0,0,0,0,0,0,0,0,0,0,0,0,0,0,0,0,0,0,0,0,0,0,0,0,0,0,0,0,0,0,0,0,0,0,0,0,0,0,0,0,0,0,0,0,0,0,0,1,1,1,2,3,3,4,5,4,5,6,6,7,10,11,14,14,13,13,13,10,9,8,6,6,4,4,4,4,4,4,5,5,5,6,4,4,5,6,8,11,15,20,23,25,25,23,20,16,11,9,7,4,2,1,1,1,0,0,0,0,0,1,1,1,2,4,6,9,12,14,15,16,16,15,13,11,8,5,3,2,1,1,0,0,0,0,0,0,0,0,0,0,0,0,0,0,0,0,0,0,0,0,0,0,0,0,0,0,0,0,0,0,0,0,0,0,0,0,0,0,0,0,0,0,0,0,0,0,0,0,0,0,0,0,0,0,0,0,0,0,0,0,0,0,0,0,0,0,0,0,0,0,0,0,0,0,0,0,0,0,0,0,0,0,0,0,0,0,0,0,0,0,0,0,0,0,0,0,0,0,0,0,0,0,0,0,0,0,0,0,0,0,0,0,0,0,0,0,0,1,1,1,2,3,3,4,5,4,5,6,6,7,10,11,14,14,13,12,13,10,9,8,6,6,4,4,4,4,4,4,5,5,5,6,4,4,5,6,8,11,15,20,23,25,25,23,20,16,11,9,7,4,2,1,1,1,0,0,0,0,0,1,1,1,2,4,6,9,12,14,16,16,16,15,13,11,8,5,3,2,1,1,0,0,0,0,0,0,0,0,0,0,0,0,0,0,0,0,0,0,0,0,0,0,0,0,0,0,0,0,0,0,0,0,0,0,0,0,0,0,0,0,0,0,0,0,0,0,0,0,0,0,0
0,0,0,0,0,0,0,0,0,0,0,0,0,0,0,0,0,0,0,0,0,0,0,0,0,0,0,0,0,0,0,0,0,0,0,0,0,0,0,0,0,0,0,0,0,0,0,0,0,0,0,0,0,0,0,0,0,0,0,0,0,0,0,0,0,0,1,1,2,2,3,4,4,5,4,5,6,6,8,10,11,14,14,14,12,13,10,9,7,6,6,4,4,4,4,4,4,5,5,5,5,4,4,5,6,8,10,15,19,23,25,25,24,21,16,12,10,7,4,2,1,1,1,0,0,0,0,0,0,1,1,2,3,5,8,11,13,15,16,16,16,14,12,9,6,4,2,1,1,0,0,0,0,0,0,0,0,0,0,0,0,0,0,0,0,0,0,0,0,0,0,0,0,0,0,0,0,0,0,0,0,0,0,0,0,0,0,0,0,0,0,0,0,0,0,0,0,0,0,0,0,0,0,0,0,0,0,0,0,0,0,0,0,0,0,0,0,0,0,0,0,0,0,0,0,0,0,0,0,0,0,0,0,0,0,0,0,0,0,0,0,0,0,0,0,0,0,0,0,0,0,0,0,0,0,0,0,0,0,0,0,0,0,0,0,0,1,1,2,2,3,3,4,5,4,5,6,6,8,10,11,14,14,14,12,13,10,9,7,6,6,4,4,4,4,4,4,5,5,5,5,4,4,5,6,8,10,15,19,23,25,25,24,21,16,12,10,7,4,2,1,1,1,0,0,0,0,0,0,1,1,2,3,5,8,11,13,15,16,16,16,14,12,9,6,4,2,1,1,0,0,0,0,0,0,0,0,0,0,0,0,0,0,0,0,0,0,0,0,0,0,0,0,0,0,0,0,0,0,0,0,0,0,0,0,0,0,0,0,0,0,0,0,0,0,0,0,0,0,0
0,0,0,0,0,0,0,0,0,0,0,0,0,0,0,0,0,0,0,0,0,0,0,0,0,0,0,0,0,0,0,0,0,0,0,0,0,0,0,0,0,0,0,0,0,0,0,0,0,0,0,0,0,0,0,0,0,0,0,0,0,0,0,0,0,0,1,1,2,2,3,4,4,5,4,5,6,7,8,10,11,14,14,14,12,13,10,9,7,6,6,4,4,4,3,4,4,5,5,5,5,4,4,4,6,7,9,14,19,23,25,26,25,22,17,13,10,7,5,2,1,1,0,0,0,0,0,0,0,1,1,1,2,4,7,10,12,15,16,17,16,15,13,10,7,5,3,1,1,1,0,0,0,0,0,0,0,0,0,0,0,0,0,0,0,0,0,0,0,0,0,0,0,0,0,0,0,0,0,0,0,0,0,0,0,0,0,0,0,0,0,0,0,0,0,0,0,0,0,0,0,0,0,0,0,0,0,0,0,0,0,0,0,0,0,0,0,0,0,0,0,0,0,0,0,0,0,0,0,0,0,0,0,0,0,0,0,0,0,0,0,0,0,0,0,0,0,0,0,0,0,0,0,0,0,0,0,0,0,0,0,0,0,0,0,0,1,1,2,2,3,4,4,5,4,5,6,7,8,10,11,14,14,14,12,13,10,9,7,6,6,4,4,4,3,4,4,5,5,5,5,4,4,4,6,7,9,14,19,23,25,26,25,22,17,13,10,7,5,2,1,1,0,0,0,0,0,0,0,1,1,1,2,4,7,10,12,15,16,17,16,15,13,10,7,5,3,1,1,1,0,0,0,0,0,0,0,0,0,0,0,0,0,0,0,0,0,0,0,0,0,0,0,0,0,0,0,0,0,0,0,0,0,0,0,0,0,0,0,0,0,0,0,0,0,0,0,0,0,0
0,0,0,0,0,0,0,0,0,0,0,0,0,0,0,0,0,0,0,0,0,0,0,0,0,0,0,0,0,0,0,0,0,0,0,0,0,0,0,0,0,0,0,0,0,0,0,0,0,0,0,0,0,0,0,0,0,0,0,0,0,0,0,0,0,0,1,1,2,2,3,4,4,5,4,5,6,7,8,10,12,14,14,14,12,12,10,9,7,5,5,4,4,4,3,3,4,5,5,5,5,4,4,4,5,7,8,13,18,23,25,26,25,23,18,14,11,8,5,2,1,1,0,0,0,0,0,0,0,1,1,1,2,4,6,9,11,14,16,17,17,16,14,11,8,6,3,2,1,1,0,0,0,0,0,0,0,0,0,0,0,0,0,0,0,0,0,0,0,0,0,0,0,0,0,0,0,0,0,0,0,0,0,0,0,0,0,0,0,0,0,0,0,0,0,0,0,0,0,0,0,0,0,0,0,0,0,0,0,0,0,0,0,0,0,0,0,0,0,0,0,0,0,0,0,0,0,0,0,0,0,0,0,0,0,0,0,0,0,0,0,0,0,0,0,0,0,0,0,0,0,0,0,0,0,0,0,0,0,0,0,0,0,0,0,0,1,1,2,2,3,4,4,5,4,5,6,7,8,10,12,14,14,14,12,12,10,9,6,5,5,4,4,4,3,3,4,5,5,5,5,4,4,4,5,7,8,13,18,23,25,26,25,23,18,14,11,8,5,2,1,1,0,0,0,0,0,0,0,1,1,1,2,4,6,9,12,14,16,17,17,16,14,11,8,6,3,2,1,1,0,0,0,0,0,0,0,0,0,0,0,0,0,0,0,0,0,0,0,0,0,0,0,0,0,0,0,0,0,0,0,0,0,0,0,0,0,0,0,0,0,0,0,0,0,0,0,0,0,0
0,0,0,0,0,0,0,0,0,0,0,0,0,0,0,0,0,0,0,0,0,0,0,0,0,0,0,0,0,0,0,0,0,0,0,0,0,0,0,0,0,0,0,0,0,0,0,0,0,0,0,0,0,0,0,0,0,0,0,0,0,0,0,0,0,0,1,1,2,2,3,4,4,5,4,5,6,7,8,10,12,14,14,14,12,12,10,8,6,5,5,4,4,3,3,3,4,5,5,5,5,4,4,4,5,6,8,12,18,22,25,26,25,23,19,15,12,8,5,2,1,1,0,0,0,0,0,0,0,0,1,1,2,3,5,8,11,13,15,17,17,16,15,12,10,7,4,2,1,1,0,0,0,0,0,0,0,0,0,0,0,0,0,0,0,0,0,0,0,0,0,0,0,0,0,0,0,0,0,0,0,0,0,0,0,0,0,0,0,0,0,0,0,0,0,0,0,0,0,0,0,0,0,0,0,0,0,0,0,0,0,0,0,0,0,0,0,0,0,0,0,0,0,0,0,0,0,0,0,0,0,0,0,0,0,0,0,0,0,0,0,0,0,0,0,0,0,0,0,0,0,0,0,0,0,0,0,0,0,0,0,0,0,0,0,0,1,1,2,2,3,4,4,5,4,5,6,7,8,10,12,14,14,14,12,12,10,8,6,5,5,4,4,3,3,3,4,5,5,6,5,4,4,4,5,6,8,13,18,22,25,26,26,23,19,15,12,8,5,2,1,1,0,0,0,0,0,0,0,0,1,1,2,3,5,8,11,13,15,17,17,16,15,12,10,7,4,2,1,1,0,0,0,0,0,0,0,0,0,0,0,0,0,0,0,0,0,0,0,0,0,0,0,0,0,0,0,0,0,0,0,0,0,0,0,0,0,0,0,0,0,0,0,0,0,0,0,0,0,0
0,0,0,0,0,0,0,0,0,0,0,0,0,0,0,0,0,0,0,0,0,0,0,0,0,0,0,0,0,0,0,0,0,0,0,0,0,0,0,0,0,0,0,0,0,0,0,0,0,0,0,0,0,0,0,0,0,0,0,0,0,0,0,0,0,0,1,1,2,3,3,4,4,5,5,5,6,7,8,10,13,14,14,14,12,11,10,8,6,5,5,4,4,3,3,3,3,4,5,6,5,5,4,4,5,6,7,12,17,21,24,26,26,24,20,16,13,9,5,3,1,1,1,0,0,0,0,0,0,0,1,1,1,2,4,7,10,12,15,16,17,17,15,13,11,8,5,3,1,1,1,0,0,0,0,0,0,0,0,0,0,0,0,0,0,0,0,0,0,0,0,0,0,0,0,0,0,0,0,0,0,0,0,0,0,0,0,0,0,0,0,0,0,0,0,0,0,0,0,0,0,0,0,0,0,0,0,0,0,0,0,0,0,0,0,0,0,0,0,0,0,0,0,0,0,0,0,0,0,0,0,0,0,0,0,0,0,0,0,0,0,0,0,0,0,0,0,0,0,0,0,0,0,0,0,0,0,0,0,0,0,0,0,0,0,0,1,1,2,3,3,4,4,5,5,5,6,7,8,10,13,14,14,14,12,11,10,8,6,5,5,4,4,3,3,3,3,4,5,6,5,5,4,4,5,6,7,12,17,21,24,26,26,24,20,16,13,9,5,3,1,1,1,0,0,0,0,0,0,0,1,1,1,2,4,7,10,12,15,16,17,17,15,13,11,8,5,3,1,1,1,0,0,0,0,0,0,0,0,0,0,0,0,0,0,0,0,0,0,0,0,0,0,0,0,0,0,0,0,0,0,0,0,0,0,0,0,0,0,0,0,0,0,0,0,0,0,0,0,0
0,0,0,0,0,0,0,0,0,0,0,0,0,0,0,0,0,0,0,0,0,0,0,0,0,0,0,0,0,0,0,0,0,0,0,0,0,0,0,0,0,0,0,0,0,0,0,0,0,0,0,0,0,0,0,0,0,0,0,0,0,0,0,0,0,0,1,1,2,3,3,4,4,5,5,5,6,7,9,10,13,14,14,14,12,11,10,8,6,5,5,4,4,3,3,3,3,4,5,6,5,5,4,4,4,5,7,11,16,21,24,26,26,24,21,17,14,10,6,3,2,1,1,0,0,0,0,0,0,0,1,1,1,2,4,6,9,11,14,16,17,17,16,14,12,9,6,4,2,1,1,0,0,0,0,0,0,0,0,0,0,0,0,0,0,0,0,0,0,0,0,0,0,0,0,0,0,0,0,0,0,0,0,0,0,0,0,0,0,0,0,0,0,0,0,0,0,0,0,0,0,0,0,0,0,0,0,0,0,0,0,0,0,0,0,0,0,0,0,0,0,0,0,0,0,0,0,0,0,0,0,0,0,0,0,0,0,0,0,0,0,0,0,0,0,0,0,0,0,0,0,0,0,0,0,0,0,0,0,0,0,0,0,0,0,0,1,1,2,3,3,4,4,5,5,5,6,7,9,10,13,14,14,14,12,11,10,8,6,5,5,4,4,3,3,3,3,4,5,6,5,5,4,4,4,5,7,11,16,21,24,26,26,24,21,17,14,10,6,3,2,1,1,0,0,0,0,0,0,0,1,1,1,2,4,6,9,11,14,16,17,17,16,14,12,9,6,4,2,1,1,0,0,0,0,0,0,0,0,0,0,0,0,0,0,0,0,0,0,0,0,0,0,0,0,0,0,0,0,0,0,0,0,0,0,0,0,0,0,0,0,0,0,0,0,0,0,0,0,0
0,0,0,0,0,0,0,0,0,0,0,0,0,0,0,0,0,0,0,0,0,0,0,0,0,0,0,0,0,0,0,0,0,0,0,0,0,0,0,0,0,0,0,0,0,0,0,0,0,0,0,0,0,0,0,0,0,0,0,0,0,0,0,0,0,0,1,1,2,3,3,4,4,5,5,5,6,7,9,11,13,14,14,14,12,11,10,8,6,5,5,4,4,3,3,3,3,4,5,6,5,5,4,4,4,5,7,11,15,20,23,26,26,24,22,18,15,11,7,4,2,1,1,0,0,0,0,0,0,0,0,1,1,2,3,5,8,10,13,15,17,17,17,15,13,10,7,4,2,1,1,1,0,0,0,0,0,0,0,0,0,0,0,0,0,0,0,0,0,0,0,0,0,0,0,0,0,0,0,0,0,0,0,0,0,0,0,0,0,0,0,0,0,0,0,0,0,0,0,0,0,0,0,0,0,0,0,0,0,0,0,0,0,0,0,0,0,0,0,0,0,0,0,0,0,0,0,0,0,0,0,0,0,0,0,0,0,0,0,0,0,0,0,0,0,0,0,0,0,0,0,0,0,0,0,0,0,0,0,0,0,0,0,0,0,0,1,1,2,3,3,4,4,5,5,5,6,7,9,11,13,14,14,14,12,10,10,8,6,5,5,4,4,3,3,3,3,4,5,6,5,5,4,4,4,5,7,11,15,20,23,26,26,24,22,18,15,11,7,4,2,1,1,0,0,0,0,0,0,0,0,1,1,2,3,5,8,10,13,15,17,17,17,15,13,10,7,4,2,1,1,1,0,0,0,0,0,0,0,0,0,0,0,0,0,0,0,0,0,0,0,0,0,0,0,0,0,0,0,0,0,0,0,0,0,0,0,0,0,0,0,0,0,0,0,0,0,0,0,0
0,0,0,0,0,0,0,0,0,0,0,0,0,0,0,0,0,0,0,0,0,0,0,0,0,0,0,0,0,0,0,0,0,0,0,0,0,0,0,0,0,0,0,0,0,0,0,0,0,0,0,0,0,0,0,0,0,0,0,0,0,0,0,0,0,1,1,1,2,3,3,4,4,5,5,5,6,8,9,11,14,13,14,14,12,10,10,8,6,5,5,4,4,3,3,2,3,4,5,6,5,5,3,4,4,5,7,10,15,19,22,25,25,24,22,19,16,11,8,5,3,1,1,0,0,0,0,0,0,0,0,1,1,1,2,4,7,9,12,15,17,17,17,16,14,11,8,5,3,2,1,1,0,0,0,0,0,0,0,0,0,0,0,0,0,0,0,0,0,0,0,0,0,0,0,0,0,0,0,0,0,0,0,0,0,0,0,0,0,0,0,0,0,0,0,0,0,0,0,0,0,0,0,0,0,0,0,0,0,0,0,0,0,0,0,0,0,0,0,0,0,0,0,0,0,0,0,0,0,0,0,0,0,0,0,0,0,0,0,0,0,0,0,0,0,0,0,0,0,0,0,0,0,0,0,0,0,0,0,0,0,0,0,0,0,1,1,1,2,3,3,4,4,5,5,5,6,8,9,11,14,13,14,14,11,10,10,8,6,5,4,4,4,3,3,2,3,4,5,6,5,5,3,4,4,5,7,10,15,19,22,25,26,24,22,19,16,11,8,5,3,1,1,0,0,0,0,0,0,0,0,1,1,1,2,4,7,9,12,15,17,17,17,16,14,11,8,5,3,2,1,1,0,0,0,0,0,0,0,0,0,0,0,0,0,0,0,0,0,0,0,0,0,0,0,0,0,0,0,0,0,0,0,0,0,0,0,0,0,0,0,0,0,0,0,0,0,0,0,0
0,0,0,0,0,0,0,0,0,0,0,0,0,0,0,0,0,0,0,0,0,0,0,0,0,0,0,0,0,0,0,0,0,0,0,0,0,0,0,0,0,0,0,0,0,0,0,0,0,0,0,0,0,0,0,0,0,0,0,0,0,0,0,0,0,1,1,1,2,3,3,4,5,5,5,5,6,8,9,11,14,13,14,14,11,10,10,8,6,5,4,4,4,3,3,2,3,4,5,5,5,5,4,4,4,5,7,10,14,18,21,24,25,24,23,20,17,12,8,6,3,2,1,1,0,0,0,0,0,0,0,0,1,1,2,4,6,8,11,14,16,17,17,17,15,13,10,7,4,2,1,1,0,0,0,0,0,0,0,0,0,0,0,0,0,0,0,0,0,0,0,0,0,0,0,0,0,0,0,0,0,0,0,0,0,0,0,0,0,0,0,0,0,0,0,0,0,0,0,0,0,0,0,0,0,0,0,0,0,0,0,0,0,0,0,0,0,0,0,0,0,0,0,0,0,0,0,0,0,0,0,0,0,0,0,0,0,0,0,0,0,0,0,0,0,0,0,0,0,0,0,0,0,0,0,0,0,0,0,0,0,0,0,0,0,1,1,1,2,3,3,4,5,5,5,5,6,8,9,11,14,13,14,14,11,10,10,8,6,5,4,4,4,3,3,2,3,4,5,5,5,5,4,4,4,5,7,10,14,18,21,24,25,24,23,20,17,12,8,6,3,2,1,1,0,0,0,0,0,0,0,0,1,1,2,4,6,8,11,14,16,17,17,17,15,13,10,7,4,2,1,1,0,0,0,0,0,0,0,0,0,0,0,0,0,0,0,0,0,0,0,0,0,0,0,0,0,0,0,0,0,0,0,0,0,0,0,0,0,0,0,0,0,0,0,0,0,0,0,0
0,0,0,0,0,0,0,0,0,0,0,0,0,0,0,0,0,0,0,0,0,0,0,0,0,0,0,0,0,0,0,0,0,0,0,0,0,0,0,0,0,0,0,0,0,0,0,0,0,0,0,0,0,0,0,0,0,0,0,0,0,0,0,0,0,1,1,2,2,3,3,4,5,5,5,5,6,8,9,12,14,13,14,14,11,9,10,7,6,5,4,4,3,3,3,2,3,4,5,5,5,5,4,4,4,5,7,9,13,17,20,23,25,24,23,21,17,13,10,7,4,2,1,1,0,0,0,0,0,0,0,0,1,1,2,3,5,7,10,13,15,17,18,17,16,14,11,8,5,3,1,1,1,0,0,0,0,0,0,0,0,0,0,0,0,0,0,0,0,0,0,0,0,0,0,0,0,0,0,0,0,0,0,0,0,0,0,0,0,0,0,0,0,0,0,0,0,0,0,0,0,0,0,0,0,0,0,0,0,0,0,0,0,0,0,0,0,0,0,0,0,0,0,0,0,0,0,0,0,0,0,0,0,0,0,0,0,0,0,0,0,0,0,0,0,0,0,0,0,0,0,0,0,0,0,0,0,0,0,0,0,0,0,0,0,1,1,2,2,3,3,4,5,5,5,5,6,8,9,12,14,13,14,14,11,9,10,7,6,5,4,4,3,3,3,2,3,4,5,5,5,5,4,4,4,5,7,9,13,17,20,23,25,24,23,21,17,13,10,7,4,2,1,1,0,0,0,0,0,0,0,0,1,1,2,3,5,7,10,13,15,17,18,17,16,14,11,8,5,3,1,1,1,0,0,0,0,0,0,0,0,0,0,0,0,0,0,0,0,0,0,0,0,0,0,0,0,0,0,0,0,0,0,0,0,0,0,0,0,0,0,0,0,0,0,0,0,0,0,0
0,0,0,0,0,0,0,0,0,0,0,0,0,0,0,0,0,0,0,0,0,0,0,0,0,0,0,0,0,0,0,0,0,0,0,0,0,0,0,0,0,0,0,0,0,0,0,0,0,0,0,0,0,0,0,0,0,0,0,0,0,0,0,0,0,1,1,2,2,3,3,4,5,5,5,5,6,8,10,12,13,13,14,13,11,9,10,7,6,5,4,4,3,3,2,2,3,4,5,5,5,5,4,4,4,5,7,9,13,15,19,22,24,24,23,21,18,15,11,8,5,3,1,1,1,0,0,0,0,0,0,0,1,1,1,2,4,6,9,12,15,17,18,18,17,15,12,9,6,4,2,1,1,0,0,0,0,0,0,0,0,0,0,0,0,0,0,0,0,0,0,0,0,0,0,0,0,0,0,0,0,0,0,0,0,0,0,0,0,0,0,0,0,0,0,0,0,0,0,0,0,0,0,0,0,0,0,0,0,0,0,0,0,0,0,0,0,0,0,0,0,0,0,0,0,0,0,0,0,0,0,0,0,0,0,0,0,0,0,0,0,0,0,0,0,0,0,0,0,0,0,0,0,0,0,0,0,0,0,0,0,0,0,0,0,1,1,2,2,3,3,4,5,5,5,5,6,8,10,12,13,13,14,13,11,9,10,7,6,5,4,4,3,3,2,2,3,4,5,5,5,5,4,4,4,5,7,9,13,16,19,22,24,24,23,21,18,14,11,8,5,3,1,1,1,0,0,0,0,0,0,0,1,1,1,2,4,6,9,12,15,17,18,18,17,15,12,9,6,4,2,1,1,0,0,0,0,0,0,0,0,0,0,0,0,0,0,0,0,0,0,0,0,0,0,0,0,0,0,0,0,0,0,0,0,0,0,0,0,0,0,0,0,0,0,0,0,0,0,0
0,0,0,0,0,0,0,0,0,0,0,0,0,0,0,0,0,0,0,0,0,0,0,0,0,0,0,0,0,0,0,0,0,0,0,0,0,0,0,0,0,0,0,0,0,0,0,0,0,0,0,0,0,0,0,0,0,0,0,0,0,0,0,0,0,1,1,2,2,3,3,4,5,5,5,6,6,8,10,12,13,13,14,13,11,9,9,7,6,5,4,4,3,3,2,2,3,3,5,5,5,5,4,4,4,5,7,9,12,15,18,20,23,24,24,21,19,15,12,9,6,4,2,1,1,0,0,0,0,0,0,0,0,1,1,2,3,5,8,11,14,16,18,18,17,16,13,10,7,4,3,1,1,1,0,0,0,0,0,0,0,0,0,0,0,0,0,0,0,0,0,0,0,0,0,0,0,0,0,0,0,0,0,0,0,0,0,0,0,0,0,0,0,0,0,0,0,0,0,0,0,0,0,0,0,0,0,0,0,0,0,0,0,0,0,0,0,0,0,0,0,0,0,0,0,0,0,0,0,0,0,0,0,0,0,0,0,0,0,0,0,0,0,0,0,0,0,0,0,0,0,0,0,0,0,0,0,0,0,0,0,0,0,0,0,1,1,2,2,3,3,4,5,5,5,6,6,8,10,12,13,13,14,13,11,9,9,7,6,5,4,4,3,3,2,2,3,3,5,5,5,5,4,4,4,5,7,9,12,15,18,21,23,24,24,21,19,15,12,9,6,4,2,1,1,0,0,0,0,0,0,0,0,1,1,2,3,5,8,11,14,16,18,18,17,16,13,10,7,4,3,1,1,1,0,0,0,0,0,0,0,0,0,0,0,0,0,0,0,0,0,0,0,0,0,0,0,0,0,0,0,0,0,0,0,0,0,0,0,0,0,0,0,0,0,0,0,0,0,0
0,0,0,0,0,0,0,0,0,0,0,0,0,0,0,0,0,0,0,0,0,0,0,0,0,0,0,0,0,0,0,0,0,0,0,0,0,0,0,0,0,0,0,0,0,0,0,0,0,0,0,0,0,0,0,0,0,0,0,0,0,0,0,0,0,1,1,2,2,3,3,4,5,5,5,6,7,8,10,12,13,13,14,13,11,9,9,7,6,6,4,4,3,3,2,2,3,3,5,5,5,5,4,4,4,5,7,9,12,14,17,19,22,23,24,22,19,16,13,10,7,5,3,1,1,1,0,0,0,0,0,0,0,1,1,1,3,4,7,9,12,15,17,18,18,17,15,12,8,6,3,2,1,1,0,0,0,0,0,0,0,0,0,0,0,0,0,0,0,0,0,0,0,0,0,0,0,0,0,0,0,0,0,0,0,0,0,0,0,0,0,0,0,0,0,0,0,0,0,0,0,0,0,0,0,0,0,0,0,0,0,0,0,0,0,0,0,0,0,0,0,0,0,0,0,0,0,0,0,0,0,0,0,0,0,0,0,0,0,0,0,0,0,0,0,0,0,0,0,0,0,0,0,0,0,0,0,0,0,0,0,0,0,0,0,1,1,2,2,3,3,4,5,5,5,6,7,8,10,12,13,13,14,13,11,9,9,7,5,6,4,4,3,3,2,2,3,3,5,5,5,5,4,4,4,5,7,9,12,14,17,19,22,23,24,22,19,16,13,10,7,5,3,1,1,1,0,0,0,0,0,0,0,1,1,1,3,4,7,9,12,15,17,18,18,17,15,12,8,6,3,2,1,1,0,0,0,0,0,0,0,0,0,0,0,0,0,0,0,0,0,0,0,0,0,0,0,0,0,0,0,0,0,0,0,0,0,0,0,0,0,0,0,0,0,0,0,0,0,0
0,0,0,0,0,0,0,0,0,0,0,0,0,0,0,0,0,0,0,0,0,0,0,0,0,0,0,0,0,0,0,0,0,0,0,0,0,0,0,0,0,0,0,0,0,0,0,0,0,0,0,0,0,0,0,0,0,0,0,0,0,0,0,0,0,1,1,2,2,3,3,4,5,5,5,6,7,8,10,12,13,13,14,13,11,9,9,7,5,6,4,4,3,3,2,2,3,3,5,5,6,5,5,4,4,5,7,9,11,13,16,18,20,22,23,22,20,17,15,12,8,6,3,2,1,1,0,0,0,0,0,0,0,1,1,1,2,4,6,8,11,14,17,18,18,17,16,13,10,7,4,2,1,1,0,0,0,0,0,0,0,0,0,0,0,0,0,0,0,0,0,0,0,0,0,0,0,0,0,0,0,0,0,0,0,0,0,0,0,0,0,0,0,0,0,0,0,0,0,0,0,0,0,0,0,0,0,0,0,0,0,0,0,0,0,0,0,0,0,0,0,0,0,0,0,0,0,0,0,0,0,0,0,0,0,0,0,0,0,0,0,0,0,0,0,0,0,0,0,0,0,0,0,0,0,0,0,0,0,0,0,0,0,0,0,1,1,2,2,3,3,4,5,5,5,6,7,8,10,12,13,13,14,13,11,9,9,7,5,6,4,4,3,3,2,2,3,3,5,5,6,5,5,4,4,5,7,9,11,13,16,18,20,22,23,22,20,17,15,12,8,6,3,2,1,1,0,0,0,0,0,0,0,1,1,1,2,4,6,8,11,14,17,18,18,17,16,13,10,7,4,2,1,1,0,0,0,0,0,0,0,0,0,0,0,0,0,0,0,0,0,0,0,0,0,0,0,0,0,0,0,0,0,0,0,0,0,0,0,0,0,0,0,0,0,0,0,0,0,0
0,0,0,0,0,0,0,0,0,0,0,0,0,0,0,0,0,0,0,0,0,0,0,0,0,0,0,0,0,0,0,0,0,0,0,0,0,0,0,0,0,0,0,0,0,0,0,0,0,0,0,0,0,0,0,0,0,0,0,0,0,0,0,0,0,1,1,2,2,3,4,4,5,5,5,6,7,8,11,12,12,13,13,12,11,9,9,7,5,6,4,4,3,2,2,2,2,3,4,5,6,5,5,4,4,6,7,9,11,12,15,16,19,21,23,22,20,18,16,13,10,7,4,2,1,1,1,0,0,0,0,0,0,0,1,1,2,3,5,7,10,13,16,18,18,18,17,14,11,8,5,3,2,1,1,0,0,0,0,0,0,0,0,0,0,0,0,0,0,0,0,0,0,0,0,0,0,0,0,0,0,0,0,0,0,0,0,0,0,0,0,0,0,0,0,0,0,0,0,0,0,0,0,0,0,0,0,0,0,0,0,0,0,0,0,0,0,0,0,0,0,0,0,0,0,0,0,0,0,0,0,0,0,0,0,0,0,0,0,0,0,0,0,0,0,0,0,0,0,0,0,0,0,0,0,0,0,0,0,0,0,0,0,0,0,1,1,2,2,3,4,4,5,5,5,6,7,8,11,12,12,13,13,12,10,9,9,7,5,6,4,4,3,2,2,2,2,3,4,5,6,5,5,4,4,6,7,9,11,12,15,16,19,21,23,22,20,18,16,13,10,7,4,2,1,1,1,0,0,0,0,0,0,0,1,1,2,3,5,7,10,13,16,18,18,18,17,14,11,8,5,3,2,1,1,0,0,0,0,0,0,0,0,0,0,0,0,0,0,0,0,0,0,0,0,0,0,0,0,0,0,0,0,0,0,0,0,0,0,0,0,0,0,0,0,0,0,0,0,0
0,0,0,0,0,0,0,0,0,0,0,0,0,0,0,0,0,0,0,0,0,0,0,0,0,0,0,0,0,0,0,0,0,0,0,0,0,0,0,0,0,0,0,0,0,0,0,0,0,0,0,0,0,0,0,0,0,0,0,0,0,0,0,0,0,1,1,2,3,3,4,4,5,5,5,6,7,9,11,12,12,13,13,12,10,9,8,7,5,6,4,4,3,2,1,2,2,3,4,5,6,6,5,4,4,6,8,9,10,12,14,15,17,20,22,22,20,19,17,14,11,8,5,3,2,1,1,0,0,0,0,0,0,0,1,1,1,2,4,6,9,12,15,17,18,18,17,15,12,9,6,4,2,1,1,0,0,0,0,0,0,0,0,0,0,0,0,0,0,0,0,0,0,0,0,0,0,0,0,0,0,0,0,0,0,0,0,0,0,0,0,0,0,0,0,0,0,0,0,0,0,0,0,0,0,0,0,0,0,0,0,0,0,0,0,0,0,0,0,0,0,0,0,0,0,0,0,0,0,0,0,0,0,0,0,0,0,0,0,0,0,0,0,0,0,0,0,0,0,0,0,0,0,0,0,0,0,0,0,0,0,0,0,0,0,1,1,2,3,3,4,4,5,5,5,6,7,9,11,12,12,13,13,12,10,9,8,7,5,6,4,4,3,2,1,2,2,3,4,5,6,6,5,4,4,6,8,9,10,12,14,15,17,20,22,22,20,19,17,14,11,8,5,3,2,1,1,0,0,0,0,0,0,0,1,1,1,2,4,6,9,12,15,17,18,18,17,15,12,9,6,4,2,1,1,0,0,0,0,0,0,0,0,0,0,0,0,0,0,0,0,0,0,0,0,0,0,0,0,0,0,0,0,0,0,0,0,0,0,0,0,0,0,0,0,0,0,0,0,0
0,0,0,0,0,0,0,0,0,0,0,0,0,0,0,0,0,0,0,0,0,0,0,0,0,0,0,0,0,0,0,0,0,0,0,0,0,0,0,0,0,0,0,0,0,0,0,0,0,0,0,0,0,0,0,0,0,0,0,0,0,0,0,0,0,1,1,2,3,3,4,4,5,5,6,6,8,9,11,12,12,13,13,12,10,9,8,7,5,6,4,4,3,2,1,2,2,3,4,5,6,6,5,4,5,6,8,9,10,11,13,14,15,19,21,21,20,19,18,16,13,10,6,4,2,1,1,0,0,0,0,0,0,0,1,1,1,2,3,5,8,11,14,17,18,19,18,16,14,11,8,5,3,1,1,1,0,0,0,0,0,0,0,0,0,0,0,0,0,0,0,0,0,0,0,0,0,0,0,0,0,0,0,0,0,0,0,0,0,0,0,0,0,0,0,0,0,0,0,0,0,0,0,0,0,0,0,0,0,0,0,0,0,0,0,0,0,0,0,0,0,0,0,0,0,0,0,0,0,0,0,0,0,0,0,0,0,0,0,0,0,0,0,0,0,0,0,0,0,0,0,0,0,0,0,0,0,0,0,0,0,0,0,0,0,1,1,2,3,3,4,4,5,5,6,6,8,9,11,12,12,13,13,12,10,9,8,7,5,6,4,4,3,2,1,2,2,3,4,5,6,6,5,4,5,6,8,9,10,11,13,14,15,19,21,21,20,19,18,16,13,10,6,4,2,1,1,0,0,0,0,0,0,0,1,1,1,2,3,5,8,11,14,17,18,19,18,16,14,11,8,5,3,1,1,1,0,0,0,0,0,0,0,0,0,0,0,0,0,0,0,0,0,0,0,0,0,0,0,0,0,0,0,0,0,0,0,0,0,0,0,0,0,0,0,0,0,0,0,0
0,0,0,0,0,0,0,0,0,0,0,0,0,0,0,0,0,0,0,0,0,0,0,0,0,0,0,0,0,0,0,0,0,0,0,0,0,0,0,0,0,0,0,0,0,0,0,0,0,0,0,0,0,0,0,0,0,0,0,0,0,0,0,0,0,1,1,2,3,3,4,4,5,5,6,6,8,9,11,12,12,13,12,11,10,9,8,7,5,6,4,4,3,2,1,2,2,3,4,5,6,6,6,4,5,7,8,9,10,11,12,13,14,17,19,21,20,19,18,17,14,11,8,5,3,2,1,1,0,0,0,0,0,0,0,1,1,1,2,4,7,10,13,16,18,19,19,17,15,12,9,6,4,2,1,1,0,0,0,0,0,0,0,0,0,0,0,0,0,0,0,0,0,0,0,0,0,0,0,0,0,0,0,0,0,0,0,0,0,0,0,0,0,0,0,0,0,0,0,0,0,0,0,0,0,0,0,0,0,0,0,0,0,0,0,0,0,0,0,0,0,0,0,0,0,0,0,0,0,0,0,0,0,0,0,0,0,0,0,0,0,0,0,0,0,0,0,0,0,0,0,0,0,0,0,0,0,0,0,0,0,0,0,0,0,1,1,2,3,3,4,4,5,5,6,6,8,9,11,12,12,13,12,11,10,9,8,7,5,6,4,4,3,2,1,2,2,3,4,5,6,6,6,4,5,7,8,9,10,11,12,13,14,17,20,21,20,19,18,17,14,11,8,5,3,2,1,1,0,0,0,0,0,0,0,1,1,1,2,4,7,10,13,16,18,19,19,17,15,12,9,6,4,2,1,1,0,0,0,0,0,0,0,0,0,0,0,0,0,0,0,0,0,0,0,0,0,0,0,0,0,0,0,0,0,0,0,0,0,0,0,0,0,0,0,0,0,0,0,0
0,0,0,0,0,0,0,0,0,0,0,0,0,0,0,0,0,0,0,0,0,0,0,0,0,0,0,0,0,0,0,0,0,0,0,0,0,0,0,0,0,0,0,0,0,0,0,0,0,0,0,0,0,0,0,0,0,0,0,0,0,0,0,0,0,1,1,2,3,3,4,4,5,5,6,7,8,9,11,11,12,13,12,11,10,9,8,7,5,5,4,4,3,2,1,2,2,3,4,5,6,6,6,5,5,7,9,9,9,10,11,11,13,16,18,20,20,20,19,18,16,13,9,6,4,2,1,1,0,0,0,0,0,0,0,1,1,1,2,3,6,8,12,15,17,19,19,18,16,14,11,8,5,3,1,1,1,0,0,0,0,0,0,0,0,0,0,0,0,0,0,0,0,0,0,0,0,0,0,0,0,0,0,0,0,0,0,0,0,0,0,0,0,0,0,0,0,0,0,0,0,0,0,0,0,0,0,0,0,0,0,0,0,0,0,0,0,0,0,0,0,0,0,0,0,0,0,0,0,0,0,0,0,0,0,0,0,0,0,0,0,0,0,0,0,0,0,0,0,0,0,0,0,0,0,0,0,0,0,0,0,0,0,0,0,1,1,2,3,3,4,4,5,5,6,7,8,9,11,11,12,13,12,11,10,9,8,7,5,5,4,4,3,2,1,2,2,3,4,5,6,6,6,5,5,7,9,9,9,10,11,12,13,16,18,20,20,20,19,18,16,13,9,6,4,2,1,1,0,0,0,0,0,0,0,1,1,1,2,3,6,8,12,15,17,19,19,18,16,14,11,8,5,3,1,1,1,0,0,0,0,0,0,0,0,0,0,0,0,0,0,0,0,0,0,0,0,0,0,0,0,0,0,0,0,0,0,0,0,0,0,0,0,0,0,0,0,0,0,0
0,0,0,0,0,0,0,0,0,0,0,0,0,0,0,0,0,0,0,0,0,0,0,0,0,0,0,0,0,0,0,0,0,0,0,0,0,0,0,0,0,0,0,0,0,0,0,0,0,0,0,0,0,0,0,0,0,0,0,0,0,0,0,0,0,1,1,2,3,3,4,4,5,6,6,7,8,9,11,11,12,13,11,11,10,9,8,7,5,5,4,4,3,2,1,1,2,3,4,5,6,6,6,5,6,7,9,9,9,10,10,11,11,14,16,18,19,20,19,19,17,14,11,7,5,3,1,1,1,0,0,0,0,0,0,0,1,1,1,3,5,7,10,14,16,18,19,19,17,15,12,9,6,4,2,1,1,0,0,0,0,0,0,0,0,0,0,0,0,0,0,0,0,0,0,0,0,0,0,0,0,0,0,0,0,0,0,0,0,0,0,0,0,0,0,0,0,0,0,0,0,0,0,0,0,0,0,0,0,0,0,0,0,0,0,0,0,0,0,0,0,0,0,0,0,0,0,0,0,0,0,0,0,0,0,0,0,0,0,0,0,0,0,0,0,0,0,0,0,0,0,0,0,0,0,0,0,0,0,0,0,0,0,0,0,1,1,2,3,3,4,4,5,6,6,7,8,9,11,11,12,13,11,11,10,9,8,7,5,5,4,4,3,2,1,1,2,3,4,5,6,6,6,5,6,7,9,9,9,10,10,11,11,14,16,18,19,20,19,19,17,14,11,7,5,3,1,1,1,0,0,0,0,0,0,0,1,1,1,3,5,7,11,14,16,18,19,19,17,15,12,9,6,4,2,1,1,0,0,0,0,0,0,0,0,0,0,0,0,0,0,0,0,0,0,0,0,0,0,0,0,0,0,0,0,0,0,0,0,0,0,0,0,0,0,0,0,0,0,0
0,0,0,0,0,0,0,0,0,0,0,0,0,0,0,0,0,0,0,0,0,0,0,0,0,0,0,0,0,0,0,0,0,0,0,0,0,0,0,0,0,0,0,0,0,0,0,0,0,0,0,0,0,0,0,0,0,0,0,0,0,0,0,0,0,1,2,2,3,3,4,5,5,6,6,7,8,10,11,11,12,12,11,10,10,9,8,7,6,5,4,4,3,2,1,1,2,3,4,5,6,6,6,5,6,8,10,9,9,10,9,10,10,13,15,17,18,20,20,19,18,16,12,9,6,4,2,1,1,0,0,0,0,0,0,0,1,1,1,2,4,6,9,12,15,18,19,19,18,16,14,11,7,5,3,1,1,1,0,0,0,0,0,0,0,0,0,0,0,0,0,0,0,0,0,0,0,0,0,0,0,0,0,0,0,0,0,0,0,0,0,0,0,0,0,0,0,0,0,0,0,0,0,0,0,0,0,0,0,0,0,0,0,0,0,0,0,0,0,0,0,0,0,0,0,0,0,0,0,0,0,0,0,0,0,0,0,0,0,0,0,0,0,0,0,0,0,0,0,0,0,0,0,0,0,0,0,0,0,0,0,0,0,0,0,1,2,2,3,3,4,5,5,6,6,7,8,10,11,11,12,12,11,10,10,9,8,7,6,5,4,4,3,2,1,1,2,3,4,5,6,6,6,5,6,8,10,9,9,10,9,10,10,13,15,17,18,19,20,19,18,16,12,9,6,4,2,1,1,0,0,0,0,0,0,0,1,1,1,2,4,6,9,12,15,18,19,19,18,16,14,11,7,5,3,1,1,1,0,0,0,0,0,0,0,0,0,0,0,0,0,0,0,0,0,0,0,0,0,0,0,0,0,0,0,0,0,0,0,0,0,0,0,0,0,0,0,0,0,0
0,0,0,0,0,0,0,0,0,0,0,0,0,0,0,0,0,0,0,0,0,0,0,0,0,0,0,0,0,0,0,0,0,0,0,0,0,0,0,0,0,0,0,0,0,0,0,0,0,0,0,0,0,0,0,0,0,0,0,0,0,0,0,0,1,1,2,2,3,3,4,5,5,6,7,7,8,10,11,11,12,12,10,10,10,9,8,7,6,5,4,3,3,2,1,1,2,3,3,5,6,6,6,5,7,8,10,9,9,9,9,9,10,11,13,15,17,19,20,20,19,17,14,11,7,5,3,1,1,1,0,0,0,0,0,0,1,1,1,2,3,5,8,11,14,17,19,19,19,17,15,12,9,6,3,2,1,1,0,0,0,0,0,0,0,0,0,0,0,0,0,0,0,0,0,0,0,0,0,0,0,0,0,0,0,0,0,0,0,0,0,0,0,0,0,0,0,0,0,0,0,0,0,0,0,0,0,0,0,0,0,0,0,0,0,0,0,0,0,0,0,0,0,0,0,0,0,0,0,0,0,0,0,0,0,0,0,0,0,0,0,0,0,0,0,0,0,0,0,0,0,0,0,0,0,0,0,0,0,0,0,0,0,0,1,1,2,2,3,3,4,5,5,6,6,7,8,10,11,11,12,12,10,10,10,9,8,7,6,5,4,3,3,2,1,1,2,3,3,5,6,6,6,5,7,8,10,9,9,9,9,9,10,11,13,15,17,19,20,20,19,17,14,11,7,5,3,1,1,1,0,0,0,0,0,0,1,1,1,2,3,5,8,11,14,17,19,19,19,17,15,12,9,6,3,2,1,1,0,0,0,0,0,0,0,0,0,0,0,0,0,0,0,0,0,0,0,0,0,0,0,0,0,0,0,0,0,0,0,0,0,0,0,0,0,0,0,0,0,0
0,0,0,0,0,0,0,0,0,0,0,0,0,0,0,0,0,0,0,0,0,0,0,0,0,0,0,0,0,0,0,0,0,0,0,0,0,0,0,0,0,0,0,0,0,0,0,0,0,0,0,0,0,0,0,0,0,0,0,0,0,0,0,0,1,1,2,2,3,3,4,5,5,6,7,7,8,10,10,11,11,12,10,10,10,9,8,7,6,5,4,3,3,2,1,1,2,3,3,5,6,6,6,6,7,9,10,9,9,9,8,8,9,10,11,14,16,18,20,20,20,18,16,12,9,6,3,2,1,1,0,0,0,0,0,0,0,1,1,1,2,4,7,10,13,16,18,19,19,18,16,14,10,7,4,2,1,1,1,0,0,0,0,0,0,0,0,0,0,0,0,0,0,0,0,0,0,0,0,0,0,0,0,0,0,0,0,0,0,0,0,0,0,0,0,0,0,0,0,0,0,0,0,0,0,0,0,0,0,0,0,0,0,0,0,0,0,0,0,0,0,0,0,0,0,0,0,0,0,0,0,0,0,0,0,0,0,0,0,0,0,0,0,0,0,0,0,0,0,0,0,0,0,0,0,0,0,0,0,0,0,0,0,0,1,1,2,2,3,3,4,5,5,6,7,7,8,10,10,11,11,12,10,10,10,9,8,7,6,5,4,3,3,2,1,1,2,3,3,5,6,6,6,6,7,9,10,9,9,9,8,8,9,10,11,14,16,18,20,20,20,18,16,12,9,6,3,2,1,1,0,0,0,0,0,0,0,1,1,1,2,4,7,10,13,16,18,19,19,18,16,14,10,7,4,2,1,1,1,0,0,0,0,0,0,0,0,0,0,0,0,0,0,0,0,0,0,0,0,0,0,0,0,0,0,0,0,0,0,0,0,0,0,0,0,0,0,0,0,0
0,0,0,0,0,0,0,0,0,0,0,0,0,0,0,0,0,0,0,0,0,0,0,0,0,0,0,0,0,0,0,0,0,0,0,0,0,0,0,0,0,0,0,0,0,0,0,0,0,0,0,0,0,0,0,0,0,0,0,0,0,0,0,0,1,1,2,2,3,3,4,5,5,6,7,7,9,10,10,11,11,11,10,9,10,9,8,7,6,5,4,3,3,2,1,1,2,2,3,5,6,6,6,7,8,9,10,9,9,9,8,7,8,9,10,12,15,17,19,20,20,19,17,14,10,7,4,2,1,1,1,0,0,0,0,0,0,1,1,1,2,3,6,8,12,15,18,19,20,19,18,15,12,9,5,3,2,1,1,0,0,0,0,0,0,0,0,0,0,0,0,0,0,0,0,0,0,0,0,0,0,0,0,0,0,0,0,0,0,0,0,0,0,0,0,0,0,0,0,0,0,0,0,0,0,0,0,0,0,0,0,0,0,0,0,0,0,0,0,0,0,0,0,0,0,0,0,0,0,0,0,0,0,0,0,0,0,0,0,0,0,0,0,0,0,0,0,0,0,0,0,0,0,0,0,0,0,0,0,0,0,0,0,0,1,1,2,2,3,3,4,5,5,6,7,7,9,10,10,11,11,11,10,9,10,9,8,7,6,5,4,3,3,2,1,1,2,2,3,5,6,6,6,7,8,9,10,9,9,9,8,7,8,9,10,12,15,17,19,20,20,19,17,14,10,7,4,2,1,1,1,0,0,0,0,0,0,1,1,1,2,3,6,8,12,15,18,19,20,19,18,15,12,9,5,3,2,1,1,0,0,0,0,0,0,0,0,0,0,0,0,0,0,0,0,0,0,0,0,0,0,0,0,0,0,0,0,0,0,0,0,0,0,0,0,0,0,0,0,0
0,0,0,0,0,0,0,0,0,0,0,0,0,0,0,0,0,0,0,0,0,0,0,0,0,0,0,0,0,0,0,0,0,0,0,0,0,0,0,0,0,0,0,0,0,0,0,0,0,0,0,0,0,0,0,0,0,0,0,0,0,0,0,0,1,1,2,2,3,3,4,5,6,6,7,8,9,10,10,11,11,11,9,9,10,9,8,7,7,5,4,3,3,2,1,1,2,2,3,5,6,6,7,7,8,9,10,10,9,8,7,7,7,7,8,10,13,16,18,20,20,20,18,16,12,9,5,3,2,1,1,0,0,0,0,0,0,0,1,1,1,3,5,7,10,14,17,19,20,20,19,17,13,10,7,4,2,1,1,1,0,0,0,0,0,0,0,0,0,0,0,0,0,0,0,0,0,0,0,0,0,0,0,0,0,0,0,0,0,0,0,0,0,0,0,0,0,0,0,0,0,0,0,0,0,0,0,0,0,0,0,0,0,0,0,0,0,0,0,0,0,0,0,0,0,0,0,0,0,0,0,0,0,0,0,0,0,0,0,0,0,0,0,0,0,0,0,0,0,0,0,0,0,0,0,0,0,0,0,0,0,0,0,0,1,1,2,2,3,3,4,5,6,6,7,8,9,10,10,11,11,11,9,9,10,9,8,7,7,5,4,3,3,2,1,1,2,2,3,5,6,6,7,7,8,9,10,10,9,8,7,7,7,7,8,10,13,16,18,20,20,20,18,16,12,9,5,3,2,1,1,0,0,0,0,0,0,0,1,1,1,3,5,7,10,14,17,19,20,20,19,17,13,10,7,4,2,1,1,1,0,0,0,0,0,0,0,0,0,0,0,0,0,0,0,0,0,0,0,0,0,0,0,0,0,0,0,0,0,0,0,0,0,0,0,0,0,0,0,0
0,0,0,0,0,0,0,0,0,0,0,0,0,0,0,0,0,0,0,0,0,0,0,0,0,0,0,0,0,0,0,0,0,0,0,0,0,0,0,0,0,0,0,0,0,0,0,0,0,0,0,0,0,0,0,0,0,0,0,0,0,0,0,0,1,1,2,2,3,3,4,5,6,6,7,8,9,10,10,11,11,10,9,9,10,9,8,7,7,5,4,3,3,2,1,1,1,2,3,4,6,6,7,8,8,10,10,10,9,8,7,6,7,6,7,9,12,15,17,19,20,20,19,17,14,10,7,4,2,1,1,1,0,0,0,0,0,0,1,1,1,2,4,6,9,12,16,18,20,20,19,18,15,12,8,5,3,2,1,1,0,0,0,0,0,0,0,0,0,0,0,0,0,0,0,0,0,0,0,0,0,0,0,0,0,0,0,0,0,0,0,0,0,0,0,0,0,0,0,0,0,0,0,0,0,0,0,0,0,0,0,0,0,0,0,0,0,0,0,0,0,0,0,0,0,0,0,0,0,0,0,0,0,0,0,0,0,0,0,0,0,0,0,0,0,0,0,0,0,0,0,0,0,0,0,0,0,0,0,0,0,0,0,0,1,1,2,2,3,3,4,5,6,6,7,8,9,10,10,10,11,10,9,9,10,9,8,7,7,4,4,3,3,2,1,1,1,2,3,4,6,6,7,8,8,10,10,10,9,8,7,6,7,6,7,9,12,15,17,19,20,20,19,17,14,10,7,4,2,1,1,1,0,0,0,0,0,0,1,1,1,2,4,6,9,12,16,18,20,20,19,18,15,12,8,5,3,2,1,1,0,0,0,0,0,0,0,0,0,0,0,0,0,0,0,0,0,0,0,0,0,0,0,0,0,0,0,0,0,0,0,0,0,0,0,0,0,0,0,0
0,0,0,0,0,0,0,0,0,0,0,0,0,0,0,0,0,0,0,0,0,0,0,0,0,0,0,0,0,0,0,0,0,0,0,0,0,0,0,0,0,0,0,0,0,0,0,0,0,0,0,0,0,0,0,0,0,0,0,0,0,0,0,0,1,1,2,3,3,3,4,6,6,7,7,8,9,10,10,10,11,10,9,9,9,9,8,7,7,4,4,3,3,2,1,1,1,2,3,4,6,7,7,8,9,10,10,10,9,8,7,6,6,6,6,7,10,13,16,19,20,21,20,18,15,12,8,5,3,2,1,1,0,0,0,0,0,0,0,1,1,1,3,5,8,11,14,17,19,20,20,19,17,13,10,7,4,3,1,1,1,0,0,0,0,0,0,0,0,0,0,0,0,0,0,0,0,0,0,0,0,0,0,0,0,0,0,0,0,0,0,0,0,0,0,0,0,0,0,0,0,0,0,0,0,0,0,0,0,0,0,0,0,0,0,0,0,0,0,0,0,0,0,0,0,0,0,0,0,0,0,0,0,0,0,0,0,0,0,0,0,0,0,0,0,0,0,0,0,0,0,0,0,0,0,0,0,0,0,0,0,0,0,0,1,1,2,3,3,3,4,6,6,7,7,8,9,10,10,10,11,10,9,9,9,9,8,7,7,4,4,3,3,2,1,1,1,2,3,4,6,7,7,8,9,10,10,10,9,8,7,6,6,6,6,7,10,13,16,19,20,21,20,18,15,12,8,5,3,2,1,1,0,0,0,0,0,0,0,1,1,1,3,5,8,11,14,17,19,20,20,19,17,13,10,7,4,3,1,1,1,0,0,0,0,0,0,0,0,0,0,0,0,0,0,0,0,0,0,0,0,0,0,0,0,0,0,0,0,0,0,0,0,0,0,0,0,0,0,0
0,0,0,0,0,0,0,0,0,0,0,0,0,0,0,0,0,0,0,0,0,0,0,0,0,0,0,0,0,0,0,0,0,0,0,0,0,0,0,0,0,0,0,0,0,0,0,0,0,0,0,0,0,0,0,0,0,0,0,0,0,0,0,0,1,1,2,3,3,4,4,6,6,7,7,9,9,9,10,10,10,9,9,8,9,9,8,7,7,4,4,3,2,1,1,1,1,2,3,4,6,7,7,9,9,10,10,10,9,7,6,6,5,5,5,6,9,11,15,18,20,21,21,20,17,14,10,7,4,2,1,1,1,0,0,0,0,0,0,1,1,1,2,4,6,9,13,16,19,20,20,20,18,15,12,8,6,3,2,1,1,1,0,0,0,0,0,0,0,0,0,0,0,0,0,0,0,0,0,0,0,0,0,0,0,0,0,0,0,0,0,0,0,0,0,0,0,0,0,0,0,0,0,0,0,0,0,0,0,0,0,0,0,0,0,0,0,0,0,0,0,0,0,0,0,0,0,0,0,0,0,0,0,0,0,0,0,0,0,0,0,0,0,0,0,0,0,0,0,0,0,0,0,0,0,0,0,0,0,0,0,0,0,0,1,1,2,3,3,4,4,6,6,7,7,9,9,9,10,10,10,9,9,8,9,9,8,7,7,4,4,3,2,1,1,1,1,2,3,4,6,7,7,9,9,10,10,10,9,7,6,6,5,5,5,6,9,11,15,18,20,21,21,20,17,14,10,7,4,2,1,1,1,0,0,0,0,0,0,1,1,1,2,4,6,9,13,16,19,20,20,20,18,15,12,8,6,3,2,1,1,1,0,0,0,0,0,0,0,0,0,0,0,0,0,0,0,0,0,0,0,0,0,0,0,0,0,0,0,0,0,0,0,0,0,0,0,0,0,0
0,0,0,0,0,0,0,0,0,0,0,0,0,0,0,0,0,0,0,0,0,0,0,0,0,0,0,0,0,0,0,0,0,0,0,0,0,0,0,0,0,0,0,0,0,0,0,0,0,0,0,0,0,0,0,0,0,0,0,0,0,0,0,0,1,1,2,3,3,4,4,6,6,7,8,9,10,9,9,10,10,9,9,8,9,9,8,7,7,5,4,3,2,1,1,1,1,2,3,4,6,7,8,9,10,11,10,10,9,7,6,6,5,4,4,5,7,10,13,16,19,21,21,20,18,15,12,8,5,3,2,1,1,0,0,0,0,0,0,0,1,1,2,3,5,8,11,15,18,20,21,20,19,17,13,10,7,5,3,1,1,1,0,0,0,0,0,0,0,0,0,0,0,0,0,0,0,0,0,0,0,0,0,0,0,0,0,0,0,0,0,0,0,0,0,0,0,0,0,0,0,0,0,0,0,0,0,0,0,0,0,0,0,0,0,0,0,0,0,0,0,0,0,0,0,0,0,0,0,0,0,0,0,0,0,0,0,0,0,0,0,0,0,0,0,0,0,0,0,0,0,0,0,0,0,0,0,0,0,0,0,0,0,0,1,1,2,3,3,4,4,6,6,7,8,9,10,9,9,10,10,9,9,8,9,8,8,7,7,5,4,3,2,1,1,1,1,2,3,4,6,7,8,9,10,11,10,10,9,7,6,6,5,4,4,5,7,10,13,16,19,20,21,20,18,15,12,8,5,3,2,1,1,0,0,0,0,0,0,0,1,1,2,3,5,8,11,15,18,20,21,20,19,17,13,10,7,5,3,1,1,1,0,0,0,0,0,0,0,0,0,0,0,0,0,0,0,0,0,0,0,0,0,0,0,0,0,0,0,0,0,0,0,0,0,0,0,0,0,0
0,0,0,0,0,0,0,0,0,0,0,0,0,0,0,0,0,0,0,0,0,0,0,0,0,0,0,0,0,0,0,0,0,0,0,0,0,0,0,0,0,0,0,0,0,0,0,0,0,0,0,0,0,0,0,0,0,0,0,0,0,0,0,0,1,1,2,3,3,4,4,6,7,7,8,9,10,9,9,10,10,9,8,8,9,9,8,7,8,5,4,3,2,1,1,1,1,2,3,4,6,7,8,10,10,11,10,10,8,7,6,5,4,3,3,4,6,8,11,15,18,20,21,21,20,17,13,10,6,4,2,1,1,1,0,0,0,0,0,0,1,1,1,2,4,7,10,14,17,19,20,21,20,18,15,11,8,6,4,2,1,1,1,0,0,0,0,0,0,0,0,0,0,0,0,0,0,0,0,0,0,0,0,0,0,0,0,0,0,0,0,0,0,0,0,0,0,0,0,0,0,0,0,0,0,0,0,0,0,0,0,0,0,0,0,0,0,0,0,0,0,0,0,0,0,0,0,0,0,0,0,0,0,0,0,0,0,0,0,0,0,0,0,0,0,0,0,0,0,0,0,0,0,0,0,0,0,0,0,0,0,0,0,0,1,1,2,3,3,4,4,6,7,7,8,9,10,9,9,10,10,9,8,8,9,8,7,7,7,5,4,3,2,1,1,1,1,2,3,4,6,7,8,10,10,11,10,10,9,7,6,5,4,3,3,4,6,8,11,15,18,20,21,21,20,17,13,10,6,4,2,1,1,1,0,0,0,0,0,0,1,1,1,2,4,7,10,14,17,19,20,21,20,18,15,11,8,6,4,2,1,1,1,0,0,0,0,0,0,0,0,0,0,0,0,0,0,0,0,0,0,0,0,0,0,0,0,0,0,0,0,0,0,0,0,0,0,0,0,0
0,0,0,0,0,0,0,0,0,0,0,0,0,0,0,0,0,0,0,0,0,0,0,0,0,0,0,0,0,0,0,0,0,0,0,0,0,0,0,0,0,0,0,0,0,0,0,0,0,0,0,0,0,0,0,0,0,0,0,0,0,0,0,0,1,1,2,3,3,4,5,6,7,7,8,10,10,9,9,10,9,8,8,8,9,9,8,7,7,5,5,3,2,1,1,1,1,2,3,4,6,7,8,10,10,11,10,10,8,7,6,5,4,3,2,3,5,7,10,13,16,19,21,21,21,18,15,11,8,5,3,2,1,1,0,0,0,0,0,0,0,1,1,2,3,5,9,12,16,18,20,21,21,19,17,13,10,7,5,3,2,1,1,0,0,0,0,0,0,0,0,0,0,0,0,0,0,0,0,0,0,0,0,0,0,0,0,0,0,0,0,0,0,0,0,0,0,0,0,0,0,0,0,0,0,0,0,0,0,0,0,0,0,0,0,0,0,0,0,0,0,0,0,0,0,0,0,0,0,0,0,0,0,0,0,0,0,0,0,0,0,0,0,0,0,0,0,0,0,0,0,0,0,0,0,0,0,0,0,0,0,0,0,0,1,1,2,3,3,4,5,6,7,7,8,10,10,9,9,10,9,8,8,8,9,9,7,7,7,5,5,3,2,1,1,1,1,2,3,4,6,7,8,10,10,11,10,10,8,7,6,5,4,3,2,3,5,7,10,13,16,19,21,21,21,18,15,11,8,5,3,2,1,1,0,0,0,0,0,0,0,1,1,2,3,5,9,12,16,18,20,21,21,19,17,13,10,7,5,3,2,1,1,0,0,0,0,0,0,0,0,0,0,0,0,0,0,0,0,0,0,0,0,0,0,0,0,0,0,0,0,0,0,0,0,0,0,0,0,0
0,0,0,0,0,0,0,0,0,0,0,0,0,0,0,0,0,0,0,0,0,0,0,0,0,0,0,0,0,0,0,0,0,0,0,0,0,0,0,0,0,0,0,0,0,0,0,0,0,0,0,0,0,0,0,0,0,0,0,0,0,0,0,0,1,1,2,3,3,4,5,6,7,8,8,10,10,9,9,9,9,8,8,8,9,9,8,7,7,5,5,3,2,1,1,1,1,2,3,4,6,7,9,10,11,11,10,10,8,7,6,5,4,2,2,3,4,6,8,12,15,18,20,21,21,20,17,13,9,7,4,3,1,1,1,0,0,0,0,0,0,1,1,1,2,4,7,11,14,17,20,21,21,20,18,15,12,9,6,4,2,1,1,1,0,0,0,0,0,0,0,0,0,0,0,0,0,0,0,0,0,0,0,0,0,0,0,0,0,0,0,0,0,0,0,0,0,0,0,0,0,0,0,0,0,0,0,0,0,0,0,0,0,0,0,0,0,0,0,0,0,0,0,0,0,0,0,0,0,0,0,0,0,0,0,0,0,0,0,0,0,0,0,0,0,0,0,0,0,0,0,0,0,0,0,0,0,0,0,0,0,0,0,0,1,1,2,3,3,4,5,6,7,8,8,10,10,9,9,9,9,8,8,8,9,9,8,7,7,5,5,3,2,1,1,1,1,2,3,4,6,7,9,10,11,11,10,10,8,7,6,5,4,2,2,3,4,6,8,12,15,18,20,21,21,20,17,13,9,7,4,3,1,1,1,0,0,0,0,0,0,1,1,1,2,4,7,11,14,17,19,21,21,20,18,15,12,9,6,4,2,1,1,1,0,0,0,0,0,0,0,0,0,0,0,0,0,0,0,0,0,0,0,0,0,0,0,0,0,0,0,0,0,0,0,0,0,0,0,0
0,0,0,0,0,0,0,0,0,0,0,0,0,0,0,0,0,0,0,0,0,0,0,0,0,0,0,0,0,0,0,0,0,0,0,0,0,0,0,0,0,0,0,0,0,0,0,0,0,0,0,0,0,0,0,0,0,0,0,0,0,0,0,0,1,2,2,3,3,4,5,7,7,8,8,10,9,9,9,9,8,7,8,8,9,9,8,7,7,5,5,3,2,1,1,1,1,2,3,4,6,7,9,11,11,11,11,10,8,6,5,4,3,2,2,2,3,5,7,10,13,17,19,21,22,21,19,15,11,8,5,3,2,1,1,0,0,0,0,0,0,1,1,1,2,3,6,9,13,16,19,21,21,21,19,17,14,11,8,5,3,2,1,1,0,0,0,0,0,0,0,0,0,0,0,0,0,0,0,0,0,0,0,0,0,0,0,0,0,0,0,0,0,0,0,0,0,0,0,0,0,0,0,0,0,0,0,0,0,0,0,0,0,0,0,0,0,0,0,0,0,0,0,0,0,0,0,0,0,0,0,0,0,0,0,0,0,0,0,0,0,0,0,0,0,0,0,0,0,0,0,0,0,0,0,0,0,0,0,0,0,0,0,0,1,2,2,3,3,4,5,6,7,8,8,10,9,9,9,9,8,7,8,8,9,9,8,7,7,5,5,3,2,1,1,1,1,2,3,4,6,7,9,11,11,11,11,10,8,6,5,4,3,2,2,2,3,5,7,10,13,17,19,21,22,21,19,15,11,8,5,3,2,1,1,0,0,0,0,0,0,1,1,1,2,3,6,9,13,16,19,21,21,21,19,17,14,11,8,5,3,2,1,1,0,0,0,0,0,0,0,0,0,0,0,0,0,0,0,0,0,0,0,0,0,0,0,0,0,0,0,0,0,0,0,0,0,0,0,0
0,0,0,0,0,0,0,0,0,0,0,0,0,0,0,0,0,0,0,0,0,0,0,0,0,0,0,0,0,0,0,0,0,0,0,0,0,0,0,0,0,0,0,0,0,0,0,0,0,0,0,0,0,0,0,0,0,0,0,0,0,0,0,0,1,2,2,3,3,4,5,7,7,8,8,10,9,9,9,9,8,7,7,8,8,9,8,7,7,5,5,3,2,1,1,1,1,2,2,4,6,7,9,11,12,11,11,10,8,6,5,4,3,2,1,2,2,4,6,8,12,15,18,21,22,22,20,17,13,10,7,4,3,1,1,1,0,0,0,0,0,0,1,1,1,3,5,8,11,14,17,20,21,22,21,18,16,13,10,7,4,2,1,1,1,0,0,0,0,0,0,0,0,0,0,0,0,0,0,0,0,0,0,0,0,0,0,0,0,0,0,0,0,0,0,0,0,0,0,0,0,0,0,0,0,0,0,0,0,0,0,0,0,0,0,0,0,0,0,0,0,0,0,0,0,0,0,0,0,0,0,0,0,0,0,0,0,0,0,0,0,0,0,0,0,0,0,0,0,0,0,0,0,0,0,0,0,0,0,0,0,0,0,0,1,2,2,3,3,4,5,7,7,8,8,10,9,9,9,9,8,7,7,8,8,9,8,7,7,5,5,3,2,1,1,1,1,2,2,4,6,7,9,11,12,11,11,10,8,6,5,4,3,2,1,2,2,4,6,8,12,15,18,21,22,22,20,17,13,10,7,4,3,1,1,1,0,0,0,0,0,0,1,1,1,3,5,8,11,14,17,20,21,22,21,18,16,13,10,7,4,2,1,1,1,0,0,0,0,0,0,0,0,0,0,0,0,0,0,0,0,0,0,0,0,0,0,0,0,0,0,0,0,0,0,0,0,0,0,0
0,0,0,0,0,0,0,0,0,0,0,0,0,0,0,0,0,0,0,0,0,0,0,0,0,0,0,0,0,0,0,0,0,0,0,0,0,0,0,0,0,0,0,0,0,0,0,0,0,0,0,0,0,0,0,0,0,0,0,0,0,0,0,1,1,2,2,3,3,4,5,7,8,8,9,10,9,9,9,8,7,7,7,8,8,9,8,7,7,6,5,4,2,1,1,1,1,1,2,4,5,7,10,11,12,11,11,10,8,6,5,4,3,1,1,1,2,3,5,7,10,14,17,20,22,22,21,18,15,12,8,6,4,2,1,1,1,0,0,0,0,0,1,1,1,2,4,6,10,13,16,19,21,22,21,20,17,15,11,8,6,3,2,1,1,1,0,0,0,0,0,0,0,0,0,0,0,0,0,0,0,0,0,0,0,0,0,0,0,0,0,0,0,0,0,0,0,0,0,0,0,0,0,0,0,0,0,0,0,0,0,0,0,0,0,0,0,0,0,0,0,0,0,0,0,0,0,0,0,0,0,0,0,0,0,0,0,0,0,0,0,0,0,0,0,0,0,0,0,0,0,0,0,0,0,0,0,0,0,0,0,0,0,1,1,2,2,3,3,4,5,7,8,8,9,10,9,9,9,8,7,7,7,7,8,9,8,7,7,6,5,4,2,1,1,1,1,1,2,4,5,7,10,11,12,11,11,10,8,6,5,4,3,1,1,1,2,3,5,7,10,14,17,20,22,22,21,19,15,12,8,6,4,2,1,1,1,0,0,0,0,0,1,1,1,2,4,6,10,13,16,19,21,22,21,20,17,15,11,8,6,3,2,1,1,1,0,0,0,0,0,0,0,0,0,0,0,0,0,0,0,0,0,0,0,0,0,0,0,0,0,0,0,0,0,0,0,0,0,0
0,0,0,0,0,0,0,0,0,0,0,0,0,0,0,0,0,0,0,0,0,0,0,0,0,0,0,0,0,0,0,0,0,0,0,0,0,0,0,0,0,0,0,0,0,0,0,0,0,0,0,0,0,0,0,0,0,0,0,0,0,0,0,1,1,2,3,3,4,4,6,7,8,8,9,10,9,9,9,8,7,6,7,7,8,9,8,7,7,6,5,4,2,1,1,1,1,1,2,4,5,8,10,12,13,11,11,10,8,6,5,4,2,1,1,1,1,2,4,6,8,12,15,19,21,22,22,20,17,14,10,7,5,3,1,1,1,0,0,0,0,0,0,1,1,1,3,5,8,11,15,18,20,22,22,21,19,17,13,10,7,4,3,1,1,1,0,0,0,0,0,0,0,0,0,0,0,0,0,0,0,0,0,0,0,0,0,0,0,0,0,0,0,0,0,0,0,0,0,0,0,0,0,0,0,0,0,0,0,0,0,0,0,0,0,0,0,0,0,0,0,0,0,0,0,0,0,0,0,0,0,0,0,0,0,0,0,0,0,0,0,0,0,0,0,0,0,0,0,0,0,0,0,0,0,0,0,0,0,0,0,0,0,1,1,2,3,3,4,4,6,7,8,8,9,10,9,9,9,8,7,6,7,7,8,9,8,7,7,6,4,4,2,1,1,1,1,1,2,4,5,8,10,12,13,11,11,10,8,6,5,4,2,1,1,1,1,2,4,6,8,12,15,19,21,22,22,20,17,14,10,7,5,3,1,1,1,0,0,0,0,0,0,1,1,1,3,5,8,11,15,18,20,22,22,21,19,17,13,10,7,4,3,1,1,1,0,0,0,0,0,0,0,0,0,0,0,0,0,0,0,0,0,0,0,0,0,0,0,0,0,0,0,0,0,0,0,0,0,0
0,0,0,0,0,0,0,0,0,0,0,0,0,0,0,0,0,0,0,0,0,0,0,0,0,0,0,0,0,0,0,0,0,0,0,0,0,0,0,0,0,0,0,0,0,0,0,0,0,0,0,0,0,0,0,0,0,0,0,0,0,0,0,1,1,2,3,3,4,4,6,7,8,8,9,10,9,9,8,8,7,6,7,7,8,10,8,8,7,6,4,4,2,1,1,1,1,1,2,4,5,8,11,12,13,12,11,10,8,6,5,4,2,1,1,1,1,2,3,5,7,10,14,17,20,22,23,21,18,16,12,9,6,4,2,1,1,1,0,0,0,0,0,1,1,1,2,4,7,10,13,16,19,21,22,22,20,18,15,12,9,6,4,2,1,1,1,0,0,0,0,0,0,0,0,0,0,0,0,0,0,0,0,0,0,0,0,0,0,0,0,0,0,0,0,0,0,0,0,0,0,0,0,0,0,0,0,0,0,0,0,0,0,0,0,0,0,0,0,0,0,0,0,0,0,0,0,0,0,0,0,0,0,0,0,0,0,0,0,0,0,0,0,0,0,0,0,0,0,0,0,0,0,0,0,0,0,0,0,0,0,0,0,1,1,2,3,3,4,4,6,7,8,8,9,10,9,9,8,8,7,6,7,7,8,10,8,8,6,6,4,4,2,1,1,1,1,1,2,4,5,8,11,12,13,12,11,10,8,6,5,4,2,1,1,1,1,2,3,5,7,10,14,17,20,22,23,21,18,16,12,9,6,4,2,1,1,1,0,0,0,0,0,1,1,1,2,4,7,10,13,16,19,21,22,22,20,18,15,12,9,6,4,2,1,1,1,0,0,0,0,0,0,0,0,0,0,0,0,0,0,0,0,0,0,0,0,0,0,0,0,0,0,0,0,0,0,0,0,0
0,0,0,0,0,0,0,0,0,0,0,0,0,0,0,0,0,0,0,0,0,0,0,0,0,0,0,0,0,0,0,0,0,0,0,0,0,0,0,0,0,0,0,0,0,0,0,0,0,0,0,0,0,0,0,0,0,0,0,0,0,0,0,1,1,2,3,3,4,4,6,7,8,8,10,9,9,9,8,7,6,6,7,7,8,10,9,8,6,6,4,4,2,1,1,1,1,1,2,4,5,8,11,12,13,12,11,9,8,6,5,3,2,1,1,1,1,1,2,4,6,9,12,16,19,22,23,22,20,17,14,11,8,5,3,1,1,1,1,0,0,0,0,0,1,1,2,3,5,8,11,14,18,21,22,23,22,20,17,14,11,7,5,3,2,1,1,0,0,0,0,0,0,0,0,0,0,0,0,0,0,0,0,0,0,0,0,0,0,0,0,0,0,0,0,0,0,0,0,0,0,0,0,0,0,0,0,0,0,0,0,0,0,0,0,0,0,0,0,0,0,0,0,0,0,0,0,0,0,0,0,0,0,0,0,0,0,0,0,0,0,0,0,0,0,0,0,0,0,0,0,0,0,0,0,0,0,0,0,0,0,0,0,1,1,2,3,3,4,4,6,7,8,8,10,9,9,9,8,7,6,6,6,7,8,10,9,8,6,6,4,4,2,1,1,1,1,1,2,4,5,8,11,12,13,12,11,9,8,6,5,3,2,1,1,1,1,1,2,4,6,9,12,16,19,22,23,22,20,17,14,11,8,5,3,1,1,1,1,0,0,0,0,0,1,1,2,3,5,8,11,15,18,21,22,23,22,20,17,14,11,7,5,3,2,1,1,0,0,0,0,0,0,0,0,0,0,0,0,0,0,0,0,0,0,0,0,0,0,0,0,0,0,0,0,0,0,0,0,0
0,0,0,0,0,0,0,0,0,0,0,0,0,0,0,0,0,0,0,0,0,0,0,0,0,0,0,0,0,0,0,0,0,0,0,0,0,0,0,0,0,0,0,0,0,0,0,0,0,0,0,0,0,0,0,0,0,0,0,0,0,0,0,1,1,2,3,3,4,4,6,8,8,9,10,9,9,8,8,7,6,6,6,7,8,10,9,8,6,6,4,4,2,1,1,1,1,1,2,4,5,9,11,13,13,12,11,9,8,6,5,3,2,1,1,1,1,1,2,3,5,7,10,14,18,21,23,23,21,19,16,13,9,6,4,2,1,1,1,0,0,0,0,0,1,1,1,2,4,6,9,13,16,19,22,23,23,21,19,16,13,9,6,4,2,1,1,1,0,0,0,0,0,0,0,0,0,0,0,0,0,0,0,0,0,0,0,0,0,0,0,0,0,0,0,0,0,0,0,0,0,0,0,0,0,0,0,0,0,0,0,0,0,0,0,0,0,0,0,0,0,0,0,0,0,0,0,0,0,0,0,0,0,0,0,0,0,0,0,0,0,0,0,0,0,0,0,0,0,0,0,0,0,0,0,0,0,0,0,0,0,0,0,1,1,2,3,3,4,4,6,8,8,9,10,9,9,8,8,7,6,6,6,7,7,10,9,8,6,6,4,4,2,1,1,1,1,1,2,4,5,9,11,13,13,12,11,9,8,6,5,3,2,1,1,1,1,1,2,3,5,7,10,14,18,21,23,23,21,19,16,13,9,6,4,2,1,1,1,0,0,0,0,0,1,1,1,2,4,6,9,13,16,19,22,23,23,21,19,16,13,9,6,4,2,1,1,1,0,0,0,0,0,0,0,0,0,0,0,0,0,0,0,0,0,0,0,0,0,0,0,0,0,0,0,0,0,0,0,0
0,0,0,0,0,0,0,0,0,0,0,0,0,0,0,0,0,0,0,0,0,0,0,0,0,0,0,0,0,0,0,0,0,0,0,0,0,0,0,0,0,0,0,0,0,0,0,0,0,0,0,0,0,0,0,0,0,0,0,0,0,0,0,1,1,2,3,3,4,5,7,8,8,9,10,9,9,8,8,6,6,6,6,7,7,9,9,8,6,7,4,4,2,1,1,1,1,1,2,4,5,9,11,13,13,12,11,9,8,6,4,3,1,1,1,1,1,1,1,2,4,6,9,12,16,19,22,23,22,21,18,15,11,8,5,3,2,1,1,1,0,0,0,0,0,1,1,2,3,5,8,11,15,18,21,23,23,22,21,18,15,11,8,5,3,2,1,1,1,0,0,0,0,0,0,0,0,0,0,0,0,0,0,0,0,0,0,0,0,0,0,0,0,0,0,0,0,0,0,0,0,0,0,0,0,0,0,0,0,0,0,0,0,0,0,0,0,0,0,0,0,0,0,0,0,0,0,0,0,0,0,0,0,0,0,0,0,0,0,0,0,0,0,0,0,0,0,0,0,0,0,0,0,0,0,0,0,0,0,0,0,0,0,1,1,2,3,3,4,5,7,8,8,9,10,9,8,8,8,6,6,6,6,7,7,9,9,8,6,7,4,4,2,1,1,1,1,1,2,4,5,9,11,13,13,12,11,9,8,6,4,3,1,1,1,1,1,1,1,2,4,6,9,12,16,19,22,23,22,21,18,15,11,8,5,3,2,1,1,1,0,0,0,0,0,1,1,2,3,5,8,11,15,18,21,23,23,22,21,18,15,11,8,5,3,2,1,1,1,0,0,0,0,0,0,0,0,0,0,0,0,0,0,0,0,0,0,0,0,0,0,0,0,0,0,0,0,0,0,0
0,0,0,0,0,0,0,0,0,0,0,0,0,0,0,0,0,0,0,0,0,0,0,0,0,0,0,0,0,0,0,0,0,0,0,0,0,0,0,0,0,0,0,0,0,0,0,0,0,0,0,0,0,0,0,0,0,0,0,0,0,0,0,1,1,2,3,3,4,5,7,8,8,9,10,9,8,8,7,6,5,6,6,7,7,9,9,9,6,7,4,4,2,1,1,1,1,1,2,4,5,9,12,13,14,12,11,9,8,6,4,3,1,1,1,1,1,1,1,2,3,5,7,10,14,18,21,23,23,22,20,17,14,10,7,4,3,1,1,1,1,0,0,0,0,1,1,1,2,4,6,9,13,16,20,22,23,23,22,20,17,14,10,7,4,3,1,1,1,0,0,0,0,0,0,0,0,0,0,0,0,0,0,0,0,0,0,0,0,0,0,0,0,0,0,0,0,0,0,0,0,0,0,0,0,0,0,0,0,0,0,0,0,0,0,0,0,0,0,0,0,0,0,0,0,0,0,0,0,0,0,0,0,0,0,0,0,0,0,0,0,0,0,0,0,0,0,0,0,0,0,0,0,0,0,0,0,0,0,0,0,0,0,1,1,2,3,3,4,5,7,8,8,9,10,9,8,8,7,6,5,6,6,7,7,9,9,9,6,7,4,4,2,1,1,1,1,1,2,4,5,9,12,13,14,12,11,9,8,6,4,3,1,1,1,1,1,1,1,2,3,5,7,10,14,18,21,23,23,22,20,17,14,10,7,4,3,1,1,1,1,0,0,0,0,1,1,1,2,4,6,9,13,16,20,22,23,23,22,20,17,14,10,7,4,3,1,1,1,0,0,0,0,0,0,0,0,0,0,0,0,0,0,0,0,0,0,0,0,0,0,0,0,0,0,0,0,0,0,0
0,0,0,0,0,0,0,0,0,0,0,0,0,0,0,0,0,0,0,0,0,0,0,0,0,0,0,0,0,0,0,0,0,0,0,0,0,0,0,0,0,0,0,0,0,0,0,0,0,0,0,0,0,0,0,0,0,0,0,0,0,0,0,1,1,2,3,3,4,5,7,8,9,9,10,9,8,8,7,5,5,5,6,7,7,9,9,9,7,7,4,4,2,1,1,1,1,1,2,3,6,9,12,13,14,12,11,9,8,6,4,2,1,1,1,0,1,1,1,1,2,4,6,9,12,16,20,22,23,23,22,19,16,12,8,5,3,2,1,1,1,0,0,0,0,0,1,1,2,3,5,8,11,15,18,21,23,23,23,22,19,16,12,9,6,4,2,1,1,1,0,0,0,0,0,0,0,0,0,0,0,0,0,0,0,0,0,0,0,0,0,0,0,0,0,0,0,0,0,0,0,0,0,0,0,0,0,0,0,0,0,0,0,0,0,0,0,0,0,0,0,0,0,0,0,0,0,0,0,0,0,0,0,0,0,0,0,0,0,0,0,0,0,0,0,0,0,0,0,0,0,0,0,0,0,0,0,0,0,0,0,0,0,1,1,2,3,3,4,5,7,8,9,9,10,9,8,8,7,5,5,5,6,7,7,9,9,9,7,7,4,4,2,1,1,1,1,1,2,3,6,9,12,13,14,12,11,9,8,6,4,2,1,1,1,0,1,1,1,1,2,4,6,9,12,16,20,22,23,23,22,19,16,12,8,5,3,2,1,1,1,0,0,0,0,0,1,1,2,3,5,8,11,15,18,21,23,23,23,22,19,16,12,9,6,4,2,1,1,1,0,0,0,0,0,0,0,0,0,0,0,0,0,0,0,0,0,0,0,0,0,0,0,0,0,0,0,0,0,0
0,0,0,0,0,0,0,0,0,0,0,0,0,0,0,0,0,0,0,0,0,0,0,0,0,0,0,0,0,0,0,0,0,0,0,0,0,0,0,0,0,0,0,0,0,0,0,0,0,0,0,0,0,0,0,0,0,0,0,0,0,0,0,1,1,2,3,4,4,5,7,8,9,9,10,9,8,8,7,5,5,5,5,7,8,9,9,9,7,7,4,3,2,1,1,1,1,1,2,3,6,9,12,14,14,12,11,9,8,6,4,2,1,1,1,0,0,1,1,1,2,3,5,7,10,14,18,21,23,24,23,21,18,14,11,7,5,3,2,1,1,1,0,0,0,0,1,1,1,2,4,6,9,13,17,20,22,23,24,23,21,18,14,11,8,5,3,2,1,1,1,0,0,0,0,0,0,0,0,0,0,0,0,0,0,0,0,0,0,0,0,0,0,0,0,0,0,0,0,0,0,0,0,0,0,0,0,0,0,0,0,0,0,0,0,0,0,0,0,0,0,0,0,0,0,0,0,0,0,0,0,0,0,0,0,0,0,0,0,0,0,0,0,0,0,0,0,0,0,0,0,0,0,0,0,0,0,0,0,0,0,0,0,1,1,2,3,4,4,5,7,8,9,9,10,9,8,8,7,5,5,5,5,6,7,9,9,9,7,7,4,3,2,1,1,1,1,1,2,3,6,9,12,14,14,12,11,9,8,6,4,2,1,1,1,0,0,1,1,1,2,3,5,7,10,14,18,21,23,24,23,21,18,14,11,7,5,3,2,1,1,1,0,0,0,0,1,1,1,2,4,6,9,13,17,20,22,23,24,23,21,18,14,11,8,5,3,2,1,1,1,0,0,0,0,0,0,0,0,0,0,0,0,0,0,0,0,0,0,0,0,0,0,0,0,0,0,0,0,0
0,0,0,0,0,0,0,0,0,0,0,0,0,0,0,0,0,0,0,0,0,0,0,0,0,0,0,0,0,0,0,0,0,0,0,0,0,0,0,0,0,0,0,0,0,0,0,0,0,0,0,0,0,0,0,0,0,0,0,0,0,0,0,1,1,2,3,4,4,5,8,9,9,10,10,9,8,8,6,5,5,5,5,6,8,9,9,9,7,7,5,3,2,1,1,1,1,1,2,3,6,10,12,14,14,12,10,9,7,6,4,2,1,1,1,0,0,0,1,1,1,2,4,6,9,12,16,20,23,24,24,22,20,17,13,9,6,4,3,1,1,1,1,0,0,0,0,1,1,2,3,5,7,11,15,19,21,23,24,24,23,20,17,13,10,7,4,2,1,1,1,0,0,0,0,0,0,0,0,0,0,0,0,0,0,0,0,0,0,0,0,0,0,0,0,0,0,0,0,0,0,0,0,0,0,0,0,0,0,0,0,0,0,0,0,0,0,0,0,0,0,0,0,0,0,0,0,0,0,0,0,0,0,0,0,0,0,0,0,0,0,0,0,0,0,0,0,0,0,0,0,0,0,0,0,0,0,0,0,0,0,0,0,1,1,2,3,4,4,5,8,9,9,10,10,9,8,8,6,5,5,5,5,6,8,8,9,9,7,7,5,3,2,1,1,1,1,1,2,3,6,10,12,14,14,12,11,9,7,6,4,2,1,1,1,0,0,0,1,1,1,2,4,6,9,12,16,20,23,24,24,22,20,17,13,9,6,4,3,1,1,1,1,0,0,0,0,1,1,2,3,5,7,11,15,19,21,23,24,24,23,20,17,13,10,7,4,2,1,1,1,0,0,0,0,0,0,0,0,0,0,0,0,0,0,0,0,0,0,0,0,0,0,0,0,0,0,0,0,0
0,0,0,0,0,0,0,0,0,0,0,0,0,0,0,0,0,0,0,0,0,0,0,0,0,0,0,0,0,0,0,0,0,0,0,0,0,0,0,0,0,0,0,0,0,0,0,0,0,0,0,0,0,0,0,0,0,0,0,0,0,0,0,1,2,2,4,4,4,6,8,9,9,10,10,9,8,8,6,4,5,5,5,6,8,8,9,9,7,7,5,3,2,1,1,1,1,1,2,3,6,10,13,14,14,13,11,9,7,6,3,2,1,1,1,0,0,0,1,1,1,2,3,5,7,10,14,18,22,23,24,24,22,19,15,11,8,6,4,2,1,1,1,0,0,0,0,1,1,1,2,4,6,9,13,17,20,22,24,24,24,22,19,16,12,8,6,3,2,1,1,1,0,0,0,0,0,0,0,0,0,0,0,0,0,0,0,0,0,0,0,0,0,0,0,0,0,0,0,0,0,0,0,0,0,0,0,0,0,0,0,0,0,0,0,0,0,0,0,0,0,0,0,0,0,0,0,0,0,0,0,0,0,0,0,0,0,0,0,0,0,0,0,0,0,0,0,0,0,0,0,0,0,0,0,0,0,0,0,0,0,0,0,1,2,2,4,4,4,6,8,9,9,10,10,9,8,8,6,4,5,5,5,6,8,8,9,9,7,7,5,3,2,1,1,1,1,1,2,3,6,10,13,14,14,13,11,9,7,6,3,2,1,1,1,0,0,0,1,1,1,2,3,5,7,10,14,18,22,23,24,24,22,19,15,11,8,6,4,2,1,1,1,0,0,0,0,1,1,1,2,4,6,9,13,17,20,22,24,24,24,22,19,16,12,8,6,3,2,1,1,1,0,0,0,0,0,0,0,0,0,0,0,0,0,0,0,0,0,0,0,0,0,0,0,0,0,0,0,0
0,0,0,0,0,0,0,0,0,0,0,0,0,0,0,0,0,0,0,0,0,0,0,0,0,0,0,0,0,0,0,0,0,0,0,0,0,0,0,0,0,0,0,0,0,0,0,0,0,0,0,0,0,0,0,0,0,0,0,0,0,0,0,1,2,3,4,4,4,6,8,9,9,10,9,8,8,7,5,4,4,4,5,6,8,8,9,9,7,7,5,3,2,1,1,1,1,1,2,3,7,10,13,14,14,13,11,9,7,6,3,2,1,1,0,0,0,0,0,1,1,1,2,4,6,9,12,16,20,23,24,24,23,21,18,14,10,7,5,3,2,1,1,1,0,0,0,1,1,1,2,3,5,7,11,15,18,21,23,24,25,23,21,18,14,11,7,5,3,2,1,1,1,0,0,0,0,0,0,0,0,0,0,0,0,0,0,0,0,0,0,0,0,0,0,0,0,0,0,0,0,0,0,0,0,0,0,0,0,0,0,0,0,0,0,0,0,0,0,0,0,0,0,0,0,0,0,0,0,0,0,0,0,0,0,0,0,0,0,0,0,0,0,0,0,0,0,0,0,0,0,0,0,0,0,0,0,0,0,0,0,0,0,1,2,3,4,4,4,6,8,9,9,10,9,8,8,7,5,4,4,4,5,6,8,8,9,9,7,7,5,3,2,1,1,1,1,1,2,3,7,10,13,14,14,13,11,9,7,6,3,2,1,1,0,0,0,0,0,1,1,1,2,4,6,9,12,17,20,23,24,24,23,21,18,14,10,7,5,3,2,1,1,1,0,0,0,1,1,1,2,3,5,7,11,15,18,21,23,24,25,23,21,18,14,11,7,5,3,2,1,1,1,0,0,0,0,0,0,0,0,0,0,0,0,0,0,0,0,0,0,0,0,0,0,0,0,0,0,0
0,0,0,0,0,0,0,0,0,0,0,0,0,0,0,0,0,0,0,0,0,0,0,0,0,0,0,0,0,0,0,0,0,0,0,0,0,0,0,0,0,0,0,0,0,0,0,0,0,0,0,0,0,0,0,0,0,0,0,0,0,0,0,1,2,3,4,4,5,6,8,9,9,10,9,8,8,7,5,4,4,4,5,6,8,8,9,9,7,7,5,3,2,1,1,1,1,1,2,4,7,10,13,14,14,13,10,8,7,6,3,1,1,1,0,0,0,0,0,1,1,1,2,3,5,7,10,14,19,22,24,25,24,23,20,16,13,9,7,4,3,1,1,1,1,0,0,0,1,1,1,2,4,6,9,13,16,19,22,24,25,24,23,20,17,13,9,6,4,2,1,1,1,0,0,0,0,0,0,0,0,0,0,0,0,0,0,0,0,0,0,0,0,0,0,0,0,0,0,0,0,0,0,0,0,0,0,0,0,0,0,0,0,0,0,0,0,0,0,0,0,0,0,0,0,0,0,0,0,0,0,0,0,0,0,0,0,0,0,0,0,0,0,0,0,0,0,0,0,0,0,0,0,0,0,0,0,0,0,0,0,0,0,1,2,3,4,4,5,6,8,9,9,10,9,8,8,7,5,4,4,4,5,6,8,8,9,9,7,7,5,3,2,1,1,1,1,1,2,4,7,10,13,14,14,13,11,8,7,6,3,1,1,1,0,0,0,0,0,1,1,1,2,3,5,7,10,14,19,22,24,25,24,23,20,16,13,9,7,4,3,1,1,1,1,0,0,0,1,1,1,2,4,6,9,13,16,19,22,24,25,24,23,20,17,13,9,6,4,2,1,1,1,0,0,0,0,0,0,0,0,0,0,0,0,0,0,0,0,0,0,0,0,0,0,0,0,0,0,0
0,0,0,0,0,0,0,0,0,0,0,0,0,0,0,0,0,0,0,0,0,0,0,0,0,0,0,0,0,0,0,0,0,0,0,0,0,0,0,0,0,0,0,0,0,0,0,0,0,0,0,0,0,0,0,0,0,0,0,0,0,0,0,1,2,3,4,4,5,6,8,9,10,10,9,8,8,7,5,4,4,4,5,6,8,8,9,9,7,7,6,3,2,1,1,1,1,1,2,4,7,10,13,14,14,13,10,8,7,6,3,1,1,1,0,0,0,0,0,0,1,1,1,2,4,6,8,12,17,20,23,25,25,24,22,19,15,12,9,6,4,2,1,1,1,0,0,0,1,1,1,1,3,4,7,11,14,17,20,23,25,25,24,22,19,16,12,8,5,3,2,1,1,1,0,0,0,0,0,0,0,0,0,0,0,0,0,0,0,0,0,0,0,0,0,0,0,0,0,0,0,0,0,0,0,0,0,0,0,0,0,0,0,0,0,0,0,0,0,0,0,0,0,0,0,0,0,0,0,0,0,0,0,0,0,0,0,0,0,0,0,0,0,0,0,0,0,0,0,0,0,0,0,0,0,0,0,0,0,0,0,0,0,1,2,3,4,4,5,6,8,9,10,10,9,8,8,7,5,4,4,4,5,6,8,8,9,9,7,7,6,3,2,1,1,1,1,1,2,4,7,10,13,14,14,13,10,8,7,6,3,1,1,1,0,0,0,0,0,0,1,1,1,2,4,6,8,12,17,20,23,25,25,24,22,19,15,12,9,6,4,2,1,1,1,0,0,0,1,1,1,1,3,4,7,11,14,17,20,23,25,25,24,22,19,16,12,8,5,3,2,1,1,1,0,0,0,0,0,0,0,0,0,0,0,0,0,0,0,0,0,0,0,0,0,0,0,0,0,0
0,0,0,0,0,0,0,0,0,0,0,0,0,0,0,0,0,0,0,0,0,0,0,0,0,0,0,0,0,0,0,0,0,0,0,0,0,0,0,0,0,0,0,0,0,0,0,0,0,0,0,0,0,0,0,0,0,0,0,0,0,0,1,1,2,3,4,4,5,7,9,9,10,10,9,8,8,7,4,4,4,4,4,6,8,8,9,9,7,7,6,3,2,1,1,1,1,1,2,4,7,10,13,14,13,13,10,8,7,6,3,1,1,1,0,0,0,0,0,0,1,1,1,2,3,4,7,10,15,18,21,24,25,25,24,21,18,14,11,8,5,3,2,1,1,1,0,0,0,1,1,1,2,3,6,9,12,15,19,22,24,25,25,24,22,18,14,10,7,5,3,2,1,1,1,0,0,0,0,0,0,0,0,0,0,0,0,0,0,0,0,0,0,0,0,0,0,0,0,0,0,0,0,0,0,0,0,0,0,0,0,0,0,0,0,0,0,0,0,0,0,0,0,0,0,0,0,0,0,0,0,0,0,0,0,0,0,0,0,0,0,0,0,0,0,0,0,0,0,0,0,0,0,0,0,0,0,0,0,0,0,0,1,1,2,3,4,4,5,7,9,9,10,10,9,8,8,7,4,4,4,4,4,6,8,8,9,9,7,7,6,3,2,1,1,1,1,1,2,4,7,10,13,14,13,13,10,8,7,6,3,1,1,1,0,0,0,0,0,0,1,1,1,2,3,4,7,10,15,18,21,24,25,25,24,21,18,14,11,8,5,3,2,1,1,1,0,0,0,1,1,1,2,3,6,9,12,15,19,22,24,25,25,24,22,18,14,10,7,5,3,2,1,1,1,0,0,0,0,0,0,0,0,0,0,0,0,0,0,0,0,0,0,0,0,0,0,0,0,0
0,0,0,0,0,0,0,0,0,0,0,0,0,0,0,0,0,0,0,0,0,0,0,0,0,0,0,0,0,0,0,0,0,0,0,0,0,0,0,0,0,0,0,0,0,0,0,0,0,0,0,0,0,0,0,0,0,0,0,0,0,0,1,1,2,3,4,4,5,7,9,9,10,10,9,8,8,6,4,4,3,3,4,6,8,8,9,9,7,7,6,3,2,1,1,1,1,1,2,4,7,10,13,14,13,13,10,8,7,5,3,1,1,1,0,0,0,0,0,0,0,1,1,1,2,3,5,8,12,16,20,23,25,25,25,23,20,17,13,10,7,4,3,2,1,1,1,0,0,1,1,1,1,2,4,7,10,13,17,20,23,25,26,25,23,21,17,13,9,6,4,2,1,1,1,0,0,0,0,0,0,0,0,0,0,0,0,0,0,0,0,0,0,0,0,0,0,0,0,0,0,0,0,0,0,0,0,0,0,0,0,0,0,0,0,0,0,0,0,0,0,0,0,0,0,0,0,0,0,0,0,0,0,0,0,0,0,0,0,0,0,0,0,0,0,0,0,0,0,0,0,0,0,0,0,0,0,0,0,0,0,0,1,1,2,3,4,4,5,7,9,9,10,10,9,8,8,6,4,4,3,3,4,6,8,8,9,9,7,6,6,3,2,1,1,1,1,1,2,4,7,10,13,14,13,13,10,8,7,5,3,1,1,1,0,0,0,0,0,0,0,1,1,1,2,3,5,8,12,16,20,23,25,26,25,23,20,17,13,10,7,4,3,2,1,1,1,0,0,1,1,1,1,2,4,7,10,13,17,20,23,25,26,25,23,21,17,13,9,6,4,2,1,1,1,0,0,0,0,0,0,0,0,0,0,0,0,0,0,0,0,0,0,0,0,0,0,0,0,0
0,0,0,0,0,0,0,0,0,0,0,0,0,0,0,0,0,0,0,0,0,0,0,0,0,0,0,0,0,0,0,0,0,0,0,0,0,0,0,0,0,0,0,0,0,0,0,0,0,0,0,0,0,0,0,0,0,0,0,0,0,0,1,1,2,3,4,4,5,7,9,10,10,10,9,8,8,6,4,3,3,3,4,6,8,8,9,9,8,6,6,3,2,1,1,1,1,1,2,5,7,10,13,14,13,13,10,8,6,5,3,1,1,1,0,0,0,0,0,0,0,1,1,1,2,3,4,7,10,14,17,21,24,25,26,25,22,19,16,12,9,6,4,2,1,1,1,0,0,0,1,1,1,2,3,5,8,11,14,18,21,24,26,26,25,23,19,15,11,8,6,4,2,1,1,1,0,0,0,0,0,0,0,0,0,0,0,0,0,0,0,0,0,0,0,0,0,0,0,0,0,0,0,0,0,0,0,0,0,0,0,0,0,0,0,0,0,0,0,0,0,0,0,0,0,0,0,0,0,0,0,0,0,0,0,0,0,0,0,0,0,0,0,0,0,0,0,0,0,0,0,0,0,0,0,0,0,0,0,0,0,0,1,1,2,3,4,4,5,7,9,10,10,10,9,8,8,6,4,3,3,3,4,6,8,8,9,9,7,6,6,3,2,1,1,1,1,1,2,5,7,10,13,14,13,13,10,8,6,5,3,1,1,1,0,0,0,0,0,0,0,1,1,1,2,3,4,7,10,14,17,21,24,25,26,25,22,19,16,12,9,6,4,2,1,1,1,0,0,0,1,1,1,2,3,5,8,11,14,18,21,24,26,26,25,23,19,15,11,8,6,4,2,1,1,1,0,0,0,0,0,0,0,0,0,0,0,0,0,0,0,0,0,0,0,0,0,0,0,0
0,0,0,0,0,0,0,0,0,0,0,0,0,0,0,0,0,0,0,0,0,0,0,0,0,0,0,0,0,0,0,0,0,0,0,0,0,0,0,0,0,0,0,0,0,0,0,0,0,0,0,0,0,0,0,0,0,0,0,0,0,0,1,1,2,3,4,5,5,8,9,10,10,10,9,8,7,5,4,3,3,3,4,6,8,8,9,9,8,6,6,3,2,1,1,1,1,1,2,5,7,10,13,13,13,13,10,8,6,5,3,1,1,0,0,0,0,0,0,0,0,0,1,1,1,2,3,5,8,12,15,19,22,25,26,26,24,22,19,15,11,8,5,3,2,1,1,1,0,0,0,1,1,1,2,4,6,9,12,16,19,22,25,26,26,25,22,18,14,11,8,5,3,2,1,1,1,0,0,0,0,0,0,0,0,0,0,0,0,0,0,0,0,0,0,0,0,0,0,0,0,0,0,0,0,0,0,0,0,0,0,0,0,0,0,0,0,0,0,0,0,0,0,0,0,0,0,0,0,0,0,0,0,0,0,0,0,0,0,0,0,0,0,0,0,0,0,0,0,0,0,0,0,0,0,0,0,0,0,0,0,0,1,1,2,3,4,5,5,8,9,10,10,10,9,8,7,5,4,3,3,3,4,6,8,8,9,9,7,6,6,3,2,1,1,1,1,1,2,5,7,10,13,13,13,13,10,8,6,5,3,1,1,0,0,0,0,0,0,0,0,0,1,1,1,2,3,5,8,12,15,19,22,25,26,26,24,22,19,15,11,8,5,3,2,1,1,1,0,0,0,1,1,1,2,4,6,9,12,16,19,23,25,26,26,25,22,18,14,11,8,5,3,2,1,1,1,0,0,0,0,0,0,0,0,0,0,0,0,0,0,0,0,0,0,0,0,0,0,0
0,0,0,0,0,0,0,0,0,0,0,0,0,0,0,0,0,0,0,0,0,0,0,0,0,0,0,0,0,0,0,0,0,0,0,0,0,0,0,0,0,0,0,0,0,0,0,0,0,0,0,0,0,0,0,0,0,0,0,0,0,0,1,1,2,3,4,5,6,8,9,10,10,10,9,8,7,5,4,3,3,3,4,6,8,8,9,9,8,6,6,4,2,1,1,1,1,1,2,5,8,10,13,13,13,12,10,8,6,5,3,1,1,0,0,0,0,0,0,0,0,0,1,1,1,1,2,4,7,10,13,17,20,23,26,26,26,24,21,18,14,10,7,5,3,2,1,1,1,0,0,1,1,1,2,3,5,7,10,13,17,21,24,26,26,26,24,21,17,13,10,7,5,3,2,1,1,1,0,0,0,0,0,0,0,0,0,0,0,0,0,0,0,0,0,0,0,0,0,0,0,0,0,0,0,0,0,0,0,0,0,0,0,0,0,0,0,0,0,0,0,0,0,0,0,0,0,0,0,0,0,0,0,0,0,0,0,0,0,0,0,0,0,0,0,0,0,0,0,0,0,0,0,0,0,0,0,0,0,0,0,0,1,1,2,3,4,5,6,8,9,10,10,10,9,8,7,5,4,3,3,3,4,6,8,8,9,9,7,6,6,4,2,1,1,1,1,1,2,5,8,10,13,13,13,12,10,8,6,5,3,1,1,0,0,0,0,0,0,0,0,0,1,1,1,1,2,4,7,10,13,17,20,23,26,26,26,24,21,18,14,10,7,5,3,2,1,1,1,0,0,1,1,1,2,3,5,7,10,13,17,21,24,26,26,26,24,21,17,13,10,7,5,3,2,1,1,1,0,0,0,0,0,0,0,0,0,0,0,0,0,0,0,0,0,0,0,0,0,0
0,0,0,0,0,0,0,0,0,0,0,0,0,0,0,0,0,0,0,0,0,0,0,0,0,0,0,0,0,0,0,0,0,0,0,0,0,0,0,0,0,0,0,0,0,0,0,0,0,0,0,0,0,0,0,0,0,0,0,0,0,0,1,1,2,4,4,5,6,8,10,10,10,10,9,8,7,5,3,3,2,3,4,6,7,8,9,9,8,6,6,4,2,1,1,1,1,1,3,5,8,11,12,13,13,12,10,8,6,5,3,1,1,0,0,0,0,0,0,0,0,0,0,1,1,1,2,3,5,8,11,14,18,22,25,26,26,25,23,20,17,13,9,6,4,3,1,1,1,1,0,0,1,1,1,2,3,5,8,11,15,18,22,25,26,27,25,23,19,16,13,9,6,4,2,1,1,1,1,0,0,0,0,0,0,0,0,0,0,0,0,0,0,0,0,0,0,0,0,0,0,0,0,0,0,0,0,0,0,0,0,0,0,0,0,0,0,0,0,0,0,0,0,0,0,0,0,0,0,0,0,0,0,0,0,0,0,0,0,0,0,0,0,0,0,0,0,0,0,0,0,0,0,0,0,0,0,0,0,0,0,0,1,1,2,4,4,5,6,8,10,10,10,10,9,8,7,5,3,3,2,3,4,6,7,8,9,9,7,6,6,4,2,1,1,1,1,1,3,5,8,11,12,13,13,12,10,8,6,5,3,1,1,0,0,0,0,0,0,0,0,0,0,1,1,1,2,3,5,8,11,14,18,22,25,26,26,25,23,20,17,13,9,6,4,3,1,1,1,1,0,0,1,1,1,2,3,5,8,11,15,19,22,25,26,27,25,23,19,16,13,9,6,4,2,1,1,1,1,0,0,0,0,0,0,0,0,0,0,0,0,0,0,0,0,0,0,0,0,0
0,0,0,0,0,0,0,0,0,0,0,0,0,0,0,0,0,0,0,0,0,0,0,0,0,0,0,0,0,0,0,0,0,0,0,0,0,0,0,0,0,0,0,0,0,0,0,0,0,0,0,0,0,0,0,0,0,0,0,0,0,0,1,1,2,4,4,5,6,9,10,10,10,10,9,8,6,4,3,3,2,3,4,6,7,9,9,9,8,6,6,4,2,1,1,1,1,1,3,5,8,11,12,13,13,12,10,8,6,4,3,1,1,0,0,0,0,0,0,0,0,0,0,0,1,1,1,2,4,6,9,12,16,20,23,26,27,27,25,23,19,16,12,9,6,4,2,1,1,1,1,0,1,1,1,1,2,4,6,9,12,16,20,23,26,27,27,25,22,19,15,12,9,6,4,2,1,1,1,1,0,0,0,0,0,0,0,0,0,0,0,0,0,0,0,0,0,0,0,0,0,0,0,0,0,0,0,0,0,0,0,0,0,0,0,0,0,0,0,0,0,0,0,0,0,0,0,0,0,0,0,0,0,0,0,0,0,0,0,0,0,0,0,0,0,0,0,0,0,0,0,0,0,0,0,0,0,0,0,0,0,0,1,1,2,4,4,5,6,9,10,10,10,10,9,8,6,4,3,3,2,3,4,6,7,8,9,9,8,6,6,4,2,1,1,1,1,1,3,5,8,11,12,13,13,12,10,8,6,4,3,1,1,0,0,0,0,0,0,0,0,0,0,0,1,1,1,2,4,6,9,12,16,20,23,26,27,27,25,23,19,16,12,9,6,4,2,1,1,1,1,0,1,1,1,1,2,4,6,9,12,16,20,23,26,27,27,25,22,19,15,12,9,6,4,2,1,1,1,1,0,0,0,0,0,0,0,0,0,0,0,0,0,0,0,0,0,0,0,0
0,0,0,0,0,0,0,0,0,0,0,0,0,0,0,0,0,0,0,0,0,0,0,0,0,0,0,0,0,0,0,0,0,0,0,0,0,0,0,0,0,0,0,0,0,0,0,0,0,0,0,0,0,0,0,0,0,0,0,0,0,0,1,1,3,4,4,5,7,9,10,10,10,10,9,8,6,4,3,3,2,3,4,6,7,9,9,9,8,6,6,4,2,1,1,1,1,2,3,6,8,11,12,13,13,12,10,8,6,4,3,1,1,0,0,0,0,0,0,0,0,0,0,0,1,1,1,2,3,5,7,10,14,17,21,25,26,27,27,25,22,19,15,11,8,5,3,2,1,1,1,1,0,1,1,1,2,3,5,7,10,14,17,21,24,26,27,26,24,22,18,15,11,8,5,3,2,1,1,1,1,0,0,0,0,0,0,0,0,0,0,0,0,0,0,0,0,0,0,0,0,0,0,0,0,0,0,0,0,0,0,0,0,0,0,0,0,0,0,0,0,0,0,0,0,0,0,0,0,0,0,0,0,0,0,0,0,0,0,0,0,0,0,0,0,0,0,0,0,0,0,0,0,0,0,0,0,0,0,0,0,0,1,1,3,4,4,5,7,9,10,10,10,9,9,8,6,4,3,3,2,3,4,6,7,8,9,9,8,6,6,4,2,1,1,1,1,2,3,6,8,11,12,13,13,12,10,8,6,4,3,1,1,0,0,0,0,0,0,0,0,0,0,0,1,1,1,2,3,5,7,10,14,17,21,25,26,27,27,25,22,19,15,11,8,5,3,2,1,1,1,1,0,1,1,1,2,3,5,7,10,14,17,21,24,26,27,26,24,22,18,15,11,8,5,3,2,1,1,1,1,0,0,0,0,0,0,0,0,0,0,0,0,0,0,0,0,0,0,0
0,0,0,0,0,0,0,0,0,0,0,0,0,0,0,0,0,0,0,0,0,0,0,0,0,0,0,0,0,0,0,0,0,0,0,0,0,0,0,0,0,0,0,0,0,0,0,0,0,0,0,0,0,0,0,0,0,0,0,0,0,1,1,2,3,4,4,5,7,9,10,11,10,9,9,7,6,4,3,3,2,2,4,6,7,8,9,9,8,6,6,4,2,1,1,1,1,2,3,6,8,10,12,13,12,12,10,8,6,4,3,1,1,0,0,0,0,0,0,0,0,0,0,0,0,1,1,1,2,4,5,8,11,15,19,23,25,27,27,27,24,21,18,14,10,7,5,3,2,1,1,1,1,1,1,1,1,2,3,5,8,11,15,19,22,25,27,27,26,24,21,18,14,10,7,5,3,2,1,1,1,1,0,0,0,0,0,0,0,0,0,0,0,0,0,0,0,0,0,0,0,0,0,0,0,0,0,0,0,0,0,0,0,0,0,0,0,0,0,0,0,0,0,0,0,0,0,0,0,0,0,0,0,0,0,0,0,0,0,0,0,0,0,0,0,0,0,0,0,0,0,0,0,0,0,0,0,0,0,0,0,1,1,2,3,4,4,5,7,9,10,11,10,9,9,7,6,4,3,3,2,2,4,6,7,8,9,9,8,6,6,4,2,1,1,1,1,2,3,6,8,10,12,13,12,12,10,8,6,4,3,1,1,0,0,0,0,0,0,0,0,0,0,0,0,1,1,1,2,4,5,8,11,15,19,23,25,27,27,27,24,21,18,14,10,7,5,3,2,1,1,1,1,1,1,1,1,2,3,5,8,11,15,19,22,25,27,27,26,24,21,18,14,10,7,5,3,2,1,1,1,1,0,0,0,0,0,0,0,0,0,0,0,0,0,0,0,0,0,0
0,0,0,0,0,0,0,0,0,0,0,0,0,0,0,0,0,0,0,0,0,0,0,0,0,0,0,0,0,0,0,0,0,0,0,0,0,0,0,0,0,0,0,0,0,0,0,0,0,0,0,0,0,0,0,0,0,0,0,0,0,1,1,2,3,4,5,5,7,9,10,11,10,9,9,7,5,3,3,2,2,2,4,6,7,8,9,9,8,7,6,5,2,1,1,1,1,2,4,6,8,10,12,12,12,11,10,8,6,4,3,1,1,0,0,0,0,0,0,0,0,0,0,0,0,1,1,1,2,3,4,6,9,13,17,21,24,26,27,28,26,24,20,17,13,10,7,4,2,2,1,1,1,1,1,1,1,1,2,4,6,9,12,16,20,24,26,27,27,26,24,21,17,13,10,6,4,3,2,1,1,1,1,0,0,0,0,0,0,0,0,0,0,0,0,0,0,0,0,0,0,0,0,0,0,0,0,0,0,0,0,0,0,0,0,0,0,0,0,0,0,0,0,0,0,0,0,0,0,0,0,0,0,0,0,0,0,0,0,0,0,0,0,0,0,0,0,0,0,0,0,0,0,0,0,0,0,0,0,0,0,1,1,2,3,4,5,5,7,9,10,11,10,9,9,7,5,3,3,2,2,2,4,6,7,8,9,9,8,6,6,5,2,1,1,1,1,2,4,6,8,10,12,12,12,11,10,8,6,4,3,1,1,0,0,0,0,0,0,0,0,0,0,0,0,1,1,1,2,3,4,6,9,13,17,21,24,26,27,28,26,24,20,17,13,10,7,4,2,2,1,1,1,1,1,1,1,1,2,4,6,9,12,16,20,24,26,28,27,26,24,21,17,13,10,6,4,3,2,1,1,1,1,0,0,0,0,0,0,0,0,0,0,0,0,0,0,0,0,0
0,0,0,0,0,0,0,0,0,0,0,0,0,0,0,0,0,0,0,0,0,0,0,0,0,0,0,0,0,0,0,0,0,0,0,0,0,0,0,0,0,0,0,0,0,0,0,0,0,0,0,0,0,0,0,0,0,0,0,0,0,1,1,2,3,4,5,6,8,10,10,11,10,9,9,7,5,3,3,2,1,2,4,5,7,8,9,9,8,7,5,5,2,1,1,1,1,2,4,6,8,10,11,12,12,11,11,8,6,4,3,1,1,0,0,0,0,0,0,0,0,0,0,0,0,0,1,1,1,2,3,5,7,10,14,18,22,24,27,28,28,26,23,20,16,12,9,6,4,2,1,1,1,1,1,1,1,1,2,3,4,7,10,14,17,21,25,27,28,27,26,23,20,16,12,9,6,4,3,2,1,1,1,1,0,0,0,0,0,0,0,0,0,0,0,0,0,0,0,0,0,0,0,0,0,0,0,0,0,0,0,0,0,0,0,0,0,0,0,0,0,0,0,0,0,0,0,0,0,0,0,0,0,0,0,0,0,0,0,0,0,0,0,0,0,0,0,0,0,0,0,0,0,0,0,0,0,0,0,0,0,1,1,2,3,4,5,6,8,10,10,11,10,9,9,7,5,3,3,2,1,2,4,5,7,8,9,9,8,7,5,5,2,1,1,1,1,2,4,6,8,10,11,12,12,11,11,8,6,4,3,1,1,0,0,0,0,0,0,0,0,0,0,0,0,0,1,1,1,2,3,5,7,10,14,18,22,25,27,28,28,26,23,20,16,12,9,6,4,2,1,1,1,1,1,1,1,1,2,3,4,7,10,14,18,21,25,27,28,27,26,24,20,16,12,9,6,4,3,2,1,1,1,1,0,0,0,0,0,0,0,0,0,0,0,0,0,0,0,0
0,0,0,0,0,0,0,0,0,0,0,0,0,0,0,0,0,0,0,0,0,0,0,0,0,0,0,0,0,0,0,0,0,0,0,0,0,0,0,0,0,0,0,0,0,0,0,0,0,0,0,0,0,0,0,0,0,0,0,0,0,1,1,2,3,4,5,6,8,10,11,11,10,9,8,7,4,3,3,2,1,2,4,5,7,8,9,9,8,7,5,5,2,1,1,1,1,2,4,6,9,10,11,12,12,11,11,8,5,4,3,1,1,0,0,0,0,0,0,0,0,0,0,0,0,0,1,1,1,1,2,4,5,8,12,16,19,22,25,27,28,27,26,23,19,15,12,8,5,3,2,1,1,1,1,1,1,1,1,2,3,5,8,11,15,19,23,26,28,28,28,26,23,19,15,11,9,6,4,3,2,1,1,1,1,0,0,0,0,0,0,0,0,0,0,0,0,0,0,0,0,0,0,0,0,0,0,0,0,0,0,0,0,0,0,0,0,0,0,0,0,0,0,0,0,0,0,0,0,0,0,0,0,0,0,0,0,0,0,0,0,0,0,0,0,0,0,0,0,0,0,0,0,0,0,0,0,0,0,0,0,1,1,2,3,4,5,6,8,10,11,11,10,9,8,7,4,3,3,2,1,2,4,5,6,8,9,9,8,7,5,5,2,1,1,1,1,2,4,6,9,10,11,12,12,11,11,8,5,4,3,1,1,0,0,0,0,0,0,0,0,0,0,0,0,0,1,1,1,1,2,4,5,8,12,16,19,23,25,27,28,27,26,23,19,15,12,8,5,4,2,1,1,1,1,1,1,1,1,2,3,5,8,11,15,19,23,26,28,28,28,26,23,19,15,11,9,6,4,3,2,1,1,1,1,0,0,0,0,0,0,0,0,0,0,0,0,0,0,0
0,0,0,0,0,0,0,0,0,0,0,0,0,0,0,0,0,0,0,0,0,0,0,0,0,0,0,0,0,0,0,0,0,0,0,0,0,0,0,0,0,0,0,0,0,0,0,0,0,0,0,0,0,0,0,0,0,0,0,0,0,1,1,2,3,4,5,6,8,10,11,11,10,9,8,6,4,3,3,2,1,2,4,5,6,8,9,9,9,7,5,5,3,2,1,1,1,3,4,6,9,10,11,12,12,11,11,8,5,4,3,2,1,0,0,0,0,0,0,0,0,0,0,0,0,0,0,1,1,1,2,3,4,6,9,13,17,20,23,26,28,28,27,25,22,19,15,11,7,5,3,2,1,1,1,1,1,1,1,1,2,4,6,9,12,16,20,24,27,28,28,28,26,22,19,15,11,9,6,4,3,2,1,1,1,1,0,0,0,0,0,0,0,0,0,0,0,0,0,0,0,0,0,0,0,0,0,0,0,0,0,0,0,0,0,0,0,0,0,0,0,0,0,0,0,0,0,0,0,0,0,0,0,0,0,0,0,0,0,0,0,0,0,0,0,0,0,0,0,0,0,0,0,0,0,0,0,0,0,0,0,1,1,2,3,4,5,6,8,10,11,11,10,9,8,6,4,3,3,2,1,2,4,5,6,8,9,9,9,7,5,5,3,2,1,1,1,3,4,6,9,10,11,12,12,11,11,8,5,4,3,2,1,0,0,0,0,0,0,0,0,0,0,0,0,0,0,1,1,1,2,3,4,6,9,13,17,20,23,26,28,28,27,25,22,19,15,11,7,5,3,2,1,1,1,1,1,1,1,1,2,4,6,9,12,16,20,24,27,28,29,28,26,23,19,15,12,9,6,4,3,2,1,1,1,1,0,0,0,0,0,0,0,0,0,0,0,0,0,0
0,0,0,0,0,0,0,0,0,0,0,0,0,0,0,0,0,0,0,0,0,0,0,0,0,0,0,0,0,0,0,0,0,0,0,0,0,0,0,0,0,0,0,0,0,0,0,0,0,0,0,0,0,0,0,0,0,0,0,0,0,1,1,2,3,4,5,7,9,10,11,11,10,9,8,6,4,3,3,2,1,2,4,5,6,7,9,9,9,7,5,5,3,2,2,1,1,3,5,6,9,10,11,11,12,11,11,8,5,4,3,2,1,0,0,0,0,0,0,0,0,0,0,0,0,0,0,0,1,1,1,2,3,5,7,11,14,17,21,24,27,28,29,27,25,22,18,14,10,7,5,3,2,1,1,1,1,1,1,1,2,3,4,7,10,14,18,22,25,27,29,29,28,25,22,18,15,11,8,6,4,3,2,1,1,1,1,0,0,0,0,0,0,0,0,0,0,0,0,0,0,0,0,0,0,0,0,0,0,0,0,0,0,0,0,0,0,0,0,0,0,0,0,0,0,0,0,0,0,0,0,0,0,0,0,0,0,0,0,0,0,0,0,0,0,0,0,0,0,0,0,0,0,0,0,0,0,0,0,0,0,1,1,2,3,4,5,7,9,10,11,11,10,9,8,6,4,3,3,2,1,2,4,5,6,7,9,9,9,7,5,5,3,2,2,1,1,3,5,6,9,10,11,11,12,11,11,8,5,4,3,2,1,0,0,0,0,0,0,0,0,0,0,0,0,0,0,0,1,1,1,2,3,5,7,11,14,17,21,24,27,28,29,27,25,22,18,14,10,7,5,3,2,1,1,1,1,1,1,1,2,3,4,7,10,14,18,22,25,27,29,29,28,25,22,18,15,11,8,6,4,3,2,1,1,1,1,0,0,0,0,0,0,0,0,0,0,0,0,0
0,0,0,0,0,0,0,0,0,0,0,0,0,0,0,0,0,0,0,0,0,0,0,0,0,0,0,0,0,0,0,0,0,0,0,0,0,0,0,0,0,0,0,0,0,0,0,0,0,0,0,0,0,0,0,0,0,0,0,0,0,1,1,2,4,4,6,7,9,11,11,11,10,9,8,6,4,3,2,1,1,2,4,5,6,7,9,9,9,7,5,5,3,2,2,1,2,3,5,7,9,10,10,11,11,11,10,8,5,4,3,2,1,0,0,0,0,0,0,0,0,0,0,0,0,0,0,0,1,1,1,1,2,4,6,8,11,15,18,22,25,28,29,29,27,25,21,17,13,10,7,5,3,2,1,1,1,1,1,1,1,2,3,5,8,11,15,19,23,26,28,29,29,28,25,21,18,14,11,8,6,4,3,2,1,1,1,1,0,0,0,0,0,0,0,0,0,0,0,0,0,0,0,0,0,0,0,0,0,0,0,0,0,0,0,0,0,0,0,0,0,0,0,0,0,0,0,0,0,0,0,0,0,0,0,0,0,0,0,0,0,0,0,0,0,0,0,0,0,0,0,0,0,0,0,0,0,0,0,0,0,1,1,2,4,4,6,7,9,11,11,11,10,9,8,6,4,3,2,1,1,2,4,5,6,7,9,9,9,7,5,5,3,2,2,1,2,3,5,7,9,9,10,11,11,11,10,8,5,4,3,2,1,0,0,0,0,0,0,0,0,0,0,0,0,0,0,0,1,1,1,1,2,4,6,8,11,15,18,22,26,28,29,29,27,25,21,17,13,10,7,5,3,2,1,1,1,1,1,1,1,2,3,5,8,11,15,19,23,26,28,29,29,28,25,21,18,15,11,8,6,4,3,2,1,1,1,1,0,0,0,0,0,0,0,0,0,0,0,0
0,0,0,0,0,0,0,0,0,0,0,0,0,0,0,0,0,0,0,0,0,0,0,0,0,0,0,0,0,0,0,0,0,0,0,0,0,0,0,0,0,0,0,0,0,0,0,0,0,0,0,0,0,0,0,0,0,0,0,0,0,1,1,2,4,5,6,8,10,11,11,11,10,9,8,5,4,3,2,1,1,2,4,5,6,7,9,9,9,7,5,4,3,2,2,1,2,4,5,7,8,9,10,11,11,11,10,8,5,4,3,2,1,1,0,0,0,0,0,0,0,0,0,0,0,0,0,0,0,1,1,1,2,3,4,6,9,12,16,19,23,26,29,29,29,27,24,20,16,13,9,7,5,3,2,1,1,1,1,1,1,1,2,4,6,9,12,16,20,24,27,29,30,29,27,24,21,18,15,11,8,6,4,3,2,1,1,1,1,0,0,0,0,0,0,0,0,0,0,0,0,0,0,0,0,0,0,0,0,0,0,0,0,0,0,0,0,0,0,0,0,0,0,0,0,0,0,0,0,0,0,0,0,0,0,0,0,0,0,0,0,0,0,0,0,0,0,0,0,0,0,0,0,0,0,0,0,0,0,0,0,1,1,2,4,5,6,8,10,11,11,11,10,9,8,5,4,3,2,1,1,2,4,5,6,7,9,9,9,7,5,4,3,2,2,1,2,4,5,7,8,9,10,11,11,11,10,8,5,4,3,2,1,1,0,0,0,0,0,0,0,0,0,0,0,0,0,0,0,1,1,1,2,3,4,6,9,12,16,19,23,26,29,30,29,27,24,20,16,13,9,7,5,3,2,1,1,1,1,1,1,1,2,4,6,9,12,16,21,24,27,29,30,29,28,24,22,18,15,11,8,6,4,3,2,1,1,1,1,0,0,0,0,0,0,0,0,0,0,0
0,0,0,0,0,0,0,0,0,0,0,0,0,0,0,0,0,0,0,0,0,0,0,0,0,0,0,0,0,0,0,0,0,0,0,0,0,0,0,0,0,0,0,0,0,0,0,0,0,0,0,0,0,0,0,0,0,0,0,0,1,1,1,3,4,5,6,8,10,11,11,11,10,9,7,5,3,3,2,1,1,2,4,5,6,7,9,9,9,8,5,4,4,2,2,1,2,4,5,7,8,9,10,11,11,11,10,8,5,4,3,2,1,1,0,0,0,0,0,0,0,0,0,0,0,0,0,0,0,0,1,1,1,2,3,5,7,10,13,17,21,24,27,29,30,29,27,24,20,16,12,9,7,4,3,2,1,1,1,1,1,1,1,3,4,6,10,13,18,21,24,27,29,30,29,27,25,21,18,15,11,8,6,4,3,2,1,1,1,1,0,0,0,0,0,0,0,0,0,0,0,0,0,0,0,0,0,0,0,0,0,0,0,0,0,0,0,0,0,0,0,0,0,0,0,0,0,0,0,0,0,0,0,0,0,0,0,0,0,0,0,0,0,0,0,0,0,0,0,0,0,0,0,0,0,0,0,0,0,0,1,1,1,3,4,5,6,8,10,11,11,11,10,9,7,5,3,3,2,1,1,2,4,5,6,7,8,9,9,7,5,4,4,2,2,1,2,4,5,7,8,9,10,11,11,11,10,8,5,4,3,2,1,1,0,0,0,0,0,0,0,0,0,0,0,0,0,0,0,0,1,1,1,2,3,5,7,10,13,17,21,24,27,29,30,29,27,24,20,16,12,9,7,4,3,2,1,1,1,1,1,1,1,3,4,6,10,13,18,21,25,27,29,30,29,27,25,21,18,15,11,8,6,4,3,2,1,1,1,1,0,0,0,0,0,0,0,0,0,0
0,0,0,0,0,0,0,0,0,0,0,0,0,0,0,0,0,0,0,0,0,0,0,0,0,0,0,0,0,0,0,0,0,0,0,0,0,0,0,0,0,0,0,0,0,0,0,0,0,0,0,0,0,0,0,0,0,0,0,0,1,1,1,3,4,5,6,8,10,11,11,11,10,9,7,4,3,3,2,1,1,2,4,5,6,7,8,9,9,8,5,4,4,2,2,1,2,4,6,7,8,9,10,10,11,11,10,8,5,4,3,2,1,1,0,0,0,0,0,0,0,0,0,0,0,0,0,0,0,0,1,1,1,1,2,4,5,7,10,14,18,22,25,28,30,30,29,27,23,19,16,12,9,6,4,3,2,1,1,1,1,1,1,2,3,5,7,11,15,18,22,25,28,30,30,29,28,25,22,18,15,11,8,6,4,3,2,1,1,1,1,0,0,0,0,0,0,0,0,0,0,0,0,0,0,0,0,0,0,0,0,0,0,0,0,0,0,0,0,0,0,0,0,0,0,0,0,0,0,0,0,0,0,0,0,0,0,0,0,0,0,0,0,0,0,0,0,0,0,0,0,0,0,0,0,0,0,0,0,0,1,1,1,3,4,5,6,8,10,11,11,11,10,9,7,4,3,3,2,1,1,2,4,5,6,7,8,8,9,8,5,4,4,2,2,1,2,4,6,7,8,9,10,10,11,11,10,8,5,4,3,2,1,1,0,0,0,0,0,0,0,0,0,0,0,0,0,0,0,0,1,1,1,1,2,4,5,7,10,14,18,22,25,28,30,30,29,27,23,20,16,12,9,6,4,3,2,1,1,1,1,1,1,2,3,5,7,11,15,18,22,25,28,30,30,29,28,25,22,18,15,11,8,6,4,3,2,1,1,1,1,0,0,0,0,0,0,0,0,0
0,0,0,0,0,0,0,0,0,0,0,0,0,0,0,0,0,0,0,0,0,0,0,0,0,0,0,0,0,0,0,0,0,0,0,0,0,0,0,0,0,0,0,0,0,0,0,0,0,0,0,0,0,0,0,0,0,0,0,0,1,1,1,3,4,5,6,9,11,11,12,11,10,9,7,4,3,3,2,1,1,2,4,5,6,7,8,8,9,8,5,4,4,2,2,2,3,4,6,7,8,9,9,10,10,11,10,8,5,4,3,2,1,1,0,0,0,0,0,0,0,0,0,0,0,0,0,0,0,0,0,1,1,1,2,3,4,6,8,11,15,19,23,26,29,30,30,29,26,23,19,16,12,9,6,4,3,2,1,1,1,1,1,1,2,3,5,8,12,15,19,23,26,29,30,30,30,27,25,22,18,14,11,8,6,4,3,2,1,1,1,1,0,0,0,0,0,0,0,0,0,0,0,0,0,0,0,0,0,0,0,0,0,0,0,0,0,0,0,0,0,0,0,0,0,0,0,0,0,0,0,0,0,0,0,0,0,0,0,0,0,0,0,0,0,0,0,0,0,0,0,0,0,0,0,0,0,0,0,0,1,1,1,3,4,5,6,9,11,11,11,11,10,9,7,4,3,3,2,1,1,2,4,5,6,7,8,8,9,8,5,4,4,2,2,2,3,4,6,7,8,9,9,10,10,11,10,8,5,4,3,2,1,1,0,0,0,0,0,0,0,0,0,0,0,0,0,0,0,0,0,1,1,1,2,3,4,6,8,11,15,19,23,26,29,30,30,29,26,23,19,16,12,9,6,4,3,2,1,1,1,1,1,1,2,3,5,8,12,15,19,23,26,29,30,31,30,28,25,22,18,15,11,8,6,4,3,2,1,1,1,1,0,0,0,0,0,0,0,0
0,0,0,0,0,0,0,0,0,0,0,0,0,0,0,0,0,0,0,0,0,0,0,0,0,0,0,0,0,0,0,0,0,0,0,0,0,0,0,0,0,0,0,0,0,0,0,0,0,0,0,0,0,0,0,0,0,0,0,0,1,1,1,3,4,5,7,9,11,11,12,11,10,9,6,4,3,3,1,1,1,2,4,5,6,7,8,8,9,8,6,4,4,2,2,2,3,4,6,7,8,9,9,10,10,10,9,8,5,4,3,2,1,1,0,0,0,0,0,0,0,0,0,0,0,0,0,0,0,0,0,0,1,1,1,2,3,4,6,9,12,16,20,24,27,29,30,30,29,26,23,19,15,12,9,6,4,3,2,1,1,1,1,1,1,2,4,6,9,12,16,20,23,27,29,31,31,30,28,25,22,18,14,11,8,6,4,3,2,1,1,1,1,0,0,0,0,0,0,0,0,0,0,0,0,0,0,0,0,0,0,0,0,0,0,0,0,0,0,0,0,0,0,0,0,0,0,0,0,0,0,0,0,0,0,0,0,0,0,0,0,0,0,0,0,0,0,0,0,0,0,0,0,0,0,0,0,0,0,0,1,1,1,3,4,5,7,9,11,11,12,11,10,9,6,4,3,3,1,1,1,2,4,5,6,7,8,8,8,8,6,4,4,2,2,2,3,4,6,7,8,9,9,10,10,10,9,8,5,4,3,2,1,1,0,0,0,0,0,0,0,0,0,0,0,0,0,0,0,0,0,0,1,1,1,2,3,4,6,9,12,16,20,24,27,29,30,30,29,26,23,19,15,12,9,6,4,3,2,1,1,1,1,1,1,2,4,6,9,12,16,20,23,27,30,31,31,30,28,25,22,18,15,11,8,6,4,3,2,1,1,1,1,0,0,0,0,0,0,0
0,0,0,0,0,0,0,0,0,0,0,0,0,0,0,0,0,0,0,0,0,0,0,0,0,0,0,0,0,0,0,0,0,0,0,0,0,0,0,0,0,0,0,0,0,0,0,0,0,0,0,0,0,0,0,0,0,0,0,0,1,1,2,3,4,6,7,10,11,12,12,11,10,8,6,4,3,2,1,1,1,2,4,5,6,7,8,8,8,8,6,4,4,3,2,2,3,5,6,7,8,9,9,9,10,10,9,8,5,4,3,2,1,1,0,0,0,0,0,0,0,0,0,0,0,0,0,0,0,0,0,0,1,1,1,1,2,3,4,6,9,13,17,21,24,27,30,31,30,29,26,23,19,15,12,8,6,5,3,2,1,1,1,1,1,2,3,4,7,10,13,16,20,24,28,30,31,31,30,28,25,22,18,15,11,8,6,4,3,2,1,1,1,1,0,0,0,0,0,0,0,0,0,0,0,0,0,0,0,0,0,0,0,0,0,0,0,0,0,0,0,0,0,0,0,0,0,0,0,0,0,0,0,0,0,0,0,0,0,0,0,0,0,0,0,0,0,0,0,0,0,0,0,0,0,0,0,0,0,0,1,1,2,3,4,6,7,10,11,12,12,11,10,8,6,4,3,2,1,1,1,2,4,5,6,7,8,8,8,8,6,4,4,3,2,2,3,5,6,7,8,9,9,9,10,10,9,8,5,4,3,2,1,1,0,0,0,0,0,0,0,0,0,0,0,0,0,0,0,0,0,0,1,1,1,1,2,3,4,6,9,13,17,21,24,27,30,31,30,29,26,23,19,15,12,9,6,5,3,2,1,1,1,1,1,2,3,4,7,10,13,17,20,24,28,30,31,31,30,28,26,22,18,15,11,8,6,4,3,2,1,1,1,1,0,0,0,0,0,0
0,0,0,0,0,0,0,0,0,0,0,0,0,0,0,0,0,0,0,0,0,0,0,0,0,0,0,0,0,0,0,0,0,0,0,0,0,0,0,0,0,0,0,0,0,0,0,0,0,0,0,0,0,0,0,0,0,0,0,0,1,1,2,3,5,6,7,10,11,12,12,11,10,8,5,4,3,2,1,1,1,2,4,5,6,7,8,8,8,8,6,4,5,3,2,2,4,5,7,7,8,8,9,9,10,10,9,8,5,4,3,3,1,1,0,0,0,0,0,0,0,0,0,0,0,0,0,0,0,0,0,0,0,1,1,1,1,2,3,5,7,10,14,17,21,25,28,30,31,31,29,26,23,19,15,11,9,7,5,3,2,2,1,1,1,1,2,3,5,7,10,13,17,21,25,28,30,31,32,30,29,26,22,18,15,11,8,6,4,3,2,1,1,1,1,1,0,0,0,0,0,0,0,0,0,0,0,0,0,0,0,0,0,0,0,0,0,0,0,0,0,0,0,0,0,0,0,0,0,0,0,0,0,0,0,0,0,0,0,0,0,0,0,0,0,0,0,0,0,0,0,0,0,0,0,0,0,0,0,0,1,1,2,3,5,6,7,10,11,12,12,11,10,8,5,4,3,2,1,1,1,2,4,5,6,7,8,8,8,8,6,4,5,3,2,2,4,5,7,7,8,8,9,9,10,10,9,8,5,4,3,3,1,1,0,0,0,0,0,0,0,0,0,0,0,0,0,0,0,0,0,0,0,1,1,1,1,2,3,5,7,10,14,17,21,25,28,30,31,31,29,26,23,19,15,12,9,7,5,3,2,2,1,1,1,1,2,3,5,7,10,13,17,21,25,28,31,31,32,31,29,26,22,19,15,11,8,6,4,3,2,1,1,1,1,1,0,0,0,0
0,0,0,0,0,0,0,0,0,0,0,0,0,0,0,0,0,0,0,0,0,0,0,0,0,0,0,0,0,0,0,0,0,0,0,0,0,0,0,0,0,0,0,0,0,0,0,0,0,0,0,0,0,0,0,0,0,0,0,0,1,1,2,3,5,6,8,11,12,12,12,11,10,8,5,3,3,2,1,1,1,2,3,5,6,7,7,8,8,8,6,5,5,3,2,3,4,5,7,7,8,8,8,9,9,10,9,8,5,4,3,3,2,1,0,0,0,0,0,0,0,0,0,0,0,0,0,0,0,0,0,0,0,0,1,1,1,1,2,3,5,8,11,14,18,22,26,29,31,32,31,29,26,23,19,15,12,9,7,5,4,2,2,1,1,1,1,2,4,5,8,10,14,18,22,26,29,30,32,32,31,29,26,22,19,15,12,9,6,4,3,2,1,1,1,1,1,0,0,0,0,0,0,0,0,0,0,0,0,0,0,0,0,0,0,0,0,0,0,0,0,0,0,0,0,0,0,0,0,0,0,0,0,0,0,0,0,0,0,0,0,0,0,0,0,0,0,0,0,0,0,0,0,0,0,0,0,0,0,0,1,1,2,3,5,6,8,11,12,12,12,11,10,8,5,3,3,2,1,1,1,2,3,5,6,7,7,8,8,8,6,4,5,3,2,3,4,5,7,7,8,8,8,9,9,10,9,8,5,4,3,3,2,1,0,0,0,0,0,0,0,0,0,0,0,0,0,0,0,0,0,0,0,0,1,1,1,1,2,3,5,8,11,14,18,22,26,29,31,32,31,29,26,23,19,15,12,9,7,5,4,2,2,1,1,1,1,2,4,5,8,10,14,18,22,26,29,31,32,32,31,29,26,22,19,15,12,9,6,4,3,2,1,1,1,1,1,0,0,0
0,0,0,0,0,0,0,0,0,0,0,0,0,0,0,0,0,0,0,0,0,0,0,0,0,0,0,0,0,0,0,0,0,0,0,0,0,0,0,0,0,0,0,0,0,0,0,0,0,0,0,0,0,0,0,0,0,0,0,1,1,1,2,4,5,7,8,11,12,12,11,11,10,7,5,3,3,2,1,1,1,2,3,5,6,7,7,8,8,8,6,5,5,3,2,3,4,5,7,7,8,8,8,8,9,10,9,8,5,4,3,3,2,1,0,0,0,0,0,0,0,0,0,0,0,0,0,0,0,0,0,0,0,0,0,1,1,1,2,2,4,6,8,11,15,19,23,27,30,31,32,31,29,26,23,19,16,13,10,7,5,4,3,2,1,1,1,2,3,4,6,8,11,15,19,23,26,29,31,32,32,31,29,26,23,19,15,12,9,7,5,3,2,1,1,1,1,1,0,0,0,0,0,0,0,0,0,0,0,0,0,0,0,0,0,0,0,0,0,0,0,0,0,0,0,0,0,0,0,0,0,0,0,0,0,0,0,0,0,0,0,0,0,0,0,0,0,0,0,0,0,0,0,0,0,0,0,0,0,0,1,1,2,4,5,7,8,11,12,12,11,11,10,7,5,3,3,2,1,1,1,2,3,5,6,7,7,8,8,8,6,5,5,3,2,3,4,5,7,7,8,8,8,8,9,10,9,8,5,4,3,3,2,1,0,0,0,0,0,0,0,0,0,0,0,0,0,0,0,0,0,0,0,0,0,1,1,1,2,2,4,6,8,11,15,19,23,27,30,31,32,31,29,26,23,19,16,13,10,7,5,4,3,2,1,1,1,2,3,4,6,8,11,15,19,23,26,29,31,32,32,31,29,26,23,19,15,12,9,7,5,3,2,2,1,1,1,1,0,0
0,0,0,0,0,0,0,0,0,0,0,0,0,0,0,0,0,0,0,0,0,0,0,0,0,0,0,0,0,0,0,0,0,0,0,0,0,0,0,0,0,0,0,0,0,0,0,0,0,0,0,0,0,0,0,0,0,0,0,1,1,2,2,4,5,7,9,11,12,12,11,11,9,7,4,3,3,2,1,1,1,2,3,4,5,7,7,8,8,8,6,5,5,4,2,3,4,6,7,7,8,7,8,8,9,9,8,7,5,4,3,3,2,1,0,0,0,0,0,0,0,0,0,0,0,0,0,0,0,0,0,0,0,0,0,1,1,1,1,2,3,4,6,9,12,15,19,24,27,30,32,32,31,29,26,23,20,16,13,10,8,6,4,3,2,1,1,1,2,3,4,6,8,11,15,19,23,26,29,31,32,32,31,29,26,23,19,15,12,9,7,5,4,2,2,1,1,1,1,1,0,0,0,0,0,0,0,0,0,0,0,0,0,0,0,0,0,0,0,0,0,0,0,0,0,0,0,0,0,0,0,0,0,0,0,0,0,0,0,0,0,0,0,0,0,0,0,0,0,0,0,0,0,0,0,0,0,0,0,1,1,2,2,4,5,7,9,11,12,12,11,11,9,7,4,3,3,2,1,1,1,2,3,4,5,7,7,8,8,8,6,5,5,4,2,3,4,6,7,7,8,7,8,8,9,9,8,7,5,4,3,3,2,1,0,0,0,0,0,0,0,0,0,0,0,0,0,0,0,0,0,0,0,0,0,1,1,1,1,2,3,4,6,9,12,15,20,24,27,30,32,32,31,29,26,23,20,16,13,10,8,6,4,3,2,1,1,1,2,3,4,6,8,11,15,19,23,26,29,31,32,32,32,29,27,23,19,15,12,9,7,5,4,2,2,1,1,1,1,1
1,0,0,0,0,0,0,0,0,0,0,0,0,0,0,0,0,0,0,0,0,0,0,0,0,0,0,0,0,0,0,0,0,0,0,0,0,0,0,0,0,0,0,0,0,0,0,0,0,0,0,0,0,0,0,0,0,0,0,1,1,2,2,4,5,7,9,12,12,12,11,11,9,6,4,3,2,1,1,1,1,2,3,4,5,7,7,8,8,8,6,5,5,4,3,4,5,6,7,7,7,7,8,8,9,9,8,7,5,4,3,3,2,1,1,0,0,0,0,0,0,0,0,0,0,0,0,0,0,0,0,0,0,0,0,0,1,1,1,1,2,3,4,6,9,12,16,20,25,28,30,32,32,32,30,26,24,20,17,14,11,8,6,4,3,2,2,1,2,2,3,4,6,9,12,16,19,23,26,29,31,32,33,32,30,27,23,19,16,13,10,8,5,4,3,2,1,1,1,1,1,0,0,0,0,0,0,0,0,0,0,0,0,0,0,0,0,0,0,0,0,0,0,0,0,0,0,0,0,0,0,0,0,0,0,0,0,0,0,0,0,0,0,0,0,0,0,0,0,0,0,0,0,0,0,0,0,0,0,1,1,2,2,4,5,7,9,12,12,12,11,11,9,6,4,3,2,1,1,1,1,2,3,4,5,7,7,8,8,8,6,5,5,4,3,4,5,6,7,7,7,7,8,8,9,9,8,7,5,4,3,3,2,1,1,0,0,0,0,0,0,0,0,0,0,0,0,0,0,0,0,0,0,0,0,0,1,1,1,1,2,3,4,6,9,12,16,20,25,28,30,32,32,32,30,27,24,20,17,14,11,8,6,4,3,2,2,1,2,2,3,4,6,9,12,16,19,23,26,29,31,33,33,32,30,27,23,20,16,13,10,8,6,4,3,2,1,1,1,1
1,1,1,0,0,0,0,0,0,0,0,0,0,0,0,0,0,0,0,0,0,0,0,0,0,0,0,0,0,0,0,0,0,0,0,0,0,0,0,0,0,0,0,0,0,0,0,0,0,0,0,0,0,0,0,0,0,0,0,1,1,2,3,4,6,7,10,12,13,12,11,11,9,6,4,3,2,1,1,1,1,3,3,4,5,7,7,8,8,8,6,5,5,4,3,4,5,6,7,7,7,7,7,8,9,9,8,7,6,5,3,3,2,1,1,0,0,0,0,0,0,0,0,0,0,0,0,0,0,0,0,0,0,0,0,0,0,1,1,1,1,2,3,5,7,9,13,17,21,25,28,31,32,33,32,30,27,24,21,18,14,11,9,6,5,3,2,2,2,2,2,3,4,6,9,13,16,19,23,26,29,31,33,33,32,30,27,24,20,17,14,11,8,6,4,3,2,1,1,1,1,1,1,0,0,0,0,0,0,0,0,0,0,0,0,0,0,0,0,0,0,0,0,0,0,0,0,0,0,0,0,0,0,0,0,0,0,0,0,0,0,0,0,0,0,0,0,0,0,0,0,0,0,0,0,0,0,0,0,1,1,2,3,4,6,7,10,12,13,12,11,11,9,6,4,3,2,1,1,1,1,3,3,4,5,7,7,8,8,8,6,5,5,4,3,4,5,6,7,7,7,7,7,8,9,9,8,7,6,5,3,3,2,1,1,0,0,0,0,0,0,0,0,0,0,0,0,0,0,0,0,0,0,0,0,0,0,1,1,1,1,2,3,5,7,10,13,17,21,25,28,31,32,33,32,30,27,24,21,18,14,11,9,6,5,3,2,2,2,2,2,3,4,6,9,13,16,19,23,26,29,32,33,33,32,30,27,24,20,17,14,11,8,6,4,3,2,2,1,1
1,1,1,1,1,0,0,0,0,0,0,0,0,0,0,0,0,0,0,0,0,0,0,0,0,0,0,0,0,0,0,0,0,0,0,0,0,0,0,0,0,0,0,0,0,0,0,0,0,0,0,0,0,0,0,0,0,0,0,1,1,2,3,4,6,8,10,13,13,12,11,11,9,6,4,3,2,1,1,1,1,3,3,4,5,7,7,8,8,8,6,5,5,5,3,4,5,6,7,7,7,7,7,7,8,9,8,7,6,5,3,3,2,1,1,0,0,0,0,0,0,0,0,0,0,0,0,0,0,0,0,0,0,0,0,0,0,0,1,1,1,1,2,3,5,7,10,14,18,21,25,28,31,33,33,32,31,28,25,22,19,15,12,9,7,5,4,3,2,2,2,2,3,5,7,10,12,16,19,23,26,29,32,33,33,32,30,28,24,21,18,14,11,9,6,5,3,2,2,1,1,1,1,1,1,0,0,0,0,0,0,0,0,0,0,0,0,0,0,0,0,0,0,0,0,0,0,0,0,0,0,0,0,0,0,0,0,0,0,0,0,0,0,0,0,0,0,0,0,0,0,0,0,0,0,0,0,0,0,1,1,2,3,4,6,8,10,13,13,12,11,11,9,6,4,3,2,1,1,1,1,3,3,4,5,7,7,8,8,8,6,5,4,5,3,4,5,6,7,7,7,7,7,7,8,9,8,7,6,5,3,3,2,1,1,0,0,0,0,0,0,0,0,0,0,0,0,0,0,0,0,0,0,0,0,0,0,0,1,1,1,1,2,3,5,7,10,14,18,21,25,28,31,33,33,32,31,28,25,22,19,15,12,9,7,5,4,3,2,2,2,2,3,5,7,10,12,16,19,23,26,29,32,33,33,33,31,28,24,21,18,14,11,9,6,5,3,3,2,1
2,1,1,1,1,1,0,0,0,0,0,0,0,0,0,0,0,0,0,0,0,0,0,0,0,0,0,0,0,0,0,0,0,0,0,0,0,0,0,0,0,0,0,0,0,0,0,0,0,0,0,0,0,0,0,0,0,0,0,1,1,2,3,4,6,8,11,13,13,13,11,11,8,5,4,3,2,1,1,1,1,3,3,4,5,6,7,8,8,7,6,5,5,5,3,5,5,7,7,7,7,7,7,7,8,8,8,7,6,5,4,3,2,1,1,0,0,0,0,0,0,0,0,0,0,0,0,0,0,0,0,0,0,0,0,0,0,0,0,1,1,1,1,2,3,5,7,10,14,18,21,25,28,31,33,33,33,31,29,26,23,19,16,13,10,7,6,4,3,2,2,2,2,3,5,7,9,12,15,19,23,26,29,32,33,34,33,31,28,25,22,19,15,12,9,7,5,4,3,2,2,1,1,1,1,1,0,0,0,0,0,0,0,0,0,0,0,0,0,0,0,0,0,0,0,0,0,0,0,0,0,0,0,0,0,0,0,0,0,0,0,0,0,0,0,0,0,0,0,0,0,0,0,0,0,0,0,0,0,1,1,2,3,4,6,8,11,13,13,13,11,11,8,5,4,3,2,1,1,1,1,3,3,4,5,6,7,8,8,7,6,5,5,5,3,5,5,7,7,7,7,7,7,7,8,8,8,7,6,5,4,3,2,1,1,0,0,0,0,0,0,0,0,0,0,0,0,0,0,0,0,0,0,0,0,0,0,0,0,1,1,1,1,2,3,5,7,10,14,18,21,25,29,31,33,33,33,31,29,26,23,19,16,13,10,8,6,4,3,2,2,2,2,3,5,7,9,12,16,19,23,26,30,32,33,34,33,31,28,25,22,19,15,12,9,7,5,4,3,2
3,2,1,1,1,1,1,1,0,0,0,0,0,0,0,0,0,0,0,0,0,0,0,0,0,0,0,0,0,0,0,0,0,0,0,0,0,0,0,0,0,0,0,0,0,0,0,0,0,0,0,0,0,0,0,0,0,0,0,1,2,2,3,5,7,9,12,14,13,12,11,10,8,5,3,3,2,1,1,1,1,3,3,4,5,6,7,8,8,7,7,5,5,5,4,5,6,7,7,7,7,7,7,7,8,8,7,7,6,5,4,3,2,1,1,0,0,0,0,0,0,0,0,0,0,0,0,0,0,0,0,0,0,0,0,0,0,0,0,0,1,1,1,1,2,4,5,8,11,14,18,22,25,29,31,33,34,33,32,30,27,24,20,17,14,11,8,6,4,3,3,2,2,3,4,5,7,9,12,15,19,23,26,29,32,33,34,33,31,29,26,23,20,16,13,10,8,6,5,4,3,2,1,1,1,1,1,1,0,0,0,0,0,0,0,0,0,0,0,0,0,0,0,0,0,0,0,0,0,0,0,0,0,0,0,0,0,0,0,0,0,0,0,0,0,0,0,0,0,0,0,0,0,0,0,0,0,0,0,1,2,2,3,5,7,9,12,13,13,12,11,10,8,5,3,3,2,1,1,1,1,3,3,4,5,6,7,8,8,7,7,5,5,5,4,5,6,7,7,7,7,7,7,7,8,8,7,7,6,5,4,3,2,1,1,0,0,0,0,0,0,0,0,0,0,0,0,0,0,0,0,0,0,0,0,0,0,0,0,0,1,1,1,1,2,4,5,8,11,14,18,22,25,29,31,33,34,33,32,30,27,24,20,17,14,11,8,6,4,3,3,2,2,3,4,5,7,9,12,15,19,23,27,30,32,34,34,33,31,29,26,23,20,16,13,10,8,6,5,4
4,3,2,2,1,1,1,1,1,1,0,0,0,0,0,0,0,0,0,0,0,0,0,0,0,0,0,0,0,0,0,0,0,0,0,0,0,0,0,0,0,0,0,0,0,0,0,0,0,0,0,0,0,0,0,0,0,0,0,1,2,3,3,5,7,9,12,14,13,12,11,10,7,5,3,3,2,1,1,1,1,3,3,4,5,6,7,8,8,7,7,6,5,5,4,5,6,7,7,7,7,6,6,7,8,8,7,6,7,5,4,3,3,2,1,0,0,0,0,0,0,0,0,0,0,0,0,0,0,0,0,0,0,0,0,0,0,0,0,0,0,1,1,1,1,2,4,6,8,11,14,18,22,26,29,32,33,34,34,33,30,28,25,21,18,15,12,9,7,5,4,3,3,2,3,4,5,7,9,12,15,19,23,26,29,32,34,34,34,32,30,27,24,21,17,14,11,9,7,6,4,3,2,2,1,1,1,1,1,1,0,0,0,0,0,0,0,0,0,0,0,0,0,0,0,0,0,0,0,0,0,0,0,0,0,0,0,0,0,0,0,0,0,0,0,0,0,0,0,0,0,0,0,0,0,0,0,0,0,1,2,3,3,5,7,9,12,14,13,12,11,10,7,5,3,3,2,1,1,1,1,3,3,4,5,6,7,8,8,7,7,6,5,5,4,5,6,7,7,7,7,6,6,7,8,8,7,6,7,5,4,3,3,2,1,0,0,0,0,0,0,0,0,0,0,0,0,0,0,0,0,0,0,0,0,0,0,0,0,0,0,1,1,1,1,2,4,6,8,11,14,18,22,26,29,32,33,34,34,33,31,28,25,21,18,15,12,9,7,5,4,3,3,2,3,4,5,7,9,12,15,19,23,26,30,32,34,34,34,32,30,28,24,21,17,14,11,9,7,6
6,5,4,3,2,1,1,1,1,1,1,1,0,0,0,0,0,0,0,0,0,0,0,0,0,0,0,0,0,0,0,0,0,0,0,0,0,0,0,0,0,0,0,0,0,0,0,0,0,0,0,0,0,0,0,0,0,0,1,1,2,3,4,5,7,10,13,14,14,12,12,10,7,4,3,2,1,1,1,1,1,3,3,4,5,6,7,8,8,7,7,6,5,5,5,5,6,7,7,7,7,6,6,7,7,7,7,6,7,5,4,3,3,2,1,0,0,0,0,0,0,0,0,0,0,0,0,0,0,0,0,0,0,0,0,0,0,0,0,0,0,1,1,1,1,2,3,4,6,8,11,14,18,22,26,29,32,33,34,34,33,31,29,26,22,19,16,12,10,8,6,5,4,3,3,3,4,5,7,9,12,15,19,22,26,29,32,34,34,34,33,31,28,25,22,18,15,13,10,8,6,5,4,3,2,1,1,1,1,1,1,1,0,0,0,0,0,0,0,0,0,0,0,0,0,0,0,0,0,0,0,0,0,0,0,0,0,0,0,0,0,0,0,0,0,0,0,0,0,0,0,0,0,0,0,0,0,0,1,1,2,3,4,5,7,10,13,14,14,12,12,10,7,4,3,2,1,1,1,1,1,3,3,4,5,6,7,8,8,7,7,6,5,5,5,5,6,7,7,7,7,6,6,7,7,7,7,6,7,5,4,3,3,2,1,0,0,0,0,0,0,0,0,0,0,0,0,0,0,0,0,0,0,0,0,0,0,0,0,0,0,1,1,1,1,2,3,4,6,8,11,14,18,22,26,29,32,33,34,34,33,31,29,26,22,19,16,12,10,8,6,5,4,3,3,3,4,5,7,9,12,15,19,22,26,30,32,34,34,34,33,31,29,25,22,18,16,13,10,8
9,7,6,4,3,2,2,1,1,1,1,1,1,1,0,0,0,0,0,0,0,0,0,0,0,0,0,0,0,0,0,0,0,0,0,0,0,0,0,0,0,0,0,0,0,0,0,0,0,0,0,0,0,0,0,0,0,0,1,1,2,3,4,6,8,10,13,14,14,12,12,9,6,4,3,2,1,1,1,1,2,3,3,4,5,6,7,7,8,7,7,6,5,5,5,6,7,7,7,7,7,6,6,6,7,7,7,6,7,5,4,3,3,2,1,0,0,0,0,0,0,0,0,0,0,0,0,0,0,0,0,0,0,0,0,0,0,0,0,0,0,0,1,1,1,1,2,3,4,6,8,11,14,18,22,26,29,31,33,34,34,34,32,30,27,23,20,17,13,11,9,7,5,4,3,3,3,4,5,7,9,12,15,18,22,26,29,32,34,34,34,34,32,29,26,23,20,17,14,12,9,7,6,4,3,2,2,1,1,1,1,1,1,1,0,0,0,0,0,0,0,0,0,0,0,0,0,0,0,0,0,0,0,0,0,0,0,0,0,0,0,0,0,0,0,0,0,0,0,0,0,0,0,0,0,0,0,0,1,1,2,3,4,6,8,10,13,14,14,12,12,9,6,4,3,2,1,1,1,1,2,3,3,4,5,6,7,7,8,7,7,6,5,5,5,6,7,7,7,7,7,6,6,6,7,7,7,6,7,5,4,3,3,2,1,0,0,0,0,0,0,0,0,0,0,0,0,0,0,0,0,0,0,0,0,0,0,0,0,0,0,0,1,1,1,1,2,3,4,6,8,11,14,18,22,26,29,31,33,34,34,34,32,30,27,24,20,17,13,11,9,7,5,4,3,3,3,4,5,7,9,12,15,19,22,26,29,32,34,35,34,34,32,30,27,23,20,17,14,12
13,11,9,7,5,4,3,2,2,1,1,1,1,1,1,1,0,0,0,0,0,0,0,0,0,0,0,0,0,0,0,0,0,0,0,0,0,0,0,0,0,0,0,0,0,0,0,0,0,0,0,0,0,0,0,0,0,0,1,1,2,4,4,6,8,11,14,15,14,12,12,9,6,4,3,2,1,1,1,1,2,3,3,4,5,6,6,7,8,7,7,6,5,6,6,6,7,7,7,7,6,6,5,6,7,7,7,6,7,5,4,3,3,2,1,0,0,0,0,0,0,0,0,0,0,0,0,0,0,0,0,0,0,0,0,0,0,0,0,0,0,0,0,1,1,1,1,2,3,4,6,8,11,14,18,22,25,28,31,33,34,35,34,33,31,28,25,21,18,15,12,10,8,6,5,4,4,4,4,5,7,9,11,15,18,22,26,29,32,34,35,35,34,33,30,27,25,22,19,16,13,11,8,7,5,4,3,2,2,1,1,1,1,1,1,0,0,0,0,0,0,0,0,0,0,0,0,0,0,0,0,0,0,0,0,0,0,0,0,0,0,0,0,0,0,0,0,0,0,0,0,0,0,0,0,0,0,0,1,1,2,3,4,6,8,11,14,15,14,12,12,9,6,4,3,2,1,1,1,1,2,3,3,4,5,5,6,7,8,7,7,6,5,6,6,6,7,7,7,7,6,6,5,6,7,7,7,6,7,5,4,3,3,2,1,0,0,0,0,0,0,0,0,0,0,0,0,0,0,0,0,0,0,0,0,0,0,0,0,0,0,0,0,1,1,1,1,2,3,4,6,8,11,14,18,22,25,28,31,33,34,35,34,33,31,28,25,21,18,15,12,10,8,6,5,4,4,4,4,5,7,9,12,15,18,22,26,29,32,34,35,35,34,33,31,28,25,22,19,16
18,15,12,10,8,6,5,4,3,2,2,1,1,1,1,1,1,1,0,0,0,0,0,0,0,0,0,0,0,0,0,0,0,0,0,0,0,0,0,0,0,0,0,0,0,0,0,0,0,0,0,0,0,0,0,0,0,0,1,2,3,4,4,6,9,11,15,15,14,12,12,9,6,4,3,2,1,1,1,1,2,3,3,4,5,5,6,7,8,7,7,6,5,6,6,6,7,7,7,7,6,6,5,6,6,6,7,6,7,6,4,3,3,2,1,1,0,0,0,0,0,0,0,0,0,0,0,0,0,0,0,0,0,0,0,0,0,0,0,0,0,0,0,0,1,1,1,1,2,3,4,6,8,11,14,18,21,24,28,31,33,34,35,35,34,32,29,26,22,19,16,14,11,9,7,6,5,4,4,5,5,7,9,11,14,18,22,25,29,32,33,35,35,35,34,31,29,26,24,21,18,15,12,10,8,6,5,4,3,2,2,1,1,1,1,1,1,1,0,0,0,0,0,0,0,0,0,0,0,0,0,0,0,0,0,0,0,0,0,0,0,0,0,0,0,0,0,0,0,0,0,0,0,0,0,0,0,0,1,2,3,4,4,6,9,11,15,15,14,12,12,9,6,4,3,2,1,1,1,1,2,3,3,4,5,5,6,7,7,7,7,6,5,6,6,6,7,7,7,7,6,6,5,6,6,6,7,6,7,6,4,3,3,2,1,1,0,0,0,0,0,0,0,0,0,0,0,0,0,0,0,0,0,0,0,0,0,0,0,0,0,0,0,0,1,1,1,1,2,3,4,6,8,11,14,18,21,24,28,31,33,34,35,35,34,32,29,26,23,19,16,14,11,9,7,6,5,4,4,5,5,7,9,11,15,18,22,26,29,32,34,35,35,35,34,32,29,27,24,21
23,20,17,14,11,9,7,6,4,3,3,2,2,1,1,1,1,1,1,1,0,0,0,0,0,0,0,0,0,0,0,0,0,0,0,0,0,0,0,0,0,0,0,0,0,0,0,0,0,0,0,0,0,0,0,0,0,0,1,2,3,4,4,7,9,12,15,15,14,12,12,8,5,4,3,2,1,1,1,1,2,3,3,4,5,5,6,6,7,7,7,7,5,6,7,6,7,7,7,7,6,6,5,6,6,6,6,6,7,6,4,3,3,2,1,1,0,0,0,0,0,0,0,0,0,0,0,0,0,0,0,0,0,0,0,0,0,0,0,0,0,0,0,0,0,1,1,1,1,2,3,4,6,8,11,14,17,20,24,27,30,33,34,35,35,34,33,30,27,24,21,18,15,13,10,8,7,6,5,5,5,6,7,9,11,14,18,21,25,28,31,33,35,35,35,34,33,31,28,26,22,19,17,14,11,9,7,6,4,3,3,2,2,1,1,1,1,1,1,1,0,0,0,0,0,0,0,0,0,0,0,0,0,0,0,0,0,0,0,0,0,0,0,0,0,0,0,0,0,0,0,0,0,0,0,0,0,0,1,2,3,4,4,7,9,12,15,15,14,12,12,8,5,4,3,2,1,1,1,1,2,3,3,4,5,5,6,6,7,7,7,6,5,6,7,6,7,7,7,7,6,5,5,6,6,6,6,6,7,6,4,3,3,2,1,1,0,0,0,0,0,0,0,0,0,0,0,0,0,0,0,0,0,0,0,0,0,0,0,0,0,0,0,0,0,1,1,1,1,2,3,4,6,8,11,14,17,20,24,27,30,33,34,35,35,34,33,30,27,24,21,18,15,13,10,8,7,6,5,5,5,6,7,9,11,14,18,21,25,28,31,33,35,36,36,35,33,31,29,26
28,25,22,19,16,13,11,9,7,6,4,3,3,2,2,1,1,1,1,1,1,1,1,0,0,0,0,0,0,0,0,0,0,0,0,0,0,0,0,0,0,0,0,0,0,0,0,0,0,0,0,0,0,0,0,0,0,0,1,2,3,4,5,7,10,13,16,15,14,12,11,8,5,4,3,2,1,1,1,1,2,3,3,4,5,5,6,6,7,7,7,7,6,6,7,7,7,8,7,7,6,5,5,6,6,6,6,6,6,6,5,3,3,2,1,1,0,0,0,0,0,0,0,0,0,0,0,0,0,0,0,0,0,0,0,0,0,0,0,0,0,0,0,0,0,0,1,1,1,1,2,3,4,6,8,11,13,16,20,23,26,30,32,34,35,36,35,34,31,29,26,23,20,17,14,12,10,8,7,6,6,6,6,7,9,11,14,17,21,24,27,30,33,35,35,36,35,34,32,30,27,24,21,18,16,13,11,9,7,6,4,3,3,2,2,1,1,1,1,1,1,1,1,0,0,0,0,0,0,0,0,0,0,0,0,0,0,0,0,0,0,0,0,0,0,0,0,0,0,0,0,0,0,0,0,0,0,0,1,2,3,4,5,7,10,13,16,15,14,12,11,8,5,4,3,2,1,1,1,1,2,3,3,4,5,5,6,6,7,7,7,7,6,6,7,7,7,8,7,7,6,5,5,6,6,6,6,6,6,6,5,3,3,2,1,1,0,0,0,0,0,0,0,0,0,0,0,0,0,0,0,0,0,0,0,0,0,0,0,0,0,0,0,0,0,0,1,1,1,1,2,3,4,6,8,11,13,16,20,23,26,30,32,34,35,36,35,34,31,29,26,23,20,17,14,12,10,8,7,6,6,6,6,7,9,11,14,17,21,24,28,31,33,35,36,36,35,34,33,31
32,29,27,24,21,18,15,12,10,8,7,6,4,3,3,2,2,1,1,1,1,1,1,1,1,1,0,0,0,0,0,0,0,0,0,0,0,0,0,0,0,0,0,0,0,0,0,0,0,0,0,0,0,0,0,0,0,1,1,2,4,5,5,8,10,14,16,15,14,12,11,7,5,3,2,1,1,1,1,1,2,3,3,3,4,5,6,6,7,7,7,7,6,6,8,7,8,8,7,7,6,5,5,5,5,5,6,6,6,6,5,4,3,2,1,1,0,0,0,0,0,0,0,0,0,0,0,0,0,0,0,0,0,0,0,0,0,0,0,0,0,0,0,0,0,0,0,1,1,1,1,2,3,4,5,8,10,12,15,19,22,26,29,32,34,35,36,35,34,33,30,28,25,22,19,16,14,12,10,8,7,7,6,7,8,9,11,14,17,20,23,27,30,32,34,36,36,36,35,34,32,29,26,23,20,18,15,12,10,8,7,5,4,3,3,2,2,1,1,1,1,1,1,1,1,0,0,0,0,0,0,0,0,0,0,0,0,0,0,0,0,0,0,0,0,0,0,0,0,0,0,0,0,0,0,0,0,1,1,2,4,5,5,8,10,14,16,15,14,12,11,7,5,3,2,1,1,1,1,1,2,3,3,3,4,5,6,6,7,7,7,7,6,6,8,7,8,8,7,7,6,5,5,5,5,5,6,6,6,6,5,4,3,2,1,1,0,0,0,0,0,0,0,0,0,0,0,0,0,0,0,0,0,0,0,0,0,0,0,0,0,0,0,0,0,0,0,1,1,1,1,2,3,4,5,8,10,12,15,19,22,26,29,32,34,35,36,35,34,33,31,28,25,22,19,16,14,12,10,8,7,7,6,7,8,9,11,14,17,20,24,27,30,33,35,36,37,36,36,34
35,33,31,29,26,23,20,17,14,12,10,8,7,6,4,3,3,2,2,1,1,1,1,1,1,1,1,1,0,0,0,0,0,0,0,0,0,0,0,0,0,0,0,0,0,0,0,0,0,0,0,0,0,0,0,0,0,1,1,3,4,5,5,8,10,15,17,16,14,12,11,7,4,3,2,1,1,1,1,1,2,3,3,3,4,5,5,6,7,7,7,7,6,6,8,8,8,8,7,6,6,5,5,5,5,5,6,6,6,6,5,4,3,3,1,1,0,0,0,0,0,0,0,0,0,0,0,0,0,0,0,0,0,0,0,0,0,0,0,0,0,0,0,0,0,0,0,0,1,1,1,1,2,2,4,5,7,9,12,15,18,21,25,28,31,34,35,36,36,35,34,32,30,27,24,21,18,16,14,12,10,9,8,7,7,8,9,11,14,16,19,22,26,29,32,34,35,36,36,36,34,33,31,28,25,23,20,17,14,12,10,8,7,6,4,3,3,2,2,1,1,1,1,1,1,1,1,1,0,0,0,0,0,0,0,0,0,0,0,0,0,0,0,0,0,0,0,0,0,0,0,0,0,0,0,0,0,1,1,3,4,5,5,8,10,14,17,16,14,12,11,7,4,3,2,1,1,1,1,1,2,3,3,3,4,5,5,6,7,7,7,7,6,6,8,8,8,8,7,6,6,5,5,5,5,5,6,6,6,6,5,4,3,3,1,1,0,0,0,0,0,0,0,0,0,0,0,0,0,0,0,0,0,0,0,0,0,0,0,0,0,0,0,0,0,0,0,0,1,1,1,1,2,2,4,5,7,9,12,15,18,21,25,28,31,34,35,36,36,35,34,32,30,27,24,21,18,16,14,12,10,9,8,7,7,8,9,11,14,17,20,23,26,29,32,34,36,37,37,36
37,36,35,33,31,28,25,22,19,17,14,12,10,9,7,6,5,4,3,3,2,2,1,1,1,1,1,1,1,1,1,0,0,0,0,0,0,0,0,0,0,0,0,0,0,0,0,0,0,0,0,0,0,0,0,0,0,1,2,3,5,5,6,9,11,15,17,16,14,12,10,6,4,3,2,1,1,1,1,1,2,3,3,3,4,4,5,6,7,7,7,7,6,6,8,8,8,8,7,6,6,5,5,5,4,5,5,6,6,7,5,4,3,3,2,1,0,0,0,0,0,0,0,0,0,0,0,0,0,0,0,0,0,0,0,0,0,0,0,0,0,0,0,0,0,0,0,0,0,1,1,1,1,2,2,3,5,6,8,11,14,17,20,24,27,30,33,35,36,36,36,35,34,32,29,26,23,21,18,16,14,12,10,9,8,8,9,10,12,13,16,19,22,25,28,31,33,35,36,36,36,36,34,33,30,28,25,22,19,17,14,12,10,8,7,6,5,4,3,3,2,2,1,1,1,1,1,1,1,1,1,0,0,0,0,0,0,0,0,0,0,0,0,0,0,0,0,0,0,0,0,0,0,0,0,0,0,1,2,3,5,5,6,9,11,15,17,16,14,12,10,6,4,3,2,1,1,1,1,1,2,3,3,3,4,4,5,6,7,6,7,7,6,6,8,8,8,8,7,6,6,5,5,5,4,5,6,6,6,7,5,4,3,3,2,1,0,0,0,0,0,0,0,0,0,0,0,0,0,0,0,0,0,0,0,0,0,0,0,0,0,0,0,0,0,0,0,0,0,1,1,1,1,2,2,3,5,6,8,11,14,17,20,24,27,30,33,35,36,36,36,35,34,32,29,26,23,21,18,16,14,12,10,9,8,8,9,10,12,13,16,19,22,25,28,32,34,35,37,37
37,37,37,36,34,33,30,27,24,22,19,17,15,12,10,9,7,6,5,4,4,3,2,2,2,1,1,1,1,1,1,1,1,1,0,0,0,0,0,0,0,0,0,0,0,0,0,0,0,0,0,0,0,0,0,0,0,1,2,3,5,6,6,9,12,16,17,16,14,12,10,6,4,3,2,1,1,1,1,1,2,3,3,3,4,4,5,6,6,7,7,7,7,7,9,8,8,8,7,6,6,5,5,4,4,4,5,6,6,7,5,4,3,3,2,1,0,0,0,0,0,0,0,0,0,0,0,0,0,0,0,0,0,0,0,0,0,0,0,0,0,0,0,0,0,0,0,0,0,0,1,1,1,1,1,2,3,4,6,8,10,13,16,19,23,26,29,32,34,36,36,37,36,35,33,31,28,26,23,21,18,16,14,12,11,10,9,10,10,12,13,15,18,21,24,27,30,32,34,35,36,37,36,35,34,32,30,27,24,22,19,17,14,12,10,9,7,6,5,4,4,3,2,2,2,1,1,1,1,1,1,1,1,1,0,0,0,0,0,0,0,0,0,0,0,0,0,0,0,0,0,0,0,0,0,0,0,1,2,3,5,6,6,9,12,16,17,16,14,12,10,6,4,3,2,1,1,1,1,1,2,3,3,3,4,4,5,6,6,6,7,7,7,7,9,8,8,8,7,6,6,5,5,4,4,4,5,6,6,7,5,4,3,3,2,1,0,0,0,0,0,0,0,0,0,0,0,0,0,0,0,0,0,0,0,0,0,0,0,0,0,0,0,0,0,0,0,0,0,0,1,1,1,1,1,2,3,4,6,8,10,13,16,19,23,26,29,32,34,36,37,37,36,35,33,31,28,26,23,21,18,16,14,12,11,10,9,10,10,12,13,15,18,21,24,28,31,33,35,36
35,37,37,37,37,36,34,32,30,27,25,22,20,17,15,13,11,9,8,7,6,5,4,3,3,2,2,1,1,1,1,1,1,1,1,1,1,1,0,0,0,0,0,0,0,0,0,0,0,0,0,0,0,0,0,0,0,1,2,4,5,6,7,10,13,17,18,16,14,12,9,6,4,3,2,1,1,1,1,1,2,3,3,3,4,4,5,6,6,6,7,7,7,7,9,9,8,8,7,6,6,5,5,4,4,4,5,6,6,7,5,4,3,3,2,1,0,0,0,0,0,0,0,0,0,0,0,0,0,0,0,0,0,0,0,0,0,0,0,0,0,0,0,0,0,0,0,0,0,0,0,1,1,1,1,1,2,3,4,5,7,9,12,15,18,22,25,28,32,34,35,36,37,37,36,34,33,31,29,26,24,21,19,16,14,13,12,11,11,11,12,13,15,18,20,24,26,29,31,33,35,36,37,37,36,35,34,32,29,27,25,22,19,17,15,12,11,9,8,7,6,5,4,3,3,2,2,1,1,1,1,1,1,1,1,1,1,1,0,0,0,0,0,0,0,0,0,0,0,0,0,0,0,0,0,0,0,1,2,4,5,6,7,10,13,17,18,16,14,12,9,6,4,3,2,1,1,1,1,1,2,3,3,3,4,4,5,6,6,6,7,7,7,7,9,9,8,8,7,6,6,5,5,4,4,4,5,6,6,7,5,4,3,3,2,1,0,0,0,0,0,0,0,0,0,0,0,0,0,0,0,0,0,0,0,0,0,0,0,0,0,0,0,0,0,0,0,0,0,0,0,1,1,1,1,1,2,3,4,5,7,9,12,15,18,22,25,28,32,34,35,36,37,37,36,34,33,31,29,26,24,21,19,16,14,13,12,11,11,11,12,13,15,18,20,24,27,29,32,34
33,35,36,37,38,38,37,36,34,32,30,28,25,23,20,17,15,14,12,10,9,7,6,5,4,4,3,3,2,2,1,1,1,1,1,1,1,1,1,1,1,1,0,0,0,0,0,0,0,0,0,0,0,0,0,0,1,1,3,5,6,6,7,10,13,18,18,16,14,12,9,5,4,2,1,1,1,1,1,1,2,3,3,3,4,4,5,6,6,6,7,7,7,8,9,9,8,8,7,6,5,5,4,4,3,4,5,6,6,7,6,4,3,3,2,1,1,0,0,0,0,0,0,0,0,0,0,0,0,0,0,0,0,0,0,0,0,0,0,0,0,0,0,0,0,0,0,0,0,0,0,0,1,1,1,1,1,2,3,3,5,7,9,11,14,17,20,24,27,30,33,34,36,37,37,37,36,35,33,31,29,26,24,21,19,17,15,14,13,12,12,13,14,15,17,20,22,25,28,30,32,34,36,37,37,37,37,35,34,32,30,27,25,22,20,17,15,14,12,10,9,7,6,5,4,4,3,2,2,2,1,1,1,1,1,1,1,1,1,1,1,1,0,0,0,0,0,0,0,0,0,0,0,0,0,0,1,1,3,5,6,6,7,10,13,18,18,16,14,12,9,5,4,2,1,1,1,1,1,1,2,3,3,3,4,4,5,6,6,6,6,7,7,8,9,9,8,8,7,6,5,5,4,4,3,4,5,6,6,7,6,4,3,3,2,1,1,0,0,0,0,0,0,0,0,0,0,0,0,0,0,0,0,0,0,0,0,0,0,0,0,0,0,0,0,0,0,0,0,0,0,0,1,1,1,1,1,2,3,3,5,7,9,11,14,17,20,24,27,30,33,35,36,37,37,37,36,35,33,31,29,26,24,21,19,17,15,14,13,12,12,13,14,15,17,20,23,25,28,31
29,32,34,36,37,38,38,38,37,36,34,33,30,28,25,23,21,19,17,15,13,11,10,8,7,6,5,4,3,3,3,2,2,1,1,1,1,1,1,1,1,1,1,1,1,1,0,0,0,0,0,0,0,0,0,0,1,1,3,5,6,7,8,11,14,19,18,16,14,12,8,5,3,2,1,1,1,1,1,1,3,3,3,3,4,4,5,6,6,6,6,7,8,8,9,10,8,8,7,6,5,5,4,3,3,4,5,6,6,7,6,4,3,3,2,1,1,0,0,0,0,0,0,0,0,0,0,0,0,0,0,0,0,0,0,0,0,0,0,0,0,0,0,0,0,0,0,0,0,0,0,0,0,1,1,1,1,1,2,2,3,4,6,8,10,13,16,19,23,26,29,31,34,35,37,37,37,37,36,35,33,31,29,27,24,22,20,18,16,15,14,14,14,14,16,18,19,21,24,26,29,32,34,35,37,38,38,38,37,36,34,32,30,28,25,23,20,18,16,15,13,11,10,8,7,6,5,4,3,3,2,2,2,1,1,1,1,1,1,1,1,1,1,1,1,1,0,0,0,0,0,0,0,0,0,0,1,1,3,5,6,7,8,11,14,19,18,16,14,12,8,5,3,2,1,1,1,1,1,1,3,3,3,3,4,4,5,5,6,6,6,7,8,8,9,10,8,8,7,6,5,5,4,3,3,4,5,6,6,7,6,4,3,3,2,1,1,0,0,0,0,0,0,0,0,0,0,0,0,0,0,0,0,0,0,0,0,0,0,0,0,0,0,0,0,0,0,0,0,0,0,0,0,1,1,1,1,1,2,2,3,4,6,8,10,13,16,19,23,26,29,31,34,36,37,37,37,37,36,35,33,31,29,27,24,22,20,18,16,15,14,14,14,14,16,18,20,22,24,27
26,28,31,33,35,37,38,38,39,38,37,36,35,33,31,28,26,24,22,20,18,16,14,12,11,9,8,7,6,5,4,4,3,3,2,2,2,1,1,1,1,1,1,1,1,1,1,1,1,1,1,0,0,0,1,1,1,2,4,6,7,8,8,11,16,19,18,16,14,11,8,5,3,2,1,1,1,1,1,1,3,3,3,3,4,4,5,5,5,6,6,7,8,8,9,10,9,8,7,6,5,5,4,3,3,4,5,6,6,7,6,4,3,3,2,1,1,0,0,0,0,0,0,0,0,0,0,0,0,0,0,0,0,0,0,0,0,0,0,0,0,0,0,0,0,0,0,0,0,0,0,0,0,0,0,1,1,1,1,1,2,3,4,5,7,9,12,15,18,21,24,27,30,33,34,36,37,38,38,37,36,35,34,32,29,27,25,22,20,19,17,16,16,15,16,17,18,19,21,23,25,28,31,33,35,36,37,38,38,38,37,36,34,33,30,28,26,24,22,20,18,16,14,12,11,9,8,7,6,5,4,4,3,3,2,2,2,1,1,1,1,1,1,1,1,1,1,1,1,1,1,0,0,0,1,1,1,2,4,6,7,8,8,11,16,19,18,16,14,11,7,5,3,2,1,1,1,1,1,1,3,3,3,3,4,4,5,5,5,6,6,7,8,8,9,10,9,8,7,6,5,5,4,3,3,4,5,6,6,7,6,4,3,3,2,1,1,0,0,0,0,0,0,0,0,0,0,0,0,0,0,0,0,0,0,0,0,0,0,0,0,0,0,0,0,0,0,0,0,0,0,0,0,0,0,1,1,1,1,1,2,3,4,5,7,9,12,15,18,21,24,27,30,33,34,36,37,38,38,37,36,35,34,32,29,27,25,22,20,19,17,16,16,15,16,17,18,19,21,23
23,25,28,30,32,34,36,38,39,39,39,39,38,37,35,33,32,30,28,26,24,21,19,17,15,14,12,10,9,8,7,6,5,4,4,3,3,2,2,2,2,1,1,1,1,1,1,1,1,1,1,1,1,1,1,1,1,2,4,7,8,8,9,12,17,20,19,16,14,11,7,4,3,2,1,1,1,1,1,1,3,3,3,3,4,4,5,5,5,6,6,7,8,9,9,10,9,8,7,6,5,5,4,3,3,3,5,6,6,6,6,5,4,3,2,1,1,0,0,0,0,0,0,0,0,0,0,0,0,0,0,0,0,0,0,0,0,0,0,0,0,0,0,0,0,0,0,0,0,0,0,0,0,0,0,0,1,1,1,1,1,2,2,3,5,6,8,11,14,16,19,22,25,28,31,34,35,37,37,38,38,38,37,35,34,32,30,28,25,23,22,20,19,18,17,17,18,18,19,21,23,25,27,30,32,34,36,37,38,39,39,39,38,37,35,33,31,30,27,25,23,21,19,17,15,13,12,10,9,8,7,6,5,4,4,3,3,2,2,2,2,1,1,1,1,1,1,1,1,1,1,1,1,1,1,1,1,2,4,7,7,8,9,12,17,20,19,16,14,11,7,4,3,2,1,1,1,1,1,1,3,3,3,3,4,4,5,5,5,6,6,7,8,9,9,10,9,8,7,6,5,5,4,3,3,3,5,6,6,6,6,5,4,3,2,1,1,0,0,0,0,0,0,0,0,0,0,0,0,0,0,0,0,0,0,0,0,0,0,0,0,0,0,0,0,0,0,0,0,0,0,0,0,0,0,0,1,1,1,1,1,2,2,3,5,6,8,11,14,16,19,22,25,28,31,34,35,37,37,38,38,38,37,35,34,32,30,28,25,23,22,20,19,18,17,17,18,18,20,21
22,23,25,27,29,32,34,35,37,38,39,40,40,40,39,37,36,35,33,31,29,27,25,23,21,19,17,15,13,12,10,9,8,7,6,5,5,4,4,3,3,2,2,2,2,1,1,1,1,1,1,1,1,1,1,1,1,3,5,7,8,9,10,12,18,21,19,16,14,11,7,4,3,2,1,1,1,1,1,1,3,3,3,3,4,4,5,5,5,6,6,7,9,9,10,11,9,8,7,6,5,5,3,3,2,3,4,6,6,6,7,5,4,3,2,1,1,0,0,0,0,0,0,0,0,0,0,0,0,0,0,0,0,0,0,0,0,0,0,0,0,0,0,0,0,0,0,0,0,0,0,0,0,0,0,0,0,1,1,1,1,1,2,2,3,4,6,7,10,12,14,17,20,23,26,29,32,34,35,37,38,38,38,38,37,36,34,33,31,29,27,25,23,22,20,20,19,19,20,20,21,23,25,27,29,31,33,35,37,38,39,39,40,39,38,37,36,34,33,31,29,27,25,23,20,19,16,15,13,12,10,9,8,7,6,5,5,4,4,3,3,2,2,2,2,1,1,1,1,1,1,1,1,1,1,1,1,3,5,7,8,9,10,12,18,21,19,16,14,11,7,4,3,2,1,1,1,1,1,1,3,3,3,3,4,4,5,5,5,6,6,7,9,9,10,11,9,8,7,6,5,5,3,3,2,3,4,6,6,6,7,5,4,3,2,1,1,0,0,0,0,0,0,0,0,0,0,0,0,0,0,0,0,0,0,0,0,0,0,0,0,0,0,0,0,0,0,0,0,0,0,0,0,0,0,0,0,1,1,1,1,1,2,2,3,4,6,7,10,12,14,17,20,23,26,29,32,34,35,37,38,38,38,38,37,36,34,33,31,29,27,25,23,22,20,20,19,19,20,20
22,23,24,25,27,29,31,33,35,37,38,39,40,41,41,40,40,39,38,36,35,33,31,29,27,25,22,20,18,17,15,14,12,11,10,8,8,7,6,5,5,4,4,3,3,3,2,2,2,2,1,1,1,1,1,1,1,4,7,8,9,10,10,13,19,21,19,16,14,10,6,4,3,1,1,1,1,1,1,1,3,3,3,3,4,4,4,5,5,6,6,7,9,9,10,11,9,8,7,6,4,5,3,3,2,3,4,6,6,6,7,5,4,3,3,1,1,0,0,0,0,0,0,0,0,0,0,0,0,0,0,0,0,0,0,0,0,0,0,0,0,0,0,0,0,0,0,0,0,0,0,0,0,0,0,0,0,0,0,1,1,1,1,1,2,3,4,5,7,8,10,13,15,18,21,24,27,30,32,34,35,37,38,38,38,38,38,36,35,33,32,30,28,26,25,24,22,22,22,21,22,23,24,25,27,29,31,33,35,36,38,39,40,40,40,40,39,38,37,36,34,33,31,29,26,24,22,20,18,17,15,13,12,11,9,8,7,7,6,5,5,4,4,3,3,3,2,2,2,2,1,1,1,1,1,1,1,4,6,8,9,10,10,13,19,21,19,16,14,10,6,4,3,1,1,1,1,1,1,1,3,3,3,3,4,4,4,5,5,6,6,7,9,9,10,11,9,8,7,6,4,5,3,3,2,3,4,6,6,6,7,5,4,3,3,1,1,0,0,0,0,0,0,0,0,0,0,0,0,0,0,0,0,0,0,0,0,0,0,0,0,0,0,0,0,0,0,0,0,0,0,0,0,0,0,0,0,0,0,1,1,1,1,1,2,3,4,5,7,8,10,13,15,18,21,24,27,30,32,34,35,37,38,38,39,38,38,36,35,33,32,30,28,26,25,24,23,22,22,21
24,24,25,25,26,28,29,31,33,35,36,38,39,40,41,41,42,41,41,40,39,38,36,34,33,31,29,26,24,22,21,19,17,16,14,13,12,10,9,8,8,7,6,5,5,4,4,3,3,3,2,2,2,2,2,1,2,5,8,10,10,11,11,14,21,22,19,16,13,10,6,4,2,1,1,1,1,1,1,2,3,3,3,3,4,4,4,5,5,6,6,7,9,10,10,11,9,8,7,6,4,4,3,2,2,3,4,5,6,6,7,5,4,3,3,2,1,0,0,0,0,0,0,0,0,0,0,0,0,0,0,0,0,0,0,0,0,0,0,0,0,0,0,0,0,0,0,0,0,0,0,0,0,0,0,0,0,0,0,0,1,1,1,1,1,2,2,3,4,6,7,9,11,14,16,19,22,24,27,29,32,34,36,37,38,39,39,39,38,37,36,35,33,31,30,28,27,26,25,24,24,24,24,25,26,27,29,31,33,34,36,37,39,40,41,41,41,41,41,40,39,37,36,34,32,30,28,26,24,22,21,19,17,16,14,12,11,10,9,8,8,7,6,5,5,4,4,3,3,3,2,2,2,2,2,1,2,5,8,10,10,11,11,14,21,22,19,16,13,10,6,4,2,1,1,1,1,1,1,2,3,3,3,3,4,4,4,5,5,6,6,7,9,10,10,11,9,8,7,6,4,4,3,2,2,3,4,5,6,6,7,5,4,3,3,2,1,0,0,0,0,0,0,0,0,0,0,0,0,0,0,0,0,0,0,0,0,0,0,0,0,0,0,0,0,0,0,0,0,0,0,0,0,0,0,0,0,0,0,0,1,1,1,1,1,2,2,3,4,6,7,9,11,14,16,19,22,24,27,29,32,34,36,37,38,39,39,39,38,37,36,35,33,31,30,28,27,26,25,24
27,27,27,27,27,28,29,30,32,33,35,36,38,39,41,41,42,43,43,43,42,42,41,39,38,36,34,33,31,29,27,25,23,22,20,18,17,15,14,13,12,11,9,9,8,7,6,6,5,5,4,4,3,3,3,3,4,7,10,11,12,12,12,16,22,23,19,16,13,9,6,4,2,1,1,1,1,1,1,2,3,3,3,3,4,4,4,5,5,6,7,7,10,10,10,11,10,8,7,6,4,4,3,2,2,2,4,5,6,6,7,5,4,3,3,2,1,0,0,0,0,0,0,0,0,0,0,0,0,0,0,0,0,0,0,0,0,0,0,0,0,0,0,0,0,0,0,0,0,0,0,0,0,0,0,0,0,0,0,0,0,1,1,1,1,1,1,2,3,4,5,6,8,10,12,14,17,19,22,24,27,29,32,34,35,37,38,39,39,39,39,38,37,35,34,33,32,30,29,28,27,27,26,26,27,27,29,30,32,33,34,36,37,39,40,41,42,42,43,42,42,41,40,39,37,36,34,32,30,29,27,25,23,21,20,18,16,15,14,12,11,11,9,9,8,7,6,6,5,5,4,4,3,3,3,2,4,7,10,11,12,12,12,16,22,23,19,16,13,9,6,4,2,1,1,1,1,1,1,2,3,3,3,3,4,4,4,5,5,6,6,7,10,10,10,11,10,8,7,6,4,4,3,2,2,2,4,5,6,6,7,5,4,3,3,2,1,0,0,0,0,0,0,0,0,0,0,0,0,0,0,0,0,0,0,0,0,0,0,0,0,0,0,0,0,0,0,0,0,0,0,0,0,0,0,0,0,0,0,0,0,1,1,1,1,1,1,2,3,4,5,6,8,10,12,14,17,19,22,24,27,29,32,34,35,37,38,39,39,39,39,38,37,35,34,33,32,30,29,28
32,31,30,30,30,30,30,30,32,33,34,35,36,38,40,41,42,43,44,44,44,44,44,43,42,41,40,38,37,35,34,32,30,28,26,24,23,21,20,18,17,16,14,13,12,11,10,9,8,8,7,6,6,5,5,4,6,9,12,13,14,14,13,18,24,23,19,16,13,9,5,4,2,1,1,1,1,1,1,2,3,3,3,4,4,4,4,5,5,6,7,7,10,10,11,11,10,8,7,6,4,4,3,2,2,2,4,5,6,6,7,6,4,3,3,2,1,1,0,0,0,0,0,0,0,0,0,0,0,0,0,0,0,0,0,0,0,0,0,0,0,0,0,0,0,0,0,0,0,0,0,0,0,0,0,0,0,0,0,0,0,0,0,1,1,1,1,1,2,2,3,4,5,6,8,10,12,14,17,19,22,24,27,29,32,34,35,37,38,39,39,39,39,38,37,37,36,34,34,32,31,31,30,29,29,29,30,30,31,32,33,34,36,38,39,40,42,42,43,44,44,44,43,43,42,41,39,38,36,35,33,32,30,28,26,24,22,21,19,18,17,15,14,13,12,11,10,9,8,8,7,6,6,5,5,4,6,9,12,13,14,14,13,18,24,23,19,16,13,9,5,4,2,1,1,1,1,1,1,2,3,3,3,4,4,4,4,5,5,6,7,7,10,10,11,11,10,8,7,6,4,4,3,2,2,2,4,5,6,6,7,6,4,3,3,2,1,1,0,0,0,0,0,0,0,0,0,0,0,0,0,0,0,0,0,0,0,0,0,0,0,0,0,0,0,0,0,0,0,0,0,0,0,0,0,0,0,0,0,0,0,0,0,1,1,1,1,1,2,2,3,4,5,6,8,10,12,14,17,19,22,24,27,29,32,34,35,37,38,39,39,39,39,38,38,37,36,35,34,33
36,35,34,33,33,32,32,32,33,33,34,35,36,37,39,40,41,42,43,44,45,45,46,46,46,45,44,43,42,41,40,38,36,35,33,31,30,28,26,25,23,22,20,19,17,16,15,14,13,12,11,10,9,9,8,7,9,13,15,16,16,16,15,20,25,24,20,16,12,9,5,4,2,1,1,1,1,1,1,2,3,3,3,4,4,4,4,5,5,6,7,8,10,11,11,11,10,8,7,5,5,4,3,2,2,2,4,5,6,6,7,6,4,3,3,2,1,1,0,0,0,0,0,0,0,0,0,0,0,0,0,0,0,0,0,0,0,0,0,0,0,0,0,0,0,0,0,0,0,0,0,0,0,0,0,0,0,0,0,0,0,0,0,0,1,1,1,1,1,1,2,2,3,4,5,7,9,10,12,14,17,19,21,24,26,29,31,34,35,37,38,39,39,39,39,39,39,38,37,36,35,34,34,33,33,32,32,32,33,33,34,34,36,37,38,39,41,42,43,44,44,45,45,45,45,44,44,43,42,41,39,38,36,34,33,31,29,28,26,24,23,22,20,19,17,16,15,14,13,12,11,10,9,8,8,7,9,12,15,16,16,16,15,20,25,24,20,16,12,9,5,4,2,1,1,1,1,1,1,2,3,3,3,4,4,4,4,5,5,6,7,8,10,11,11,11,10,8,7,5,5,4,3,2,2,2,4,5,6,6,7,6,4,3,3,2,1,1,0,0,0,0,0,0,0,0,0,0,0,0,0,0,0,0,0,0,0,0,0,0,0,0,0,0,0,0,0,0,0,0,0,0,0,0,0,0,0,0,0,0,0,0,0,0,1,1,1,1,1,1,2,2,3,4,5,7,9,10,12,14,17,19,21,24,26,29,31,34,35,37,38,39,39,39,39,39,39,38,37,36
39,38,38,37,36,36,35,35,35,35,35,36,37,37,39,40,41,42,43,44,45,46,47,47,48,48,47,47,47,46,45,44,43,41,40,38,37,35,34,32,30,29,27,26,24,23,21,20,18,17,16,15,14,13,12,11,14,17,19,19,19,18,17,23,27,25,20,16,12,9,5,4,2,1,1,1,1,1,2,2,3,4,3,4,4,4,4,5,5,6,7,8,10,11,11,11,11,8,7,5,5,4,3,2,2,2,3,5,6,7,7,6,4,4,3,2,1,1,0,0,1,0,0,0,0,0,0,0,0,0,0,0,0,0,0,0,0,0,0,0,0,0,0,0,0,0,0,0,0,0,0,0,0,0,0,0,0,0,0,0,0,0,0,0,0,1,1,1,1,1,1,1,2,3,4,5,6,7,8,10,12,14,16,19,21,24,26,29,31,33,34,36,37,38,39,39,40,40,39,39,38,38,37,37,36,35,35,35,35,35,35,35,36,37,38,39,40,42,43,44,44,45,46,47,47,47,47,47,46,46,45,44,42,41,39,38,36,35,33,32,30,29,27,25,24,23,21,20,18,17,16,15,14,13,12,11,13,17,19,19,19,18,17,23,27,25,20,16,12,9,5,4,2,1,1,1,1,1,2,2,3,4,3,4,4,4,4,5,5,6,7,8,10,12,11,11,11,8,7,5,5,4,3,2,2,2,3,5,6,7,7,6,4,4,3,2,1,1,0,0,1,0,0,0,0,0,0,0,0,0,0,0,0,0,0,0,0,0,0,0,0,0,0,0,0,0,0,0,0,0,0,0,0,0,0,0,0,0,0,0,0,0,0,0,0,1,1,1,1,1,1,1,2,3,4,5,6,7,8,10,12,14,16,19,21,24,26,29,31,33,34,36,37,38,39,39,40,40,39,39
40,40,40,40,39,39,38,38,38,38,38,38,38,39,39,40,41,42,43,44,45,46,47,48,49,49,50,50,50,50,49,49,48,47,46,45,44,42,41,39,38,36,35,33,32,30,29,27,26,24,23,22,20,19,18,17,19,22,24,24,23,22,20,26,29,26,20,16,12,9,6,4,3,2,2,2,2,2,2,3,4,4,4,4,4,4,4,5,5,6,7,8,11,12,12,11,11,9,7,6,5,4,3,2,2,2,3,5,6,7,7,7,5,4,3,2,1,1,1,1,1,1,1,1,1,1,1,1,1,1,1,1,1,1,1,1,1,1,1,1,1,1,1,1,1,1,1,1,1,1,1,1,1,0,0,0,0,0,0,0,0,0,0,1,1,1,1,1,1,1,1,1,1,2,2,3,4,5,6,7,8,10,12,14,16,18,21,23,26,28,30,32,34,35,36,38,39,39,39,40,40,40,40,39,39,38,38,38,38,37,37,37,38,38,39,40,41,42,43,44,44,46,46,47,48,49,49,49,49,49,49,48,48,47,46,44,43,42,40,39,37,36,34,33,32,30,29,27,25,24,23,21,20,19,18,16,19,22,24,23,22,21,20,26,29,26,20,16,12,9,6,4,3,2,2,2,2,2,2,3,4,4,4,4,4,4,4,5,5,6,7,8,11,12,12,11,11,9,7,6,5,4,3,2,2,2,3,5,6,7,7,7,5,4,3,2,1,1,1,1,1,1,1,1,1,1,1,1,1,1,1,1,1,1,1,1,1,1,1,1,1,1,1,1,1,1,1,1,1,1,1,1,1,0,0,0,0,0,0,0,0,0,0,1,1,1,1,1,1,1,1,1,1,2,2,3,4,5,6,7,8,10,12,14,16,18,21,23,26,28,30,32,34,35,36,38,39,39,40,40
40,40,41,41,41,41,41,40,40,40,40,40,40,41,41,41,42,43,44,44,45,46,47,48,50,50,51,52,52,52,52,52,52,52,51,51,50,49,48,47,45,44,43,41,40,38,37,35,34,32,31,29,28,27,25,24,27,29,30,29,27,26,24,30,32,27,21,16,12,10,7,5,4,3,3,3,2,3,3,4,4,5,5,5,5,5,4,5,5,6,8,9,11,13,13,12,12,9,8,6,5,4,3,2,2,3,4,5,6,7,7,7,5,4,4,3,2,1,1,1,1,1,1,1,1,1,1,1,1,1,1,1,1,1,1,1,1,1,1,1,1,1,1,1,1,1,1,1,1,1,1,1,1,1,1,1,1,1,1,1,1,1,1,1,1,1,1,1,1,1,1,1,1,1,1,2,2,3,4,4,6,7,8,10,12,14,16,18,20,23,25,27,29,31,33,34,36,37,38,39,39,40,40,40,41,40,40,40,40,40,40,40,40,40,41,41,42,43,43,44,45,46,47,48,49,50,50,51,52,52,52,52,52,51,51,50,49,48,47,46,45,44,42,41,40,38,37,35,34,32,31,29,28,26,25,24,26,29,30,29,27,26,24,30,32,27,21,16,12,10,7,5,4,3,3,3,2,3,3,4,4,5,5,5,5,5,4,5,5,6,8,9,11,13,13,12,12,9,8,6,5,4,3,2,2,3,4,5,6,7,7,7,5,4,4,3,2,1,1,1,1,1,1,1,1,1,1,1,1,1,1,1,1,1,1,1,1,1,1,1,1,1,1,1,1,1,1,1,1,1,1,1,1,1,1,1,1,1,1,1,1,1,1,1,1,1,1,1,1,1,1,1,1,1,1,2,2,3,4,4,6,7,8,10,12,14,16,18,20,23,25,27,29,31,33,34,36,37,38,39
37,38,39,40,41,41,41,42,42,42,42,42,42,43,43,43,44,44,45,45,46,47,48,49,50,51,52,53,54,54,55,55,55,55,56,55,55,55,54,53,52,51,50,49,48,47,45,44,42,41,40,38,37,35,34,33,35,37,37,35,33,31,29,34,34,28,22,17,13,11,8,6,5,4,4,4,4,4,4,5,5,6,6,6,6,6,5,6,6,7,9,10,12,14,14,13,13,10,8,7,6,4,3,2,2,3,4,6,7,8,8,8,6,5,4,3,2,1,1,1,1,1,1,1,1,1,1,1,1,1,1,1,1,1,1,1,1,1,1,1,1,1,1,1,1,1,1,1,1,1,1,1,1,1,1,1,1,1,1,1,1,1,1,1,1,1,1,1,1,1,1,1,1,1,1,2,2,2,3,3,4,5,6,7,8,10,11,13,15,17,19,21,23,26,28,30,32,33,34,36,37,38,39,40,40,41,41,41,42,42,42,42,42,42,43,43,43,44,45,45,46,47,47,49,50,50,51,52,53,54,54,55,55,55,55,55,54,54,53,52,51,51,50,49,48,47,45,44,42,41,39,38,36,35,33,32,35,36,36,35,33,31,29,34,34,28,22,17,13,11,8,6,5,4,4,4,4,4,4,5,5,6,6,6,6,6,5,6,6,7,9,10,12,14,14,13,13,10,8,7,6,4,3,2,2,3,4,6,7,8,8,8,6,5,4,3,2,1,1,1,1,1,1,1,1,1,1,1,1,1,1,1,1,1,1,1,1,1,1,1,1,1,1,1,1,1,1,1,1,1,1,1,1,1,1,1,1,1,1,1,1,1,1,1,1,1,1,1,1,1,1,1,1,1,1,2,2,2,3,3,4,5,6,7,8,10,11,13,15,17,19,21,23,26,28,30,32,33,34,36
33,35,36,38,39,40,40,41,42,42,43,43,44,44,44,45,45,46,46,47,47,48,49,50,51,52,53,54,55,55,56,57,57,58,59,59,59,59,59,59,58,58,57,56,55,55,54,53,51,50,49,48,46,45,44,42,45,46,44,42,40,37,35,39,37,30,24,18,15,12,10,8,7,6,6,6,6,6,6,7,7,8,7,7,7,7,7,7,7,9,10,12,14,16,15,14,14,12,9,8,7,5,4,3,3,4,5,6,8,9,8,9,7,6,5,4,3,2,2,2,2,2,2,2,2,2,2,2,2,2,2,2,2,2,2,2,2,2,2,2,2,2,2,1,1,1,1,1,1,1,1,1,1,1,1,1,1,1,1,1,1,1,1,1,1,1,1,1,1,1,1,1,1,1,2,2,2,2,2,3,3,4,4,5,6,7,8,10,11,13,15,17,18,20,23,25,27,28,30,31,33,34,36,37,38,39,40,41,42,42,42,43,43,44,44,44,45,45,46,46,47,48,48,49,50,51,52,53,54,55,56,56,57,57,58,58,58,58,58,58,57,57,57,56,55,54,53,52,51,50,48,47,46,44,43,41,44,45,44,42,39,37,34,39,37,30,24,18,15,12,10,8,7,6,6,6,6,6,6,7,7,8,7,7,7,7,7,7,7,9,10,12,14,16,15,14,14,12,9,8,7,5,4,3,3,4,5,6,8,9,8,9,7,6,5,4,3,2,2,2,2,2,2,2,2,2,2,2,2,2,2,2,2,2,2,2,2,2,2,2,2,2,2,1,1,1,1,1,1,1,1,1,1,1,1,1,1,1,1,1,1,1,1,1,1,1,1,1,1,1,1,1,1,1,2,2,2,2,2,3,3,4,4,5,6,7,8,10,11,13,15,17,18,21,23,25,27,28,30,32
29,30,32,34,35,37,38,39,40,41,42,43,44,44,45,45,46,47,47,48,48,49,50,51,52,53,54,54,56,56,57,58,59,60,61,62,62,63,63,63,63,63,63,62,62,62,61,61,60,59,58,57,56,55,54,53,55,55,52,50,47,44,41,44,40,32,25,20,17,15,12,10,9,9,8,8,8,8,8,9,9,10,10,10,9,9,9,9,9,10,12,14,16,18,17,16,16,14,11,10,9,7,6,5,4,5,6,8,9,10,10,10,9,7,6,6,5,4,3,3,3,3,3,3,3,3,3,3,3,3,3,3,3,3,3,3,3,3,3,3,3,3,3,3,3,2,2,2,2,2,2,2,2,2,2,2,2,2,2,2,2,2,2,2,2,2,2,2,2,2,2,2,2,2,2,2,2,3,3,3,3,3,4,4,5,6,7,8,9,10,11,13,15,16,18,20,22,23,25,27,29,30,32,34,35,36,38,39,40,41,42,43,43,44,44,45,46,46,47,47,48,49,49,50,51,52,53,54,55,56,57,58,59,59,60,61,61,62,62,62,62,62,62,62,62,61,61,60,59,58,57,56,55,54,53,52,54,54,52,49,46,44,41,44,40,32,25,20,17,15,12,10,9,9,8,8,8,8,8,9,9,10,10,10,9,9,9,9,9,10,12,14,16,18,17,16,16,14,11,10,9,7,6,5,4,5,6,8,9,10,10,10,9,7,6,6,5,4,3,3,3,3,3,3,3,3,3,3,3,3,3,3,3,3,3,3,3,3,3,3,3,3,3,3,3,2,2,2,2,2,2,2,2,2,2,2,2,2,2,2,2,2,2,2,2,2,2,2,2,2,2,2,2,2,2,2,2,3,3,3,3,3,4,4,5,6,7,8,9,10,11,13,15,16,18,20,22,24,25,27
25,26,28,30,32,33,35,36,38,39,40,41,42,43,44,45,46,47,47,48,49,50,50,52,53,53,54,55,56,57,58,59,60,61,63,64,65,65,66,66,66,67,67,67,67,67,67,67,67,67,66,66,65,65,64,63,65,64,61,58,54,51,49,50,43,34,27,22,20,17,15,13,12,12,11,11,11,11,11,12,12,13,13,12,12,12,12,11,12,13,15,17,18,21,20,19,18,17,14,12,11,9,8,7,7,7,8,10,11,12,12,12,11,10,9,8,7,6,5,5,5,5,5,5,5,5,5,5,5,5,5,5,5,5,5,5,5,5,5,5,5,5,4,4,4,4,4,4,4,4,4,4,4,4,4,4,4,4,4,4,4,4,4,4,4,4,4,4,4,4,4,4,4,4,4,4,4,4,4,4,4,4,5,5,5,6,6,7,8,9,10,11,12,13,15,17,18,20,21,23,24,26,28,30,31,33,34,36,37,39,40,41,42,43,44,45,45,46,47,48,48,49,50,51,52,53,54,55,56,57,58,59,60,61,62,63,64,64,65,65,66,66,67,67,67,67,67,67,67,66,66,65,64,63,63,62,64,63,60,57,54,51,48,50,43,34,27,22,20,17,15,13,12,12,11,11,11,11,11,12,12,13,13,12,12,12,12,11,12,13,15,17,18,21,20,19,18,17,14,12,11,9,8,7,7,7,8,10,11,12,12,13,11,10,9,8,7,6,5,5,5,5,5,5,5,5,5,5,5,5,5,5,5,5,5,5,5,5,5,5,5,5,4,4,4,4,4,4,4,4,4,4,4,4,4,4,4,4,4,4,4,4,4,4,4,4,4,4,4,4,4,4,4,4,4,4,4,4,4,4,4,4,5,5,5,6,6,7,8,9,10,11,12,13,15,17,18,20,21,23
22,23,25,27,28,30,31,33,35,36,37,39,40,42,43,44,45,46,47,48,49,50,51,52,53,54,55,56,57,58,59,60,61,62,64,65,66,67,68,68,69,70,70,71,71,72,72,73,73,73,73,73,73,73,73,73,74,72,68,65,62,59,56,55,45,36,29,25,22,20,18,16,16,15,15,15,14,14,15,16,16,16,16,16,15,15,15,15,16,17,18,21,22,25,24,22,21,20,17,16,14,12,11,10,10,10,11,12,14,15,15,15,14,13,12,11,10,9,8,8,8,8,8,8,8,8,8,8,8,8,8,8,8,8,8,8,8,8,8,8,7,7,7,7,7,7,7,7,7,7,7,7,6,6,6,6,6,6,6,6,6,6,6,6,6,6,6,6,6,6,6,6,6,6,6,6,6,6,6,6,6,6,7,7,7,7,8,8,9,9,10,11,11,12,14,15,16,17,18,20,21,23,25,26,28,29,31,33,34,36,37,39,40,41,42,44,44,45,46,47,48,49,50,51,52,53,54,55,56,57,58,59,61,62,63,64,65,66,67,67,68,69,70,70,71,72,72,73,73,73,73,72,72,72,71,71,73,71,67,65,61,58,56,55,45,36,29,25,23,20,18,16,16,15,15,15,14,14,15,16,16,16,16,16,15,15,15,15,16,17,19,21,22,25,24,22,21,20,17,16,14,12,11,10,10,10,11,12,14,15,15,15,14,13,12,11,10,9,8,8,8,8,8,8,8,8,8,8,8,8,8,8,8,8,8,8,8,8,8,8,7,7,7,7,7,7,7,7,7,7,7,7,6,6,6,6,6,6,6,6,6,6,6,6,6,6,6,6,6,6,6,6,6,6,6,6,6,6,6,6,6,6,7,7,7,7,8,8,9,9,10,11,11,12,14,15,16,17,18,20
20,22,23,25,26,28,29,31,32,34,35,37,38,40,41,42,43,44,46,47,48,49,50,52,53,54,55,56,57,58,59,60,62,63,65,66,67,68,69,70,71,72,73,73,74,75,76,77,78,79,79,80,80,81,81,81,81,79,75,72,68,66,63,60,48,38,31,28,26,23,21,20,19,19,19,18,18,18,19,20,19,20,20,20,19,19,19,19,20,21,23,25,26,29,28,27,25,25,21,20,18,16,14,14,14,14,15,16,17,19,19,19,18,17,16,15,14,13,12,12,12,12,12,12,12,12,12,12,12,12,12,12,12,12,12,12,12,12,12,11,11,11,11,11,11,10,10,10,10,10,10,10,10,10,10,10,10,10,10,9,9,9,10,10,9,9,9,9,9,9,9,9,10,9,9,10,10,10,10,10,10,10,10,10,10,10,10,11,11,11,12,12,13,13,14,15,16,17,18,19,20,21,23,24,26,27,29,31,32,34,35,36,38,39,41,42,43,44,45,46,48,49,50,51,52,53,54,55,57,58,59,60,61,63,64,65,66,67,68,69,70,71,72,73,74,75,76,77,77,78,78,79,79,79,79,79,80,78,74,71,68,65,63,60,48,38,31,28,26,23,21,20,19,19,18,18,18,18,19,20,19,20,20,20,19,19,19,19,20,21,23,25,26,29,28,27,25,25,21,20,18,16,14,14,14,14,15,16,17,19,19,19,18,17,16,15,14,13,12,12,12,12,12,12,12,12,12,12,12,12,12,12,12,12,12,12,12,12,12,11,11,11,11,11,11,10,10,10,10,10,10,10,10,10,10,10,10,10,10,9,9,9,9,9,9,9,9,9,9,9,9,9,9,9,10,10,10,10,10,10,10,10,10,10,10,10,10,11,11,11,12,12,13,14,14,15,16,17,18,19
21,22,23,25,26,27,28,30,31,33,34,35,37,38,40,41,42,43,45,46,47,49,50,51,52,54,55,56,57,58,59,61,62,64,65,67,68,69,70,71,72,73,74,75,77,78,79,80,82,83,84,85,86,87,88,88,88,85,81,78,74,72,69,64,50,39,33,30,28,26,24,23,23,22,22,22,22,22,22,24,24,24,24,24,24,24,24,23,24,25,27,30,31,33,33,32,30,29,26,25,23,21,19,18,18,18,19,20,22,23,24,24,23,21,21,20,19,18,17,17,17,17,17,17,17,17,17,17,17,17,17,17,17,17,17,17,17,17,16,16,16,16,16,15,15,15,15,15,15,15,15,15,14,14,14,14,14,14,14,14,14,14,14,14,14,14,14,14,14,14,14,14,14,14,14,14,14,14,14,14,14,14,14,14,14,14,14,15,15,15,15,15,16,16,17,18,18,19,19,20,21,22,23,24,25,27,28,30,31,32,34,35,36,38,39,41,42,43,44,46,47,48,49,51,52,53,54,55,57,58,59,60,62,63,64,66,67,68,69,70,71,72,74,75,76,77,79,80,81,82,83,84,85,85,86,86,87,84,80,77,74,71,69,64,50,39,33,30,28,26,24,23,23,22,22,22,22,22,22,24,24,24,24,24,24,24,24,23,24,25,27,30,31,33,33,32,30,29,26,25,23,21,19,18,18,18,19,20,22,23,24,24,23,21,21,20,19,18,17,17,17,17,17,17,17,17,17,17,17,17,17,17,17,17,17,17,17,17,16,16,16,16,16,15,15,15,15,15,15,15,15,15,14,14,14,14,14,14,14,14,14,14,14,14,14,14,14,14,14,14,14,14,14,14,14,14,14,14,14,14,14,14,14,14,14,14,14,15,15,15,15,15,16,16,17,18,18,19,19,20
24,25,26,27,28,29,30,31,32,33,34,35,37,38,39,41,42,43,44,46,47,48,49,51,52,53,55,56,57,58,60,61,62,64,66,67,68,70,71,72,73,74,76,77,78,79,81,83,84,86,87,89,90,92,93,94,93,90,86,82,79,77,75,67,51,41,35,32,31,29,27,26,26,26,25,25,25,26,26,28,27,28,28,28,28,28,28,28,29,30,32,34,36,38,38,36,35,34,31,30,28,26,24,23,23,23,24,25,27,28,29,29,29,27,26,26,25,24,23,23,23,23,23,23,23,23,23,23,23,23,23,23,23,23,22,22,22,22,22,22,22,21,21,21,21,21,21,20,20,20,20,20,20,20,20,20,19,19,19,19,19,19,19,19,19,19,19,19,19,19,19,19,19,19,19,19,19,19,19,19,19,19,19,19,19,20,20,20,20,20,20,20,20,21,21,22,22,23,23,24,24,25,26,26,27,28,29,31,32,33,34,35,36,38,39,40,41,43,44,45,47,48,49,50,51,53,54,55,57,58,59,61,62,64,65,66,67,68,70,71,72,73,75,76,78,79,81,82,84,85,86,87,89,90,91,92,91,88,84,81,78,76,74,67,51,41,35,32,31,29,27,26,26,25,25,25,25,26,26,27,27,28,28,29,28,28,28,28,29,30,32,34,36,38,38,36,35,34,31,30,28,26,24,23,23,23,24,25,27,28,29,29,29,27,26,26,25,24,23,23,23,23,23,23,23,23,23,23,23,23,23,23,23,22,22,22,22,22,22,22,21,21,21,21,21,21,21,20,20,20,20,20,20,20,20,20,19,19,19,19,19,19,19,19,19,19,19,19,19,19,19,19,19,19,19,19,19,19,19,19,19,19,19,19,19,19,20,20,20,20,20,20,20,21,21,22,22,23,23,24
29,29,30,30,31,32,33,33,34,35,36,37,38,39,40,42,43,43,45,46,47,49,50,51,52,54,55,56,57,58,60,61,63,65,66,67,69,70,71,73,74,75,76,78,79,80,82,84,86,88,89,91,93,95,96,98,96,93,89,85,82,80,79,69,52,42,36,34,33,31,29,28,28,28,28,28,28,29,29,31,31,31,32,32,32,32,32,32,33,34,36,39,41,42,42,41,39,39,36,34,32,30,29,28,28,28,29,30,32,33,34,34,34,32,32,31,31,30,29,28,28,28,28,28,28,28,28,28,28,28,28,28,28,28,28,28,28,28,28,27,27,27,27,27,27,26,26,26,26,26,26,26,26,26,26,25,25,25,25,25,25,25,25,25,25,25,25,25,25,25,25,25,25,25,25,25,25,25,25,25,25,25,25,25,25,25,25,25,26,26,26,26,26,26,27,27,27,28,28,28,29,29,30,30,31,31,32,33,34,35,36,37,38,39,40,41,42,43,44,46,47,48,49,50,52,53,54,56,57,58,59,61,62,64,65,67,68,69,70,71,73,74,76,77,79,80,82,84,85,87,88,90,91,93,94,95,95,91,88,84,82,80,78,69,52,42,36,34,33,31,29,28,28,28,28,28,28,29,29,31,31,31,32,32,32,32,32,32,33,34,36,39,41,42,42,41,39,39,36,34,32,30,29,28,28,28,29,30,32,33,34,34,34,32,32,31,31,30,29,28,28,28,28,28,28,28,28,28,28,28,28,28,28,28,28,28,28,28,28,27,27,27,27,27,27,26,26,26,26,26,26,26,26,26,26,25,25,25,25,25,25,25,25,25,25,25,25,25,25,25,25,25,25,25,25,25,25,25,25,25,25,25,25,25,25,25,25,25,26,26,26,26,26,26,27,27,27,28,28,28
34,34,34,35,35,36,36,37,37,38,39,40,40,41,42,43,44,45,46,47,48,49,50,51,53,54,55,56,58,59,60,62,63,65,66,68,69,70,71,73,74,75,77,78,80,81,83,85,87,89,90,93,95,97,98,100,98,94,90,87,85,83,81,69,52,42,37,35,34,32,30,30,30,30,30,30,31,31,32,33,34,34,34,35,35,35,35,35,36,38,40,43,45,46,46,45,43,42,40,38,36,34,33,33,33,33,34,34,36,37,38,38,39,37,36,36,36,35,34,34,33,34,33,33,33,33,33,33,33,33,33,33,33,33,33,33,33,33,33,33,33,33,32,32,32,32,32,32,32,32,32,32,32,32,31,31,31,31,31,31,31,31,31,31,31,31,31,31,31,31,31,31,31,31,31,31,31,31,31,31,31,31,31,31,31,31,31,31,31,31,31,31,32,32,32,33,33,33,33,33,34,34,34,34,35,35,36,37,37,38,39,39,40,41,42,43,44,44,45,47,48,49,50,51,52,53,55,56,57,58,60,61,63,64,65,67,68,69,70,72,73,74,76,78,79,81,83,84,86,88,90,91,93,95,96,98,96,93,89,86,84,82,81,69,52,42,37,35,34,32,30,30,30,30,30,30,31,31,32,33,34,34,34,35,35,35,35,35,36,38,40,43,45,46,46,45,43,42,40,38,36,34,33,33,33,33,34,34,36,37,38,38,39,37,36,36,36,35,34,34,33,34,34,33,33,33,33,33,33,33,33,33,33,33,33,33,33,33,33,33,33,33,32,32,32,32,32,32,32,32,32,32,32,31,31,31,31,31,31,31,31,31,31,31,31,31,31,31,31,31,31,31,31,31,31,31,31,31,31,31,31,31,31,31,31,31,31,31,31,31,31,32,32,32,32,33,33,33,33,34
39,39,39,39,39,40,40,41,41,41,42,43,43,44,44,45,46,47,47,48,49,50,51,52,53,55,56,57,58,59,60,62,63,65,66,68,69,70,72,73,74,75,77,78,80,81,83,85,87,89,91,93,95,97,99,101,98,95,91,88,85,84,83,69,52,42,38,36,34,33,31,31,31,31,31,32,32,33,34,35,35,36,36,37,37,37,37,37,38,40,42,45,47,48,49,48,46,45,43,41,39,38,36,36,36,36,37,38,39,41,42,42,43,41,40,40,40,39,38,37,37,37,37,37,37,37,37,37,37,37,37,37,37,37,37,37,37,37,37,37,37,37,36,36,36,36,36,36,36,36,36,36,36,36,36,36,36,36,36,36,36,36,36,36,36,36,36,36,36,36,36,36,36,36,36,36,36,36,36,36,36,36,36,36,36,36,36,36,36,36,36,36,36,37,37,37,37,38,38,38,38,38,39,39,39,39,40,40,41,41,42,42,43,43,44,45,46,46,47,48,49,50,51,52,53,54,55,56,58,59,60,62,63,64,66,67,68,69,70,72,73,75,76,78,80,81,83,85,87,88,90,92,94,95,97,98,97,93,90,87,85,83,82,69,52,42,38,36,34,33,31,31,31,31,31,32,32,33,34,35,35,36,36,37,37,37,37,37,38,40,42,45,47,48,49,48,46,45,43,41,39,38,36,36,36,36,37,38,39,41,42,42,43,41,40,40,40,39,38,37,37,37,37,37,37,37,37,37,37,37,37,37,37,37,37,37,37,37,37,37,37,37,37,36,36,36,36,36,36,36,36,36,36,36,36,36,36,36,36,36,36,36,36,36,36,36,36,36,36,36,36,36,36,36,36,36,36,36,36,36,36,36,36,36,36,36,36,36,36,36,36,36,36,37,37,37,37,38,38,38
42,42,42,42,42,43,43,43,44,44,44,45,45,46,46,47,47,48,49,50,50,51,52,53,54,55,56,57,58,59,61,62,63,65,66,68,69,70,71,73,74,75,77,78,80,81,83,84,86,88,90,92,94,97,99,100,97,94,90,87,85,83,82,67,51,42,38,35,34,32,31,31,31,31,31,32,32,33,34,35,36,36,37,38,38,38,38,38,39,41,43,46,48,48,50,49,47,46,45,42,41,39,38,38,38,38,39,39,41,42,44,44,45,43,42,42,42,41,40,39,39,39,39,39,39,39,39,39,39,39,39,39,39,39,39,39,39,39,39,39,39,39,39,39,39,39,39,39,39,39,39,39,39,39,39,39,39,39,39,39,39,39,39,39,39,39,39,39,39,39,39,39,39,39,39,39,39,39,39,39,39,39,39,39,39,39,39,39,39,39,39,40,40,40,40,41,41,41,41,41,42,42,42,42,42,42,43,43,43,43,44,44,45,45,46,46,47,48,48,49,50,51,51,52,53,54,55,57,58,59,60,62,63,64,66,67,68,69,70,72,73,74,76,78,79,81,82,84,86,88,89,91,93,95,96,98,96,92,89,86,84,83,82,67,51,42,38,35,34,33,31,31,31,31,31,32,32,33,34,35,36,36,37,38,38,38,38,38,39,41,43,46,48,49,50,49,47,46,45,42,41,39,38,38,38,38,39,39,41,42,44,44,45,44,42,42,42,41,40,39,39,39,39,39,39,39,39,39,39,39,39,39,39,39,39,39,39,39,39,39,39,39,39,39,39,39,39,39,39,39,39,39,39,39,39,39,39,39,39,39,39,39,39,39,39,39,39,39,39,39,39,39,39,39,39,39,39,39,39,39,39,39,39,39,39,39,39,39,39,39,39,40,40,40,40,41,41,41,41,41
43,43,43,43,44,44,44,44,45,45,45,45,46,46,47,47,48,48,49,50,51,51,52,53,54,55,56,57,58,59,60,62,63,65,66,67,68,70,71,72,73,75,76,77,79,80,82,83,85,87,89,91,93,95,97,98,95,91,88,85,83,82,81,65,50,41,37,35,34,32,30,30,30,30,30,31,31,32,33,35,35,36,36,37,37,37,37,37,38,40,42,45,48,48,49,48,47,45,45,42,40,39,38,38,38,38,39,39,41,42,44,44,45,44,42,42,42,41,40,39,39,39,39,39,39,39,39,39,39,39,39,39,39,39,39,39,39,39,39,39,40,40,40,40,40,40,40,40,40,40,40,40,40,40,40,40,41,41,41,41,41,41,41,41,41,41,41,41,41,41,41,41,41,41,41,41,41,41,41,41,41,41,41,41,41,41,41,41,41,41,41,41,41,41,42,42,42,42,42,43,43,43,43,43,43,43,44,44,44,44,45,45,45,46,46,47,47,48,49,49,50,51,52,53,53,54,55,57,58,59,60,61,63,64,65,67,67,68,70,71,72,74,75,77,78,80,81,83,85,86,88,90,91,93,95,96,94,90,87,84,82,81,80,65,50,41,37,35,34,32,30,30,30,30,30,31,31,32,33,34,35,36,36,37,37,37,37,37,38,40,42,45,48,48,49,48,47,45,45,42,40,39,38,38,38,38,39,39,41,42,44,44,45,44,43,42,42,41,40,39,39,39,39,39,39,39,39,39,39,39,39,39,39,39,39,39,39,39,39,39,40,40,40,40,40,40,40,40,40,40,40,40,40,40,40,40,41,41,41,41,41,41,41,41,41,41,41,41,41,41,41,41,41,41,41,41,41,41,41,41,41,41,41,41,41,41,41,41,41,41,41,41,41,41,42,42,42,42,42,43
42,42,42,42,42,43,43,43,43,44,44,45,45,45,46,47,47,48,48,49,50,51,52,53,54,55,56,57,58,59,60,61,62,64,65,67,68,69,70,71,72,74,75,76,77,78,80,81,83,84,86,88,90,91,93,94,91,88,84,82,80,79,78,61,48,40,35,33,32,30,29,28,28,28,29,29,30,31,32,33,34,34,34,35,35,35,35,35,36,38,40,43,45,45,47,46,44,43,43,40,38,37,36,36,36,36,37,38,39,41,42,42,43,42,40,40,40,39,38,37,37,37,37,37,37,37,37,37,37,37,37,37,37,37,37,37,37,37,37,37,38,38,38,38,38,38,38,38,38,38,38,38,39,39,39,39,39,39,39,39,39,39,39,39,39,39,39,39,39,39,39,39,39,39,39,39,39,39,39,39,39,39,39,39,39,39,39,39,39,39,40,40,40,40,40,40,41,41,41,41,42,42,42,42,42,42,42,43,43,43,44,44,44,45,45,46,47,47,48,49,50,50,51,52,53,54,55,56,57,58,60,61,62,63,65,66,67,68,69,70,71,73,74,76,77,78,80,81,83,84,85,87,88,90,91,92,90,86,83,81,79,78,77,61,48,40,35,33,32,30,29,28,28,28,29,29,30,31,32,33,34,34,34,35,35,35,35,35,36,38,40,43,45,45,47,46,44,43,43,40,38,37,36,36,36,36,37,37,39,41,42,42,43,42,40,40,40,39,38,37,37,37,37,37,37,37,37,37,37,37,37,37,37,37,37,37,37,37,37,37,37,38,38,38,38,38,38,38,38,38,38,38,39,39,39,39,39,39,39,39,39,39,39,39,39,39,39,39,39,39,39,39,39,39,39,39,39,39,39,39,39,39,39,39,39,39,39,39,39,39,40,40,40,40,40,40,41,41,41,41
39,39,39,39,39,40,40,40,41,41,42,42,43,43,44,45,45,46,47,48,49,50,51,52,53,54,55,56,57,58,59,60,61,63,64,66,67,68,69,70,71,72,73,74,75,76,77,78,80,81,82,84,85,87,88,89,86,82,79,77,75,74,73,57,45,38,34,31,30,28,26,26,26,26,26,27,27,28,29,30,31,31,31,32,32,32,32,32,33,34,36,39,42,42,43,42,41,39,39,36,34,33,33,32,33,33,33,34,35,37,38,39,39,39,37,36,36,35,34,34,33,33,33,33,33,33,33,33,33,33,33,33,33,33,33,33,33,34,34,34,34,34,34,34,34,34,34,34,34,34,35,35,35,35,36,36,36,36,36,36,36,36,36,36,36,36,36,36,36,36,36,36,36,36,36,36,36,36,36,36,36,36,36,36,36,36,36,36,36,36,36,36,36,37,37,37,37,37,38,38,38,38,39,39,39,39,40,40,40,41,41,42,42,43,44,44,45,46,46,47,48,49,50,51,52,53,54,55,57,58,59,60,61,62,64,65,66,67,68,69,70,71,72,74,75,76,77,78,79,80,81,83,84,85,86,87,85,81,78,76,75,73,73,57,45,38,34,31,30,28,26,26,26,26,26,27,27,28,29,30,31,31,31,32,32,32,32,32,33,34,36,39,42,42,43,43,41,39,39,36,34,33,33,33,33,33,33,34,35,37,38,39,39,39,37,36,36,35,34,34,33,33,33,33,33,33,33,33,33,33,33,33,33,33,33,33,33,34,34,34,34,34,34,34,34,34,34,34,34,34,35,35,35,35,35,36,36,36,36,36,36,36,36,36,36,36,36,36,36,36,36,36,36,36,36,36,36,36,36,36,36,36,36,36,36,36,36,36,36,36,36,36,36,37,37,37,37,37,38,38
34,34,34,35,35,35,36,37,37,38,38,39,40,41,42,42,43,44,45,46,47,48,49,50,52,53,54,55,56,57,58,59,60,62,63,64,65,66,67,68,69,69,70,71,72,72,73,74,75,76,77,78,79,80,82,82,79,76,73,71,70,68,68,52,42,35,31,29,27,25,23,23,23,23,23,23,24,25,26,27,27,27,28,28,28,28,27,27,28,30,32,35,37,37,38,38,37,34,35,32,30,29,28,28,28,28,29,30,31,33,34,34,34,34,32,31,31,30,29,28,28,28,28,28,28,28,28,28,28,28,28,28,28,28,28,28,28,28,28,29,29,29,29,29,29,29,29,29,29,30,30,30,30,30,31,31,31,31,31,31,31,31,31,31,31,31,31,31,31,31,31,31,31,31,31,31,31,31,31,31,31,31,31,31,31,31,31,31,31,31,31,31,32,32,32,32,32,33,33,33,34,34,34,34,35,35,36,36,37,37,38,39,39,40,41,42,43,44,45,46,47,48,49,50,51,52,53,54,56,57,58,59,60,61,62,63,64,65,66,67,68,69,70,71,71,72,73,74,75,75,76,77,78,79,80,81,78,75,72,70,69,68,67,52,42,35,31,29,27,25,23,23,23,23,23,23,24,25,26,27,27,27,28,28,28,28,27,27,28,30,32,35,37,37,38,38,36,34,35,32,30,29,28,28,28,28,29,30,31,33,34,34,34,34,32,31,31,30,29,28,28,28,28,28,28,28,28,28,28,28,28,28,28,28,28,28,28,28,28,29,29,29,29,29,29,29,29,29,29,30,30,30,30,30,31,31,31,31,31,31,31,31,31,31,31,31,31,31,31,31,31,31,31,31,31,31,31,31,31,31,31,31,31,31,31,31,31,31,31,31,31,32,32,32,32,32,32,33,33,33
29,29,30,30,31,31,32,33,34,34,35,36,37,38,39,40,41,43,44,45,46,47,48,49,51,52,53,54,55,56,57,58,59,60,61,62,63,64,64,65,66,66,67,67,67,68,68,69,69,70,71,71,72,73,73,74,71,68,66,64,63,62,61,46,38,33,28,26,24,22,20,20,19,19,19,20,20,21,22,23,23,24,24,23,24,23,23,23,23,26,28,30,32,33,34,33,32,30,30,27,25,24,23,23,23,23,24,25,26,27,29,29,29,29,27,26,25,25,24,23,22,22,22,22,22,22,22,22,22,22,22,22,22,22,22,22,22,23,23,23,23,23,23,23,23,23,24,24,24,24,24,24,24,25,25,25,25,25,25,25,25,25,25,25,25,25,25,25,25,25,25,25,25,25,25,25,25,25,25,25,25,25,25,25,25,25,25,25,26,26,26,26,26,26,26,27,27,27,28,28,28,29,29,30,30,31,32,33,34,34,35,36,37,38,39,40,41,42,43,44,45,47,48,49,50,51,52,53,55,55,56,57,58,59,60,61,62,63,63,64,65,66,66,67,67,67,68,68,69,69,70,70,71,71,72,72,70,67,65,64,62,61,60,46,38,33,28,26,24,22,20,20,19,19,19,20,20,21,22,23,23,24,24,23,24,23,23,23,24,26,28,31,32,33,34,33,32,30,30,27,25,24,23,23,23,23,24,25,26,27,29,29,29,29,27,26,25,25,24,23,22,22,22,22,22,22,22,22,22,22,22,22,22,22,22,22,22,23,23,23,23,23,23,23,23,23,24,24,24,24,24,24,24,25,25,25,25,25,25,25,25,25,25,25,25,25,25,25,25,25,25,25,25,25,25,25,25,25,25,25,25,25,25,25,25,25,25,25,26,26,26,26,26,26,26,27,27,27,28,28
24,25,25,26,27,28,29,30,31,32,34,35,36,37,38,40,41,42,43,44,45,46,48,49,50,51,52,53,54,54,55,56,56,57,58,59,60,60,61,61,62,62,62,62,62,62,62,62,62,63,63,63,64,64,64,65,61,60,58,56,55,54,53,40,35,30,26,23,21,19,17,16,16,16,16,16,16,17,19,19,19,20,19,19,19,19,18,18,19,21,23,26,27,28,28,29,27,25,25,23,20,19,18,18,18,18,18,20,20,22,23,24,24,24,22,21,20,20,18,17,17,17,17,17,17,17,17,17,17,17,17,17,17,17,17,17,17,17,17,17,17,17,17,18,18,18,18,18,18,18,18,18,19,19,19,19,19,19,19,19,19,19,19,19,19,19,19,19,19,19,19,19,19,19,19,19,19,19,19,19,19,19,19,19,19,19,20,20,20,20,20,20,20,21,21,21,22,22,23,23,24,25,25,26,27,28,29,30,31,32,33,34,35,37,38,39,40,41,42,44,45,46,47,48,49,50,51,52,53,54,55,55,56,57,58,58,59,59,60,60,61,61,61,62,62,62,62,62,62,62,62,62,63,63,63,63,61,59,57,56,55,53,53,40,35,30,26,23,21,19,17,16,16,16,16,16,17,17,19,19,19,20,19,19,19,19,18,18,19,21,23,26,27,28,28,29,27,25,25,23,20,19,18,18,18,18,18,19,20,22,23,24,24,24,22,21,20,20,18,17,17,17,17,17,17,17,17,17,17,17,17,17,17,17,17,17,17,17,17,17,17,17,17,18,18,18,18,18,18,18,18,18,19,19,19,19,19,19,19,19,19,19,19,19,19,19,19,19,19,19,19,19,19,19,19,19,19,19,19,19,19,19,19,19,19,19,20,20,20,20,20,20,20,21,21,21,22,22,23,23
21,22,23,24,25,26,28,29,30,32,33,34,36,37,38,40,41,42,43,44,45,46,47,49,49,50,51,52,52,53,53,53,54,54,55,55,56,56,56,56,56,56,56,55,55,55,55,54,54,54,54,54,54,54,54,54,51,50,49,48,47,46,45,35,31,27,23,20,18,16,14,13,13,12,12,13,13,14,15,15,16,16,16,15,15,15,14,14,15,17,19,21,23,24,24,24,23,21,20,19,16,14,14,13,13,13,14,15,16,17,18,19,19,19,17,16,15,15,14,13,12,12,12,12,12,12,12,12,12,12,12,12,12,12,12,12,12,12,12,12,12,12,12,13,13,13,13,13,13,13,13,13,13,13,14,14,14,14,14,14,14,14,14,14,14,14,14,14,14,14,14,14,14,14,14,14,14,14,14,14,14,14,14,14,14,14,14,14,15,15,15,15,16,16,17,17,18,18,19,20,21,22,23,24,25,26,27,29,30,31,33,34,35,37,38,39,40,42,43,44,45,46,47,48,49,50,50,51,52,52,53,53,53,54,54,54,55,55,55,55,56,55,55,55,55,55,54,54,54,54,54,53,53,53,53,53,51,50,49,48,47,45,45,35,31,27,23,20,18,16,14,13,13,12,12,13,13,14,15,15,16,16,16,15,15,15,14,14,15,17,19,21,23,24,24,24,23,21,20,19,16,14,14,13,13,13,14,15,16,17,18,19,19,19,17,16,15,15,14,13,12,12,12,12,12,12,12,12,12,12,12,12,12,12,12,12,12,12,12,12,12,12,12,13,13,13,13,13,13,13,13,13,13,13,14,14,14,14,14,14,14,14,14,14,14,14,14,14,14,14,14,14,14,14,14,14,14,14,14,14,14,14,14,14,14,14,14,14,15,15,15,15,16,16,17,17,18,18,19,20
20,21,22,24,25,27,28,30,31,33,34,36,37,38,40,41,42,43,44,45,45,46,47,48,49,49,49,50,50,50,50,50,50,50,50,50,50,50,50,50,50,49,48,48,47,47,46,46,45,45,45,45,44,44,44,44,41,41,41,40,39,38,37,30,28,24,20,17,15,13,11,10,10,9,9,9,10,10,12,12,12,12,12,12,12,11,10,10,11,13,15,18,19,20,20,21,19,18,16,15,12,11,10,10,9,10,10,11,12,13,14,16,15,15,14,12,12,11,10,9,8,8,8,8,8,8,8,8,8,8,8,8,8,8,8,8,8,8,8,8,8,8,8,8,9,9,9,9,9,9,9,9,9,9,9,9,9,9,9,9,9,9,10,10,9,9,9,9,9,9,9,9,10,9,9,10,10,10,10,10,10,10,10,10,10,10,10,11,11,11,12,12,13,13,14,15,15,16,17,18,20,21,22,24,25,26,28,30,31,32,34,35,37,38,39,40,41,42,43,44,45,46,47,47,48,49,49,49,49,50,50,49,49,49,49,49,49,49,49,49,49,49,48,48,47,47,46,46,45,45,44,44,44,43,43,43,41,40,40,40,39,38,37,30,28,24,20,17,15,13,11,10,10,9,9,9,10,10,12,12,12,12,12,12,12,11,10,10,11,13,15,18,19,20,20,21,19,18,16,15,12,11,10,10,9,10,10,11,12,13,14,16,15,15,14,12,12,11,10,9,8,8,8,8,8,8,8,8,8,8,8,8,8,8,8,8,8,8,8,8,8,8,8,8,9,9,9,9,9,9,9,9,9,9,9,9,9,9,9,9,9,9,9,9,9,9,9,9,9,9,9,9,9,9,10,10,10,10,10,10,10,10,10,10,10,10,10,11,11,11,12,12,13,13,14,15,16,17,18,19
21,22,24,26,27,29,30,32,34,35,36,38,39,40,41,42,43,44,44,45,45,46,46,46,47,47,47,47,46,46,46,45,45,45,44,44,44,44,43,43,42,42,41,40,39,38,38,37,36,36,36,35,35,34,34,34,32,32,33,33,32,31,30,25,24,22,18,15,13,11,9,7,7,7,7,7,7,8,9,9,10,10,10,9,9,8,8,7,9,10,13,15,16,18,17,18,16,15,13,12,9,8,7,7,6,6,7,8,8,10,11,12,12,12,11,9,9,8,7,6,5,5,5,5,5,5,5,5,5,5,5,5,5,5,5,5,5,5,5,5,5,5,5,5,5,5,5,5,5,6,6,6,6,6,6,6,6,6,6,6,6,6,6,6,6,6,6,6,6,6,6,6,6,6,6,6,6,6,6,6,6,6,7,7,7,7,7,8,8,9,10,10,11,12,13,14,15,17,18,19,21,22,24,25,27,29,30,32,34,35,36,37,39,40,41,42,43,43,44,44,45,45,46,46,46,46,46,46,46,46,45,45,45,44,44,43,43,43,43,42,42,41,40,40,39,38,38,37,36,36,35,35,34,34,33,33,32,32,32,32,32,31,30,25,24,22,18,15,13,11,9,7,7,7,7,7,7,8,9,9,10,10,10,9,9,8,8,7,9,10,13,15,16,18,17,18,16,15,13,12,9,8,7,7,6,6,7,8,8,10,11,12,12,12,11,9,9,8,7,6,5,5,5,5,5,5,5,5,5,5,5,5,5,5,5,5,5,5,5,5,5,5,5,5,5,5,5,5,5,6,6,6,6,6,6,6,6,6,6,6,6,6,6,6,6,6,6,6,6,6,6,6,6,6,6,6,6,6,6,6,6,6,7,7,7,7,8,8,8,9,10,10,11,12,13,14,16,17,18,19
24,25,27,29,31,32,34,35,37,38,39,40,41,42,42,43,43,44,44,44,44,44,44,44,44,43,43,42,41,41,40,39,39,38,38,37,37,36,36,35,35,34,33,32,31,30,29,29,28,28,27,27,26,26,25,25,24,25,26,26,25,24,24,21,21,20,16,13,11,9,7,5,5,5,5,5,5,6,7,7,7,7,8,7,7,6,6,5,7,8,11,13,14,15,15,15,14,13,11,10,7,6,5,4,4,4,4,5,6,7,9,10,10,10,9,7,7,6,5,4,3,3,3,3,3,3,3,3,3,3,3,3,3,3,3,3,3,3,3,3,3,3,3,3,3,3,3,3,3,3,3,3,4,4,4,4,4,4,4,4,4,4,4,4,4,4,4,4,4,4,4,4,4,4,4,4,4,4,4,4,4,4,5,5,5,6,6,7,8,9,9,11,12,13,14,16,17,19,20,22,24,25,27,29,30,32,33,35,36,37,39,40,40,41,42,43,43,43,43,43,43,43,43,43,43,43,42,42,41,41,40,39,39,38,37,37,36,36,35,35,34,34,33,32,31,30,29,29,28,28,27,26,26,25,25,24,23,24,25,26,25,24,23,21,21,20,16,13,11,9,7,5,5,5,5,5,5,6,7,7,7,7,8,7,7,6,6,5,7,8,11,13,14,15,15,15,14,13,11,10,7,6,5,4,4,4,4,5,6,7,9,10,10,10,9,7,7,6,5,4,3,3,3,3,3,3,3,3,3,3,3,3,3,3,3,3,3,3,3,3,3,3,3,3,3,3,3,3,3,3,3,3,4,4,4,4,4,4,4,4,4,4,4,4,4,4,4,4,4,4,4,4,4,4,4,4,4,4,4,4,4,4,5,5,5,6,6,7,8,9,9,11,12,13,15,16,18,19,21,22
28,30,31,33,34,36,37,38,39,40,41,41,42,42,42,42,42,42,42,41,41,41,40,40,39,38,38,37,36,35,34,33,32,32,31,30,29,29,28,28,27,26,25,24,23,23,22,21,21,20,20,19,19,18,18,17,17,18,19,20,20,19,18,17,19,18,15,12,9,7,6,4,3,3,3,3,4,4,5,5,6,6,6,5,5,5,4,4,5,7,10,11,12,14,13,14,13,12,9,9,6,4,4,3,3,3,3,4,4,6,7,8,9,9,8,6,5,5,4,3,2,2,2,2,2,2,2,2,2,2,2,2,2,2,2,2,2,2,2,2,2,2,2,2,2,2,2,2,2,2,2,2,2,2,2,2,2,2,2,2,2,2,2,2,2,2,2,2,2,2,2,2,2,2,2,2,2,3,3,3,3,3,4,4,5,6,6,7,9,10,11,12,14,16,17,19,21,23,24,26,28,29,31,33,34,35,37,38,39,40,40,41,41,42,42,42,42,42,41,41,41,40,40,39,39,38,37,36,35,35,34,33,32,31,30,30,29,29,28,27,27,26,25,24,23,23,22,21,21,20,20,19,19,18,17,17,16,18,19,20,20,19,18,17,19,18,15,12,10,7,6,4,3,3,3,3,4,4,5,5,6,6,6,5,5,5,4,4,5,7,10,11,12,14,13,14,13,12,9,9,6,4,4,3,3,3,3,4,4,6,7,8,9,9,8,6,5,5,4,3,2,2,2,2,2,2,2,2,2,2,2,2,2,2,2,2,2,2,2,2,2,2,2,2,2,2,2,2,2,2,2,2,2,2,2,2,2,2,2,2,2,2,2,2,2,2,2,2,2,2,2,2,2,2,2,2,2,3,3,3,3,3,4,4,5,6,6,8,9,10,11,13,14,16,18,20,21,23,25,27
33,34,35,37,38,39,40,40,41,41,41,41,41,41,41,40,39,39,38,37,37,36,35,34,34,33,32,31,29,28,27,26,26,25,24,23,22,22,21,21,20,19,18,18,17,16,15,15,14,14,14,13,13,12,12,12,11,13,14,15,16,15,15,15,17,16,14,11,9,7,5,3,2,2,2,2,2,3,4,4,5,5,5,4,4,4,3,3,4,6,9,10,11,13,12,13,12,11,8,8,5,3,3,2,2,2,2,2,3,4,6,7,8,8,7,5,5,4,4,2,1,1,1,1,1,1,1,1,1,1,1,1,1,1,1,1,1,1,1,1,1,1,1,1,1,1,1,1,1,1,1,1,1,1,1,1,1,1,1,1,1,1,1,1,1,1,1,1,1,1,1,1,1,1,1,2,2,2,2,3,3,3,4,5,6,7,8,10,11,13,14,16,18,20,22,24,26,27,29,31,32,34,35,36,38,38,39,40,40,41,41,41,41,41,40,40,39,38,38,37,36,35,35,34,33,32,31,30,29,28,27,26,25,24,23,23,22,22,21,20,20,19,18,17,17,16,15,15,14,14,13,13,13,12,12,11,11,12,14,15,16,15,14,15,17,16,14,11,9,7,5,3,2,2,2,2,2,3,4,4,5,5,5,4,4,4,3,3,4,6,9,10,11,13,12,13,12,11,8,8,5,3,3,2,2,2,2,2,3,4,6,7,8,8,7,5,5,4,4,2,1,1,1,1,1,1,1,1,1,1,1,1,1,1,1,1,1,1,1,1,1,1,1,1,1,1,1,1,1,1,1,1,1,1,1,1,1,1,1,1,1,1,1,1,1,1,1,1,1,1,1,1,1,1,1,2,2,2,2,3,3,3,4,5,6,7,8,10,11,13,14,16,18,20,22,24,26,28,30,31
37,38,39,39,40,40,41,41,40,40,40,39,39,38,37,36,35,34,33,32,31,30,29,28,27,26,25,24,23,22,21,20,19,18,17,17,16,16,15,15,14,13,13,12,11,11,10,10,9,9,9,9,8,8,8,7,7,8,10,12,13,12,12,12,15,15,14,11,8,6,4,3,2,2,2,1,2,3,4,4,4,4,4,4,3,3,3,2,4,5,8,9,10,12,12,12,12,11,8,7,5,3,2,1,1,1,1,2,3,4,5,7,8,8,7,5,4,4,3,2,1,1,1,1,1,1,1,1,1,1,1,1,1,1,1,1,1,1,1,1,1,1,1,1,1,1,1,1,1,1,1,1,1,1,1,1,1,1,1,1,1,1,1,1,1,1,1,1,1,1,1,1,1,1,1,1,2,2,2,3,4,4,5,7,8,9,11,13,15,17,19,21,23,25,27,29,31,32,34,35,36,37,38,39,40,40,40,40,40,40,39,39,38,37,37,36,35,34,33,32,31,30,29,28,27,26,25,24,23,22,21,20,19,18,17,16,16,15,15,14,14,13,12,12,11,11,10,10,9,9,9,8,8,8,7,7,7,8,10,12,12,12,12,12,15,15,14,11,8,6,4,3,2,2,1,1,2,3,4,4,4,4,4,4,3,3,3,2,4,5,8,9,11,12,12,12,12,11,8,7,5,3,2,1,1,1,1,2,3,4,5,7,8,8,7,5,4,4,3,2,1,1,1,1,1,1,1,1,1,1,1,1,1,1,1,1,1,1,1,1,1,1,1,1,1,1,1,1,1,1,1,1,1,1,1,1,1,1,1,1,1,1,1,1,1,1,1,1,1,1,1,1,1,1,1,1,2,2,2,3,4,4,6,7,8,9,11,13,15,17,19,21,23,25,27,29,31,33,34,36
39,40,40,40,40,40,39,39,38,37,36,35,34,33,32,31,30,29,27,26,25,24,23,22,21,20,19,18,17,16,15,14,14,13,12,11,11,11,10,10,9,9,8,8,7,7,7,6,6,6,5,5,5,5,5,4,4,6,7,9,10,10,10,11,13,14,13,11,8,6,4,2,2,1,1,1,1,2,3,3,3,3,4,3,3,3,2,2,4,5,8,9,10,11,11,11,11,10,7,6,5,3,2,1,1,1,1,1,2,3,5,6,7,7,7,5,4,4,3,2,1,1,1,1,1,1,1,1,1,1,1,1,1,1,1,1,1,1,1,1,1,1,1,1,1,1,1,1,1,1,1,1,1,1,1,1,1,1,1,1,1,1,1,1,1,1,1,1,1,1,1,1,1,1,1,2,2,3,4,4,5,7,8,9,11,13,15,17,20,22,24,26,28,30,32,34,35,36,37,38,39,39,40,40,40,40,39,38,37,37,36,35,34,33,32,31,29,28,27,26,25,24,23,22,21,20,19,18,17,16,15,14,14,13,12,11,11,10,10,10,9,9,8,8,7,7,7,6,6,6,5,5,5,5,4,4,4,5,7,9,10,10,10,11,13,14,13,11,8,6,4,2,2,1,1,1,1,2,3,3,3,3,4,3,3,3,2,2,4,5,8,9,10,11,11,11,11,10,7,6,5,3,2,1,1,1,1,1,2,3,5,6,7,7,7,5,4,4,3,2,1,1,1,1,1,1,1,1,1,1,1,1,1,1,1,1,1,1,1,1,1,1,1,1,1,1,1,1,1,1,1,1,1,1,1,1,1,1,1,1,1,1,1,1,1,1,1,1,1,1,1,1,1,1,1,2,2,3,4,4,5,7,8,9,11,13,15,18,20,22,24,26,28,31,33,34,36,37,38,39
40,40,39,39,38,37,36,35,34,33,31,30,29,28,26,25,24,22,21,20,19,18,17,16,15,14,13,13,12,11,10,10,9,9,8,7,7,7,6,6,6,5,5,5,4,4,4,4,4,3,3,3,3,3,3,2,3,3,5,7,8,9,8,9,12,14,13,11,8,6,4,2,1,1,1,1,1,2,3,3,3,3,4,3,3,3,2,2,4,5,8,8,10,11,11,10,11,10,7,6,5,3,2,1,1,1,1,1,2,3,4,6,7,7,7,5,4,4,3,2,1,1,0,1,0,0,0,0,0,0,0,0,0,0,0,0,0,0,0,0,0,0,0,0,0,0,0,0,0,0,0,0,0,0,0,0,0,0,0,0,0,0,0,1,1,1,1,1,1,1,1,1,1,2,2,3,3,4,5,7,8,10,11,13,15,18,20,23,25,27,29,31,33,35,36,37,38,39,39,39,40,39,39,38,38,37,36,35,34,32,31,30,29,27,26,25,23,22,21,20,19,18,17,16,15,14,13,12,12,11,10,10,9,8,8,7,7,7,6,6,6,5,5,5,4,4,4,4,4,3,3,3,3,3,3,2,3,3,5,7,8,9,8,9,12,14,13,11,8,6,4,2,1,1,1,1,1,2,3,3,3,3,4,3,3,3,2,2,4,5,8,9,10,11,11,10,11,10,7,6,5,3,2,1,1,1,1,1,2,3,4,6,7,7,7,5,4,4,3,2,1,1,0,1,0,0,0,0,0,0,0,0,0,0,0,0,0,0,0,0,0,0,0,0,0,0,0,0,0,0,0,0,0,0,0,0,0,0,0,0,0,0,0,1,1,1,1,1,1,1,1,1,1,2,2,3,3,4,5,7,8,10,11,13,16,18,20,23,25,27,30,32,34,35,37,38,39,40,40,40
38,37,36,35,34,33,32,30,28,27,26,24,23,22,20,19,18,17,16,15,14,13,12,11,10,10,9,8,8,7,7,6,6,5,5,5,4,4,4,4,4,3,3,3,3,2,2,2,2,2,2,2,2,2,1,1,1,2,4,5,7,8,8,8,11,13,13,11,9,6,4,3,1,1,1,1,1,2,3,3,3,3,4,3,3,3,2,2,4,5,7,8,10,10,11,10,11,10,7,6,5,3,2,1,1,1,1,1,2,3,4,6,7,7,7,5,4,4,3,2,1,1,0,0,0,0,0,0,0,0,0,0,0,0,0,0,0,0,0,0,0,0,0,0,0,0,0,0,0,0,0,0,0,0,0,0,0,0,0,0,0,0,0,0,0,1,1,1,1,1,1,1,2,3,3,4,5,7,8,10,11,14,16,18,21,23,26,28,31,32,34,35,37,38,39,39,39,39,39,39,38,37,36,35,34,33,31,30,28,27,25,24,23,21,20,19,18,17,16,15,14,13,12,11,10,10,9,8,8,7,7,6,6,5,5,5,4,4,4,4,3,3,3,3,3,2,2,2,2,2,2,2,2,2,1,1,1,2,3,5,7,8,8,8,11,13,13,11,9,6,4,3,1,1,1,1,1,2,3,3,3,3,4,3,3,3,2,2,4,5,7,8,10,10,11,10,11,10,7,6,5,3,2,1,1,1,1,1,2,3,4,6,7,7,7,5,4,4,3,2,1,1,0,0,0,0,0,0,0,0,0,0,0,0,0,0,0,0,0,0,0,0,0,0,0,0,0,0,0,0,0,0,0,0,0,0,0,0,0,0,0,0,0,0,0,1,1,1,1,1,1,1,2,3,3,4,5,7,8,10,12,14,16,18,21,23,26,28,31,33,34,36,37,38,39,40,40,40,40,39
35,34,32,31,29,28,26,24,23,21,20,18,17,16,15,14,13,12,11,10,9,9,8,7,7,6,6,5,5,4,4,4,3,3,3,3,3,2,2,2,2,2,2,2,1,1,1,1,1,1,1,1,1,1,1,1,1,1,2,4,6,7,7,8,10,12,13,11,9,6,5,3,1,1,1,1,1,2,3,3,3,3,3,3,3,3,2,3,4,5,7,8,9,10,11,10,11,10,8,5,5,3,2,1,1,1,1,1,2,2,4,5,7,7,7,6,4,4,3,3,1,1,0,0,0,0,0,0,0,0,0,0,0,0,0,0,0,0,0,0,0,0,0,0,0,0,0,0,0,0,0,0,0,0,0,0,0,0,0,0,0,0,0,0,1,1,1,1,1,1,2,2,3,4,5,7,8,10,12,14,16,18,21,24,26,28,31,33,35,36,37,38,39,39,39,39,38,38,37,36,35,33,32,30,29,27,26,24,22,21,20,18,17,16,15,13,12,12,11,10,9,8,8,7,7,6,6,5,5,4,4,4,3,3,3,3,3,2,2,2,2,2,2,2,1,1,1,1,1,1,1,1,1,1,1,1,1,1,2,4,6,7,7,8,10,12,13,11,9,6,5,3,1,1,1,1,1,2,3,3,3,3,3,3,3,3,2,3,4,5,7,8,9,10,11,10,11,10,8,5,5,3,2,1,1,1,1,1,2,2,4,5,7,7,7,6,4,4,3,3,1,1,0,0,0,0,0,0,0,0,0,0,0,0,0,0,0,0,0,0,0,0,0,0,0,0,0,0,0,0,0,0,0,0,0,0,0,0,0,0,0,0,0,0,1,1,1,1,1,1,2,2,3,4,5,7,8,10,12,14,16,19,21,24,26,29,31,33,35,37,38,39,39,40,40,39,39,38,38,36
30,28,27,25,23,22,20,18,17,16,14,13,12,11,10,9,8,8,7,7,6,5,5,5,4,4,3,3,3,3,2,2,2,2,2,2,1,1,1,1,1,1,1,1,1,1,1,1,1,1,1,1,1,1,1,1,1,1,2,3,5,6,7,7,9,11,12,11,9,7,5,3,2,1,1,1,1,2,3,3,3,3,3,3,3,2,2,3,4,6,7,8,9,10,11,10,11,10,8,5,5,3,2,1,1,1,1,1,2,2,4,5,7,7,7,6,4,4,3,3,1,1,0,0,0,0,0,0,0,0,0,0,0,0,0,0,0,0,0,0,0,0,0,0,0,0,0,0,0,0,0,0,0,0,0,0,0,0,0,0,0,0,0,1,1,1,1,1,2,2,3,4,5,6,8,10,12,14,16,19,21,24,26,29,31,33,35,37,38,39,39,39,39,38,38,36,35,34,33,31,30,28,26,25,23,22,20,18,17,16,14,13,12,11,10,9,8,8,7,6,6,5,5,4,4,4,3,3,3,3,2,2,2,2,2,2,1,1,1,1,1,1,1,1,1,1,1,1,1,1,1,1,1,1,1,1,1,1,2,3,5,6,7,7,9,11,12,11,9,7,5,3,2,1,1,1,1,2,3,3,3,3,3,3,3,2,2,3,4,6,7,8,9,10,11,10,11,10,8,5,5,3,2,1,1,1,1,1,2,2,4,5,7,7,7,6,4,4,3,3,1,1,0,0,0,0,0,0,0,0,0,0,0,0,0,0,0,0,0,0,0,0,0,0,0,0,0,0,0,0,0,0,0,0,0,0,0,0,0,0,0,0,0,1,1,1,1,1,2,2,3,4,5,6,8,10,12,14,16,19,21,24,27,29,31,34,35,37,38,39,39,39,39,39,38,37,36,35,34,32
24,23,21,19,18,16,15,13,12,11,10,9,8,7,7,6,5,5,4,4,4,3,3,3,2,2,2,2,2,1,1,1,1,1,1,1,1,1,1,1,1,1,1,1,1,1,1,1,1,1,1,1,1,1,1,1,1,1,1,2,4,5,6,7,9,11,12,11,10,7,5,3,2,1,1,1,1,2,3,3,3,3,3,3,3,2,2,3,4,6,7,8,9,9,10,10,11,10,8,5,5,4,2,1,1,1,1,1,1,2,3,5,7,7,7,6,5,4,3,3,2,1,0,0,0,0,0,0,0,0,0,0,0,0,0,0,0,0,0,0,0,0,0,0,0,0,0,0,0,0,0,0,0,0,0,0,0,0,0,0,0,0,1,1,1,1,1,2,3,3,5,6,7,9,12,14,16,19,21,24,26,29,31,34,35,37,38,39,39,39,39,38,37,36,34,32,31,29,28,26,24,22,21,19,17,16,15,13,12,11,10,9,8,7,6,6,5,5,4,4,4,3,3,3,2,2,2,2,2,1,1,1,1,1,1,1,1,1,1,1,1,1,1,1,1,1,1,1,1,1,1,1,1,1,1,1,1,1,1,2,4,5,6,7,9,11,12,11,10,7,5,3,2,1,1,1,1,2,3,3,3,3,3,3,3,2,2,3,4,6,7,8,9,9,10,10,11,10,8,5,5,4,2,1,1,1,1,1,1,2,3,5,7,7,7,6,5,4,3,3,2,1,0,0,0,0,0,0,0,0,0,0,0,0,0,0,0,0,0,0,0,0,0,0,0,0,0,0,0,0,0,0,0,0,0,0,0,0,0,0,0,0,1,1,1,1,1,2,3,3,5,6,7,9,12,14,16,19,21,24,27,29,32,34,35,37,38,39,39,39,39,38,37,36,34,33,31,30,28,26
19,17,15,14,13,11,10,9,8,7,6,6,5,5,4,4,3,3,3,2,2,2,2,2,1,1,1,1,1,1,1,1,1,1,1,1,1,1,1,1,1,1,1,1,1,1,0,0,0,0,0,0,0,0,0,0,0,1,1,2,3,5,6,7,8,10,11,11,10,8,5,4,2,1,1,1,1,2,3,3,3,3,3,3,3,2,2,3,4,6,7,8,9,9,10,10,10,10,8,5,5,4,2,1,1,1,1,1,1,2,3,5,6,7,7,6,5,4,4,3,2,1,0,0,0,0,0,0,0,0,0,0,0,0,0,0,0,0,0,0,0,0,0,0,0,0,0,0,0,0,0,0,0,0,0,0,0,0,0,0,1,1,1,1,1,1,2,3,4,5,7,9,11,13,16,19,21,24,27,29,31,34,35,37,38,39,39,39,38,37,36,34,33,31,29,27,25,24,22,20,19,17,15,14,12,11,10,9,8,7,6,6,5,5,4,4,3,3,3,2,2,2,2,1,1,1,1,1,1,1,1,1,1,1,1,1,1,1,1,1,1,1,1,1,1,1,0,0,0,0,0,0,0,0,0,0,0,1,1,2,3,5,6,7,8,10,11,11,10,8,5,4,2,1,1,1,1,2,3,3,3,3,3,3,3,2,2,3,4,6,7,8,9,9,10,10,10,10,8,5,5,4,2,1,1,1,1,1,1,2,3,5,6,7,7,6,5,4,4,3,2,1,0,0,0,0,0,0,0,0,0,0,0,0,0,0,0,0,0,0,0,0,0,0,0,0,0,0,0,0,0,0,0,0,0,0,0,0,0,0,1,1,1,1,1,1,2,3,4,5,7,9,11,13,16,19,22,24,27,29,32,34,35,37,38,39,39,39,38,37,36,35,33,32,30,28,26,24,22,21
14,12,11,10,9,8,7,6,5,4,4,3,3,3,2,2,2,2,1,1,1,1,1,1,1,1,1,1,1,1,1,1,1,1,1,1,1,1,0,0,0,0,0,0,0,0,0,0,0,0,0,0,0,0,0,0,0,0,1,1,2,4,5,7,8,9,11,11,10,8,5,4,2,1,1,1,1,2,3,3,3,3,3,3,3,2,2,3,4,6,6,8,9,9,10,10,10,9,8,5,5,4,2,1,1,1,1,1,1,2,3,5,6,7,7,7,5,4,4,3,2,1,0,0,0,0,0,0,0,0,0,0,0,0,0,0,0,0,0,0,0,0,0,0,0,0,0,0,0,0,0,0,0,0,0,0,0,0,0,1,1,1,1,1,2,2,3,5,6,8,10,12,15,18,21,24,27,29,31,34,35,37,38,38,39,38,38,36,35,34,32,30,28,26,24,21,20,18,17,15,13,12,11,9,8,7,7,6,5,4,4,3,3,3,2,2,2,2,1,1,1,1,1,1,1,1,1,1,1,1,1,1,1,1,1,1,1,1,0,0,0,0,0,0,0,0,0,0,0,0,0,0,0,0,0,0,0,0,1,1,2,4,5,7,8,9,11,11,10,8,5,4,2,1,1,1,1,2,3,3,3,3,3,3,3,2,2,3,4,6,7,8,9,9,10,10,10,9,8,5,5,4,2,1,1,1,1,1,1,2,3,5,6,7,7,7,5,4,4,3,2,1,0,0,0,0,0,0,0,0,0,0,0,0,0,0,0,0,0,0,0,0,0,0,0,0,0,0,0,0,0,0,0,0,0,0,0,0,0,1,1,1,1,1,2,2,3,5,6,8,10,13,15,18,21,24,27,29,32,34,35,37,38,39,39,39,38,37,35,34,32,30,28,26,24,22,20,18,17,15
9,8,7,6,5,5,4,4,3,3,2,2,2,2,1,1,1,1,1,1,1,1,1,1,1,1,1,1,1,1,1,0,0,0,0,0,0,0,0,0,0,0,0,0,0,0,0,0,0,0,0,0,0,0,0,0,0,0,1,1,2,3,5,6,7,9,10,11,10,8,6,4,3,1,1,1,1,2,3,3,3,3,3,3,3,2,2,3,4,6,6,7,8,9,9,10,10,9,8,6,5,4,2,1,1,1,1,1,1,2,3,4,6,7,7,7,5,4,4,3,2,1,0,0,0,0,0,0,0,0,0,0,0,0,0,0,0,0,0,0,0,0,0,0,0,0,0,0,0,0,0,0,0,0,0,0,0,1,1,1,1,1,1,2,3,4,5,7,9,12,14,17,20,23,26,29,31,34,35,37,37,38,38,38,37,36,34,33,31,29,27,24,22,20,18,16,14,13,12,10,9,8,7,6,5,5,4,3,3,3,2,2,2,2,1,1,1,1,1,1,1,1,1,1,1,1,1,1,1,1,1,0,0,0,0,0,0,0,0,0,0,0,0,0,0,0,0,0,0,0,0,0,0,0,0,0,0,0,1,1,2,3,5,6,7,9,10,11,10,8,6,4,3,1,1,1,1,2,3,3,3,3,3,3,3,2,2,3,4,6,6,7,8,9,9,10,10,9,8,6,5,4,2,1,1,1,1,1,1,2,3,4,6,7,7,7,5,4,4,3,2,1,0,0,0,0,0,0,0,0,0,0,0,0,0,0,0,0,0,0,0,0,0,0,0,0,0,0,0,0,0,0,0,0,0,0,0,1,1,1,1,1,1,2,3,4,5,7,9,12,14,17,20,23,26,29,32,34,35,37,38,38,39,38,37,36,35,33,31,29,27,25,23,20,18,16,15,13,12,11
6,5,4,4,3,3,2,2,2,2,1,1,1,1,1,1,1,1,1,1,1,1,1,1,1,0,0,0,0,0,0,0,0,0,0,0,0,0,0,0,0,0,0,0,0,0,0,0,0,0,0,0,0,0,0,0,0,0,1,1,2,3,4,6,7,8,10,11,10,9,6,4,3,2,1,1,1,3,3,3,3,3,3,3,3,2,2,3,5,6,6,7,8,9,9,10,9,9,8,6,5,5,2,2,1,1,1,1,1,2,3,4,6,7,7,7,6,4,4,3,2,1,0,0,0,0,0,0,0,0,0,0,0,0,0,0,0,0,0,0,0,0,0,0,0,0,0,0,0,0,0,0,0,0,0,0,1,1,1,1,1,2,2,3,4,6,8,11,13,16,19,22,25,28,31,33,35,36,37,38,38,38,37,36,34,32,30,28,25,23,21,19,17,15,13,11,10,9,8,7,6,5,4,4,3,3,2,2,2,2,1,1,1,1,1,1,1,1,1,1,1,1,1,1,1,0,0,0,0,0,0,0,0,0,0,0,0,0,0,0,0,0,0,0,0,0,0,0,0,0,0,0,0,0,0,0,0,0,1,1,1,3,4,6,7,8,10,11,10,9,6,4,3,2,1,1,1,3,3,3,3,3,3,3,3,2,2,3,5,6,6,7,8,9,9,10,9,9,8,6,5,5,3,2,1,1,1,1,1,2,3,4,6,7,7,7,6,4,4,3,2,1,0,0,0,0,0,0,0,0,0,0,0,0,0,0,0,0,0,0,0,0,0,0,0,0,0,0,0,0,0,0,0,0,0,0,1,1,1,1,1,2,2,3,4,6,8,11,13,16,19,22,25,28,31,34,35,37,38,38,38,38,37,36,34,33,30,28,25,23,21,19,17,15,13,12,10,9,8,7
4,3,3,2,2,2,1,1,1,1,1,1,1,1,1,1,1,1,1,1,0,0,0,0,0,0,0,0,0,0,0,0,0,0,0,0,0,0,0,0,0,0,0,0,0,0,0,0,0,0,0,0,0,0,0,0,0,0,0,1,1,2,4,6,7,8,9,11,10,9,6,5,3,2,1,1,2,3,3,3,3,3,3,3,3,2,2,3,5,6,6,7,8,8,8,10,9,9,8,6,5,5,3,2,1,1,1,1,1,2,2,4,6,7,7,7,6,4,4,3,2,1,1,0,0,0,0,0,0,0,0,0,0,0,0,0,0,0,0,0,0,0,0,0,0,0,0,0,0,0,0,0,0,0,0,1,1,1,1,1,2,3,4,5,7,9,12,15,18,21,24,27,30,32,34,36,37,38,38,38,37,35,34,32,30,27,25,22,20,18,16,14,12,10,9,8,7,6,5,4,4,3,3,2,2,2,1,1,1,1,1,1,1,1,1,1,1,1,1,1,0,0,0,0,0,0,0,0,0,0,0,0,0,0,0,0,0,0,0,0,0,0,0,0,0,0,0,0,0,0,0,0,0,0,0,0,0,0,0,1,1,2,4,6,7,8,9,11,10,9,6,5,3,2,1,1,2,3,3,3,3,3,3,3,3,2,2,3,5,6,6,7,8,9,8,10,9,9,8,6,5,5,3,2,1,1,1,1,1,2,2,4,6,7,7,7,6,4,4,3,2,1,1,0,0,0,0,0,0,0,0,0,0,0,0,0,0,0,0,0,0,0,0,0,0,0,0,0,0,0,0,0,0,0,0,1,1,1,1,1,2,3,4,5,7,9,12,15,18,21,24,27,30,33,35,36,37,38,38,38,37,35,34,32,30,27,25,22,20,18,16,14,12,11,9,8,7,6,5,4
2,2,2,1,1,1,1,1,1,1,1,1,1,1,1,0,0,0,0,0,0,0,0,0,0,0,0,0,0,0,0,0,0,0,0,0,0,0,0,0,0,0,0,0,0,0,0,0,0,0,0,0,0,0,0,0,0,0,0,1,1,2,3,6,6,7,9,10,10,9,7,5,4,2,1,1,2,3,3,3,3,3,3,3,3,2,2,3,5,6,6,7,7,8,8,10,9,9,8,6,5,5,3,2,1,1,1,1,1,2,2,4,5,7,7,7,6,5,4,4,3,1,1,0,0,0,0,0,0,0,0,0,0,0,0,0,0,0,0,0,0,0,0,0,0,0,0,0,0,0,0,0,0,0,1,1,1,1,1,2,3,4,6,8,10,13,16,19,23,26,29,31,34,35,37,38,37,37,36,35,34,32,29,27,24,22,19,17,15,13,11,10,8,7,6,5,4,4,3,3,2,2,1,1,1,1,1,1,1,1,1,1,1,1,1,0,0,0,0,0,0,0,0,0,0,0,0,0,0,0,0,0,0,0,0,0,0,0,0,0,0,0,0,0,0,0,0,0,0,0,0,0,0,0,0,0,0,0,0,1,1,2,3,6,6,7,9,10,10,9,7,5,4,2,1,1,2,3,3,3,3,3,3,3,3,2,2,3,5,6,6,7,7,8,8,10,9,9,8,6,5,5,3,2,1,1,1,1,1,2,2,4,5,7,7,7,6,5,4,4,3,1,1,0,0,0,0,0,0,0,0,0,0,0,0,0,0,0,0,0,0,0,0,0,0,0,0,0,0,0,0,0,0,0,1,1,1,1,1,2,3,4,6,8,10,13,16,19,23,26,29,31,34,36,37,38,38,37,37,35,34,32,29,27,25,22,19,17,15,13,11,10,8,7,6,5,4,4,3,3
1,1,1,1,1,1,1,1,1,1,1,0,0,0,0,0,0,0,0,0,0,0,0,0,0,0,0,0,0,0,0,0,0,0,0,0,0,0,0,0,0,0,0,0,0,0,0,0,0,0,0,0,0,0,0,0,0,0,0,1,1,1,3,5,6,7,8,10,10,9,7,5,4,2,1,1,2,3,3,3,3,3,3,3,3,2,2,4,5,6,6,7,7,8,8,10,8,9,8,7,5,5,3,2,1,1,1,1,1,1,2,4,5,7,7,7,6,5,4,4,3,1,1,0,0,0,0,0,0,0,0,0,0,0,0,0,0,0,0,0,0,0,0,0,0,0,0,0,0,0,0,0,0,1,1,1,1,2,2,3,5,6,9,11,14,17,20,24,27,30,33,34,36,37,37,37,36,35,33,31,29,27,24,21,19,17,14,12,10,9,8,6,5,4,4,3,2,2,2,1,1,1,1,1,1,1,1,1,1,1,1,0,0,0,0,0,0,0,0,0,0,0,0,0,0,0,0,0,0,0,0,0,0,0,0,0,0,0,0,0,0,0,0,0,0,0,0,0,0,0,0,0,0,0,0,0,0,0,0,1,1,1,2,5,6,7,8,10,10,9,7,5,4,2,1,1,2,3,3,3,3,3,3,3,3,2,2,4,5,6,6,7,7,8,8,10,8,9,8,7,5,5,3,2,1,1,1,1,1,1,2,4,5,7,7,7,6,5,4,4,3,1,1,0,0,0,0,0,0,0,0,0,0,0,0,0,0,0,0,0,0,0,0,0,0,0,0,0,0,0,0,0,0,1,1,1,1,2,2,3,5,6,9,11,14,17,20,24,27,30,33,35,36,37,38,37,36,35,34,32,29,27,24,22,19,17,14,12,10,9,8,6,5,4,4,3,3,2,2,1
1,1,1,1,1,1,1,0,0,0,0,0,0,0,0,0,0,0,0,0,0,0,0,0,0,0,0,0,0,0,0,0,0,0,0,0,0,0,0,0,0,0,0,0,0,0,0,0,0,0,0,0,0,0,0,0,0,0,0,0,1,1,2,5,6,7,8,9,10,9,7,5,4,3,2,1,2,3,3,3,3,3,3,3,3,2,2,4,5,6,6,7,7,8,8,9,8,8,8,7,5,5,4,2,1,1,1,1,1,1,2,3,5,7,8,7,7,5,4,4,3,2,1,0,0,0,0,0,0,0,0,0,0,0,0,0,0,0,0,0,0,0,0,0,0,0,0,0,0,0,0,1,1,1,1,1,2,3,4,5,7,9,12,15,18,21,25,29,32,34,35,37,37,37,36,34,33,31,29,26,24,21,19,16,14,12,10,8,7,6,5,4,3,3,2,2,1,1,1,1,1,1,1,1,1,1,1,0,0,0,0,0,0,0,0,0,0,0,0,0,0,0,0,0,0,0,0,0,0,0,0,0,0,0,0,0,0,0,0,0,0,0,0,0,0,0,0,0,0,0,0,0,0,0,0,0,0,0,0,0,1,1,2,5,6,7,8,9,10,9,7,5,4,3,2,1,2,3,3,3,3,3,3,3,3,2,2,4,5,6,6,7,7,8,8,9,8,8,8,7,5,5,4,2,1,1,1,1,1,1,2,3,5,7,8,7,7,5,4,4,3,2,1,0,0,0,0,0,0,0,0,0,0,0,0,0,0,0,0,0,0,0,0,0,0,0,0,0,0,0,0,1,1,1,1,1,2,3,4,5,7,9,12,15,18,22,25,29,32,34,36,37,37,37,36,35,33,31,29,27,24,21,19,16,14,12,10,8,7,6,5,4,3,3,2,2,1,1,1,1
1,1,1,1,0,0,0,0,0,0,0,0,0,0,0,0,0,0,0,0,0,0,0,0,0,0,0,0,0,0,0,0,0,0,0,0,0,0,0,0,0,0,0,0,0,0,0,0,0,0,0,0,0,0,0,0,0,0,0,0,1,1,2,5,6,6,8,9,10,10,8,6,4,3,2,2,2,3,3,3,3,3,3,3,3,2,3,4,6,6,6,7,7,7,8,9,8,8,8,7,5,5,4,2,1,1,1,1,1,1,2,3,5,7,7,7,7,5,4,4,3,2,1,0,0,0,0,0,0,0,0,0,0,0,0,0,0,0,0,0,0,0,0,0,0,0,0,0,0,0,1,1,1,1,1,2,3,4,6,8,10,13,16,19,23,26,29,33,35,36,37,37,36,35,33,31,29,26,24,21,19,16,14,12,10,8,7,5,4,4,3,2,2,2,1,1,1,1,1,1,1,1,1,1,0,0,0,0,0,0,0,0,0,0,0,0,0,0,0,0,0,0,0,0,0,0,0,0,0,0,0,0,0,0,0,0,0,0,0,0,0,0,0,0,0,0,0,0,0,0,0,0,0,0,0,0,0,0,0,0,1,1,2,5,6,6,8,9,10,10,8,6,4,3,2,2,2,3,3,3,3,3,3,3,3,2,3,4,6,6,6,7,7,7,8,9,8,8,8,7,5,5,4,2,1,1,1,1,1,1,2,3,5,7,8,7,7,5,4,4,3,2,1,0,0,0,0,0,0,0,0,0,0,0,0,0,0,0,0,0,0,0,0,0,0,0,0,0,0,0,1,1,1,1,1,2,3,4,6,8,10,13,16,19,23,26,29,33,35,36,37,37,36,35,33,31,29,26,24,21,19,16,14,12,10,8,7,5,4,4,3,2,2,2,1,1,1,1,1,1
0,0,0,0,0,0,0,0,0,0,0,0,0,0,0,0,0,0,0,0,0,0,0,0,0,0,0,0,0,0,0,0,0,0,0,0,0,0,0,0,0,0,0,0,0,0,0,0,0,0,0,0,0,0,0,0,0,0,0,0,1,1,1,4,6,6,7,9,9,10,8,6,4,3,2,2,2,3,3,3,3,3,3,3,3,2,3,4,6,6,6,6,7,7,8,8,8,8,8,7,6,5,4,2,1,1,1,1,1,1,2,3,5,6,7,7,7,5,4,4,3,2,1,0,0,0,0,0,0,0,0,0,0,0,0,0,0,0,0,0,0,0,0,0,0,0,0,0,0,1,1,1,1,1,2,3,5,6,8,11,14,17,20,24,27,30,33,35,36,36,36,35,34,32,29,26,23,21,18,16,14,12,10,8,7,5,4,3,3,2,2,1,1,1,1,1,1,1,1,1,0,0,0,0,0,0,0,0,0,0,0,0,0,0,0,0,0,0,0,0,0,0,0,0,0,0,0,0,0,0,0,0,0,0,0,0,0,0,0,0,0,0,0,0,0,0,0,0,0,0,0,0,0,0,0,0,0,0,0,0,1,1,1,4,6,6,7,9,9,10,8,6,4,3,2,2,2,3,3,3,3,3,3,3,3,2,3,4,6,6,6,6,7,7,8,8,8,8,8,7,6,5,4,2,1,1,1,1,1,1,2,3,5,6,7,7,7,5,4,4,3,2,1,0,0,0,0,0,0,0,0,0,0,0,0,0,0,0,0,0,0,0,0,0,0,0,0,0,0,1,1,1,1,1,2,3,5,6,8,11,14,17,21,24,27,30,33,35,36,36,36,35,34,32,29,26,24,21,19,16,14,12,10,8,7,5,4,3,3,2,2,1,1,1,1,1,1,1,1,1
0,0,0,0,0,0,0,0,0,0,0,0,0,0,0,0,0,0,0,0,0,0,0,0,0,0,0,0,0,0,0,0,0,0,0,0,0,0,0,0,0,0,0,0,0,0,0,0,0,0,0,0,0,0,0,0,0,0,0,0,1,1,1,3,6,6,7,8,9,10,9,6,4,3,2,2,2,3,3,3,3,3,3,3,3,2,3,4,6,6,6,6,6,7,8,8,8,7,8,7,6,5,4,3,2,1,1,1,1,1,2,3,4,6,7,7,7,6,5,4,3,2,1,1,0,0,0,0,0,0,0,0,0,0,0,0,0,0,0,0,0,0,0,0,0,0,0,0,1,1,1,1,1,2,4,5,7,9,12,14,18,21,25,28,31,34,35,36,36,35,34,32,30,27,24,21,18,16,14,12,10,8,6,5,4,3,3,2,2,1,1,1,1,1,1,1,1,0,0,0,0,0,0,0,0,0,0,0,0,0,0,0,0,0,0,0,0,0,0,0,0,0,0,0,0,0,0,0,0,0,0,0,0,0,0,0,0,0,0,0,0,0,0,0,0,0,0,0,0,0,0,0,0,0,0,0,0,0,0,0,1,1,1,3,6,6,7,8,9,10,9,6,4,3,2,2,2,3,3,3,3,3,3,3,3,2,3,4,6,6,6,6,6,7,8,8,8,7,8,7,6,5,5,3,2,1,1,1,1,1,2,3,4,6,7,7,7,6,5,4,3,2,1,1,0,0,0,0,0,0,0,0,0,0,0,0,0,0,0,0,0,0,0,0,0,0,0,0,1,1,1,1,1,2,4,5,7,9,12,14,18,21,25,28,31,34,35,36,36,35,34,32,30,27,24,21,18,16,14,12,10,8,6,5,4,3,3,2,2,1,1,1,1,1,1,1,1,0,0,0
0,0,0,0,0,0,0,0,0,0,0,0,0,0,0,0,0,0,0,0,0,0,0,0,0,0,0,0,0,0,0,0,0,0,0,0,0,0,0,0,0,0,0,0,0,0,0,0,0,0,0,0,0,0,0,0,0,0,0,0,0,1,1,3,6,6,7,8,9,9,9,6,5,4,2,2,2,3,3,3,3,3,3,3,3,2,3,4,6,6,6,6,6,6,7,8,8,7,8,7,6,5,5,3,2,1,1,1,1,1,2,3,4,6,7,8,7,6,5,4,3,2,1,1,0,0,0,0,0,0,0,0,0,0,0,0,0,0,0,0,0,0,0,0,0,0,0,1,1,1,1,2,2,4,5,7,10,12,15,19,22,26,29,32,34,35,36,36,34,33,31,28,25,22,19,16,14,12,10,8,6,5,4,3,3,2,1,1,1,1,1,1,1,1,0,0,0,0,0,0,0,0,0,0,0,0,0,0,0,0,0,0,0,0,0,0,0,0,0,0,0,0,0,0,0,0,0,0,0,0,0,0,0,0,0,0,0,0,0,0,0,0,0,0,0,0,0,0,0,0,0,0,0,0,0,0,0,0,0,0,0,1,1,3,6,6,7,8,9,9,9,6,5,4,2,2,2,3,3,3,3,3,3,3,3,2,3,4,6,6,6,6,6,6,7,8,8,7,8,7,6,5,5,3,2,1,1,1,1,1,2,3,4,6,7,8,7,6,5,4,3,2,1,1,0,0,0,0,0,0,0,0,0,0,0,0,0,0,0,0,0,0,0,0,0,0,0,1,1,1,1,2,2,4,5,7,10,12,15,19,22,26,29,32,34,35,36,36,34,33,31,28,25,22,19,16,14,12,10,8,6,5,4,3,3,2,1,1,1,1,1,1,1,1,0,0,0,0,0,0
0,0,0,0,0,0,0,0,0,0,0,0,0,0,0,0,0,0,0,0,0,0,0,0,0,0,0,0,0,0,0,0,0,0,0,0,0,0,0,0,0,0,0,0,0,0,0,0,0,0,0,0,0,0,0,0,0,0,0,0,0,1,1,3,5,6,6,8,8,9,9,7,5,4,3,2,2,3,3,3,3,3,3,3,3,3,3,4,6,6,6,6,6,6,7,7,8,7,8,8,6,5,5,3,2,1,1,1,1,1,2,2,4,6,7,8,7,6,5,4,4,3,1,1,0,0,0,0,0,0,0,0,0,0,0,0,0,0,0,0,0,0,0,0,0,0,1,1,1,1,2,2,4,5,8,10,13,16,20,23,27,30,32,34,35,36,35,34,31,29,26,23,20,17,14,12,10,8,6,5,4,3,2,2,1,1,1,1,1,1,1,1,0,0,0,0,0,0,0,0,0,0,0,0,0,0,0,0,0,0,0,0,0,0,0,0,0,0,0,0,0,0,0,0,0,0,0,0,0,0,0,0,0,0,0,0,0,0,0,0,0,0,0,0,0,0,0,0,0,0,0,0,0,0,0,0,0,0,0,0,0,1,1,3,5,6,6,8,8,9,9,7,5,4,3,2,2,3,3,3,3,3,3,3,3,3,3,4,6,6,6,6,6,6,7,7,8,7,8,8,6,5,5,3,2,1,1,1,1,1,2,2,4,6,7,8,7,6,5,4,4,3,1,1,0,0,0,0,0,0,0,0,0,0,0,0,0,0,0,0,0,0,0,0,0,0,1,1,1,1,2,2,4,5,8,10,13,16,20,23,27,30,33,34,35,36,35,34,31,29,26,23,20,17,14,12,10,8,7,5,4,3,3,2,1,1,1,1,1,1,1,1,0,0,0,0,0,0,0,0
0,0,0,0,0,0,0,0,0,0,0,0,0,0,0,0,0,0,0,0,0,0,0,0,0,0,0,0,0,0,0,0,0,0,0,0,0,0,0,0,0,0,0,0,0,0,0,0,0,0,0,0,0,0,0,0,0,0,0,0,0,1,1,2,5,6,6,7,8,9,9,7,5,4,3,3,3,3,3,3,3,3,3,3,3,3,3,5,6,6,6,5,6,6,7,7,7,7,7,8,7,5,5,3,2,1,1,1,1,1,1,2,4,6,7,8,7,7,5,4,4,3,1,1,0,0,0,0,0,0,0,0,0,0,0,0,0,0,0,0,0,0,0,0,0,1,1,1,1,2,2,4,5,8,11,14,17,20,24,27,30,33,34,35,35,34,33,30,27,24,21,18,15,13,10,8,7,5,4,3,3,2,1,1,1,1,1,1,1,1,0,0,0,0,0,0,0,0,0,0,0,0,0,0,0,0,0,0,0,0,0,0,0,0,0,0,0,0,0,0,0,0,0,0,0,0,0,0,0,0,0,0,0,0,0,0,0,0,0,0,0,0,0,0,0,0,0,0,0,0,0,0,0,0,0,0,0,0,0,0,0,1,1,2,5,6,6,7,8,9,9,7,5,4,3,3,3,3,3,3,3,3,3,3,3,3,3,5,6,6,6,5,6,6,7,7,7,7,7,8,7,5,5,3,2,1,1,1,1,1,1,2,4,6,7,8,7,7,5,4,4,3,1,1,0,0,0,0,0,0,0,0,0,0,0,0,0,0,0,0,0,0,0,0,0,1,1,1,1,2,2,4,5,8,11,14,17,20,24,27,30,33,34,35,35,34,33,30,27,24,21,18,15,13,10,8,7,5,4,3,3,2,1,1,1,1,1,1,1,1,0,0,0,0,0,0,0,0,0,0
0,0,0,0,0,0,0,0,0,0,0,0,0,0,0,0,0,0,0,0,0,0,0,0,0,0,0,0,0,0,0,0,0,0,0,0,0,0,0,0,0,0,0,0,0,0,0,0,0,0,0,0,0,0,0,0,0,0,0,0,0,0,1,2,4,6,6,7,8,9,9,7,5,4,3,3,3,3,3,3,3,3,3,3,2,3,4,5,6,6,6,5,6,6,7,7,7,7,7,8,7,5,5,4,2,1,1,1,1,1,1,2,4,5,7,8,7,7,5,4,4,3,2,1,0,0,0,0,0,0,0,0,0,0,0,0,0,0,0,0,0,0,0,0,1,1,1,1,2,3,4,5,8,11,14,18,21,25,28,31,33,34,35,35,34,32,29,26,22,19,16,14,11,9,7,5,4,3,3,2,1,1,1,1,1,1,1,0,0,0,0,0,0,0,0,0,0,0,0,0,0,0,0,0,0,0,0,0,0,0,0,0,0,0,0,0,0,0,0,0,0,0,0,0,0,0,0,0,0,0,0,0,0,0,0,0,0,0,0,0,0,0,0,0,0,0,0,0,0,0,0,0,0,0,0,0,0,0,0,0,0,0,1,2,4,6,6,7,8,9,9,7,5,4,3,3,3,3,3,3,3,3,3,3,2,3,4,5,6,6,6,5,6,6,7,7,7,7,7,8,7,5,5,4,2,1,1,1,1,1,1,2,4,5,7,8,7,7,5,4,4,3,2,1,0,0,0,0,0,0,0,0,0,0,0,0,0,0,0,0,0,0,0,0,1,1,1,1,2,3,4,5,8,11,14,18,21,25,28,31,33,35,35,35,34,32,29,26,22,19,17,14,11,9,7,5,4,3,3,2,1,1,1,1,1,1,1,0,0,0,0,0,0,0,0,0,0,0,0,0
0,0,0,0,0,0,0,0,0,0,0,0,0,0,0,0,0,0,0,0,0,0,0,0,0,0,0,0,0,0,0,0,0,0,0,0,0,0,0,0,0,0,0,0,0,0,0,0,0,0,0,0,0,0,0,0,0,0,0,0,0,0,1,1,4,6,6,7,8,9,9,8,5,4,3,3,3,3,3,3,3,3,3,3,2,3,4,5,6,6,6,5,5,5,7,6,7,7,7,8,7,5,5,4,2,1,1,1,1,1,1,2,3,5,7,8,7,7,5,4,4,3,2,1,0,0,0,0,0,0,0,0,0,0,0,0,0,0,0,0,0,0,0,1,1,1,1,2,3,4,6,8,11,14,18,22,25,28,31,33,34,35,34,33,31,28,25,21,18,15,12,10,8,6,4,3,3,2,1,1,1,1,1,1,1,0,0,0,0,0,0,0,0,0,0,0,0,0,0,0,0,0,0,0,0,0,0,0,0,0,0,0,0,0,0,0,0,0,0,0,0,0,0,0,0,0,0,0,0,0,0,0,0,0,0,0,0,0,0,0,0,0,0,0,0,0,0,0,0,0,0,0,0,0,0,0,0,0,0,0,0,0,1,1,4,6,6,7,8,9,9,8,5,4,3,3,3,3,3,3,3,3,3,3,2,3,4,5,6,6,6,5,5,5,7,6,7,7,7,8,7,5,5,4,2,1,1,1,1,1,1,2,3,5,7,8,8,7,5,4,4,3,2,1,0,0,0,0,0,0,0,0,0,0,0,0,0,0,0,0,0,0,0,1,1,1,1,2,3,4,6,8,11,14,18,22,25,28,31,33,34,35,34,33,31,28,25,21,18,15,12,10,8,6,5,3,3,2,2,1,1,1,1,1,1,0,0,0,0,0,0,0,0,0,0,0,0,0,0,0
0,0,0,0,0,0,0,0,0,0,0,0,0,0,0,0,0,0,0,0,0,0,0,0,0,0,0,0,0,0,0,0,0,0,0,0,0,0,0,0,0,0,0,0,0,0,0,0,0,0,0,0,0,0,0,0,0,0,0,0,0,0,1,1,3,5,6,6,7,9,9,8,6,5,4,3,3,3,3,3,3,3,3,3,2,3,4,5,6,6,6,5,5,5,6,6,6,6,7,8,7,5,5,4,2,2,1,1,1,1,1,2,3,5,7,8,8,7,6,5,4,3,2,1,1,0,0,0,0,0,0,0,0,0,0,0,0,0,0,0,0,0,1,1,1,1,2,2,4,6,8,11,14,18,22,26,29,31,33,34,34,34,32,30,27,23,20,16,13,11,9,7,5,4,3,2,2,1,1,1,1,1,1,0,0,0,0,0,0,0,0,0,0,0,0,0,0,0,0,0,0,0,0,0,0,0,0,0,0,0,0,0,0,0,0,0,0,0,0,0,0,0,0,0,0,0,0,0,0,0,0,0,0,0,0,0,0,0,0,0,0,0,0,0,0,0,0,0,0,0,0,0,0,0,0,0,0,0,0,0,0,0,1,1,3,5,6,6,7,9,9,8,6,5,4,3,3,3,3,3,3,3,3,3,2,3,4,5,6,6,6,5,5,5,6,6,6,6,7,8,7,5,5,4,2,2,1,1,1,1,1,2,3,5,7,8,8,7,6,5,4,3,2,1,1,0,0,0,0,0,0,0,0,0,0,0,0,0,0,0,0,0,1,1,1,1,2,2,4,6,8,11,14,18,22,26,29,31,33,34,34,34,32,30,27,23,20,16,13,11,9,7,5,4,3,2,2,1,1,1,1,1,1,0,0,0,0,0,0,0,0,0,0,0,0,0,0,0,0,0
0,0,0,0,0,0,0,0,0,0,0,0,0,0,0,0,0,0,0,0,0,0,0,0,0,0,0,0,0,0,0,0,0,0,0,0,0,0,0,0,0,0,0,0,0,0,0,0,0,0,0,0,0,0,0,0,0,0,0,0,0,0,1,1,3,5,6,6,7,8,9,8,6,5,4,3,4,3,3,3,3,3,3,3,2,3,4,5,6,6,6,5,5,5,6,6,6,6,7,8,7,6,5,5,3,2,1,1,1,1,1,2,3,5,7,8,8,7,6,5,4,3,2,1,1,0,0,0,0,0,0,0,0,0,0,0,0,0,0,0,0,0,1,1,1,1,2,4,6,8,11,14,18,22,26,30,32,33,34,34,33,31,29,26,22,19,15,12,10,7,6,4,3,2,2,1,1,1,1,1,1,0,0,0,0,0,0,0,0,0,0,0,0,0,0,0,0,0,0,0,0,0,0,0,0,0,0,0,0,0,0,0,0,0,0,0,0,0,0,0,0,0,0,0,0,0,0,0,0,0,0,0,0,0,0,0,0,0,0,0,0,0,0,0,0,0,0,0,0,0,0,0,0,0,0,0,0,0,0,0,0,0,1,1,3,5,6,6,7,8,9,8,6,5,4,3,4,3,3,3,3,3,3,3,2,3,4,5,6,6,6,5,5,5,6,6,6,6,7,8,7,6,5,5,3,2,1,1,1,1,1,2,3,5,7,8,8,7,6,5,4,3,2,1,1,0,0,0,0,0,0,0,0,0,0,0,0,0,0,0,0,0,1,1,1,1,2,4,6,8,11,14,18,22,26,30,32,33,34,34,33,31,29,26,22,19,15,12,10,7,6,4,3,2,2,1,1,1,1,1,1,0,0,0,0,0,0,0,0,0,0,0,0,0,0,0,0,0,0,0
0,0,0,0,0,0,0,0,0,0,0,0,0,0,0,0,0,0,0,0,0,0,0,0,0,0,0,0,0,0,0,0,0,0,0,0,0,0,0,0,0,0,0,0,0,0,0,0,0,0,0,0,0,0,0,0,0,0,0,0,0,0,0,1,2,5,5,6,7,8,9,8,6,5,4,4,4,3,3,3,3,3,3,3,2,3,4,5,6,6,6,5,5,5,6,6,6,6,7,8,7,6,5,5,3,2,1,1,1,1,1,2,3,4,6,8,8,7,6,5,4,3,2,1,1,0,0,0,0,0,0,0,0,0,0,0,0,0,0,0,0,1,1,1,1,2,4,5,8,11,14,18,22,26,29,32,34,34,34,33,31,28,24,21,18,14,11,9,7,5,4,3,2,1,1,1,1,1,1,0,0,0,0,0,0,0,0,0,0,0,0,0,0,0,0,0,0,0,0,0,0,0,0,0,0,0,0,0,0,0,0,0,0,0,0,0,0,0,0,0,0,0,0,0,0,0,0,0,0,0,0,0,0,0,0,0,0,0,0,0,0,0,0,0,0,0,0,0,0,0,0,0,0,0,0,0,0,0,0,0,0,0,0,1,2,5,5,6,7,8,9,8,6,5,4,4,4,3,3,3,3,3,3,3,2,3,4,6,6,6,6,5,5,5,6,6,6,6,7,8,7,6,5,5,3,2,1,1,1,1,1,2,3,4,6,8,8,7,6,5,4,3,2,1,1,0,0,0,0,0,0,0,0,0,0,0,0,0,0,0,0,1,1,1,1,2,4,5,8,11,14,18,22,26,29,32,34,34,34,33,31,28,24,21,18,14,11,9,7,5,4,3,2,1,1,1,1,1,1,0,0,0,0,0,0,0,0,0,0,0,0,0,0,0,0,0,0,0,0,0
0,0,0,0,0,0,0,0,0,0,0,0,0,0,0,0,0,0,0,0,0,0,0,0,0,0,0,0,0,0,0,0,0,0,0,0,0,0,0,0,0,0,0,0,0,0,0,0,0,0,0,0,0,0,0,0,0,0,0,0,0,0,0,1,2,5,5,6,7,8,9,9,7,5,4,4,4,3,3,3,3,3,3,3,3,3,4,5,6,6,6,5,4,5,5,5,5,6,6,8,8,6,5,5,3,2,1,1,1,1,1,2,3,4,6,8,8,8,7,5,4,4,3,1,1,0,0,0,0,0,0,0,0,0,0,0,0,0,0,0,1,1,1,1,2,3,5,8,11,14,18,22,26,29,32,33,34,33,32,30,27,24,20,17,14,11,8,6,4,3,2,2,1,1,1,1,1,1,0,0,0,0,0,0,0,0,0,0,0,0,0,0,0,0,0,0,0,0,0,0,0,0,0,0,0,0,0,0,0,0,0,0,0,0,0,0,0,0,0,0,0,0,0,0,0,0,0,0,0,0,0,0,0,0,0,0,0,0,0,0,0,0,0,0,0,0,0,0,0,0,0,0,0,0,0,0,0,0,0,0,0,0,0,1,2,5,5,6,7,8,9,9,7,5,4,4,4,3,3,3,3,3,3,3,3,3,4,6,6,6,6,5,4,5,5,5,5,6,6,8,8,6,5,5,3,2,1,1,1,1,1,2,3,4,6,8,8,8,7,5,4,4,3,1,1,0,0,0,0,0,0,0,0,0,0,0,0,0,0,0,1,1,1,1,2,3,5,8,11,14,18,22,26,29,32,34,34,33,32,30,27,24,20,17,14,11,8,6,4,3,2,2,1,1,1,1,1,1,0,0,0,0,0,0,0,0,0,0,0,0,0,0,0,0,0,0,0,0,0,0
0,0,0,0,0,0,0,0,0,0,0,0,0,0,0,0,0,0,0,0,0,0,0,0,0,0,0,0,0,0,0,0,0,0,0,0,0,0,0,0,0,0,0,0,0,0,0,0,0,0,0,0,0,0,0,0,0,0,0,0,0,0,0,1,2,4,5,5,6,8,9,9,7,5,4,4,4,3,3,3,3,3,3,3,3,3,4,6,6,6,5,5,4,5,5,5,5,6,6,7,8,7,5,5,3,2,1,1,1,1,1,1,2,4,6,7,8,8,7,5,4,4,3,1,1,0,0,0,0,0,0,0,0,0,0,0,0,0,0,1,1,1,1,2,3,5,7,10,14,18,22,26,29,31,33,33,33,31,29,26,23,19,16,13,10,7,6,4,3,2,1,1,1,1,1,1,0,0,0,0,0,0,0,0,0,0,0,0,0,0,0,0,0,0,0,0,0,0,0,0,0,0,0,0,0,0,0,0,0,0,0,0,0,0,0,0,0,0,0,0,0,0,0,0,0,0,0,0,0,0,0,0,0,0,0,0,0,0,0,0,0,0,0,0,0,0,0,0,0,0,0,0,0,0,0,0,0,0,0,0,0,0,0,1,2,4,5,5,6,8,9,9,7,5,4,4,4,3,3,3,3,3,3,3,3,3,4,6,6,6,5,5,4,5,5,5,5,6,6,7,8,7,5,5,4,2,1,1,1,1,1,1,2,4,6,7,8,8,7,5,4,4,3,1,1,0,0,0,0,0,0,0,0,0,0,0,0,0,0,1,1,1,1,2,3,5,7,10,14,18,22,26,29,32,33,33,33,31,29,26,23,19,16,13,10,7,6,4,3,2,1,1,1,1,1,1,0,0,0,0,0,0,0,0,0,0,0,0,0,0,0,0,0,0,0,0,0,0,0,0
0,0,0,0,0,0,0,0,0,0,0,0,0,0,0,0,0,0,0,0,0,0,0,0,0,0,0,0,0,0,0,0,0,0,0,0,0,0,0,0,0,0,0,0,0,0,0,0,0,0,0,0,0,0,0,0,0,0,0,0,0,0,0,1,1,4,5,5,6,7,9,9,7,5,4,4,4,3,3,3,3,3,3,3,3,3,4,6,5,6,5,5,4,5,5,5,5,6,6,7,8,7,5,5,4,2,1,1,1,1,1,1,2,4,6,7,8,8,7,5,4,4,3,2,1,0,0,0,0,0,0,0,0,0,0,0,0,0,1,1,1,1,2,3,5,7,10,14,18,22,25,29,31,33,33,32,30,28,25,22,18,15,12,9,7,5,4,2,2,1,1,1,1,1,0,0,0,0,0,0,0,0,0,0,0,0,0,0,0,0,0,0,0,0,0,0,0,0,0,0,0,0,0,0,0,0,0,0,0,0,0,0,0,0,0,0,0,0,0,0,0,0,0,0,0,0,0,0,0,0,0,0,0,0,0,0,0,0,0,0,0,0,0,0,0,0,0,0,0,0,0,0,0,0,0,0,0,0,0,0,0,0,0,1,1,4,5,5,6,7,9,9,7,5,4,4,4,3,3,3,3,3,3,3,3,3,4,6,6,6,5,5,4,5,5,5,5,6,6,7,8,7,5,5,4,2,1,1,1,1,1,1,2,4,6,7,8,8,7,5,4,4,3,2,1,0,0,0,0,0,0,0,0,0,0,0,0,0,1,1,1,1,2,3,5,7,10,14,18,22,25,29,31,33,33,32,30,28,25,22,18,15,12,9,7,5,4,2,2,1,1,1,1,1,0,0,0,0,0,0,0,0,0,0,0,0,0,0,0,0,0,0,0,0,0,0,0,0,0,0
0,0,0,0,0,0,0,0,0,0,0,0,0,0,0,0,0,0,0,0,0,0,0,0,0,0,0,0,0,0,0,0,0,0,0,0,0,0,0,0,0,0,0,0,0,0,0,0,0,0,0,0,0,0,0,0,0,0,0,0,0,0,0,1,1,3,5,5,6,7,9,9,8,6,5,5,5,4,3,3,3,3,3,3,3,3,5,5,5,6,5,5,4,4,4,5,5,6,6,7,8,7,5,5,4,2,2,1,1,1,1,1,2,4,5,7,8,8,7,6,5,4,3,2,1,0,0,0,0,0,0,0,0,0,0,0,0,1,1,1,1,2,3,4,7,9,13,17,22,25,29,31,33,33,32,30,27,24,21,18,14,11,8,6,5,3,2,2,1,1,1,1,1,0,0,0,0,0,0,0,0,0,0,0,0,0,0,0,0,0,0,0,0,0,0,0,0,0,0,0,0,0,0,0,0,0,0,0,0,0,0,0,0,0,0,0,0,0,0,0,0,0,0,0,0,0,0,0,0,0,0,0,0,0,0,0,0,0,0,0,0,0,0,0,0,0,0,0,0,0,0,0,0,0,0,0,0,0,0,0,0,0,0,1,1,3,5,5,6,7,9,9,8,6,5,5,5,4,3,3,3,3,3,3,3,3,5,6,6,6,5,5,4,4,4,5,5,6,6,7,8,7,5,5,4,2,2,1,1,1,1,1,2,4,5,7,8,8,7,6,5,4,3,2,1,0,0,0,0,0,0,0,0,0,0,0,0,1,1,1,1,2,3,4,7,9,13,17,22,25,29,31,33,33,32,30,27,24,21,18,14,11,8,6,5,3,2,2,1,1,1,1,1,0,0,0,0,0,0,0,0,0,0,0,0,0,0,0,0,0,0,0,0,0,0,0,0,0,0,0
0,0,0,0,0,0,0,0,0,0,0,0,0,0,0,0,0,0,0,0,0,0,0,0,0,0,0,0,0,0,0,0,0,0,0,0,0,0,0,0,0,0,0,0,0,0,0,0,0,0,0,0,0,0,0,0,0,0,0,0,0,0,0,1,1,3,5,5,6,7,8,9,8,6,5,5,5,4,3,3,3,3,3,3,3,3,5,5,5,6,5,5,4,4,4,4,4,5,6,7,8,7,6,5,5,2,2,1,1,1,1,1,2,3,5,7,8,8,8,6,5,4,3,2,1,1,0,0,0,0,0,0,0,0,0,0,1,1,1,1,2,3,4,6,9,12,16,21,25,28,31,32,33,32,30,26,23,20,17,14,11,8,6,4,3,2,1,1,1,1,1,0,0,0,0,0,0,0,0,0,0,0,0,0,0,0,0,0,0,0,0,0,0,0,0,0,0,0,0,0,0,0,0,0,0,0,0,0,0,0,0,0,0,0,0,0,0,0,0,0,0,0,0,0,0,0,0,0,0,0,0,0,0,0,0,0,0,0,0,0,0,0,0,0,0,0,0,0,0,0,0,0,0,0,0,0,0,0,0,0,0,0,0,1,1,3,5,5,6,7,8,9,8,6,5,5,5,4,3,3,3,3,3,3,3,3,5,6,5,6,5,5,4,4,4,4,4,5,6,7,8,7,6,5,5,2,2,1,1,1,1,1,2,3,5,7,8,8,8,6,5,4,3,2,1,1,0,0,0,0,0,0,0,0,0,0,1,1,1,1,2,3,4,6,9,12,17,21,25,28,31,32,33,32,30,26,23,20,17,14,11,8,6,4,3,2,1,1,1,1,1,0,0,0,0,0,0,0,0,0,0,0,0,0,0,0,0,0,0,0,0,0,0,0,0,0,0,0,0,0
0,0,0,0,0,0,0,0,0,0,0,0,0,0,0,0,0,0,0,0,0,0,0,0,0,0,0,0,0,0,0,0,0,0,0,0,0,0,0,0,0,0,0,0,0,0,0,0,0,0,0,0,0,0,0,0,0,0,0,0,0,0,0,1,1,3,5,5,5,7,8,9,8,6,5,5,5,4,3,3,4,3,3,3,3,3,5,5,5,6,5,5,4,4,4,4,4,5,6,7,8,8,6,5,5,3,2,1,1,1,1,1,2,3,5,7,8,8,8,6,5,4,3,2,1,1,0,0,0,0,0,0,0,0,0,1,1,1,1,1,2,4,6,9,12,16,20,24,28,30,32,32,31,29,26,22,19,16,13,10,8,6,4,3,2,1,1,1,1,1,0,0,0,0,0,0,0,0,0,0,0,0,0,0,0,0,0,0,0,0,0,0,0,0,0,0,0,0,0,0,0,0,0,0,0,0,0,0,0,0,0,0,0,0,0,0,0,0,0,0,0,0,0,0,0,0,0,0,0,0,0,0,0,0,0,0,0,0,0,0,0,0,0,0,0,0,0,0,0,0,0,0,0,0,0,0,0,0,0,0,0,0,0,1,1,3,5,5,6,7,8,9,8,6,5,5,5,4,3,3,4,3,3,3,3,4,5,6,5,6,5,5,4,4,4,4,4,5,6,7,8,8,6,5,5,3,2,1,1,1,1,1,2,3,5,7,8,8,8,6,5,4,4,2,1,1,0,0,0,0,0,0,0,0,0,1,1,1,1,2,2,4,6,9,12,16,20,24,28,30,32,32,31,29,26,22,19,16,13,10,8,6,4,3,2,1,1,1,1,1,0,0,0,0,0,0,0,0,0,0,0,0,0,0,0,0,0,0,0,0,0,0,0,0,0,0,0,0,0,0
0,0,0,0,0,0,0,0,0,0,0,0,0,0,0,0,0,0,0,0,0,0,0,0,0,0,0,0,0,0,0,0,0,0,0,0,0,0,0,0,0,0,0,0,0,0,0,0,0,0,0,0,0,0,0,0,0,0,0,0,0,0,0,0,1,2,4,5,5,6,8,9,8,6,5,5,5,4,3,3,4,3,3,3,3,4,5,5,5,6,5,4,4,4,4,4,4,5,6,7,8,8,6,5,5,3,2,1,1,1,1,1,2,3,5,7,8,8,8,7,5,4,4,3,1,1,0,0,0,0,0,0,0,0,0,1,1,1,1,2,4,5,8,11,15,19,23,27,30,32,32,31,29,26,23,18,15,12,10,7,5,4,2,2,1,1,1,1,0,0,0,0,0,0,0,0,0,0,0,0,0,0,0,0,0,0,0,0,0,0,0,0,0,0,0,0,0,0,0,0,0,0,0,0,0,0,0,0,0,0,0,0,0,0,0,0,0,0,0,0,0,0,0,0,0,0,0,0,0,0,0,0,0,0,0,0,0,0,0,0,0,0,0,0,0,0,0,0,0,0,0,0,0,0,0,0,0,0,0,0,0,0,0,0,1,2,4,5,5,6,8,9,8,6,5,5,5,4,3,3,4,3,3,3,3,4,5,6,5,6,5,4,4,4,4,4,4,5,6,7,8,8,6,5,5,3,2,1,1,1,1,1,2,3,5,7,8,8,8,7,5,4,4,3,1,1,0,0,0,0,0,0,0,0,0,1,1,1,1,2,4,5,8,11,15,19,24,27,30,32,32,31,29,26,23,18,15,12,10,7,5,4,2,2,1,1,1,1,0,0,0,0,0,0,0,0,0,0,0,0,0,0,0,0,0,0,0,0,0,0,0,0,0,0,0,0,0,0,0,0
0,0,0,0,0,0,0,0,0,0,0,0,0,0,0,0,0,0,0,0,0,0,0,0,0,0,0,0,0,0,0,0,0,0,0,0,0,0,0,0,0,0,0,0,0,0,0,0,0,0,0,0,0,0,0,0,0,0,0,0,0,0,0,0,1,2,4,5,5,6,8,9,9,7,6,5,5,4,4,3,4,3,3,3,3,4,5,5,5,6,5,4,4,4,3,3,4,5,6,6,8,8,6,5,5,3,2,1,1,1,1,1,2,3,4,6,8,8,8,7,5,4,4,3,1,1,0,0,0,0,0,0,0,0,1,1,1,1,2,3,5,7,11,14,18,22,26,30,31,32,31,29,26,23,19,15,12,9,7,5,3,2,2,1,1,1,1,0,0,0,0,0,0,0,0,0,0,0,0,0,0,0,0,0,0,0,0,0,0,0,0,0,0,0,0,0,0,0,0,0,0,0,0,0,0,0,0,0,0,0,0,0,0,0,0,0,0,0,0,0,0,0,0,0,0,0,0,0,0,0,0,0,0,0,0,0,0,0,0,0,0,0,0,0,0,0,0,0,0,0,0,0,0,0,0,0,0,0,0,0,0,0,0,0,1,2,4,5,5,6,8,9,9,7,6,5,5,4,4,3,4,3,3,3,3,4,5,6,5,6,5,4,4,4,3,3,4,5,6,6,8,8,6,5,5,3,2,1,1,1,1,1,2,3,4,6,8,8,8,7,5,4,4,3,1,1,0,0,0,0,0,0,0,0,1,1,1,1,2,3,5,7,11,14,18,23,27,30,31,32,31,29,26,23,19,15,12,9,7,5,3,2,2,1,1,1,1,0,0,0,0,0,0,0,0,0,0,0,0,0,0,0,0,0,0,0,0,0,0,0,0,0,0,0,0,0,0,0,0,0
0,0,0,0,0,0,0,0,0,0,0,0,0,0,0,0,0,0,0,0,0,0,0,0,0,0,0,0,0,0,0,0,0,0,0,0,0,0,0,0,0,0,0,0,0,0,0,0,0,0,0,0,0,0,0,0,0,0,0,0,0,0,0,0,1,2,4,5,5,6,8,9,9,7,6,6,5,5,4,3,4,3,3,3,4,4,5,5,5,5,5,4,4,3,3,3,4,5,6,6,7,8,7,5,5,4,2,1,1,1,1,1,1,2,4,6,7,8,8,7,5,5,4,3,1,1,0,0,0,0,0,0,0,1,1,1,1,2,3,5,7,10,14,18,22,26,29,31,31,31,29,26,23,19,15,11,9,7,5,3,2,1,1,1,1,1,0,0,0,0,0,0,0,0,0,0,0,0,0,0,0,0,0,0,0,0,0,0,0,0,0,0,0,0,0,0,0,0,0,0,0,0,0,0,0,0,0,0,0,0,0,0,0,0,0,0,0,0,0,0,0,0,0,0,0,0,0,0,0,0,0,0,0,0,0,0,0,0,0,0,0,0,0,0,0,0,0,0,0,0,0,0,0,0,0,0,0,0,0,0,0,0,0,0,1,2,4,5,5,6,8,9,9,7,6,6,5,5,4,3,4,3,3,3,4,4,6,6,6,5,5,4,4,3,3,3,4,5,6,6,7,8,7,5,5,4,2,1,1,1,1,1,1,2,4,6,7,8,8,7,5,5,4,3,1,1,0,0,0,0,0,0,0,1,1,1,1,2,3,5,7,10,14,18,22,26,29,31,32,31,29,26,23,19,15,11,9,7,5,3,2,1,1,1,1,1,0,0,0,0,0,0,0,0,0,0,0,0,0,0,0,0,0,0,0,0,0,0,0,0,0,0,0,0,0,0,0,0,0,0
0,0,0,0,0,0,0,0,0,0,0,0,0,0,0,0,0,0,0,0,0,0,0,0,0,0,0,0,0,0,0,0,0,0,0,0,0,0,0,0,0,0,0,0,0,0,0,0,0,0,0,0,0,0,0,0,0,0,0,0,0,0,0,0,1,1,3,5,5,6,7,9,9,7,6,6,6,5,4,3,4,3,3,3,4,4,6,5,6,5,5,4,4,3,3,3,4,5,6,6,7,8,7,5,5,4,2,1,1,1,1,1,1,2,4,6,7,8,8,8,6,5,4,3,2,1,0,0,0,0,0,0,0,1,1,1,2,3,4,6,9,13,17,21,25,28,30,31,30,29,26,23,19,15,11,8,6,4,3,2,1,1,1,1,1,0,0,0,0,0,0,0,0,0,0,0,0,0,0,0,0,0,0,0,0,0,0,0,0,0,0,0,0,0,0,0,0,0,0,0,0,0,0,0,0,0,0,0,0,0,0,0,0,0,0,0,0,0,0,0,0,0,0,0,0,0,0,0,0,0,0,0,0,0,0,0,0,0,0,0,0,0,0,0,0,0,0,0,0,0,0,0,0,0,0,0,0,0,0,0,0,0,0,0,1,1,3,5,5,6,7,9,9,7,6,6,6,5,4,3,4,3,3,3,4,4,6,6,6,5,5,4,4,3,3,3,4,5,6,6,7,8,7,5,5,4,2,1,1,1,1,1,1,2,4,6,7,8,8,8,6,5,4,3,2,1,0,0,0,0,0,0,0,1,1,1,2,3,4,6,9,13,17,21,25,28,30,31,30,29,26,23,19,15,11,8,6,4,3,2,1,1,1,1,1,0,0,0,0,0,0,0,0,0,0,0,0,0,0,0,0,0,0,0,0,0,0,0,0,0,0,0,0,0,0,0,0,0,0,0
0,0,0,0,0,0,0,0,0,0,0,0,0,0,0,0,0,0,0,0,0,0,0,0,0,0,0,0,0,0,0,0,0,0,0,0,0,0,0,0,0,0,0,0,0,0,0,0,0,0,0,0,0,0,0,0,0,0,0,0,0,0,0,0,1,1,3,5,5,6,7,9,9,8,6,6,6,5,4,3,4,3,3,3,4,4,6,5,6,5,5,4,4,3,3,3,3,4,5,6,7,8,7,6,5,4,2,2,1,1,1,1,1,2,4,6,7,8,8,8,6,5,4,3,2,1,1,0,0,0,0,0,1,1,1,2,3,4,6,9,12,16,20,24,27,30,31,30,28,26,23,19,15,12,8,6,4,3,2,1,1,1,1,1,0,0,0,0,0,0,0,0,0,0,0,0,0,0,0,0,0,0,0,0,0,0,0,0,0,0,0,0,0,0,0,0,0,0,0,0,0,0,0,0,0,0,0,0,0,0,0,0,0,0,0,0,0,0,0,0,0,0,0,0,0,0,0,0,0,0,0,0,0,0,0,0,0,0,0,0,0,0,0,0,0,0,0,0,0,0,0,0,0,0,0,0,0,0,0,0,0,0,0,0,1,1,3,5,5,6,7,9,9,8,6,6,6,5,4,3,4,3,3,3,4,4,6,6,6,5,5,4,4,3,3,3,3,4,5,6,7,8,7,6,5,4,2,2,1,1,1,1,1,2,4,6,7,8,8,8,6,5,4,3,2,1,1,0,0,0,0,0,1,1,1,2,3,4,6,9,12,16,20,24,27,30,31,30,28,26,23,19,15,12,8,6,4,3,2,1,1,1,1,1,0,0,0,0,0,0,0,0,0,0,0,0,0,0,0,0,0,0,0,0,0,0,0,0,0,0,0,0,0,0,0,0,0,0,0,0
0,0,0,0,0,0,0,0,0,0,0,0,0,0,0,0,0,0,0,0,0,0,0,0,0,0,0,0,0,0,0,0,0,0,0,0,0,0,0,0,0,0,0,0,0,0,0,0,0,0,0,0,0,0,0,0,0,0,0,0,0,0,0,0,1,1,3,4,5,6,7,8,9,8,7,6,6,5,4,3,4,3,3,3,4,4,6,5,6,5,5,4,4,3,2,2,3,4,5,6,7,8,7,6,5,5,3,2,1,1,1,1,1,2,4,5,7,8,8,8,6,5,4,3,2,1,1,0,0,0,0,1,1,1,1,2,4,5,8,11,15,19,23,27,29,30,30,29,26,23,19,15,12,9,6,4,3,2,1,1,1,1,0,0,0,0,0,0,0,0,0,0,0,0,0,0,0,0,0,0,0,0,0,0,0,0,0,0,0,0,0,0,0,0,0,0,0,0,0,0,0,0,0,0,0,0,0,0,0,0,0,0,0,0,0,0,0,0,0,0,0,0,0,0,0,0,0,0,0,0,0,0,0,0,0,0,0,0,0,0,0,0,0,0,0,0,0,0,0,0,0,0,0,0,0,0,0,0,0,0,0,0,0,0,1,1,3,4,5,6,7,8,9,8,7,6,6,5,4,3,4,3,3,3,4,4,6,6,6,5,5,4,4,3,2,2,3,4,5,6,7,8,7,6,5,5,3,2,1,1,1,1,1,2,4,5,7,8,8,8,6,5,4,3,2,1,1,0,0,0,0,1,1,1,1,2,4,5,8,11,15,19,23,27,29,30,30,29,26,23,19,15,12,9,6,4,3,2,1,1,1,1,0,0,0,0,0,0,0,0,0,0,0,0,0,0,0,0,0,0,0,0,0,0,0,0,0,0,0,0,0,0,0,0,0,0,0,0,0,0
0,0,0,0,0,0,0,0,0,0,0,0,0,0,0,0,0,0,0,0,0,0,0,0,0,0,0,0,0,0,0,0,0,0,0,0,0,0,0,0,0,0,0,0,0,0,0,0,0,0,0,0,0,0,0,0,0,0,0,0,0,0,0,0,1,1,2,4,5,5,7,8,9,8,7,7,6,6,4,3,4,3,3,3,4,4,6,5,6,5,5,3,4,3,2,2,3,4,5,6,7,8,8,6,5,5,3,2,1,1,1,1,1,2,3,5,7,8,8,8,7,5,4,4,2,1,1,0,0,0,1,1,1,1,2,3,5,7,10,14,18,22,26,29,30,30,29,26,23,19,15,12,9,6,4,3,2,1,1,1,1,0,0,0,0,0,0,0,0,0,0,0,0,0,0,0,0,0,0,0,0,0,0,0,0,0,0,0,0,0,0,0,0,0,0,0,0,0,0,0,0,0,0,0,0,0,0,0,0,0,0,0,0,0,0,0,0,0,0,0,0,0,0,0,0,0,0,0,0,0,0,0,0,0,0,0,0,0,0,0,0,0,0,0,0,0,0,0,0,0,0,0,0,0,0,0,0,0,0,0,0,0,0,0,1,1,2,4,5,5,7,8,9,8,7,7,6,6,4,3,4,3,3,3,4,4,6,5,6,5,5,3,4,3,2,2,3,4,5,6,7,8,8,6,5,5,3,2,1,1,1,1,1,2,3,5,7,8,8,8,7,5,4,4,2,1,1,0,0,0,1,1,1,1,2,3,5,7,10,14,18,22,26,29,30,30,29,26,23,19,15,12,9,6,4,3,2,1,1,1,1,0,0,0,0,0,0,0,0,0,0,0,0,0,0,0,0,0,0,0,0,0,0,0,0,0,0,0,0,0,0,0,0,0,0,0,0,0,0,0
0,0,0,0,0,0,0,0,0,0,0,0,0,0,0,0,0,0,0,0,0,0,0,0,0,0,0,0,0,0,0,0,0,0,0,0,0,0,0,0,0,0,0,0,0,0,0,0,0,0,0,0,0,0,0,0,0,0,0,0,0,0,0,0,0,1,2,4,5,5,7,8,9,9,7,7,6,6,4,3,4,3,3,3,4,5,5,5,6,4,4,3,4,3,2,2,3,4,5,6,7,8,8,6,5,5,3,2,1,1,1,1,1,2,3,5,7,8,8,8,7,5,4,4,3,1,1,0,0,0,1,1,1,2,3,5,7,10,13,17,21,25,28,30,30,29,27,23,19,15,12,9,6,4,3,2,1,1,1,1,0,0,0,0,0,0,0,0,0,0,0,0,0,0,0,0,0,0,0,0,0,0,0,0,0,0,0,0,0,0,0,0,0,0,0,0,0,0,0,0,0,0,0,0,0,0,0,0,0,0,0,0,0,0,0,0,0,0,0,0,0,0,0,0,0,0,0,0,0,0,0,0,0,0,0,0,0,0,0,0,0,0,0,0,0,0,0,0,0,0,0,0,0,0,0,0,0,0,0,0,0,0,0,0,0,1,2,4,5,5,7,8,9,8,7,7,6,6,4,3,4,4,3,3,4,5,6,5,6,5,4,3,4,3,2,2,3,4,5,6,7,8,8,6,5,5,3,2,1,1,1,1,1,2,3,5,7,8,8,8,7,5,4,4,3,1,1,0,0,0,1,1,1,2,3,5,7,10,13,17,21,25,28,30,30,29,27,23,19,15,12,9,6,4,3,2,1,1,1,1,0,0,0,0,0,0,0,0,0,0,0,0,0,0,0,0,0,0,0,0,0,0,0,0,0,0,0,0,0,0,0,0,0,0,0,0,0,0,0,0
0,0,0,0,0,0,0,0,0,0,0,0,0,0,0,0,0,0,0,0,0,0,0,0,0,0,0,0,0,0,0,0,0,0,0,0,0,0,0,0,0,0,0,0,0,0,0,0,0,0,0,0,0,0,0,0,0,0,0,0,0,0,0,0,0,1,2,4,5,5,6,8,9,9,7,7,6,6,5,4,4,4,3,3,4,5,5,5,6,4,4,3,3,2,2,2,3,4,5,6,7,8,8,7,5,5,3,2,1,1,1,1,1,2,3,5,6,8,8,8,7,5,5,4,3,1,1,0,1,1,1,1,1,2,4,6,9,12,16,20,24,27,29,30,29,27,24,20,16,12,9,6,4,3,2,1,1,1,1,0,0,0,0,0,0,0,0,0,0,0,0,0,0,0,0,0,0,0,0,0,0,0,0,0,0,0,0,0,0,0,0,0,0,0,0,0,0,0,0,0,0,0,0,0,0,0,0,0,0,0,0,0,0,0,0,0,0,0,0,0,0,0,0,0,0,0,0,0,0,0,0,0,0,0,0,0,0,0,0,0,0,0,0,0,0,0,0,0,0,0,0,0,0,0,0,0,0,0,0,0,0,0,0,0,0,1,2,4,5,5,6,8,9,9,7,7,6,6,5,4,4,4,3,3,4,5,6,5,6,4,4,3,4,2,2,2,3,4,5,6,7,8,8,7,5,5,3,2,1,1,1,1,1,2,3,5,6,8,8,8,7,5,5,4,3,1,1,0,1,1,1,1,1,2,4,6,9,12,16,20,24,27,29,30,29,27,24,20,16,12,9,6,4,3,2,1,1,1,1,0,0,0,0,0,0,0,0,0,0,0,0,0,0,0,0,0,0,0,0,0,0,0,0,0,0,0,0,0,0,0,0,0,0,0,0,0,0,0,0,0
0,0,0,0,0,0,0,0,0,0,0,0,0,0,0,0,0,0,0,0,0,0,0,0,0,0,0,0,0,0,0,0,0,0,0,0,0,0,0,0,0,0,0,0,0,0,0,0,0,0,0,0,0,0,0,0,0,0,0,0,0,0,0,0,0,1,1,3,5,5,6,8,9,9,8,7,6,6,5,4,4,3,3,3,4,5,5,5,6,4,4,3,3,2,1,2,2,4,5,6,7,8,8,7,5,5,4,2,1,1,1,1,1,1,3,5,6,7,8,8,8,6,5,4,3,2,1,1,1,1,1,1,2,3,5,8,11,15,19,23,26,28,29,29,27,24,21,16,12,9,7,5,3,2,1,1,1,1,0,0,0,0,0,0,0,0,0,0,0,0,0,0,0,0,0,0,0,0,0,0,0,0,0,0,0,0,0,0,0,0,0,0,0,0,0,0,0,0,0,0,0,0,0,0,0,0,0,0,0,0,0,0,0,0,0,0,0,0,0,0,0,0,0,0,0,0,0,0,0,0,0,0,0,0,0,0,0,0,0,0,0,0,0,0,0,0,0,0,0,0,0,0,0,0,0,0,0,0,0,0,0,0,0,0,0,1,1,3,5,5,6,8,9,9,8,7,6,6,5,4,4,3,3,3,4,5,5,5,6,4,4,3,3,2,1,2,2,4,5,6,7,8,8,7,5,5,4,2,1,1,1,1,1,1,3,5,6,7,8,8,8,6,5,4,3,2,1,1,1,1,1,1,2,3,5,8,12,15,19,23,26,29,29,29,27,24,21,16,12,9,7,5,3,2,1,1,1,1,0,0,0,0,0,0,0,0,0,0,0,0,0,0,0,0,0,0,0,0,0,0,0,0,0,0,0,0,0,0,0,0,0,0,0,0,0,0,0,0,0,0
0,0,0,0,0,0,0,0,0,0,0,0,0,0,0,0,0,0,0,0,0,0,0,0,0,0,0,0,0,0,0,0,0,0,0,0,0,0,0,0,0,0,0,0,0,0,0,0,0,0,0,0,0,0,0,0,0,0,0,0,0,0,0,0,0,1,1,3,4,5,6,7,9,9,8,8,7,6,5,4,4,3,3,4,4,5,5,5,5,4,4,3,3,2,1,1,2,3,4,6,7,7,8,7,6,5,4,2,1,1,1,1,1,1,2,4,6,7,8,8,8,6,5,4,3,2,1,1,1,1,1,2,3,5,7,11,14,18,22,25,28,29,29,27,25,21,17,13,10,7,5,3,2,1,1,1,1,0,0,0,0,0,0,0,0,0,0,0,0,0,0,0,0,0,0,0,0,0,0,0,0,0,0,0,0,0,0,0,0,0,0,0,0,0,0,0,0,0,0,0,0,0,0,0,0,0,0,0,0,0,0,0,0,0,0,0,0,0,0,0,0,0,0,0,0,0,0,0,0,0,0,0,0,0,0,0,0,0,0,0,0,0,0,0,0,0,0,0,0,0,0,0,0,0,0,0,0,0,0,0,0,0,0,0,0,1,1,3,4,5,6,7,9,9,8,8,7,6,5,4,4,3,3,4,4,5,5,5,5,5,4,3,3,2,1,1,2,3,4,6,7,7,8,7,6,5,4,2,1,1,1,1,1,1,2,4,6,7,8,8,8,6,5,4,3,2,1,1,1,1,1,2,3,5,7,11,14,18,22,25,28,29,29,27,25,21,17,13,10,7,5,3,2,1,1,1,1,0,0,0,0,0,0,0,0,0,0,0,0,0,0,0,0,0,0,0,0,0,0,0,0,0,0,0,0,0,0,0,0,0,0,0,0,0,0,0,0,0,0,0
0,0,0,0,0,0,0,0,0,0,0,0,0,0,0,0,0,0,0,0,0,0,0,0,0,0,0,0,0,0,0,0,0,0,0,0,0,0,0,0,0,0,0,0,0,0,0,0,0,0,0,0,0,0,0,0,0,0,0,0,0,0,0,0,0,1,1,3,4,5,6,7,9,9,8,8,7,7,5,4,4,3,3,4,4,5,5,5,5,5,4,3,3,2,1,1,2,3,4,5,7,7,8,7,6,5,4,2,2,1,1,1,1,1,2,4,5,7,8,8,8,6,5,4,3,2,1,1,1,1,1,2,4,6,9,13,17,21,24,27,28,29,27,25,22,18,14,10,7,5,3,2,1,1,1,1,0,0,0,0,0,0,0,0,0,0,0,0,0,0,0,0,0,0,0,0,0,0,0,0,0,0,0,0,0,0,0,0,0,0,0,0,0,0,0,0,0,0,0,0,0,0,0,0,0,0,0,0,0,0,0,0,0,0,0,0,0,0,0,0,0,0,0,0,0,0,0,0,0,0,0,0,0,0,0,0,0,0,0,0,0,0,0,0,0,0,0,0,0,0,0,0,0,0,0,0,0,0,0,0,0,0,0,0,0,1,1,3,4,5,6,7,9,9,8,8,7,7,5,4,4,3,3,4,4,5,5,5,5,5,4,3,3,2,1,1,2,3,4,5,7,7,8,7,6,5,4,2,2,1,1,1,1,1,2,4,5,7,8,8,8,6,5,4,3,2,1,1,1,1,1,2,4,6,9,13,17,21,24,27,28,29,27,25,22,18,14,10,7,5,3,2,1,1,1,1,0,0,0,0,0,0,0,0,0,0,0,0,0,0,0,0,0,0,0,0,0,0,0,0,0,0,0,0,0,0,0,0,0,0,0,0,0,0,0,0,0,0,0,0
0,0,0,0,0,0,0,0,0,0,0,0,0,0,0,0,0,0,0,0,0,0,0,0,0,0,0,0,0,0,0,0,0,0,0,0,0,0,0,0,0,0,0,0,0,0,0,0,0,0,0,0,0,0,0,0,0,0,0,0,0,0,0,0,0,1,1,2,4,5,5,7,9,9,9,8,7,7,6,5,4,3,3,4,4,5,5,5,5,5,4,3,3,2,1,1,2,3,4,5,7,7,8,8,6,5,5,3,2,1,1,1,1,1,2,4,5,7,8,8,8,7,5,4,3,2,1,1,1,1,2,3,5,8,12,16,20,23,26,28,28,28,25,22,19,15,11,8,5,3,2,1,1,1,1,0,0,0,0,0,0,0,0,0,0,0,0,0,0,0,0,0,0,0,0,0,0,0,0,0,0,0,0,0,0,0,0,0,0,0,0,0,0,0,0,0,0,0,0,0,0,0,0,0,0,0,0,0,0,0,0,0,0,0,0,0,0,0,0,0,0,0,0,0,0,0,0,0,0,0,0,0,0,0,0,0,0,0,0,0,0,0,0,0,0,0,0,0,0,0,0,0,0,0,0,0,0,0,0,0,0,0,0,0,0,1,1,2,4,5,5,7,9,9,9,8,7,7,6,5,4,3,3,4,4,6,5,6,5,5,4,3,3,2,1,1,2,3,4,5,7,7,8,8,6,5,5,3,2,1,1,1,1,1,2,4,5,7,8,8,8,7,5,4,3,2,1,1,1,1,2,3,5,8,12,16,20,23,26,28,28,28,25,22,19,15,11,8,5,3,2,1,1,1,1,0,0,0,0,0,0,0,0,0,0,0,0,0,0,0,0,0,0,0,0,0,0,0,0,0,0,0,0,0,0,0,0,0,0,0,0,0,0,0,0,0,0,0,0,0
0,0,0,0,0,0,0,0,0,0,0,0,0,0,0,0,0,0,0,0,0,0,0,0,0,0,0,0,0,0,0,0,0,0,0,0,0,0,0,0,0,0,0,0,0,0,0,0,0,0,0,0,0,0,0,0,0,0,0,0,0,0,0,0,0,1,1,2,4,5,5,7,8,9,9,8,7,7,6,5,4,3,3,4,4,6,5,6,5,5,3,3,3,2,1,1,2,3,4,5,6,7,8,8,7,5,5,3,2,1,1,1,1,1,2,4,5,7,8,8,8,7,5,4,4,3,1,1,1,2,3,4,7,10,14,19,22,25,27,28,28,26,23,19,16,12,8,6,4,2,1,1,1,1,0,0,0,0,0,0,0,0,0,0,0,0,0,0,0,0,0,0,0,0,0,0,0,0,0,0,0,0,0,0,0,0,0,0,0,0,0,0,0,0,0,0,0,0,0,0,0,0,0,0,0,0,0,0,0,0,0,0,0,0,0,0,0,0,0,0,0,0,0,0,0,0,0,0,0,0,0,0,0,0,0,0,0,0,0,0,0,0,0,0,0,0,0,0,0,0,0,0,0,0,0,0,0,0,0,0,0,0,0,0,0,1,1,2,4,5,5,7,8,9,9,8,7,7,6,5,4,3,3,4,4,6,5,6,5,5,4,3,3,2,1,1,2,3,4,5,6,7,8,8,6,5,5,3,2,1,1,1,1,1,2,4,5,7,8,8,8,7,5,4,4,3,1,1,1,2,3,4,7,10,14,19,22,25,27,28,28,26,23,19,16,12,8,6,4,2,1,1,1,1,0,0,0,0,0,0,0,0,0,0,0,0,0,0,0,0,0,0,0,0,0,0,0,0,0,0,0,0,0,0,0,0,0,0,0,0,0,0,0,0,0,0,0,0,0,0
0,0,0,0,0,0,0,0,0,0,0,0,0,0,0,0,0,0,0,0,0,0,0,0,0,0,0,0,0,0,0,0,0,0,0,0,0,0,0,0,0,0,0,0,0,0,0,0,0,0,0,0,0,0,0,0,0,0,0,0,0,0,0,0,0,0,1,2,4,5,5,7,8,9,9,8,7,7,6,5,4,3,3,4,4,6,5,6,5,4,3,3,3,2,1,1,2,3,4,5,6,7,8,8,7,5,5,3,2,1,1,1,1,1,2,3,5,6,8,8,8,7,6,4,4,3,1,1,1,2,4,6,9,13,17,21,24,27,28,28,26,24,20,16,13,9,6,4,2,2,1,1,1,0,0,0,0,0,0,0,0,0,0,0,0,0,0,0,0,0,0,0,0,0,0,0,0,0,0,0,0,0,0,0,0,0,0,0,0,0,0,0,0,0,0,0,0,0,0,0,0,0,0,0,0,0,0,0,0,0,0,0,0,0,0,0,0,0,0,0,0,0,0,0,0,0,0,0,0,0,0,0,0,0,0,0,0,0,0,0,0,0,0,0,0,0,0,0,0,0,0,0,0,0,0,0,0,0,0,0,0,0,0,0,0,0,1,2,4,5,5,7,8,9,9,8,7,7,6,5,4,3,3,4,4,6,5,6,5,5,3,3,3,2,1,1,2,3,4,5,6,7,8,8,7,5,5,3,2,1,1,1,1,1,2,3,5,6,8,8,8,7,6,4,4,3,1,1,1,2,4,6,9,13,17,21,25,27,28,28,26,24,20,16,13,9,6,4,2,2,1,1,1,0,0,0,0,0,0,0,0,0,0,0,0,0,0,0,0,0,0,0,0,0,0,0,0,0,0,0,0,0,0,0,0,0,0,0,0,0,0,0,0,0,0,0,0,0,0,0
0,0,0,0,0,0,0,0,0,0,0,0,0,0,0,0,0,0,0,0,0,0,0,0,0,0,0,0,0,0,0,0,0,0,0,0,0,0,0,0,0,0,0,0,0,0,0,0,0,0,0,0,0,0,0,0,0,0,0,0,0,0,0,0,0,0,1,1,3,4,5,6,8,9,9,8,8,7,6,5,4,3,4,4,4,6,5,6,4,4,3,3,3,2,1,1,1,2,3,5,6,7,8,8,7,6,5,4,2,1,1,1,1,1,2,3,5,6,8,8,8,8,6,5,4,3,2,1,2,3,5,8,11,15,20,24,26,27,28,26,24,21,17,13,10,7,5,3,2,1,1,1,0,0,0,0,0,0,0,0,0,0,0,0,0,0,0,0,0,0,0,0,0,0,0,0,0,0,0,0,0,0,0,0,0,0,0,0,0,0,0,0,0,0,0,0,0,0,0,0,0,0,0,0,0,0,0,0,0,0,0,0,0,0,0,0,0,0,0,0,0,0,0,0,0,0,0,0,0,0,0,0,0,0,0,0,0,0,0,0,0,0,0,0,0,0,0,0,0,0,0,0,0,0,0,0,0,0,0,0,0,0,0,0,0,0,1,1,3,4,5,6,8,9,9,8,8,7,6,5,4,3,4,5,4,6,5,6,5,4,3,3,3,2,1,1,1,2,3,5,6,7,8,8,7,6,5,3,2,1,1,1,1,1,2,3,5,6,8,8,8,8,6,5,4,3,2,1,2,3,5,8,11,16,20,24,26,28,28,26,24,21,17,13,10,7,5,3,2,1,1,1,0,0,0,0,0,0,0,0,0,0,0,0,0,0,0,0,0,0,0,0,0,0,0,0,0,0,0,0,0,0,0,0,0,0,0,0,0,0,0,0,0,0,0,0,0,0,0,0
0,0,0,0,0,0,0,0,0,0,0,0,0,0,0,0,0,0,0,0,0,0,0,0,0,0,0,0,0,0,0,0,0,0,0,0,0,0,0,0,0,0,0,0,0,0,0,0,0,0,0,0,0,0,0,0,0,0,0,0,0,0,0,0,0,0,1,1,3,4,5,6,8,9,10,9,8,7,6,6,4,3,4,5,4,5,5,6,4,4,3,3,2,2,1,1,1,2,3,4,6,7,8,8,7,6,6,4,2,1,1,1,1,1,1,3,4,6,7,8,8,8,6,5,4,3,2,2,3,4,7,10,14,18,22,25,27,27,27,25,22,18,14,11,8,5,3,2,1,1,1,1,0,0,0,0,0,0,0,0,0,0,0,0,0,0,0,0,0,0,0,0,0,0,0,0,0,0,0,0,0,0,0,0,0,0,0,0,0,0,0,0,0,0,0,0,0,0,0,0,0,0,0,0,0,0,0,0,0,0,0,0,0,0,0,0,0,0,0,0,0,0,0,0,0,0,0,0,0,0,0,0,0,0,0,0,0,0,0,0,0,0,0,0,0,0,0,0,0,0,0,0,0,0,0,0,0,0,0,0,0,0,0,0,0,0,1,1,3,4,5,6,8,9,10,9,8,7,6,6,4,3,4,5,4,6,5,6,4,4,3,3,2,2,1,1,1,2,3,4,6,7,8,8,7,6,6,4,2,1,1,1,1,1,1,3,4,6,7,8,8,8,6,5,4,3,2,2,3,5,7,10,14,18,22,25,27,28,27,25,22,18,14,11,8,5,3,2,1,1,1,1,0,0,0,0,0,0,0,0,0,0,0,0,0,0,0,0,0,0,0,0,0,0,0,0,0,0,0,0,0,0,0,0,0,0,0,0,0,0,0,0,0,0,0,0,0,0,0,0
0,0,0,0,0,0,0,0,0,0,0,0,0,0,0,0,0,0,0,0,0,0,0,0,0,0,0,0,0,0,0,0,0,0,0,0,0,0,0,0,0,0,0,0,0,0,0,0,0,0,0,0,0,0,0,0,0,0,0,0,0,0,0,0,0,0,1,1,3,4,5,6,8,9,10,9,8,7,7,6,4,3,4,5,5,5,5,6,4,4,3,3,2,1,1,1,1,2,3,4,6,7,8,8,8,6,6,4,2,2,1,1,1,1,1,3,4,6,7,8,8,8,6,5,4,4,3,2,4,6,9,12,16,21,24,26,27,27,25,22,19,15,11,8,6,4,2,1,1,1,1,0,0,0,0,0,0,0,0,0,0,0,0,0,0,0,0,0,0,0,0,0,0,0,0,0,0,0,0,0,0,0,0,0,0,0,0,0,0,0,0,0,0,0,0,0,0,0,0,0,0,0,0,0,0,0,0,0,0,0,0,0,0,0,0,0,0,0,0,0,0,0,0,0,0,0,0,0,0,0,0,0,0,0,0,0,0,0,0,0,0,0,0,0,0,0,0,0,0,0,0,0,0,0,0,0,0,0,0,0,0,0,0,0,0,0,1,1,3,4,5,6,8,9,10,9,8,7,7,6,4,3,4,5,5,5,5,6,4,4,3,3,2,1,1,1,1,2,3,4,6,7,8,8,8,6,6,4,2,2,1,1,1,1,1,3,4,6,7,8,8,8,6,5,4,4,3,2,4,6,9,12,17,21,24,26,27,27,25,22,19,15,11,8,6,4,2,1,1,1,1,0,0,0,0,0,0,0,0,0,0,0,0,0,0,0,0,0,0,0,0,0,0,0,0,0,0,0,0,0,0,0,0,0,0,0,0,0,0,0,0,0,0,0,0,0,0,0,0,0
0,0,0,0,0,0,0,0,0,0,0,0,0,0,0,0,0,0,0,0,0,0,0,0,0,0,0,0,0,0,0,0,0,0,0,0,0,0,0,0,0,0,0,0,0,0,0,0,0,0,0,0,0,0,0,0,0,0,0,0,0,0,0,0,0,0,1,1,2,4,5,6,8,9,10,9,8,7,7,6,4,3,4,5,5,5,5,6,4,4,3,3,2,1,1,1,1,2,3,4,5,7,7,8,8,6,6,5,3,2,1,1,1,1,1,2,4,5,7,8,8,8,7,5,5,4,3,3,5,8,11,15,19,23,25,27,27,25,23,20,16,12,9,6,4,2,1,1,1,1,0,0,0,0,0,0,0,0,0,0,0,0,0,0,0,0,0,0,0,0,0,0,0,0,0,0,0,0,0,0,0,0,0,0,0,0,0,0,0,0,0,0,0,0,0,0,0,0,0,0,0,0,0,0,0,0,0,0,0,0,0,0,0,0,0,0,0,0,0,0,0,0,0,0,0,0,0,0,0,0,0,0,0,0,0,0,0,0,0,0,0,0,0,0,0,0,0,0,0,0,0,0,0,0,0,0,0,0,0,0,0,0,0,0,0,0,1,1,2,4,5,6,8,9,10,9,8,7,7,6,4,3,4,5,5,5,5,6,4,4,3,3,2,1,1,1,1,2,3,4,5,7,7,8,8,6,6,5,3,2,1,1,1,1,1,2,4,5,7,8,8,8,7,5,5,4,3,3,5,8,11,15,19,23,26,27,27,25,23,20,16,12,9,6,4,2,1,1,1,1,0,0,0,0,0,0,0,0,0,0,0,0,0,0,0,0,0,0,0,0,0,0,0,0,0,0,0,0,0,0,0,0,0,0,0,0,0,0,0,0,0,0,0,0,0,0,0,0,0,0
0,0,0,0,0,0,0,0,0,0,0,0,0,0,0,0,0,0,0,0,0,0,0,0,0,0,0,0,0,0,0,0,0,0,0,0,0,0,0,0,0,0,0,0,0,0,0,0,0,0,0,0,0,0,0,0,0,0,0,0,0,0,0,0,0,0,1,1,2,4,5,5,7,9,10,10,9,8,7,7,5,3,4,5,5,5,5,5,4,4,3,3,2,1,1,1,1,2,3,4,5,7,7,8,8,7,6,5,3,2,1,1,1,1,1,2,4,5,7,8,8,8,7,6,5,5,4,5,7,10,13,17,21,24,26,27,26,23,21,17,13,10,7,5,3,2,1,1,1,0,0,0,0,0,0,0,0,0,0,0,0,0,0,0,0,0,0,0,0,0,0,0,0,0,0,0,0,0,0,0,0,0,0,0,0,0,0,0,0,0,0,0,0,0,0,0,0,0,0,0,0,0,0,0,0,0,0,0,0,0,0,0,0,0,0,0,0,0,0,0,0,0,0,0,0,0,0,0,0,0,0,0,0,0,0,0,0,0,0,0,0,0,0,0,0,0,0,0,0,0,0,0,0,0,0,0,0,0,0,0,0,0,0,0,0,0,1,1,2,4,5,5,7,9,10,10,9,8,7,7,5,3,4,5,5,5,5,6,4,4,3,3,2,1,1,1,1,2,3,4,5,7,7,8,8,7,6,5,3,2,1,1,1,1,1,2,4,5,7,8,8,8,7,6,5,5,4,5,7,10,14,17,21,24,26,27,26,24,21,17,13,10,7,5,3,2,1,1,1,0,0,0,0,0,0,0,0,0,0,0,0,0,0,0,0,0,0,0,0,0,0,0,0,0,0,0,0,0,0,0,0,0,0,0,0,0,0,0,0,0,0,0,0,0,0,0,0,0,0,0
0,0,0,0,0,0,0,0,0,0,0,0,0,0,0,0,0,0,0,0,0,0,0,0,0,0,0,0,0,0,0,0,0,0,0,0,0,0,0,0,0,0,0,0,0,0,0,0,0,0,0,0,0,0,0,0,0,0,0,0,0,0,0,0,0,0,1,1,2,3,5,5,7,9,10,10,9,8,7,7,5,4,4,5,5,5,5,5,4,4,3,3,2,1,1,1,1,1,3,4,5,6,7,8,8,7,6,5,3,2,1,1,1,1,1,2,3,5,6,8,8,9,8,6,5,5,5,6,9,12,16,20,23,25,26,26,24,21,18,14,11,8,5,3,2,1,1,1,0,0,0,0,0,0,0,0,0,0,0,0,0,0,0,0,0,0,0,0,0,0,0,0,0,0,0,0,0,0,0,0,0,0,0,0,0,0,0,0,0,0,0,0,0,0,0,0,0,0,0,0,0,0,0,0,0,0,0,0,0,0,0,0,0,0,0,0,0,0,0,0,0,0,0,0,0,0,0,0,0,0,0,0,0,0,0,0,0,0,0,0,0,0,0,0,0,0,0,0,0,0,0,0,0,0,0,0,0,0,0,0,0,0,0,0,0,0,1,1,2,3,5,5,7,9,10,10,9,8,7,7,5,4,4,5,5,5,5,5,4,4,3,3,2,1,1,1,1,1,3,4,5,6,7,8,8,7,6,5,3,2,1,1,1,1,1,2,3,5,6,8,8,9,8,6,5,5,5,6,9,12,16,20,23,26,27,26,24,21,18,14,11,8,5,3,2,1,1,1,0,0,0,0,0,0,0,0,0,0,0,0,0,0,0,0,0,0,0,0,0,0,0,0,0,0,0,0,0,0,0,0,0,0,0,0,0,0,0,0,0,0,0,0,0,0,0,0,0,0,0,0
0,0,0,0,0,0,0,0,0,0,0,0,0,0,0,0,0,0,0,0,0,0,0,0,0,0,0,0,0,0,0,0,0,0,0,0,0,0,0,0,0,0,0,0,0,0,0,0,0,0,0,0,0,0,0,0,0,0,0,0,0,0,0,0,0,0,0,1,2,3,5,5,7,9,11,10,9,8,7,7,5,4,4,5,5,5,5,5,4,3,3,3,2,1,1,1,1,1,2,4,5,6,7,8,8,7,6,5,3,2,1,1,1,1,1,2,3,5,6,8,8,9,8,6,6,6,7,8,11,14,18,22,25,26,26,24,22,19,15,12,9,6,4,2,1,1,1,1,0,0,0,0,0,0,0,0,0,0,0,0,0,0,0,0,0,0,0,0,0,0,0,0,0,0,0,0,0,0,0,0,0,0,0,0,0,0,0,0,0,0,0,0,0,0,0,0,0,0,0,0,0,0,0,0,0,0,0,0,0,0,0,0,0,0,0,0,0,0,0,0,0,0,0,0,0,0,0,0,0,0,0,0,0,0,0,0,0,0,0,0,0,0,0,0,0,0,0,0,0,0,0,0,0,0,0,0,0,0,0,0,0,0,0,0,0,0,0,1,2,3,5,5,7,9,11,10,9,8,7,7,5,4,4,5,5,5,5,5,4,3,3,3,2,1,1,1,1,1,2,4,5,6,7,8,8,7,6,5,3,2,1,1,1,1,1,2,3,5,6,8,8,9,8,6,6,6,7,8,11,15,18,22,25,26,26,24,22,19,15,12,9,6,4,2,1,1,1,1,0,0,0,0,0,0,0,0,0,0,0,0,0,0,0,0,0,0,0,0,0,0,0,0,0,0,0,0,0,0,0,0,0,0,0,0,0,0,0,0,0,0,0,0,0,0,0,0,0,0,0,0
0,0,0,0,0,0,0,0,0,0,0,0,0,0,0,0,0,0,0,0,0,0,0,0,0,0,0,0,0,0,0,0,0,0,0,0,0,0,0,0,0,0,0,0,0,0,0,0,0,0,0,0,0,0,0,0,0,0,0,0,0,0,0,0,0,0,0,1,1,3,5,5,7,9,11,10,9,8,7,7,5,4,4,5,5,5,5,5,4,3,3,3,2,1,1,1,1,1,2,3,5,6,7,8,8,7,6,5,4,2,1,1,1,1,1,2,3,4,6,7,8,9,9,7,6,7,8,10,13,17,20,23,25,26,25,22,20,16,13,9,7,4,3,2,1,1,1,0,0,0,0,0,0,0,0,0,0,0,0,0,0,0,0,0,0,0,0,0,0,0,0,0,0,0,0,0,0,0,0,0,0,0,0,0,0,0,0,0,0,0,0,0,0,0,0,0,0,0,0,0,0,0,0,0,0,0,0,0,0,0,0,0,0,0,0,0,0,0,0,0,0,0,0,0,0,0,0,0,0,0,0,0,0,0,0,0,0,0,0,0,0,0,0,0,0,0,0,0,0,0,0,0,0,0,0,0,0,0,0,0,0,0,0,0,0,0,0,1,1,3,5,5,7,9,11,10,9,8,7,7,5,4,5,5,5,5,5,5,4,3,3,3,2,1,1,1,1,1,2,3,5,6,7,8,8,7,6,5,4,2,1,1,1,1,1,2,3,4,6,7,8,9,9,7,6,7,8,10,13,17,21,24,26,26,25,22,20,16,13,9,7,4,3,2,1,1,1,0,0,0,0,0,0,0,0,0,0,0,0,0,0,0,0,0,0,0,0,0,0,0,0,0,0,0,0,0,0,0,0,0,0,0,0,0,0,0,0,0,0,0,0,0,0,0,0,0,0,0,0,0
0,0,0,0,0,0,0,0,0,0,0,0,0,0,0,0,0,0,0,0,0,0,0,0,0,0,0,0,0,0,0,0,0,0,0,0,0,0,0,0,0,0,0,0,0,0,0,0,0,0,0,0,0,0,0,0,0,0,0,0,0,0,0,0,0,0,0,1,1,3,4,5,6,9,11,11,10,8,7,7,6,5,5,5,5,5,5,5,4,3,3,3,2,1,1,1,1,1,2,3,4,6,7,8,8,8,6,6,4,2,2,1,1,1,1,1,3,4,6,7,8,9,9,8,7,8,10,12,16,19,22,25,26,25,23,20,17,14,10,7,5,3,2,1,1,1,0,0,0,0,0,0,0,0,0,0,0,0,0,0,0,0,0,0,0,0,0,0,0,0,0,0,0,0,0,0,0,0,0,0,0,0,0,0,0,0,0,0,0,0,0,0,0,0,0,0,0,0,0,0,0,0,0,0,0,0,0,0,0,0,0,0,0,0,0,0,0,0,0,0,0,0,0,0,0,0,0,0,0,0,0,0,0,0,0,0,0,0,0,0,0,0,0,0,0,0,0,0,0,0,0,0,0,0,0,0,0,0,0,0,0,0,0,0,0,0,0,1,1,3,4,5,6,9,11,11,10,8,7,7,6,5,5,5,6,5,6,5,4,3,3,3,2,1,1,1,1,1,2,3,4,6,7,8,8,8,6,6,4,2,2,1,1,1,1,1,3,4,6,7,8,9,9,8,7,8,10,12,16,19,22,25,26,25,23,20,17,14,10,7,5,3,2,1,1,1,0,0,0,0,0,0,0,0,0,0,0,0,0,0,0,0,0,0,0,0,0,0,0,0,0,0,0,0,0,0,0,0,0,0,0,0,0,0,0,0,0,0,0,0,0,0,0,0,0,0,0,0,0,0
0,0,0,0,0,0,0,0,0,0,0,0,0,0,0,0,0,0,0,0,0,0,0,0,0,0,0,0,0,0,0,0,0,0,0,0,0,0,0,0,0,0,0,0,0,0,0,0,0,0,0,0,0,0,0,0,0,0,0,0,0,0,0,0,0,0,0,1,1,2,4,5,6,9,11,11,10,9,8,7,6,5,5,5,6,5,6,4,4,3,3,2,2,1,1,1,1,1,2,3,4,6,7,8,8,8,6,6,4,3,2,1,1,1,1,1,2,4,5,7,8,9,9,8,8,9,12,15,18,21,24,25,25,24,21,18,15,11,8,5,4,2,1,1,1,1,0,0,0,0,0,0,0,0,0,0,0,0,0,0,0,0,0,0,0,0,0,0,0,0,0,0,0,0,0,0,0,0,0,0,0,0,0,0,0,0,0,0,0,0,0,0,0,0,0,0,0,0,0,0,0,0,0,0,0,0,0,0,0,0,0,0,0,0,0,0,0,0,0,0,0,0,0,0,0,0,0,0,0,0,0,0,0,0,0,0,0,0,0,0,0,0,0,0,0,0,0,0,0,0,0,0,0,0,0,0,0,0,0,0,0,0,0,0,0,0,0,1,1,2,4,5,6,9,11,11,10,9,8,7,6,5,5,5,6,5,6,5,4,3,3,3,2,1,1,1,1,1,2,3,4,6,7,8,8,8,6,6,4,3,2,1,1,1,1,1,2,4,5,7,8,9,9,8,8,9,12,15,18,21,24,25,25,24,21,18,15,11,8,5,4,2,1,1,1,1,0,0,0,0,0,0,0,0,0,0,0,0,0,0,0,0,0,0,0,0,0,0,0,0,0,0,0,0,0,0,0,0,0,0,0,0,0,0,0,0,0,0,0,0,0,0,0,0,0,0,0,0,0,0
0,0,0,0,0,0,0,0,0,0,0,0,0,0,0,0,0,0,0,0,0,0,0,0,0,0,0,0,0,0,0,0,0,0,0,0,0,0,0,0,0,0,0,0,0,0,0,0,0,0,0,0,0,0,0,0,0,0,0,0,0,0,0,0,0,0,0,1,1,2,4,5,6,8,11,11,10,9,8,7,6,5,5,5,6,5,6,4,4,3,3,2,1,1,1,1,1,1,2,3,4,5,7,7,8,8,7,6,5,3,2,1,1,1,1,1,2,4,5,7,8,9,10,9,9,11,14,17,20,23,25,25,24,22,19,15,12,9,6,4,2,1,1,1,1,0,0,0,0,0,0,0,0,0,0,0,0,0,0,0,0,0,0,0,0,0,0,0,0,0,0,0,0,0,0,0,0,0,0,0,0,0,0,0,0,0,0,0,0,0,0,0,0,0,0,0,0,0,0,0,0,0,0,0,0,0,0,0,0,0,0,0,0,0,0,0,0,0,0,0,0,0,0,0,0,0,0,0,0,0,0,0,0,0,0,0,0,0,0,0,0,0,0,0,0,0,0,0,0,0,0,0,0,0,0,0,0,0,0,0,0,0,0,0,0,0,0,1,1,2,4,5,6,8,11,11,10,9,8,7,6,5,5,5,6,5,6,4,4,3,3,2,2,1,1,1,1,1,2,3,4,5,7,7,8,8,7,6,5,3,2,1,1,1,1,1,2,4,5,7,8,9,10,10,9,11,14,17,20,23,25,25,24,22,19,15,12,9,6,4,3,1,1,1,1,0,0,0,0,0,0,0,0,0,0,0,0,0,0,0,0,0,0,0,0,0,0,0,0,0,0,0,0,0,0,0,0,0,0,0,0,0,0,0,0,0,0,0,0,0,0,0,0,0,0,0,0,0,0,0
0,0,0,0,0,0,0,0,0,0,0,0,0,0,0,0,0,0,0,0,0,0,0,0,0,0,0,0,0,0,0,0,0,0,0,0,0,0,0,0,0,0,0,0,0,0,0,0,0,0,0,0,0,0,0,0,0,0,0,0,0,0,0,0,0,0,0,1,1,2,3,5,6,8,11,11,11,9,8,7,6,6,5,5,6,5,6,4,4,3,3,2,1,1,1,1,1,1,1,3,4,5,7,7,8,8,7,6,5,3,2,1,1,1,1,1,2,3,5,7,8,9,10,11,11,13,16,20,22,24,25,25,23,20,17,13,10,7,5,3,2,1,1,1,0,0,0,0,0,0,0,0,0,0,0,0,0,0,0,0,0,0,0,0,0,0,0,0,0,0,0,0,0,0,0,0,0,0,0,0,0,0,0,0,0,0,0,0,0,0,0,0,0,0,0,0,0,0,0,0,0,0,0,0,0,0,0,0,0,0,0,0,0,0,0,0,0,0,0,0,0,0,0,0,0,0,0,0,0,0,0,0,0,0,0,0,0,0,0,0,0,0,0,0,0,0,0,0,0,0,0,0,0,0,0,0,0,0,0,0,0,0,0,0,0,0,0,1,1,2,3,5,6,8,11,11,11,9,8,7,6,6,5,5,6,5,6,4,4,3,3,2,1,1,1,1,1,1,1,3,4,5,7,7,8,8,7,6,5,3,2,1,1,1,1,1,2,3,5,7,8,9,10,11,11,13,16,20,22,24,25,25,23,20,17,13,10,7,5,3,2,1,1,1,0,0,0,0,0,0,0,0,0,0,0,0,0,0,0,0,0,0,0,0,0,0,0,0,0,0,0,0,0,0,0,0,0,0,0,0,0,0,0,0,0,0,0,0,0,0,0,0,0,0,0,0,0,0,0,0
0,0,0,0,0,0,0,0,0,0,0,0,0,0,0,0,0,0,0,0,0,0,0,0,0,0,0,0,0,0,0,0,0,0,0,0,0,0,0,0,0,0,0,0,0,0,0,0,0,0,0,0,0,0,0,0,0,0,0,0,0,0,0,0,0,0,0,1,1,1,3,5,5,8,11,11,11,10,8,7,7,6,5,5,6,5,6,4,4,3,3,2,1,1,1,1,1,1,1,2,4,5,7,7,8,8,7,6,5,3,2,1,1,1,1,1,2,3,5,7,8,10,11,12,13,15,18,22,24,25,25,24,21,18,15,11,8,5,3,2,1,1,1,0,0,0,0,0,0,0,0,0,0,0,0,0,0,0,0,0,0,0,0,0,0,0,0,0,0,0,0,0,0,0,0,0,0,0,0,0,0,0,0,0,0,0,0,0,0,0,0,0,0,0,0,0,0,0,0,0,0,0,0,0,0,0,0,0,0,0,0,0,0,0,0,0,0,0,0,0,0,0,0,0,0,0,0,0,0,0,0,0,0,0,0,0,0,0,0,0,0,0,0,0,0,0,0,0,0,0,0,0,0,0,0,0,0,0,0,0,0,0,0,0,0,0,0,1,1,1,3,5,5,8,11,11,11,9,8,7,7,6,5,5,6,5,6,4,4,3,3,2,1,1,1,1,1,1,1,2,4,5,7,7,8,8,7,6,5,3,2,1,1,1,1,1,2,3,5,7,8,10,11,12,13,15,18,22,24,25,25,24,21,18,15,11,8,5,3,2,1,1,1,0,0,0,0,0,0,0,0,0,0,0,0,0,0,0,0,0,0,0,0,0,0,0,0,0,0,0,0,0,0,0,0,0,0,0,0,0,0,0,0,0,0,0,0,0,0,0,0,0,0,0,0,0,0,0,0,0
0,0,0,0,0,0,0,0,0,0,0,0,0,0,0,0,0,0,0,0,0,0,0,0,0,0,0,0,0,0,0,0,0,0,0,0,0,0,0,0,0,0,0,0,0,0,0,0,0,0,0,0,0,0,0,0,0,0,0,0,0,0,0,0,0,0,0,1,1,1,3,5,5,7,10,11,11,10,9,7,7,6,6,5,6,5,5,4,4,3,3,2,1,1,1,1,1,1,1,2,3,5,6,7,8,9,7,6,5,4,2,1,1,1,1,1,2,3,5,7,9,10,12,14,15,17,20,24,25,25,24,22,19,16,12,9,6,4,2,1,1,1,1,0,0,0,0,0,0,0,0,0,0,0,0,0,0,0,0,0,0,0,0,0,0,0,0,0,0,0,0,0,0,0,0,0,0,0,0,0,0,0,0,0,0,0,0,0,0,0,0,0,0,0,0,0,0,0,0,0,0,0,0,0,0,0,0,0,0,0,0,0,0,0,0,0,0,0,0,0,0,0,0,0,0,0,0,0,0,0,0,0,0,0,0,0,0,0,0,0,0,0,0,0,0,0,0,0,0,0,0,0,0,0,0,0,0,0,0,0,0,0,0,0,0,0,0,1,1,1,3,5,5,7,10,11,11,10,9,7,7,6,6,5,6,5,6,4,4,3,3,2,1,1,1,1,1,1,1,2,3,5,6,7,8,9,7,6,5,4,2,1,1,1,1,1,2,3,5,7,9,10,12,14,15,17,21,24,25,25,24,22,19,16,12,9,6,4,2,1,1,1,1,0,0,0,0,0,0,0,0,0,0,0,0,0,0,0,0,0,0,0,0,0,0,0,0,0,0,0,0,0,0,0,0,0,0,0,0,0,0,0,0,0,0,0,0,0,0,0,0,0,0,0,0,0,0,0,0,0
0,0,0,0,0,0,0,0,0,0,0,0,0,0,0,0,0,0,0,0,0,0,0,0,0,0,0,0,0,0,0,0,0,0,0,0,0,0,0,0,0,0,0,0,0,0,0,0,0,0,0,0,0,0,0,0,0,0,0,0,0,0,0,0,0,0,0,0,1,1,3,5,5,7,10,11,11,10,9,8,7,7,6,5,6,5,5,4,3,3,3,2,1,1,1,1,1,1,1,2,3,5,6,7,8,9,8,6,6,4,2,2,1,1,1,1,2,3,5,6,9,11,13,15,17,19,23,25,25,24,23,20,17,14,10,7,4,3,2,1,1,1,0,0,0,0,0,0,0,0,0,0,0,0,0,0,0,0,0,0,0,0,0,0,0,0,0,0,0,0,0,0,0,0,0,0,0,0,0,0,0,0,0,0,0,0,0,0,0,0,0,0,0,0,0,0,0,0,0,0,0,0,0,0,0,0,0,0,0,0,0,0,0,0,0,0,0,0,0,0,0,0,0,0,0,0,0,0,0,0,0,0,0,0,0,0,0,0,0,0,0,0,0,0,0,0,0,0,0,0,0,0,0,0,0,0,0,0,0,0,0,0,0,0,0,0,0,0,1,1,3,5,5,7,10,11,11,10,9,8,7,7,6,5,6,5,5,4,3,3,3,2,1,1,1,1,1,1,1,2,3,5,6,7,8,9,8,6,6,4,2,2,1,1,1,1,2,3,5,6,9,11,13,15,17,20,23,25,25,24,23,20,17,14,10,7,5,3,2,1,1,1,0,0,0,0,0,0,0,0,0,0,0,0,0,0,0,0,0,0,0,0,0,0,0,0,0,0,0,0,0,0,0,0,0,0,0,0,0,0,0,0,0,0,0,0,0,0,0,0,0,0,0,0,0,0,0,0,0,0
0,0,0,0,0,0,0,0,0,0,0,0,0,0,0,0,0,0,0,0,0,0,0,0,0,0,0,0,0,0,0,0,0,0,0,0,0,0,0,0,0,0,0,0,0,0,0,0,0,0,0,0,0,0,0,0,0,0,0,0,0,0,0,0,0,0,0,0,1,1,2,4,5,7,10,11,11,10,10,8,7,7,6,6,6,5,5,4,3,3,3,2,1,1,1,0,1,1,1,2,3,4,6,7,8,9,8,7,6,4,3,2,1,1,1,1,1,3,4,6,9,12,14,17,19,22,24,26,26,24,21,18,15,12,8,5,3,2,1,1,1,0,0,0,0,0,0,0,0,0,0,0,0,0,0,0,0,0,0,0,0,0,0,0,0,0,0,0,0,0,0,0,0,0,0,0,0,0,0,0,0,0,0,0,0,0,0,0,0,0,0,0,0,0,0,0,0,0,0,0,0,0,0,0,0,0,0,0,0,0,0,0,0,0,0,0,0,0,0,0,0,0,0,0,0,0,0,0,0,0,0,0,0,0,0,0,0,0,0,0,0,0,0,0,0,0,0,0,0,0,0,0,0,0,0,0,0,0,0,0,0,0,0,0,0,0,0,0,1,1,2,4,5,7,10,11,11,10,9,8,7,7,6,6,6,5,5,4,3,3,3,2,1,1,1,0,1,1,1,2,3,4,6,7,8,9,8,6,6,4,3,2,1,1,1,1,1,3,4,6,9,12,14,17,19,22,24,26,26,24,21,18,15,12,8,5,3,2,1,1,1,0,0,0,0,0,0,0,0,0,0,0,0,0,0,0,0,0,0,0,0,0,0,0,0,0,0,0,0,0,0,0,0,0,0,0,0,0,0,0,0,0,0,0,0,0,0,0,0,0,0,0,0,0,0,0,0,0,0,0
0,0,0,0,0,0,0,0,0,0,0,0,0,0,0,0,0,0,0,0,0,0,0,0,0,0,0,0,0,0,0,0,0,0,0,0,0,0,0,0,0,0,0,0,0,0,0,0,0,0,0,0,0,0,0,0,0,0,0,0,0,0,0,0,0,0,0,0,1,1,2,4,5,7,10,11,11,11,10,8,7,7,6,6,6,5,5,4,3,3,3,2,1,1,1,0,1,1,1,2,3,4,6,7,8,9,8,7,6,5,3,2,1,1,1,1,1,3,4,7,10,13,16,19,21,24,26,27,25,22,19,16,13,10,6,4,2,1,1,1,1,0,0,0,0,0,0,0,0,0,0,0,0,0,0,0,0,0,0,0,0,0,0,0,0,0,0,0,0,0,0,0,0,0,0,0,0,0,0,0,0,0,0,0,0,0,0,0,0,0,0,0,0,0,0,0,0,0,0,0,0,0,0,0,0,0,0,0,0,0,0,0,0,0,0,0,0,0,0,0,0,0,0,0,0,0,0,0,0,0,0,0,0,0,0,0,0,0,0,0,0,0,0,0,0,0,0,0,0,0,0,0,0,0,0,0,0,0,0,0,0,0,0,0,0,0,0,0,1,1,2,4,5,7,10,11,11,11,10,8,7,7,7,6,6,5,5,4,3,3,3,2,1,1,1,0,1,1,1,2,3,4,6,7,8,9,8,7,6,5,3,2,1,1,1,1,1,3,4,7,10,13,16,19,21,24,26,27,25,22,20,16,13,10,6,4,2,1,1,1,1,0,0,0,0,0,0,0,0,0,0,0,0,0,0,0,0,0,0,0,0,0,0,0,0,0,0,0,0,0,0,0,0,0,0,0,0,0,0,0,0,0,0,0,0,0,0,0,0,0,0,0,0,0,0,0,0,0,0,0
0,0,0,0,0,0,0,0,0,0,0,0,0,0,0,0,0,0,0,0,0,0,0,0,0,0,0,0,0,0,0,0,0,0,0,0,0,0,0,0,0,0,0,0,0,0,0,0,0,0,0,0,0,0,0,0,0,0,0,0,0,0,0,0,0,0,0,0,1,1,2,4,5,7,10,11,11,11,10,8,7,8,7,6,6,5,5,4,3,3,3,2,1,1,1,0,0,1,1,1,3,4,5,7,7,8,8,7,6,5,3,2,1,1,1,1,1,3,4,7,10,14,17,21,24,26,27,27,24,21,18,14,11,8,5,3,2,1,1,1,0,0,0,0,0,0,0,0,0,0,0,0,0,0,0,0,0,0,0,0,0,0,0,0,0,0,0,0,0,0,0,0,0,0,0,0,0,0,0,0,0,0,0,0,0,0,0,0,0,0,0,0,0,0,0,0,0,0,0,0,0,0,0,0,0,0,0,0,0,0,0,0,0,0,0,0,0,0,0,0,0,0,0,0,0,0,0,0,0,0,0,0,0,0,0,0,0,0,0,0,0,0,0,0,0,0,0,0,0,0,0,0,0,0,0,0,0,0,0,0,0,0,0,0,0,0,0,0,1,1,2,4,5,7,10,11,11,11,10,8,7,8,7,6,6,5,5,4,3,3,3,2,1,1,1,0,0,1,1,1,3,4,5,7,7,8,8,7,6,5,3,2,1,1,1,1,1,3,4,7,10,14,17,21,24,26,27,27,24,21,18,14,11,8,5,3,2,1,1,1,0,0,0,0,0,0,0,0,0,0,0,0,0,0,0,0,0,0,0,0,0,0,0,0,0,0,0,0,0,0,0,0,0,0,0,0,0,0,0,0,0,0,0,0,0,0,0,0,0,0,0,0,0,0,0,0,0,0,0,0
0,0,0,0,0,0,0,0,0,0,0,0,0,0,0,0,0,0,0,0,0,0,0,0,0,0,0,0,0,0,0,0,0,0,0,0,0,0,0,0,0,0,0,0,0,0,0,0,0,0,0,0,0,0,0,0,0,0,0,0,0,0,0,0,0,0,0,0,1,1,1,4,5,6,9,11,11,11,10,8,8,8,7,6,6,5,5,4,3,3,2,2,1,1,1,0,0,1,1,1,2,4,5,7,7,8,9,7,6,5,4,2,1,1,1,1,1,3,5,7,11,15,19,23,26,27,28,26,23,19,16,12,9,6,4,2,1,1,1,1,0,0,0,0,0,0,0,0,0,0,0,0,0,0,0,0,0,0,0,0,0,0,0,0,0,0,0,0,0,0,0,0,0,0,0,0,0,0,0,0,0,0,0,0,0,0,0,0,0,0,0,0,0,0,0,0,0,0,0,0,0,0,0,0,0,0,0,0,0,0,0,0,0,0,0,0,0,0,0,0,0,0,0,0,0,0,0,0,0,0,0,0,0,0,0,0,0,0,0,0,0,0,0,0,0,0,0,0,0,0,0,0,0,0,0,0,0,0,0,0,0,0,0,0,0,0,0,0,1,1,1,4,5,6,9,11,11,11,10,8,8,8,7,6,6,6,5,4,3,3,2,2,1,1,1,0,0,1,1,1,2,4,5,7,7,8,9,7,6,5,4,2,1,1,1,1,1,3,5,7,11,15,19,23,26,27,28,26,23,19,16,12,9,6,4,2,1,1,1,1,0,0,0,0,0,0,0,0,0,0,0,0,0,0,0,0,0,0,0,0,0,0,0,0,0,0,0,0,0,0,0,0,0,0,0,0,0,0,0,0,0,0,0,0,0,0,0,0,0,0,0,0,0,0,0,0,0,0,0,0
0,0,0,0,0,0,0,0,0,0,0,0,0,0,0,0,0,0,0,0,0,0,0,0,0,0,0,0,0,0,0,0,0,0,0,0,0,0,0,0,0,0,0,0,0,0,0,0,0,0,0,0,0,0,0,0,0,0,0,0,0,0,0,0,0,0,0,0,1,1,1,3,5,6,9,11,11,11,11,9,8,8,7,6,6,6,4,4,3,3,2,2,1,1,1,0,0,1,1,1,2,4,5,6,7,8,9,7,6,6,4,2,1,1,1,1,1,3,5,8,12,16,21,25,28,28,28,26,22,18,14,10,7,5,3,1,1,1,1,0,0,0,0,0,0,0,0,0,0,0,0,0,0,0,0,0,0,0,0,0,0,0,0,0,0,0,0,0,0,0,0,0,0,0,0,0,0,0,0,0,0,0,0,0,0,0,0,0,0,0,0,0,0,0,0,0,0,0,0,0,0,0,0,0,0,0,0,0,0,0,0,0,0,0,0,0,0,0,0,0,0,0,0,0,0,0,0,0,0,0,0,0,0,0,0,0,0,0,0,0,0,0,0,0,0,0,0,0,0,0,0,0,0,0,0,0,0,0,0,0,0,0,0,0,0,0,0,0,1,1,1,3,5,6,9,11,11,11,11,9,8,8,7,6,6,6,4,4,3,3,2,2,1,1,1,0,0,1,1,1,2,4,5,6,7,8,9,7,6,6,4,2,1,1,1,1,1,3,5,8,12,16,21,25,28,28,28,26,22,18,14,10,7,5,3,1,1,1,1,0,0,0,0,0,0,0,0,0,0,0,0,0,0,0,0,0,0,0,0,0,0,0,0,0,0,0,0,0,0,0,0,0,0,0,0,0,0,0,0,0,0,0,0,0,0,0,0,0,0,0,0,0,0,0,0,0,0,0,0,0
0,0,0,0,0,0,0,0,0,0,0,0,0,0,0,0,0,0,0,0,0,0,0,0,0,0,0,0,0,0,0,0,0,0,0,0,0,0,0,0,0,0,0,0,0,0,0,0,0,0,0,0,0,0,0,0,0,0,0,0,0,0,0,0,0,0,0,0,1,1,1,3,5,7,9,11,11,12,11,9,8,8,8,6,6,6,4,4,3,3,2,1,1,1,1,0,0,1,1,1,2,3,5,6,7,8,9,8,6,6,4,2,2,1,1,1,2,3,5,9,13,18,22,27,29,29,27,24,20,16,12,9,6,3,2,1,1,1,0,0,0,0,0,0,0,0,0,0,0,0,0,0,0,0,0,0,0,0,0,0,0,0,0,0,0,0,0,0,0,0,0,0,0,0,0,0,0,0,0,0,0,0,0,0,0,0,0,0,0,0,0,0,0,0,0,0,0,0,0,0,0,0,0,0,0,0,0,0,0,0,0,0,0,0,0,0,0,0,0,0,0,0,0,0,0,0,0,0,0,0,0,0,0,0,0,0,0,0,0,0,0,0,0,0,0,0,0,0,0,0,0,0,0,0,0,0,0,0,0,0,0,0,0,0,0,0,0,0,1,1,1,3,5,7,9,11,11,12,11,9,8,8,8,6,6,6,4,4,3,3,2,1,1,1,1,0,0,1,1,1,2,3,5,6,7,8,9,8,6,6,4,2,2,1,1,1,2,3,5,9,13,18,23,27,29,29,28,24,21,16,12,9,6,3,2,1,1,1,0,0,0,0,0,0,0,0,0,0,0,0,0,0,0,0,0,0,0,0,0,0,0,0,0,0,0,0,0,0,0,0,0,0,0,0,0,0,0,0,0,0,0,0,0,0,0,0,0,0,0,0,0,0,0,0,0,0,0,0,0,0
0,0,0,0,0,0,0,0,0,0,0,0,0,0,0,0,0,0,0,0,0,0,0,0,0,0,0,0,0,0,0,0,0,0,0,0,0,0,0,0,0,0,0,0,0,0,0,0,0,0,0,0,0,0,0,0,0,0,0,0,0,0,0,0,0,0,0,0,0,1,1,3,5,7,8,11,11,12,11,9,9,9,8,7,6,6,4,4,3,3,2,1,1,0,1,0,0,1,1,1,2,3,4,6,7,8,9,8,7,6,5,3,2,1,1,1,2,3,6,10,14,19,24,28,30,29,27,23,19,14,10,7,4,3,1,1,1,1,0,0,0,0,0,0,0,0,0,0,0,0,0,0,0,0,0,0,0,0,0,0,0,0,0,0,0,0,0,0,0,0,0,0,0,0,0,0,0,0,0,0,0,0,0,0,0,0,0,0,0,0,0,0,0,0,0,0,0,0,0,0,0,0,0,0,0,0,0,0,0,0,0,0,0,0,0,0,0,0,0,0,0,0,0,0,0,0,0,0,0,0,0,0,0,0,0,0,0,0,0,0,0,0,0,0,0,0,0,0,0,0,0,0,0,0,0,0,0,0,0,0,0,0,0,0,0,0,0,0,0,1,1,3,5,7,8,11,11,12,11,9,9,9,8,7,6,6,4,4,3,3,2,1,1,0,1,0,0,1,1,1,2,3,5,6,7,8,9,8,7,6,5,3,2,1,1,1,2,3,6,10,14,19,24,28,30,29,27,23,19,14,10,7,4,3,1,1,1,1,0,0,0,0,0,0,0,0,0,0,0,0,0,0,0,0,0,0,0,0,0,0,0,0,0,0,0,0,0,0,0,0,0,0,0,0,0,0,0,0,0,0,0,0,0,0,0,0,0,0,0,0,0,0,0,0,0,0,0,0,0,0
0,0,0,0,0,0,0,0,0,0,0,0,0,0,0,0,0,0,0,0,0,0,0,0,0,0,0,0,0,0,0,0,0,0,0,0,0,0,0,0,0,0,0,0,0,0,0,0,0,0,0,0,0,0,0,0,0,0,0,0,0,0,0,0,0,0,0,0,0,1,1,2,5,7,8,11,11,12,12,10,9,9,8,7,6,6,4,4,3,3,2,1,1,0,0,0,0,0,1,1,2,3,4,6,7,8,9,8,7,6,5,3,2,1,1,1,2,4,7,11,16,21,26,29,31,29,26,22,17,13,9,6,3,2,1,1,1,0,0,0,0,0,0,0,0,0,0,0,0,0,0,0,0,0,0,0,0,0,0,0,0,0,0,0,0,0,0,0,0,0,0,0,0,0,0,0,0,0,0,0,0,0,0,0,0,0,0,0,0,0,0,0,0,0,0,0,0,0,0,0,0,0,0,0,0,0,0,0,0,0,0,0,0,0,0,0,0,0,0,0,0,0,0,0,0,0,0,0,0,0,0,0,0,0,0,0,0,0,0,0,0,0,0,0,0,0,0,0,0,0,0,0,0,0,0,0,0,0,0,0,0,0,0,0,0,0,0,0,0,1,1,2,5,7,8,11,11,12,12,10,9,9,8,7,6,6,4,4,3,3,2,1,1,0,0,0,0,0,1,1,2,3,4,6,7,8,9,8,7,6,5,3,2,1,1,1,2,4,7,11,16,21,26,29,31,29,26,22,17,13,9,6,3,2,1,1,1,0,0,0,0,0,0,0,0,0,0,0,0,0,0,0,0,0,0,0,0,0,0,0,0,0,0,0,0,0,0,0,0,0,0,0,0,0,0,0,0,0,0,0,0,0,0,0,0,0,0,0,0,0,0,0,0,0,0,0,0,0,0,0
0,0,0,0,0,0,0,0,0,0,0,0,0,0,0,0,0,0,0,0,0,0,0,0,0,0,0,0,0,0,0,0,0,0,0,0,0,0,0,0,0,0,0,0,0,0,0,0,0,0,0,0,0,0,0,0,0,0,0,0,0,0,0,0,0,0,0,0,0,1,1,2,5,7,8,10,11,12,12,10,9,9,9,7,6,6,4,4,3,3,2,1,1,0,0,0,0,0,1,1,1,3,4,5,7,8,9,9,7,6,5,3,2,1,1,2,3,4,8,12,17,23,27,30,31,29,25,20,15,11,7,4,2,1,1,1,0,0,0,0,0,0,0,0,0,0,0,0,0,0,0,0,0,0,0,0,0,0,0,0,0,0,0,0,0,0,0,0,0,0,0,0,0,0,0,0,0,0,0,0,0,0,0,0,0,0,0,0,0,0,0,0,0,0,0,0,0,0,0,0,0,0,0,0,0,0,0,0,0,0,0,0,0,0,0,0,0,0,0,0,0,0,0,0,0,0,0,0,0,0,0,0,0,0,0,0,0,0,0,0,0,0,0,0,0,0,0,0,0,0,0,0,0,0,0,0,0,0,0,0,0,0,0,0,0,0,0,0,0,1,1,2,5,7,8,10,11,12,12,10,9,9,9,7,6,6,4,4,3,3,2,1,1,0,0,0,0,0,1,1,1,3,4,5,7,8,9,9,7,6,5,3,2,1,1,2,3,4,8,12,17,23,27,30,31,29,25,20,15,11,7,4,2,1,1,1,0,0,0,0,0,0,0,0,0,0,0,0,0,0,0,0,0,0,0,0,0,0,0,0,0,0,0,0,0,0,0,0,0,0,0,0,0,0,0,0,0,0,0,0,0,0,0,0,0,0,0,0,0,0,0,0,0,0,0,0,0,0,0,0
0,0,0,0,0,0,0,0,0,0,0,0,0,0,0,0,0,0,0,0,0,0,0,0,0,0,0,0,0,0,0,0,0,0,0,0,0,0,0,0,0,0,0,0,0,0,0,0,0,0,0,0,0,0,0,0,0,0,0,0,0,0,0,0,0,0,0,0,0,1,1,2,4,7,8,10,11,12,12,10,10,9,9,7,6,6,4,3,3,3,2,1,1,0,0,0,0,0,1,1,1,2,4,5,7,8,8,9,7,6,6,4,2,2,1,2,3,5,9,13,19,24,28,31,31,28,23,18,14,10,6,3,2,1,1,1,0,0,0,0,0,0,0,0,0,0,0,0,0,0,0,0,0,0,0,0,0,0,0,0,0,0,0,0,0,0,0,0,0,0,0,0,0,0,0,0,0,0,0,0,0,0,0,0,0,0,0,0,0,0,0,0,0,0,0,0,0,0,0,0,0,0,0,0,0,0,0,0,0,0,0,0,0,0,0,0,0,0,0,0,0,0,0,0,0,0,0,0,0,0,0,0,0,0,0,0,0,0,0,0,0,0,0,0,0,0,0,0,0,0,0,0,0,0,0,0,0,0,0,0,0,0,0,0,0,0,0,0,0,1,1,2,4,7,8,10,11,12,12,10,10,9,9,7,6,6,4,4,3,3,2,1,1,0,0,0,0,0,1,1,1,2,4,5,7,8,8,9,7,6,6,4,2,2,1,2,3,5,9,13,19,24,28,31,31,28,23,18,14,10,6,3,2,1,1,1,0,0,0,0,0,0,0,0,0,0,0,0,0,0,0,0,0,0,0,0,0,0,0,0,0,0,0,0,0,0,0,0,0,0,0,0,0,0,0,0,0,0,0,0,0,0,0,0,0,0,0,0,0,0,0,0,0,0,0,0,0,0,0,0
0,0,0,0,0,0,0,0,0,0,0,0,0,0,0,0,0,0,0,0,0,0,0,0,0,0,0,0,0,0,0,0,0,0,0,0,0,0,0,0,0,0,0,0,0,0,0,0,0,0,0,0,0,0,0,0,0,0,0,0,0,0,0,0,0,0,0,0,0,1,1,1,4,7,8,10,11,12,12,11,10,9,9,8,6,5,4,3,3,3,2,1,1,0,0,0,0,0,1,1,1,2,4,5,7,8,8,9,8,7,6,4,3,2,2,3,4,6,10,15,20,25,29,31,30,27,22,17,12,9,5,3,1,1,1,0,0,0,0,0,0,0,0,0,0,0,0,0,0,0,0,0,0,0,0,0,0,0,0,0,0,0,0,0,0,0,0,0,0,0,0,0,0,0,0,0,0,0,0,0,0,0,0,0,0,0,0,0,0,0,0,0,0,0,0,0,0,0,0,0,0,0,0,0,0,0,0,0,0,0,0,0,0,0,0,0,0,0,0,0,0,0,0,0,0,0,0,0,0,0,0,0,0,0,0,0,0,0,0,0,0,0,0,0,0,0,0,0,0,0,0,0,0,0,0,0,0,0,0,0,0,0,0,0,0,0,0,0,0,1,1,1,4,7,8,10,11,12,12,11,10,9,9,8,6,6,5,3,3,3,2,1,1,0,0,0,0,0,1,1,1,2,4,5,7,7,8,9,8,7,6,4,3,2,2,3,4,6,10,15,20,25,29,31,30,27,22,17,12,9,5,3,1,1,1,0,0,0,0,0,0,0,0,0,0,0,0,0,0,0,0,0,0,0,0,0,0,0,0,0,0,0,0,0,0,0,0,0,0,0,0,0,0,0,0,0,0,0,0,0,0,0,0,0,0,0,0,0,0,0,0,0,0,0,0,0,0,0,0,0
0,0,0,0,0,0,0,0,0,0,0,0,0,0,0,0,0,0,0,0,0,0,0,0,0,0,0,0,0,0,0,0,0,0,0,0,0,0,0,0,0,0,0,0,0,0,0,0,0,0,0,0,0,0,0,0,0,0,0,0,0,0,0,0,0,0,0,0,0,1,1,1,4,7,8,9,11,12,12,11,11,10,9,8,6,5,5,3,3,3,2,1,1,1,0,0,0,0,1,1,1,2,3,5,6,7,8,9,8,7,6,5,3,2,2,3,5,8,12,16,21,26,29,30,29,26,21,15,11,8,4,2,1,1,1,0,0,0,0,0,0,0,0,0,0,0,0,0,0,0,0,0,0,0,0,0,0,0,0,0,0,0,0,0,0,0,0,0,0,0,0,0,0,0,0,0,0,0,0,0,0,0,0,0,0,0,0,0,0,0,0,0,0,0,0,0,0,0,0,0,0,0,0,0,0,0,0,0,0,0,0,0,0,0,0,0,0,0,0,0,0,0,0,0,0,0,0,0,0,0,0,0,0,0,0,0,0,0,0,0,0,0,0,0,0,0,0,0,0,0,0,0,0,0,0,0,0,0,0,0,0,0,0,0,0,0,0,0,0,1,1,1,4,7,8,9,11,12,12,11,11,10,9,8,6,5,5,3,3,3,2,1,1,1,0,0,0,0,1,1,1,2,3,5,6,7,8,9,8,7,6,5,3,2,2,3,5,8,12,16,21,26,29,30,29,26,21,15,11,8,4,2,1,1,1,0,0,0,0,0,0,0,0,0,0,0,0,0,0,0,0,0,0,0,0,0,0,0,0,0,0,0,0,0,0,0,0,0,0,0,0,0,0,0,0,0,0,0,0,0,0,0,0,0,0,0,0,0,0,0,0,0,0,0,0,0,0,0,0,0
0,0,0,0,0,0,0,0,0,0,0,0,0,0,0,0,0,0,0,0,0,0,0,0,0,0,0,0,0,0,0,0,0,0,0,0,0,0,0,0,0,0,0,0,0,0,0,0,0,0,0,0,0,0,0,0,0,0,0,0,0,0,0,0,0,0,0,0,0,0,1,1,3,6,8,9,11,12,12,12,11,10,9,8,7,5,5,3,3,2,2,1,1,1,0,0,0,0,1,1,1,2,3,4,6,7,8,9,8,7,6,5,3,3,3,4,6,9,13,18,23,26,29,29,28,25,19,14,10,7,4,2,1,1,1,0,0,0,0,0,0,0,0,0,0,0,0,0,0,0,0,0,0,0,0,0,0,0,0,0,0,0,0,0,0,0,0,0,0,0,0,0,0,0,0,0,0,0,0,0,0,0,0,0,0,0,0,0,0,0,0,0,0,0,0,0,0,0,0,0,0,0,0,0,0,0,0,0,0,0,0,0,0,0,0,0,0,0,0,0,0,0,0,0,0,0,0,0,0,0,0,0,0,0,0,0,0,0,0,0,0,0,0,0,0,0,0,0,0,0,0,0,0,0,0,0,0,0,0,0,0,0,0,0,0,0,0,0,0,0,1,1,3,6,8,9,11,12,12,12,11,10,9,8,7,5,5,3,3,3,2,1,1,1,0,0,0,0,1,1,1,2,3,4,6,7,8,9,8,7,6,5,3,3,3,4,6,9,13,18,23,26,29,29,28,25,19,14,10,7,4,2,1,1,1,0,0,0,0,0,0,0,0,0,0,0,0,0,0,0,0,0,0,0,0,0,0,0,0,0,0,0,0,0,0,0,0,0,0,0,0,0,0,0,0,0,0,0,0,0,0,0,0,0,0,0,0,0,0,0,0,0,0,0,0,0,0,0,0,0
0,0,0,0,0,0,0,0,0,0,0,0,0,0,0,0,0,0,0,0,0,0,0,0,0,0,0,0,0,0,0,0,0,0,0,0,0,0,0,0,0,0,0,0,0,0,0,0,0,0,0,0,0,0,0,0,0,0,0,0,0,0,0,0,0,0,0,0,0,0,1,1,3,6,8,9,11,12,12,12,12,10,10,8,7,5,5,3,3,2,2,1,1,1,0,0,0,0,0,1,1,2,3,4,6,7,8,9,8,7,6,5,4,3,3,5,8,11,15,19,23,26,28,28,27,23,18,13,9,6,4,1,1,1,0,0,0,0,0,0,0,0,0,0,0,0,0,0,0,0,0,0,0,0,0,0,0,0,0,0,0,0,0,0,0,0,0,0,0,0,0,0,0,0,0,0,0,0,0,0,0,0,0,0,0,0,0,0,0,0,0,0,0,0,0,0,0,0,0,0,0,0,0,0,0,0,0,0,0,0,0,0,0,0,0,0,0,0,0,0,0,0,0,0,0,0,0,0,0,0,0,0,0,0,0,0,0,0,0,0,0,0,0,0,0,0,0,0,0,0,0,0,0,0,0,0,0,0,0,0,0,0,0,0,0,0,0,0,0,0,1,1,3,6,8,9,11,12,12,12,12,10,10,8,7,5,5,3,3,2,2,1,1,1,0,0,0,0,0,1,1,2,3,4,6,7,8,9,8,7,6,5,4,3,4,5,8,11,15,19,23,26,28,28,27,23,18,13,9,6,4,1,1,1,0,0,0,0,0,0,0,0,0,0,0,0,0,0,0,0,0,0,0,0,0,0,0,0,0,0,0,0,0,0,0,0,0,0,0,0,0,0,0,0,0,0,0,0,0,0,0,0,0,0,0,0,0,0,0,0,0,0,0,0,0,0,0,0,0,0
0,0,0,0,0,0,0,0,0,0,0,0,0,0,0,0,0,0,0,0,0,0,0,0,0,0,0,0,0,0,0,0,0,0,0,0,0,0,0,0,0,0,0,0,0,0,0,0,0,0,0,0,0,0,0,0,0,0,0,0,0,0,0,0,0,0,0,0,0,0,1,1,3,6,8,9,11,12,12,12,12,11,10,9,7,5,5,3,3,2,1,1,1,1,0,0,0,0,0,1,1,1,3,4,6,7,8,9,9,7,6,6,4,4,4,6,9,12,16,20,24,26,27,27,25,22,16,11,8,5,3,1,1,0,0,0,0,0,0,0,0,0,0,0,0,0,0,0,0,0,0,0,0,0,0,0,0,0,0,0,0,0,0,0,0,0,0,0,0,0,0,0,0,0,0,0,0,0,0,0,0,0,0,0,0,0,0,0,0,0,0,0,0,0,0,0,0,0,0,0,0,0,0,0,0,0,0,0,0,0,0,0,0,0,0,0,0,0,0,0,0,0,0,0,0,0,0,0,0,0,0,0,0,0,0,0,0,0,0,0,0,0,0,0,0,0,0,0,0,0,0,0,0,0,0,0,0,0,0,0,0,0,0,0,0,0,0,0,0,0,1,1,3,6,8,9,11,12,12,12,12,11,10,9,7,5,5,3,3,2,1,1,1,1,0,0,0,0,0,1,1,1,3,4,6,7,8,9,9,7,6,6,4,4,4,6,9,12,16,20,24,26,27,27,25,22,16,11,8,5,3,1,1,0,0,0,0,0,0,0,0,0,0,0,0,0,0,0,0,0,0,0,0,0,0,0,0,0,0,0,0,0,0,0,0,0,0,0,0,0,0,0,0,0,0,0,0,0,0,0,0,0,0,0,0,0,0,0,0,0,0,0,0,0,0,0,0,0,0,0
0,0,0,0,0,0,0,0,0,0,0,0,0,0,0,0,0,0,0,0,0,0,0,0,0,0,0,0,0,0,0,0,0,0,0,0,0,0,0,0,0,0,0,0,0,0,0,0,0,0,0,0,0,0,0,0,0,0,0,0,0,0,0,0,0,0,0,0,0,0,1,1,2,5,8,8,10,12,12,13,12,11,10,9,7,5,5,3,3,2,1,1,1,1,0,0,0,0,0,1,1,1,2,4,5,7,8,9,9,8,7,6,5,4,5,8,11,14,18,21,24,26,26,26,23,20,15,11,7,5,3,1,1,0,0,0,0,0,0,0,0,0,0,0,0,0,0,0,0,0,0,0,0,0,0,0,0,0,0,0,0,0,0,0,0,0,0,0,0,0,0,0,0,0,0,0,0,0,0,0,0,0,0,0,0,0,0,0,0,0,0,0,0,0,0,0,0,0,0,0,0,0,0,0,0,0,0,0,0,0,0,0,0,0,0,0,0,0,0,0,0,0,0,0,0,0,0,0,0,0,0,0,0,0,0,0,0,0,0,0,0,0,0,0,0,0,0,0,0,0,0,0,0,0,0,0,0,0,0,0,0,0,0,0,0,0,0,0,0,0,1,1,2,5,8,8,10,12,12,13,12,11,10,9,7,5,5,3,3,2,1,1,1,1,0,0,0,0,0,1,1,1,2,4,5,7,8,9,9,8,7,6,5,4,5,8,11,14,18,21,24,26,26,26,23,20,15,11,7,5,3,1,1,0,0,0,0,0,0,0,0,0,0,0,0,0,0,0,0,0,0,0,0,0,0,0,0,0,0,0,0,0,0,0,0,0,0,0,0,0,0,0,0,0,0,0,0,0,0,0,0,0,0,0,0,0,0,0,0,0,0,0,0,0,0,0,0,0,0,0
0,0,0,0,0,0,0,0,0,0,0,0,0,0,0,0,0,0,0,0,0,0,0,0,0,0,0,0,0,0,0,0,0,0,0,0,0,0,0,0,0,0,0,0,0,0,0,0,0,0,0,0,0,0,0,0,0,0,0,0,0,0,0,0,0,0,0,0,0,0,1,1,2,5,7,8,10,12,12,13,13,11,10,9,8,5,4,3,3,2,1,1,0,1,0,0,0,0,0,1,1,1,2,4,5,7,8,8,9,8,7,7,5,5,6,9,12,16,19,22,24,25,25,24,22,18,14,10,6,5,3,2,1,0,0,0,0,0,0,0,0,0,0,0,0,0,0,0,0,0,0,0,0,0,0,0,0,0,0,0,0,0,0,0,0,0,0,0,0,0,0,0,0,0,0,0,0,0,0,0,0,0,0,0,0,0,0,0,0,0,0,0,0,0,0,0,0,0,0,0,0,0,0,0,0,0,0,0,0,0,0,0,0,0,0,0,0,0,0,0,0,0,0,0,0,0,0,0,0,0,0,0,0,0,0,0,0,0,0,0,0,0,0,0,0,0,0,0,0,0,0,0,0,0,0,0,0,0,0,0,0,0,0,0,0,0,0,0,0,0,1,1,2,5,7,8,10,12,12,13,13,11,10,9,8,5,5,3,3,2,1,1,0,1,0,0,0,0,0,1,1,1,2,4,5,7,8,8,9,8,7,7,5,5,6,9,12,16,19,22,24,25,25,24,22,18,14,10,6,5,3,2,1,0,0,0,0,0,0,0,0,0,0,0,0,0,0,0,0,0,0,0,0,0,0,0,0,0,0,0,0,0,0,0,0,0,0,0,0,0,0,0,0,0,0,0,0,0,0,0,0,0,0,0,0,0,0,0,0,0,0,0,0,0,0,0,0,0,0,0
0,0,0,0,0,0,0,0,0,0,0,0,0,0,0,0,0,0,0,0,0,0,0,0,0,0,0,0,0,0,0,0,0,0,0,0,0,0,0,0,0,0,0,0,0,0,0,0,0,0,0,0,0,0,0,0,0,0,0,0,0,0,0,0,0,0,0,0,0,0,1,1,2,5,7,8,10,12,12,13,13,12,10,9,8,5,4,3,3,2,1,1,0,0,0,0,0,0,0,1,1,1,2,3,5,6,8,8,9,8,7,7,6,6,8,11,14,17,20,22,23,24,24,22,20,17,13,9,6,5,3,2,1,0,0,0,0,0,0,0,0,0,0,0,0,0,0,0,0,0,0,0,0,0,0,0,0,0,0,0,0,0,0,0,0,0,0,0,0,0,0,0,0,0,0,0,0,0,0,0,0,0,0,0,0,0,0,0,0,0,0,0,0,0,0,0,0,0,0,0,0,0,0,0,0,0,0,0,0,0,0,0,0,0,0,0,0,0,0,0,0,0,0,0,0,0,0,0,0,0,0,0,0,0,0,0,0,0,0,0,0,0,0,0,0,0,0,0,0,0,0,0,0,0,0,0,0,0,0,0,0,0,0,0,0,0,0,0,0,0,1,1,2,5,7,8,10,12,12,13,13,12,10,9,8,5,4,3,3,2,1,1,0,0,0,0,0,0,0,1,1,1,2,3,5,6,7,8,9,8,7,7,6,6,8,11,14,17,20,22,23,24,23,22,20,17,13,9,6,5,3,2,1,0,0,0,0,0,0,0,0,0,0,0,0,0,0,0,0,0,0,0,0,0,0,0,0,0,0,0,0,0,0,0,0,0,0,0,0,0,0,0,0,0,0,0,0,0,0,0,0,0,0,0,0,0,0,0,0,0,0,0,0,0,0,0,0,0,0,0
0,0,0,0,0,0,0,0,0,0,0,0,0,0,0,0,0,0,0,0,0,0,0,0,0,0,0,0,0,0,0,0,0,0,0,0,0,0,0,0,0,0,0,0,0,0,0,0,0,0,0,0,0,0,0,0,0,0,0,0,0,0,0,0,0,0,0,0,0,0,1,1,2,4,7,8,9,12,12,13,13,12,10,9,8,6,4,3,3,2,1,1,0,0,0,0,0,0,0,0,1,1,2,3,5,6,7,8,9,9,8,7,7,7,9,13,15,18,20,22,22,22,22,21,19,16,13,9,6,4,4,2,1,0,0,0,0,0,0,0,0,0,0,0,0,0,0,0,0,0,0,0,0,0,0,0,0,0,0,0,0,0,0,0,0,0,0,0,0,0,0,0,0,0,0,0,0,0,0,0,0,0,0,0,0,0,0,0,0,0,0,0,0,0,0,0,0,0,0,0,0,0,0,0,0,0,0,0,0,0,0,0,0,0,0,0,0,0,0,0,0,0,0,0,0,0,0,0,0,0,0,0,0,0,0,0,0,0,0,0,0,0,0,0,0,0,0,0,0,0,0,0,0,0,0,0,0,0,0,0,0,0,0,0,0,0,0,0,0,0,1,1,2,4,7,8,9,11,12,13,13,12,10,9,8,6,4,4,3,2,1,1,0,0,0,0,0,0,0,0,1,1,2,3,5,6,7,8,9,9,8,7,7,7,9,13,16,18,21,22,22,22,22,21,19,16,13,9,6,4,4,2,1,0,0,0,0,0,0,0,0,0,0,0,0,0,0,0,0,0,0,0,0,0,0,0,0,0,0,0,0,0,0,0,0,0,0,0,0,0,0,0,0,0,0,0,0,0,0,0,0,0,0,0,0,0,0,0,0,0,0,0,0,0,0,0,0,0,0,0
0,0,0,0,0,0,0,0,0,0,0,0,0,0,0,0,0,0,0,0,0,0,0,0,0,0,0,0,0,0,0,0,0,0,0,0,0,0,0,0,0,0,0,0,0,0,0,0,0,0,0,0,0,0,0,0,0,0,0,0,0,0,0,0,0,0,0,0,0,0,1,1,2,4,7,8,9,11,12,13,13,13,11,10,8,6,4,3,3,2,1,1,0,0,0,0,0,0,0,0,1,1,1,3,4,6,7,8,9,9,8,8,8,9,11,14,17,19,21,21,21,21,20,19,17,14,12,8,6,4,4,2,1,0,0,0,0,0,0,0,0,0,0,0,0,0,0,0,0,0,0,0,0,0,0,0,0,0,0,0,0,0,0,0,0,0,0,0,0,0,0,0,0,0,0,0,0,0,0,0,0,0,0,0,0,0,0,0,0,0,0,0,0,0,0,0,0,0,0,0,0,0,0,0,0,0,0,0,0,0,0,0,0,0,0,0,0,0,0,0,0,0,0,0,0,0,0,0,0,0,0,0,0,0,0,0,0,0,0,0,0,0,0,0,0,0,0,0,0,0,0,0,0,0,0,0,0,0,0,0,0,0,0,0,0,0,0,0,0,0,1,1,2,4,7,8,9,11,12,13,13,13,11,10,8,6,4,4,3,2,1,1,0,0,0,0,0,0,0,0,1,1,1,3,4,6,7,8,9,9,8,8,8,9,11,14,17,19,21,21,21,21,20,19,17,14,12,8,6,4,4,2,1,0,0,0,0,0,0,0,0,0,0,0,0,0,0,0,0,0,0,0,0,0,0,0,0,0,0,0,0,0,0,0,0,0,0,0,0,0,0,0,0,0,0,0,0,0,0,0,0,0,0,0,0,0,0,0,0,0,0,0,0,0,0,0,0,0,0,0
0,0,0,0,0,0,0,0,0,0,0,0,0,0,0,0,0,0,0,0,0,0,0,0,0,0,0,0,0,0,0,0,0,0,0,0,0,0,0,0,0,0,0,0,0,0,0,0,0,0,0,0,0,0,0,0,0,0,0,0,0,0,0,0,0,0,0,0,0,0,1,1,2,4,6,8,9,11,12,14,14,13,11,10,8,6,4,3,3,2,1,1,0,0,0,0,0,0,0,0,1,1,1,3,4,6,7,8,9,9,9,9,10,10,12,16,18,20,21,21,20,19,18,17,15,13,11,8,6,5,4,3,1,1,0,0,0,0,0,0,0,0,0,0,0,0,0,0,0,0,0,0,0,0,0,0,0,0,0,0,0,0,0,0,0,0,0,0,0,0,0,0,0,0,0,0,0,0,0,0,0,0,0,0,0,0,0,0,0,0,0,0,0,0,0,0,0,0,0,0,0,0,0,0,0,0,0,0,0,0,0,0,0,0,0,0,0,0,0,0,0,0,0,0,0,0,0,0,0,0,0,0,0,0,0,0,0,0,0,0,0,0,0,0,0,0,0,0,0,0,0,0,0,0,0,0,0,0,0,0,0,0,0,0,0,0,0,0,0,0,1,1,2,4,6,8,9,11,12,14,14,13,11,10,8,6,4,4,3,2,1,1,0,0,0,0,0,0,0,0,1,1,1,3,4,6,7,8,9,9,9,9,10,10,12,16,18,20,21,21,20,19,18,17,15,13,11,8,6,5,4,3,1,1,0,0,0,0,0,0,0,0,0,0,0,0,0,0,0,0,0,0,0,0,0,0,0,0,0,0,0,0,0,0,0,0,0,0,0,0,0,0,0,0,0,0,0,0,0,0,0,0,0,0,0,0,0,0,0,0,0,0,0,0,0,0,0,0,0,0
0,0,0,0,0,0,0,0,0,0,0,0,0,0,0,0,0,0,0,0,0,0,0,0,0,0,0,0,0,0,0,0,0,0,0,0,0,0,0,0,0,0,0,0,0,0,0,0,0,0,0,0,0,0,0,0,0,0,0,0,0,0,0,0,0,0,0,0,0,0,1,1,2,4,6,8,9,11,12,14,14,14,11,10,8,7,4,3,3,2,1,1,0,0,0,0,0,0,0,0,1,1,1,2,4,5,7,8,9,10,9,9,11,12,14,18,19,20,21,20,19,18,17,15,14,12,11,8,6,5,4,3,1,1,0,0,0,0,0,0,0,0,0,0,0,0,0,0,0,0,0,0,0,0,0,0,0,0,0,0,0,0,0,0,0,0,0,0,0,0,0,0,0,0,0,0,0,0,0,0,0,0,0,0,0,0,0,0,0,0,0,0,0,0,0,0,0,0,0,0,0,0,0,0,0,0,0,0,0,0,0,0,0,0,0,0,0,0,0,0,0,0,0,0,0,0,0,0,0,0,0,0,0,0,0,0,0,0,0,0,0,0,0,0,0,0,0,0,0,0,0,0,0,0,0,0,0,0,0,0,0,0,0,0,0,0,0,0,0,0,1,1,2,4,6,8,9,11,12,14,14,14,11,10,8,7,4,4,3,2,1,1,0,0,0,0,0,0,0,0,1,1,1,2,4,5,7,8,9,10,9,9,11,12,14,18,19,20,21,20,19,18,17,15,14,12,11,8,6,5,4,3,1,1,0,0,0,0,0,0,0,0,0,0,0,0,0,0,0,0,0,0,0,0,0,0,0,0,0,0,0,0,0,0,0,0,0,0,0,0,0,0,0,0,0,0,0,0,0,0,0,0,0,0,0,0,0,0,0,0,0,0,0,0,0,0,0,0,0,0
0,0,0,0,0,0,0,0,0,0,0,0,0,0,0,0,0,0,0,0,0,0,0,0,0,0,0,0,0,0,0,0,0,0,0,0,0,0,0,0,0,0,0,0,0,0,0,0,0,0,0,0,0,0,0,0,0,0,0,0,0,0,0,0,0,0,0,0,0,0,1,1,2,3,6,8,9,10,12,14,14,14,11,10,8,7,4,3,3,2,1,1,0,0,0,0,0,0,0,0,1,1,1,2,4,5,7,8,9,10,10,10,12,14,16,19,20,21,20,19,17,16,15,13,13,12,10,8,6,5,4,3,1,1,0,0,0,0,0,0,0,0,0,0,0,0,0,0,0,0,0,0,0,0,0,0,0,0,0,0,0,0,0,0,0,0,0,0,0,0,0,0,0,0,0,0,0,0,0,0,0,0,0,0,0,0,0,0,0,0,0,0,0,0,0,0,0,0,0,0,0,0,0,0,0,0,0,0,0,0,0,0,0,0,0,0,0,0,0,0,0,0,0,0,0,0,0,0,0,0,0,0,0,0,0,0,0,0,0,0,0,0,0,0,0,0,0,0,0,0,0,0,0,0,0,0,0,0,0,0,0,0,0,0,0,0,0,0,0,0,1,1,2,3,6,8,9,10,12,14,14,14,11,10,8,7,4,3,3,2,1,1,0,0,0,0,0,0,0,0,1,1,1,2,4,5,7,8,9,10,10,10,12,14,16,19,20,21,20,19,17,16,15,13,13,12,10,8,6,5,4,3,1,1,0,0,0,0,0,0,0,0,0,0,0,0,0,0,0,0,0,0,0,0,0,0,0,0,0,0,0,0,0,0,0,0,0,0,0,0,0,0,0,0,0,0,0,0,0,0,0,0,0,0,0,0,0,0,0,0,0,0,0,0,0,0,0,0,0,0
0,0,0,0,0,0,0,0,0,0,0,0,0,0,0,0,0,0,0,0,0,0,0,0,0,0,0,0,0,0,0,0,0,0,0,0,0,0,0,0,0,0,0,0,0,0,0,0,0,0,0,0,0,0,0,0,0,0,0,0,0,0,0,0,0,0,0,0,0,0,1,1,2,3,5,8,9,10,12,14,14,14,12,11,9,7,4,3,3,2,1,1,1,0,0,0,0,0,0,0,1,1,1,2,3,5,7,8,9,11,11,11,13,16,18,20,21,20,19,18,16,14,13,12,12,11,10,9,6,5,4,3,2,1,0,0,0,0,0,0,0,0,0,0,0,0,0,0,0,0,0,0,0,0,0,0,0,0,0,0,0,0,0,0,0,0,0,0,0,0,0,0,0,0,0,0,0,0,0,0,0,0,0,0,0,0,0,0,0,0,0,0,0,0,0,0,0,0,0,0,0,0,0,0,0,0,0,0,0,0,0,0,0,0,0,0,0,0,0,0,0,0,0,0,0,0,0,0,0,0,0,0,0,0,0,0,0,0,0,0,0,0,0,0,0,0,0,0,0,0,0,0,0,0,0,0,0,0,0,0,0,0,0,0,0,0,0,0,0,0,1,1,2,3,5,8,9,10,12,14,14,14,12,11,9,7,4,3,3,2,1,1,1,0,0,0,0,0,0,0,1,1,1,2,3,5,7,8,9,11,11,11,13,16,18,20,21,20,19,18,16,14,13,12,12,11,10,9,6,5,4,3,2,1,0,0,0,0,0,0,0,0,0,0,0,0,0,0,0,0,0,0,0,0,0,0,0,0,0,0,0,0,0,0,0,0,0,0,0,0,0,0,0,0,0,0,0,0,0,0,0,0,0,0,0,0,0,0,0,0,0,0,0,0,0,0,0,0,0,0
0,0,0,0,0,0,0,0,0,0,0,0,0,0,0,0,0,0,0,0,0,0,0,0,0,0,0,0,0,0,0,0,0,0,0,0,0,0,0,0,0,0,0,0,0,0,0,0,0,0,0,0,0,0,0,0,0,0,0,0,0,0,0,0,0,0,0,0,0,0,1,1,2,3,5,7,8,10,12,14,14,15,12,11,9,7,5,3,3,1,1,1,1,0,0,0,0,0,0,0,0,1,1,2,3,5,6,8,9,11,12,13,15,18,19,21,21,20,18,16,14,13,11,10,10,10,10,9,7,5,4,4,2,1,0,0,0,0,0,0,0,0,0,0,0,0,0,0,0,0,0,0,0,0,0,0,0,0,0,0,0,0,0,0,0,0,0,0,0,0,0,0,0,0,0,0,0,0,0,0,0,0,0,0,0,0,0,0,0,0,0,0,0,0,0,0,0,0,0,0,0,0,0,0,0,0,0,0,0,0,0,0,0,0,0,0,0,0,0,0,0,0,0,0,0,0,0,0,0,0,0,0,0,0,0,0,0,0,0,0,0,0,0,0,0,0,0,0,0,0,0,0,0,0,0,0,0,0,0,0,0,0,0,0,0,0,0,0,0,0,1,1,2,3,5,7,8,10,12,14,14,15,12,11,9,7,5,3,3,1,1,1,1,0,0,0,0,0,0,0,0,1,1,2,3,5,6,8,9,11,12,13,15,18,19,21,21,20,18,16,14,13,11,10,10,10,10,9,7,5,4,4,2,1,0,0,0,0,0,0,0,0,0,0,0,0,0,0,0,0,0,0,0,0,0,0,0,0,0,0,0,0,0,0,0,0,0,0,0,0,0,0,0,0,0,0,0,0,0,0,0,0,0,0,0,0,0,0,0,0,0,0,0,0,0,0,0,0,0,0
0,0,0,0,0,0,0,0,0,0,0,0,0,0,0,0,0,0,0,0,0,0,0,0,0,0,0,0,0,0,0,0,0,0,0,0,0,0,0,0,0,0,0,0,0,0,0,0,0,0,0,0,0,0,0,0,0,0,0,0,0,0,0,0,0,0,0,0,0,0,1,1,2,3,5,7,8,9,11,14,15,15,12,11,9,8,5,3,3,1,1,0,1,0,0,0,0,0,0,0,0,1,1,1,3,4,6,8,9,11,13,14,16,19,21,21,21,19,17,15,13,11,10,9,9,10,10,9,7,6,4,4,2,1,0,0,0,0,0,0,0,0,0,0,0,0,0,0,0,0,0,0,0,0,0,0,0,0,0,0,0,0,0,0,0,0,0,0,0,0,0,0,0,0,0,0,0,0,0,0,0,0,0,0,0,0,0,0,0,0,0,0,0,0,0,0,0,0,0,0,0,0,0,0,0,0,0,0,0,0,0,0,0,0,0,0,0,0,0,0,0,0,0,0,0,0,0,0,0,0,0,0,0,0,0,0,0,0,0,0,0,0,0,0,0,0,0,0,0,0,0,0,0,0,0,0,0,0,0,0,0,0,0,0,0,0,0,0,0,0,1,1,2,3,5,7,8,9,11,14,15,15,12,11,9,8,5,3,3,1,1,0,1,0,0,0,0,0,0,0,0,1,1,1,3,4,6,8,9,11,13,14,16,19,21,21,21,19,17,15,13,11,10,9,9,10,10,9,7,6,4,4,2,1,0,0,0,0,0,0,0,0,0,0,0,0,0,0,0,0,0,0,0,0,0,0,0,0,0,0,0,0,0,0,0,0,0,0,0,0,0,0,0,0,0,0,0,0,0,0,0,0,0,0,0,0,0,0,0,0,0,0,0,0,0,0,0,0,0,0
0,0,0,0,0,0,0,0,0,0,0,0,0,0,0,0,0,0,0,0,0,0,0,0,0,0,0,0,0,0,0,0,0,0,0,0,0,0,0,0,0,0,0,0,0,0,0,0,0,0,0,0,0,0,0,0,0,0,0,0,0,0,0,0,0,0,0,0,0,0,1,1,2,3,4,7,8,9,11,14,15,15,12,11,9,8,5,3,3,1,1,0,0,0,0,0,0,0,0,0,0,1,1,1,3,4,6,8,10,12,14,16,18,21,22,21,20,18,16,14,12,10,8,8,9,10,10,9,7,6,5,4,3,1,1,0,0,0,0,0,0,0,0,0,0,0,0,0,0,0,0,0,0,0,0,0,0,0,0,0,0,0,0,0,0,0,0,0,0,0,0,0,0,0,0,0,0,0,0,0,0,0,0,0,0,0,0,0,0,0,0,0,0,0,0,0,0,0,0,0,0,0,0,0,0,0,0,0,0,0,0,0,0,0,0,0,0,0,0,0,0,0,0,0,0,0,0,0,0,0,0,0,0,0,0,0,0,0,0,0,0,0,0,0,0,0,0,0,0,0,0,0,0,0,0,0,0,0,0,0,0,0,0,0,0,0,0,0,0,0,1,1,2,3,4,7,8,9,11,14,15,15,12,11,9,8,5,3,3,1,1,0,0,0,0,0,0,0,0,0,0,1,1,1,3,4,6,8,9,12,14,16,18,21,22,21,20,18,16,14,12,10,8,8,9,10,10,9,7,6,5,4,3,1,1,0,0,0,0,0,0,0,0,0,0,0,0,0,0,0,0,0,0,0,0,0,0,0,0,0,0,0,0,0,0,0,0,0,0,0,0,0,0,0,0,0,0,0,0,0,0,0,0,0,0,0,0,0,0,0,0,0,0,0,0,0,0,0,0,0
0,0,0,0,0,0,0,0,0,0,0,0,0,0,0,0,0,0,0,0,0,0,0,0,0,0,0,0,0,0,0,0,0,0,0,0,0,0,0,0,0,0,0,0,0,0,0,0,0,0,0,0,0,0,0,0,0,0,0,0,0,0,0,0,0,0,0,0,0,0,1,1,2,3,4,7,8,9,11,14,15,15,13,11,9,8,5,4,2,1,1,0,0,0,0,0,0,0,0,0,0,1,1,1,2,4,6,8,10,12,15,17,19,22,23,21,20,17,15,13,10,8,7,7,8,9,10,9,8,6,5,4,3,1,1,0,0,0,0,0,0,0,0,0,0,0,0,0,0,0,0,0,0,0,0,0,0,0,0,0,0,0,0,0,0,0,0,0,0,0,0,0,0,0,0,0,0,0,0,0,0,0,0,0,0,0,0,0,0,0,0,0,0,0,0,0,0,0,0,0,0,0,0,0,0,0,0,0,0,0,0,0,0,0,0,0,0,0,0,0,0,0,0,0,0,0,0,0,0,0,0,0,0,0,0,0,0,0,0,0,0,0,0,0,0,0,0,0,0,0,0,0,0,0,0,0,0,0,0,0,0,0,0,0,0,0,0,0,0,0,1,1,2,3,4,7,8,9,11,14,15,15,13,11,9,8,5,4,2,1,1,0,0,0,0,0,0,0,0,0,0,1,1,1,2,4,6,8,10,12,15,17,19,22,23,21,20,17,15,13,10,8,7,7,8,9,10,9,8,6,5,4,3,1,1,0,0,0,0,0,0,0,0,0,0,0,0,0,0,0,0,0,0,0,0,0,0,0,0,0,0,0,0,0,0,0,0,0,0,0,0,0,0,0,0,0,0,0,0,0,0,0,0,0,0,0,0,0,0,0,0,0,0,0,0,0,0,0,0,0
0,0,0,0,0,0,0,0,0,0,0,0,0,0,0,0,0,0,0,0,0,0,0,0,0,0,0,0,0,0,0,0,0,0,0,0,0,0,0,0,0,0,0,0,0,0,0,0,0,0,0,0,0,0,0,0,0,0,0,0,0,0,0,0,0,0,0,0,0,1,1,1,2,3,4,6,8,9,11,14,15,15,13,11,9,8,6,4,2,1,1,0,0,0,0,0,0,0,0,0,0,1,1,1,2,4,6,8,10,13,16,19,21,23,23,21,19,16,14,11,9,7,6,6,7,9,10,10,8,6,5,4,3,1,1,0,0,0,0,0,0,0,0,0,0,0,0,0,0,0,0,0,0,0,0,0,0,0,0,0,0,0,0,0,0,0,0,0,0,0,0,0,0,0,0,0,0,0,0,0,0,0,0,0,0,0,0,0,0,0,0,0,0,0,0,0,0,0,0,0,0,0,0,0,0,0,0,0,0,0,0,0,0,0,0,0,0,0,0,0,0,0,0,0,0,0,0,0,0,0,0,0,0,0,0,0,0,0,0,0,0,0,0,0,0,0,0,0,0,0,0,0,0,0,0,0,0,0,0,0,0,0,0,0,0,0,0,0,0,1,1,1,2,3,4,6,8,9,11,14,15,15,13,11,9,8,6,4,2,1,1,0,0,0,0,0,0,0,0,0,0,1,1,1,2,4,6,8,10,13,17,19,21,24,24,21,19,16,14,11,9,7,6,6,7,9,10,10,8,6,5,4,3,1,1,0,0,0,0,0,0,0,0,0,0,0,0,0,0,0,0,0,0,0,0,0,0,0,0,0,0,0,0,0,0,0,0,0,0,0,0,0,0,0,0,0,0,0,0,0,0,0,0,0,0,0,0,0,0,0,0,0,0,0,0,0,0,0,0,0
0,0,0,0,0,0,0,0,0,0,0,0,0,0,0,0,0,0,0,0,0,0,0,0,0,0,0,0,0,0,0,0,0,0,0,0,0,0,0,0,0,0,0,0,0,0,0,0,0,0,0,0,0,0,0,0,0,0,0,0,0,0,0,0,0,0,0,0,0,1,1,1,2,3,4,6,8,9,11,13,15,15,14,12,10,8,6,4,2,1,1,1,0,0,0,0,0,0,0,0,0,1,1,1,2,4,6,8,11,14,18,20,22,24,24,20,18,15,13,10,7,5,5,5,7,9,10,10,8,7,5,4,3,2,1,0,0,0,0,0,0,0,0,0,0,0,0,0,0,0,0,0,0,0,0,0,0,0,0,0,0,0,0,0,0,0,0,0,0,0,0,0,0,0,0,0,0,0,0,0,0,0,0,0,0,0,0,0,0,0,0,0,0,0,0,0,0,0,0,0,0,0,0,0,0,0,0,0,0,0,0,0,0,0,0,0,0,0,0,0,0,0,0,0,0,0,0,0,0,0,0,0,0,0,0,0,0,0,0,0,0,0,0,0,0,0,0,0,0,0,0,0,0,0,0,0,0,0,0,0,0,0,0,0,0,0,0,0,0,1,1,1,2,3,4,6,8,9,11,13,15,15,14,12,10,8,6,4,2,1,1,1,0,0,0,0,0,0,0,0,0,1,1,1,2,4,6,8,11,14,18,21,22,24,24,20,18,15,13,10,7,5,5,5,7,9,10,10,8,7,5,4,3,2,1,0,0,0,0,0,0,0,0,0,0,0,0,0,0,0,0,0,0,0,0,0,0,0,0,0,0,0,0,0,0,0,0,0,0,0,0,0,0,0,0,0,0,0,0,0,0,0,0,0,0,0,0,0,0,0,0,0,0,0,0,0,0,0,0,0
0,0,0,0,0,0,0,0,0,0,0,0,0,0,0,0,0,0,0,0,0,0,0,0,0,0,0,0,0,0,0,0,0,0,0,0,0,0,0,0,0,0,0,0,0,0,0,0,0,0,0,0,0,0,0,0,0,0,0,0,0,0,0,0,0,0,0,0,0,1,1,1,2,3,3,6,7,9,11,13,15,15,14,12,10,8,6,4,2,1,1,1,0,0,0,0,0,0,0,0,0,0,1,1,2,4,6,8,12,15,19,22,24,25,24,20,17,14,12,9,6,4,4,5,6,8,9,10,9,7,6,5,4,2,1,0,0,0,0,0,0,0,0,0,0,0,0,0,0,0,0,0,0,0,0,0,0,0,0,0,0,0,0,0,0,0,0,0,0,0,0,0,0,0,0,0,0,0,0,0,0,0,0,0,0,0,0,0,0,0,0,0,0,0,0,0,0,0,0,0,0,0,0,0,0,0,0,0,0,0,0,0,0,0,0,0,0,0,0,0,0,0,0,0,0,0,0,0,0,0,0,0,0,0,0,0,0,0,0,0,0,0,0,0,0,0,0,0,0,0,0,0,0,0,0,0,0,0,0,0,0,0,0,0,0,0,0,0,0,1,1,1,2,3,3,6,7,9,11,13,15,15,14,12,10,8,6,4,2,1,1,1,0,0,0,0,0,0,0,0,0,0,1,1,2,4,6,8,12,15,19,22,24,25,24,20,17,14,12,9,6,4,4,5,6,8,9,10,9,7,6,5,4,2,1,0,0,0,0,0,0,0,0,0,0,0,0,0,0,0,0,0,0,0,0,0,0,0,0,0,0,0,0,0,0,0,0,0,0,0,0,0,0,0,0,0,0,0,0,0,0,0,0,0,0,0,0,0,0,0,0,0,0,0,0,0,0,0,0,0
0,0,0,0,0,0,0,0,0,0,0,0,0,0,0,0,0,0,0,0,0,0,0,0,0,0,0,0,0,0,0,0,0,0,0,0,0,0,0,0,0,0,0,0,0,0,0,0,0,0,0,0,0,0,0,0,0,0,0,0,0,0,0,0,0,0,0,0,0,1,1,1,2,3,3,5,7,9,11,13,15,15,14,12,10,8,7,4,2,1,1,1,0,0,0,0,0,0,0,0,0,0,1,1,2,3,6,9,12,16,20,24,25,25,24,19,16,13,10,8,5,3,3,4,6,8,9,10,9,7,6,5,4,2,1,0,0,0,0,0,0,0,0,0,0,0,0,0,0,0,0,0,0,0,0,0,0,0,0,0,0,0,0,0,0,0,0,0,0,0,0,0,0,0,0,0,0,0,0,0,0,0,0,0,0,0,0,0,0,0,0,0,0,0,0,0,0,0,0,0,0,0,0,0,0,0,0,0,0,0,0,0,0,0,0,0,0,0,0,0,0,0,0,0,0,0,0,0,0,0,0,0,0,0,0,0,0,0,0,0,0,0,0,0,0,0,0,0,0,0,0,0,0,0,0,0,0,0,0,0,0,0,0,0,0,0,0,0,0,1,1,1,2,3,3,5,7,9,11,13,15,15,14,12,10,8,7,4,2,1,1,1,0,0,0,0,0,0,0,0,0,0,1,1,2,3,6,9,12,16,20,24,25,25,24,19,16,13,10,8,5,3,3,4,6,8,9,10,9,7,6,5,4,2,1,0,0,0,0,0,0,0,0,0,0,0,0,0,0,0,0,0,0,0,0,0,0,0,0,0,0,0,0,0,0,0,0,0,0,0,0,0,0,0,0,0,0,0,0,0,0,0,0,0,0,0,0,0,0,0,0,0,0,0,0,0,0,0,0,0
0,0,0,0,0,0,0,0,0,0,0,0,0,0,0,0,0,0,0,0,0,0,0,0,0,0,0,0,0,0,0,0,0,0,0,0,0,0,0,0,0,0,0,0,0,0,0,0,0,0,0,0,0,0,0,0,0,0,0,0,0,0,0,0,0,0,0,0,0,1,1,1,2,3,3,5,7,9,11,12,15,15,15,12,11,8,7,5,2,1,1,1,0,0,0,0,0,0,0,0,0,0,1,1,2,3,6,9,13,17,21,25,26,25,23,19,15,12,9,6,4,3,3,4,5,8,9,10,9,8,6,5,4,3,1,1,0,0,0,0,0,0,0,0,0,0,0,0,0,0,0,0,0,0,0,0,0,0,0,0,0,0,0,0,0,0,0,0,0,0,0,0,0,0,0,0,0,0,0,0,0,0,0,0,0,0,0,0,0,0,0,0,0,0,0,0,0,0,0,0,0,0,0,0,0,0,0,0,0,0,0,0,0,0,0,0,0,0,0,0,0,0,0,0,0,0,0,0,0,0,0,0,0,0,0,0,0,0,0,0,0,0,0,0,0,0,0,0,0,0,0,0,0,0,0,0,0,0,0,0,0,0,0,0,0,0,0,0,0,1,1,1,2,3,3,5,7,9,11,12,15,15,15,12,11,8,7,5,2,1,1,1,0,0,0,0,0,0,0,0,0,0,1,1,2,3,6,9,13,17,21,25,26,25,23,19,15,12,9,6,4,3,3,4,5,8,9,10,9,8,6,5,4,3,1,1,0,0,0,0,0,0,0,0,0,0,0,0,0,0,0,0,0,0,0,0,0,0,0,0,0,0,0,0,0,0,0,0,0,0,0,0,0,0,0,0,0,0,0,0,0,0,0,0,0,0,0,0,0,0,0,0,0,0,0,0,0,0,0,0
0,0,0,0,0,0,0,0,0,0,0,0,0,0,0,0,0,0,0,0,0,0,0,0,0,0,0,0,0,0,0,0,0,0,0,0,0,0,0,0,0,0,0,0,0,0,0,0,0,0,0,0,0,0,0,0,0,0,0,0,0,0,0,0,0,0,0,0,0,1,1,1,2,3,3,5,7,8,10,12,15,15,15,13,11,8,7,5,2,1,1,1,0,0,0,0,0,0,0,0,0,0,1,1,1,3,6,9,14,18,22,26,27,25,23,18,15,11,8,5,3,2,2,3,5,7,9,10,9,8,6,5,4,3,1,1,0,0,0,0,0,0,0,0,0,0,0,0,0,0,0,0,0,0,0,0,0,0,0,0,0,0,0,0,0,0,0,0,0,0,0,0,0,0,0,0,0,0,0,0,0,0,0,0,0,0,0,0,0,0,0,0,0,0,0,0,0,0,0,0,0,0,0,0,0,0,0,0,0,0,0,0,0,0,0,0,0,0,0,0,0,0,0,0,0,0,0,0,0,0,0,0,0,0,0,0,0,0,0,0,0,0,0,0,0,0,0,0,0,0,0,0,0,0,0,0,0,0,0,0,0,0,0,0,0,0,0,0,0,1,1,1,2,3,3,5,7,8,10,12,15,15,15,12,11,8,7,5,2,1,1,1,0,0,0,0,0,0,0,0,0,0,1,1,1,3,6,10,14,18,22,26,27,25,23,18,15,11,8,5,3,2,2,3,5,7,9,10,9,8,6,5,4,3,1,1,0,0,0,0,0,0,0,0,0,0,0,0,0,0,0,0,0,0,0,0,0,0,0,0,0,0,0,0,0,0,0,0,0,0,0,0,0,0,0,0,0,0,0,0,0,0,0,0,0,0,0,0,0,0,0,0,0,0,0,0,0,0,0,0
0,0,0,0,0,0,0,0,0,0,0,0,0,0,0,0,0,0,0,0,0,0,0,0,0,0,0,0,0,0,0,0,0,0,0,0,0,0,0,0,0,0,0,0,0,0,0,0,0,0,0,0,0,0,0,0,0,0,0,0,0,0,0,0,0,0,0,0,0,1,1,1,2,3,3,4,6,8,10,12,15,15,15,13,11,8,7,5,3,1,1,1,0,0,0,0,0,0,0,0,0,0,1,1,1,3,6,10,15,19,23,27,27,25,22,18,14,10,7,4,3,2,2,3,5,7,9,10,10,8,7,5,4,3,1,1,0,0,0,0,0,0,0,0,0,0,0,0,0,0,0,0,0,0,0,0,0,0,0,0,0,0,0,0,0,0,0,0,0,0,0,0,0,0,0,0,0,0,0,0,0,0,0,0,0,0,0,0,0,0,0,0,0,0,0,0,0,0,0,0,0,0,0,0,0,0,0,0,0,0,0,0,0,0,0,0,0,0,0,0,0,0,0,0,0,0,0,0,0,0,0,0,0,0,0,0,0,0,0,0,0,0,0,0,0,0,0,0,0,0,0,0,0,0,0,0,0,0,0,0,0,0,0,0,0,0,0,0,0,1,1,1,2,3,3,4,6,8,10,12,15,15,15,13,11,8,7,5,3,1,1,1,0,0,0,0,0,0,0,0,0,0,1,1,1,3,6,10,15,19,23,27,27,25,22,18,14,10,7,4,3,2,2,3,5,7,9,10,10,8,7,5,4,3,1,1,0,0,0,0,0,0,0,0,0,0,0,0,0,0,0,0,0,0,0,0,0,0,0,0,0,0,0,0,0,0,0,0,0,0,0,0,0,0,0,0,0,0,0,0,0,0,0,0,0,0,0,0,0,0,0,0,0,0,0,0,0,0,0,0
0,0,0,0,0,0,0,0,0,0,0,0,0,0,0,0,0,0,0,0,0,0,0,0,0,0,0,0,0,0,0,0,0,0,0,0,0,0,0,0,0,0,0,0,0,0,0,0,0,0,0,0,0,0,0,0,0,0,0,0,0,0,0,0,0,0,0,0,0,1,1,1,2,3,3,4,6,8,10,12,14,14,15,13,12,9,7,5,3,1,1,1,0,0,0,0,0,0,0,0,0,1,1,1,2,4,7,11,16,20,24,27,27,24,21,17,13,9,6,4,2,1,2,3,4,6,9,10,10,9,7,6,5,4,2,1,0,0,0,0,0,0,0,0,0,0,0,0,0,0,0,0,0,0,0,0,0,0,0,0,0,0,0,0,0,0,0,0,0,0,0,0,0,0,0,0,0,0,0,0,0,0,0,0,0,0,0,0,0,0,0,0,0,0,0,0,0,0,0,0,0,0,0,0,0,0,0,0,0,0,0,0,0,0,0,0,0,0,0,0,0,0,0,0,0,0,0,0,0,0,0,0,0,0,0,0,0,0,0,0,0,0,0,0,0,0,0,0,0,0,0,0,0,0,0,0,0,0,0,0,0,0,0,0,0,0,0,0,0,1,1,1,2,3,3,4,6,8,10,12,14,14,15,13,12,8,7,5,3,1,1,1,0,0,0,0,0,0,0,0,0,1,1,1,2,4,7,11,16,20,24,27,27,24,21,17,13,9,6,4,2,1,2,3,4,6,9,10,10,9,7,6,5,4,2,1,0,0,0,0,0,0,0,0,0,0,0,0,0,0,0,0,0,0,0,0,0,0,0,0,0,0,0,0,0,0,0,0,0,0,0,0,0,0,0,0,0,0,0,0,0,0,0,0,0,0,0,0,0,0,0,0,0,0,0,0,0,0,0,0
0,0,0,0,0,0,0,0,0,0,0,0,0,0,0,0,0,0,0,0,0,0,0,0,0,0,0,0,0,0,0,0,0,0,0,0,0,0,0,0,0,0,0,0,0,0,0,0,0,0,0,0,0,0,0,0,0,0,0,0,0,0,0,0,0,0,0,0,0,1,1,1,2,3,3,4,6,8,10,12,14,14,15,13,12,9,8,6,3,1,1,1,0,0,0,0,0,0,0,0,0,1,1,1,2,4,7,11,17,21,25,27,27,24,20,17,12,9,6,3,2,1,1,2,4,6,8,10,10,9,7,6,5,4,2,1,0,0,0,0,0,0,0,0,0,0,0,0,0,0,0,0,0,0,0,0,0,0,0,0,0,0,0,0,0,0,0,0,0,0,0,0,0,0,0,0,0,0,0,0,0,0,0,0,0,0,0,0,0,0,0,0,0,0,0,0,0,0,0,0,0,0,0,0,0,0,0,0,0,0,0,0,0,0,0,0,0,0,0,0,0,0,0,0,0,0,0,0,0,0,0,0,0,0,0,0,0,0,0,0,0,0,0,0,0,0,0,0,0,0,0,0,0,0,0,0,0,0,0,0,0,0,0,0,0,0,0,0,0,1,1,1,2,3,3,4,6,8,10,12,14,14,15,13,12,9,7,6,3,1,1,1,0,0,0,0,0,0,0,0,0,1,1,1,2,4,7,11,17,21,25,27,27,24,20,17,12,9,6,3,2,1,1,2,4,6,8,10,10,9,7,6,5,4,2,1,0,0,0,0,0,0,0,0,0,0,0,0,0,0,0,0,0,0,0,0,0,0,0,0,0,0,0,0,0,0,0,0,0,0,0,0,0,0,0,0,0,0,0,0,0,0,0,0,0,0,0,0,0,0,0,0,0,0,0,0,0,0,0,0
0,0,0,0,0,0,0,0,0,0,0,0,0,0,0,0,0,0,0,0,0,0,0,0,0,0,0,0,0,0,0,0,0,0,0,0,0,0,0,0,0,0,0,0,0,0,0,0,0,0,0,0,0,0,0,0,0,0,0,0,0,0,0,0,0,0,0,0,0,1,1,1,2,3,3,4,5,7,10,12,14,14,15,13,12,9,8,6,3,1,1,1,0,0,0,0,0,0,0,0,0,1,1,1,2,4,8,12,18,22,25,27,27,23,19,16,12,8,5,3,1,1,1,2,4,6,8,10,10,9,8,6,5,4,2,1,1,0,0,0,0,0,0,0,0,0,0,0,0,0,0,0,0,0,0,0,0,0,0,0,0,0,0,0,0,0,0,0,0,0,0,0,0,0,0,0,0,0,0,0,0,0,0,0,0,0,0,0,0,0,0,0,0,0,0,0,0,0,0,0,0,0,0,0,0,0,0,0,0,0,0,0,0,0,0,0,0,0,0,0,0,0,0,0,0,0,0,0,0,0,0,0,0,0,0,0,0,0,0,0,0,0,0,0,0,0,0,0,0,0,0,0,0,0,0,0,0,0,0,0,0,0,0,0,0,0,0,0,0,1,1,1,2,3,3,4,5,7,10,12,14,14,15,13,12,9,8,6,3,1,1,1,0,0,0,0,0,0,0,0,0,1,1,1,2,4,8,12,18,22,25,27,27,23,19,16,12,8,5,3,1,1,1,2,4,6,8,10,10,9,8,6,5,4,2,1,1,0,0,0,0,0,0,0,0,0,0,0,0,0,0,0,0,0,0,0,0,0,0,0,0,0,0,0,0,0,0,0,0,0,0,0,0,0,0,0,0,0,0,0,0,0,0,0,0,0,0,0,0,0,0,0,0,0,0,0,0,0,0,0
0,0,0,0,0,0,0,0,0,0,0,0,0,0,0,0,0,0,0,0,0,0,0,0,0,0,0,0,0,0,0,0,0,0,0,0,0,0,0,0,0,0,0,0,0,0,0,0,0,0,0,0,0,0,0,0,0,0,0,0,0,0,0,0,0,0,0,0,0,1,1,1,2,3,3,4,5,7,10,12,13,14,15,14,12,10,8,6,3,2,1,1,0,0,0,0,0,0,0,0,0,1,1,1,2,5,8,13,18,23,26,27,26,23,18,15,11,7,4,2,1,1,1,2,3,5,8,10,10,10,8,6,5,4,3,1,1,0,0,0,0,0,0,0,0,0,0,0,0,0,0,0,0,0,0,0,0,0,0,0,0,0,0,0,0,0,0,0,0,0,0,0,0,0,0,0,0,0,0,0,0,0,0,0,0,0,0,0,0,0,0,0,0,0,0,0,0,0,0,0,0,0,0,0,0,0,0,0,0,0,0,0,0,0,0,0,0,0,0,0,0,0,0,0,0,0,0,0,0,0,0,0,0,0,0,0,0,0,0,0,0,0,0,0,0,0,0,0,0,0,0,0,0,0,0,0,0,0,0,0,0,0,0,0,0,0,0,0,0,1,1,1,2,3,3,4,5,7,10,12,13,14,15,14,12,9,8,6,3,2,1,1,0,0,0,0,0,0,0,0,0,1,1,1,2,5,8,13,19,23,26,27,26,23,18,15,11,7,4,2,1,1,1,2,3,5,8,10,10,10,8,6,5,4,3,1,1,0,0,0,0,0,0,0,0,0,0,0,0,0,0,0,0,0,0,0,0,0,0,0,0,0,0,0,0,0,0,0,0,0,0,0,0,0,0,0,0,0,0,0,0,0,0,0,0,0,0,0,0,0,0,0,0,0,0,0,0,0,0,0
0,0,0,0,0,0,0,0,0,0,0,0,0,0,0,0,0,0,0,0,0,0,0,0,0,0,0,0,0,0,0,0,0,0,0,0,0,0,0,0,0,0,0,0,0,0,0,0,0,0,0,0,0,0,0,0,0,0,0,0,0,0,0,0,0,0,0,0,0,1,1,1,2,3,3,3,5,7,9,12,13,14,15,14,12,10,8,6,4,2,1,1,0,0,0,0,0,0,0,0,1,1,1,1,3,5,9,14,19,23,26,26,26,22,18,14,10,6,4,2,1,1,1,2,3,5,7,9,10,10,9,7,5,4,3,1,1,0,0,0,0,0,0,0,0,0,0,0,0,0,0,0,0,0,0,0,0,0,0,0,0,0,0,0,0,0,0,0,0,0,0,0,0,0,0,0,0,0,0,0,0,0,0,0,0,0,0,0,0,0,0,0,0,0,0,0,0,0,0,0,0,0,0,0,0,0,0,0,0,0,0,0,0,0,0,0,0,0,0,0,0,0,0,0,0,0,0,0,0,0,0,0,0,0,0,0,0,0,0,0,0,0,0,0,0,0,0,0,0,0,0,0,0,0,0,0,0,0,0,0,0,0,0,0,0,0,0,0,0,1,1,1,2,3,3,3,5,7,9,12,13,14,15,14,12,10,8,6,4,2,1,1,0,0,0,0,0,0,0,0,1,1,1,1,3,5,9,14,19,23,26,27,26,22,18,14,10,6,4,2,1,1,1,2,3,5,7,9,10,10,9,7,5,4,3,1,1,0,0,0,0,0,0,0,0,0,0,0,0,0,0,0,0,0,0,0,0,0,0,0,0,0,0,0,0,0,0,0,0,0,0,0,0,0,0,0,0,0,0,0,0,0,0,0,0,0,0,0,0,0,0,0,0,0,0,0,0,0,0,0
0,0,0,0,0,0,0,0,0,0,0,0,0,0,0,0,0,0,0,0,0,0,0,0,0,0,0,0,0,0,0,0,0,0,0,0,0,0,0,0,0,0,0,0,0,0,0,0,0,0,0,0,0,0,0,0,0,0,0,0,0,0,0,0,0,0,0,0,0,1,1,1,2,3,3,3,5,7,9,12,13,13,15,14,13,10,8,6,4,2,1,1,1,0,0,0,0,0,0,0,1,1,1,2,3,6,10,15,20,24,26,26,25,21,17,13,10,6,3,2,1,1,1,1,3,5,7,9,10,10,9,7,6,5,3,2,1,0,0,0,0,0,0,0,0,0,0,0,0,0,0,0,0,0,0,0,0,0,0,0,0,0,0,0,0,0,0,0,0,0,0,0,0,0,0,0,0,0,0,0,0,0,0,0,0,0,0,0,0,0,0,0,0,0,0,0,0,0,0,0,0,0,0,0,0,0,0,0,0,0,0,0,0,0,0,0,0,0,0,0,0,0,0,0,0,0,0,0,0,0,0,0,0,0,0,0,0,0,0,0,0,0,0,0,0,0,0,0,0,0,0,0,0,0,0,0,0,0,0,0,0,0,0,0,0,0,0,0,0,1,1,1,2,3,3,3,5,7,9,12,13,13,14,14,12,10,8,6,4,2,1,1,1,0,0,0,0,0,0,0,1,1,1,2,3,6,10,15,20,24,26,26,25,21,17,13,10,6,3,2,1,1,1,1,3,5,7,9,10,10,9,7,6,5,3,2,1,0,0,0,0,0,0,0,0,0,0,0,0,0,0,0,0,0,0,0,0,0,0,0,0,0,0,0,0,0,0,0,0,0,0,0,0,0,0,0,0,0,0,0,0,0,0,0,0,0,0,0,0,0,0,0,0,0,0,0,0,0,0,0
0,0,0,0,0,0,0,0,0,0,0,0,0,0,0,0,0,0,0,0,0,0,0,0,0,0,0,0,0,0,0,0,0,0,0,0,0,0,0,0,0,0,0,0,0,0,0,0,0,0,0,0,0,0,0,0,0,0,0,0,0,0,0,0,0,0,0,0,0,1,1,1,2,3,3,3,5,7,9,12,12,13,14,14,13,11,8,6,4,2,1,1,1,0,0,0,0,0,0,0,1,1,1,2,4,7,11,16,20,24,25,25,24,21,16,12,9,6,3,2,1,1,1,1,2,4,7,9,10,10,9,7,6,5,4,2,1,1,0,0,0,0,0,0,0,0,0,0,0,0,0,0,0,0,0,0,0,0,0,0,0,0,0,0,0,0,0,0,0,0,0,0,0,0,0,0,0,0,0,0,0,0,0,0,0,0,0,0,0,0,0,0,0,0,0,0,0,0,0,0,0,0,0,0,0,0,0,0,0,0,0,0,0,0,0,0,0,0,0,0,0,0,0,0,0,0,0,0,0,0,0,0,0,0,0,0,0,0,0,0,0,0,0,0,0,0,0,0,0,0,0,0,0,0,0,0,0,0,0,0,0,0,0,0,0,0,0,0,0,1,1,1,2,3,3,3,5,7,9,12,12,13,14,14,13,11,8,6,4,2,1,1,1,0,0,0,0,0,0,0,1,1,1,2,4,7,11,16,20,24,25,25,24,21,16,12,9,6,3,2,1,1,1,1,2,4,7,9,10,10,9,7,6,5,4,2,1,1,0,0,0,0,0,0,0,0,0,0,0,0,0,0,0,0,0,0,0,0,0,0,0,0,0,0,0,0,0,0,0,0,0,0,0,0,0,0,0,0,0,0,0,0,0,0,0,0,0,0,0,0,0,0,0,0,0,0,0,0,0,0
0,0,0,0,0,0,0,0,0,0,0,0,0,0,0,0,0,0,0,0,0,0,0,0,0,0,0,0,0,0,0,0,0,0,0,0,0,0,0,0,0,0,0,0,0,0,0,0,0,0,0,0,0,0,0,0,0,0,0,0,0,0,0,0,0,0,0,0,0,1,1,1,2,3,3,3,5,6,9,11,12,13,14,14,13,11,9,7,4,2,1,1,1,0,0,0,0,0,0,1,1,1,1,2,5,7,12,17,21,23,25,24,23,20,16,12,9,6,3,2,1,1,1,1,2,4,6,9,10,10,10,8,6,5,4,2,1,1,0,0,0,0,0,0,0,0,0,0,0,0,0,0,0,0,0,0,0,0,0,0,0,0,0,0,0,0,0,0,0,0,0,0,0,0,0,0,0,0,0,0,0,0,0,0,0,0,0,0,0,0,0,0,0,0,0,0,0,0,0,0,0,0,0,0,0,0,0,0,0,0,0,0,0,0,0,0,0,0,0,0,0,0,0,0,0,0,0,0,0,0,0,0,0,0,0,0,0,0,0,0,0,0,0,0,0,0,0,0,0,0,0,0,0,0,0,0,0,0,0,0,0,0,0,0,0,0,0,0,0,1,1,1,2,3,3,3,5,6,9,11,12,13,14,14,13,11,9,6,4,2,1,1,1,0,0,0,0,0,0,1,1,1,1,2,5,7,12,17,21,23,25,24,23,20,16,12,9,6,3,2,1,1,1,1,2,4,6,9,10,10,10,8,6,5,4,2,1,1,0,0,0,0,0,0,0,0,0,0,0,0,0,0,0,0,0,0,0,0,0,0,0,0,0,0,0,0,0,0,0,0,0,0,0,0,0,0,0,0,0,0,0,0,0,0,0,0,0,0,0,0,0,0,0,0,0,0,0,0,0,0
0,0,0,0,0,0,0,0,0,0,0,0,0,0,0,0,0,0,0,0,0,0,0,0,0,0,0,0,0,0,0,0,0,0,0,0,0,0,0,0,0,0,0,0,0,0,0,0,0,0,0,0,0,0,0,0,0,0,0,0,0,0,0,0,0,0,0,0,0,1,1,2,2,3,3,3,4,6,8,11,12,12,14,14,13,11,9,7,5,3,1,1,1,0,0,0,0,0,0,1,1,1,2,3,5,8,13,17,21,23,24,23,22,19,15,11,9,6,3,2,1,1,1,1,2,4,6,8,10,10,10,8,7,5,4,3,1,1,0,0,0,0,0,0,0,0,0,0,0,0,0,0,0,0,0,0,0,0,0,0,0,0,0,0,0,0,0,0,0,0,0,0,0,0,0,0,0,0,0,0,0,0,0,0,0,0,0,0,0,0,0,0,0,0,0,0,0,0,0,0,0,0,0,0,0,0,0,0,0,0,0,0,0,0,0,0,0,0,0,0,0,0,0,0,0,0,0,0,0,0,0,0,0,0,0,0,0,0,0,0,0,0,0,0,0,0,0,0,0,0,0,0,0,0,0,0,0,0,0,0,0,0,0,0,0,0,0,0,0,1,1,2,2,3,3,3,4,6,8,11,12,12,14,14,13,11,9,7,5,3,1,1,1,0,0,0,0,0,0,1,1,1,2,3,5,8,13,17,21,23,24,23,22,19,15,11,9,6,3,2,1,1,1,1,2,4,6,8,10,10,10,8,7,5,4,3,1,1,0,0,0,0,0,0,0,0,0,0,0,0,0,0,0,0,0,0,0,0,0,0,0,0,0,0,0,0,0,0,0,0,0,0,0,0,0,0,0,0,0,0,0,0,0,0,0,0,0,0,0,0,0,0,0,0,0,0,0,0,0,0
0,0,0,0,0,0,0,0,0,0,0,0,0,0,0,0,0,0,0,0,0,0,0,0,0,0,0,0,0,0,0,0,0,0,0,0,0,0,0,0,0,0,0,0,0,0,0,0,0,0,0,0,0,0,0,0,0,0,0,0,0,0,0,0,0,0,0,0,0,1,1,2,2,3,3,3,4,6,8,11,12,12,13,14,13,12,9,7,5,3,2,1,1,0,0,0,0,0,0,1,1,1,2,4,6,9,14,18,21,23,23,22,21,18,14,10,8,6,3,2,1,1,1,1,2,3,5,8,10,10,10,9,7,5,5,3,1,1,0,0,0,0,0,0,0,0,0,0,0,0,0,0,0,0,0,0,0,0,0,0,0,0,0,0,0,0,0,0,0,0,0,0,0,0,0,0,0,0,0,0,0,0,0,0,0,0,0,0,0,0,0,0,0,0,0,0,0,0,0,0,0,0,0,0,0,0,0,0,0,0,0,0,0,0,0,0,0,0,0,0,0,0,0,0,0,0,0,0,0,0,0,0,0,0,0,0,0,0,0,0,0,0,0,0,0,0,0,0,0,0,0,0,0,0,0,0,0,0,0,0,0,0,0,0,0,0,0,0,0,1,1,2,2,3,3,3,4,6,8,11,12,12,13,14,13,12,9,7,5,3,2,1,1,0,0,0,0,0,0,1,1,1,2,4,6,9,14,18,21,23,23,22,21,19,14,10,8,6,3,2,1,1,1,1,2,3,5,8,10,10,10,9,7,5,5,3,1,1,0,0,0,0,0,0,0,0,0,0,0,0,0,0,0,0,0,0,0,0,0,0,0,0,0,0,0,0,0,0,0,0,0,0,0,0,0,0,0,0,0,0,0,0,0,0,0,0,0,0,0,0,0,0,0,0,0,0,0,0,0,0
0,0,0,0,0,0,0,0,0,0,0,0,0,0,0,0,0,0,0,0,0,0,0,0,0,0,0,0,0,0,0,0,0,0,0,0,0,0,0,0,0,0,0,0,0,0,0,0,0,0,0,0,0,0,0,0,0,0,0,0,0,0,0,0,0,0,0,0,0,1,1,2,2,3,3,3,4,6,8,10,11,12,13,14,13,12,9,7,5,3,2,1,1,1,0,0,0,0,1,1,1,1,2,4,7,10,14,18,21,22,22,21,19,18,14,10,8,6,4,2,1,1,1,1,2,3,5,8,10,10,10,9,7,6,5,3,2,1,0,0,0,0,0,0,0,0,0,0,0,0,0,0,0,0,0,0,0,0,0,0,0,0,0,0,0,0,0,0,0,0,0,0,0,0,0,0,0,0,0,0,0,0,0,0,0,0,0,0,0,0,0,0,0,0,0,0,0,0,0,0,0,0,0,0,0,0,0,0,0,0,0,0,0,0,0,0,0,0,0,0,0,0,0,0,0,0,0,0,0,0,0,0,0,0,0,0,0,0,0,0,0,0,0,0,0,0,0,0,0,0,0,0,0,0,0,0,0,0,0,0,0,0,0,0,0,0,0,0,0,1,1,2,2,3,3,3,4,6,8,10,11,12,13,14,13,12,9,7,5,3,2,1,1,1,0,0,0,0,1,1,1,1,2,4,7,11,15,18,21,22,22,21,19,18,14,10,8,6,4,2,1,1,1,1,2,3,5,8,10,10,10,9,7,6,5,3,2,1,0,0,0,0,0,0,0,0,0,0,0,0,0,0,0,0,0,0,0,0,0,0,0,0,0,0,0,0,0,0,0,0,0,0,0,0,0,0,0,0,0,0,0,0,0,0,0,0,0,0,0,0,0,0,0,0,0,0,0,0,0,0
0,0,0,0,0,0,0,0,0,0,0,0,0,0,0,0,0,0,0,0,0,0,0,0,0,0,0,0,0,0,0,0,0,0,0,0,0,0,0,0,0,0,0,0,0,0,0,0,0,0,0,0,0,0,0,0,0,0,0,0,0,0,0,0,0,0,0,0,1,1,1,2,2,3,3,3,4,6,8,10,11,11,12,14,13,13,10,7,5,4,2,1,1,1,0,0,0,0,1,1,1,2,3,5,8,12,15,18,20,21,21,20,18,17,13,9,8,6,4,2,1,1,1,1,1,3,4,7,9,10,10,10,8,6,5,4,2,1,1,0,0,0,0,0,0,0,0,0,0,0,0,0,0,0,0,0,0,0,0,0,0,0,0,0,0,0,0,0,0,0,0,0,0,0,0,0,0,0,0,0,0,0,0,0,0,0,0,0,0,0,0,0,0,0,0,0,0,0,0,0,0,0,0,0,0,0,0,0,0,0,0,0,0,0,0,0,0,0,0,0,0,0,0,0,0,0,0,0,0,0,0,0,0,0,0,0,0,0,0,0,0,0,0,0,0,0,0,0,0,0,0,0,0,0,0,0,0,0,0,0,0,0,0,0,0,0,0,0,1,1,1,2,2,3,3,3,4,6,8,10,11,11,12,14,13,12,10,7,5,4,2,1,1,1,0,0,0,0,1,1,1,2,3,5,8,12,15,18,20,21,21,20,18,17,13,9,8,6,4,2,1,1,1,1,1,3,4,7,9,10,10,10,8,6,5,4,2,1,1,0,0,0,0,0,0,0,0,0,0,0,0,0,0,0,0,0,0,0,0,0,0,0,0,0,0,0,0,0,0,0,0,0,0,0,0,0,0,0,0,0,0,0,0,0,0,0,0,0,0,0,0,0,0,0,0,0,0,0,0,0
0,0,0,0,0,0,0,0,0,0,0,0,0,0,0,0,0,0,0,0,0,0,0,0,0,0,0,0,0,0,0,0,0,0,0,0,0,0,0,0,0,0,0,0,0,0,0,0,0,0,0,0,0,0,0,0,0,0,0,0,0,0,0,0,0,0,0,0,1,1,1,2,2,3,3,3,4,6,8,9,11,11,12,14,13,13,10,7,5,4,2,1,1,1,0,0,0,0,1,1,1,2,4,6,9,13,16,18,20,20,20,19,17,16,13,9,8,7,4,3,2,1,1,1,1,2,4,7,9,10,10,10,8,6,5,4,2,1,1,0,0,0,0,0,0,0,0,0,0,0,0,0,0,0,0,0,0,0,0,0,0,0,0,0,0,0,0,0,0,0,0,0,0,0,0,0,0,0,0,0,0,0,0,0,0,0,0,0,0,0,0,0,0,0,0,0,0,0,0,0,0,0,0,0,0,0,0,0,0,0,0,0,0,0,0,0,0,0,0,0,0,0,0,0,0,0,0,0,0,0,0,0,0,0,0,0,0,0,0,0,0,0,0,0,0,0,0,0,0,0,0,0,0,0,0,0,0,0,0,0,0,0,0,0,0,0,0,0,1,1,1,2,2,3,3,3,4,6,8,9,11,11,12,14,13,13,10,7,5,4,2,1,1,1,0,0,0,0,1,1,1,2,4,6,9,13,16,18,20,20,20,19,17,16,13,9,8,7,4,3,2,1,1,1,1,2,4,7,9,10,10,10,8,6,5,4,2,1,1,0,0,0,0,0,0,0,0,0,0,0,0,0,0,0,0,0,0,0,0,0,0,0,0,0,0,0,0,0,0,0,0,0,0,0,0,0,0,0,0,0,0,0,0,0,0,0,0,0,0,0,0,0,0,0,0,0,0,0,0,0
0,0,0,0,0,0,0,0,0,0,0,0,0,0,0,0,0,0,0,0,0,0,0,0,0,0,0,0,0,0,0,0,0,0,0,0,0,0,0,0,0,0,0,0,0,0,0,0,0,0,0,0,0,0,0,0,0,0,0,0,0,0,0,0,0,0,0,0,1,1,1,2,2,3,3,4,4,6,7,9,10,11,11,13,13,13,11,8,6,4,3,1,1,1,0,0,0,1,1,1,1,2,4,7,10,14,16,18,19,19,19,18,16,15,12,9,8,7,5,3,2,1,1,1,1,2,4,6,9,10,10,10,9,7,5,4,3,1,1,0,0,0,0,0,0,0,0,0,0,0,0,0,0,0,0,0,0,0,0,0,0,0,0,0,0,0,0,0,0,0,0,0,0,0,0,0,0,0,0,0,0,0,0,0,0,0,0,0,0,0,0,0,0,0,0,0,0,0,0,0,0,0,0,0,0,0,0,0,0,0,0,0,0,0,0,0,0,0,0,0,0,0,0,0,0,0,0,0,0,0,0,0,0,0,0,0,0,0,0,0,0,0,0,0,0,0,0,0,0,0,0,0,0,0,0,0,0,0,0,0,0,0,0,0,0,0,0,0,1,1,1,2,2,3,3,4,4,6,7,9,10,11,11,13,13,13,11,8,6,4,3,1,1,1,0,0,0,1,1,1,1,2,4,7,10,14,17,18,19,19,19,18,16,15,12,9,8,7,5,3,2,1,1,1,1,2,4,6,9,10,10,10,9,7,5,4,3,1,1,0,0,0,0,0,0,0,0,0,0,0,0,0,0,0,0,0,0,0,0,0,0,0,0,0,0,0,0,0,0,0,0,0,0,0,0,0,0,0,0,0,0,0,0,0,0,0,0,0,0,0,0,0,0,0,0,0,0,0,0,0
0,0,0,0,0,0,0,0,0,0,0,0,0,0,0,0,0,0,0,0,0,0,0,0,0,0,0,0,0,0,0,0,0,0,0,0,0,0,0,0,0,0,0,0,0,0,0,0,0,0,0,0,0,0,0,0,0,0,0,0,0,0,0,0,0,0,0,0,1,1,1,2,2,3,3,4,4,6,7,9,10,11,11,13,13,13,11,8,6,5,3,2,1,1,0,0,0,1,1,1,2,3,5,8,11,15,17,18,19,18,17,16,15,14,12,9,8,7,5,3,2,1,1,1,1,2,3,6,8,10,11,10,9,7,6,5,3,2,1,0,0,0,0,0,0,0,0,0,0,0,0,0,0,0,0,0,0,0,0,0,0,0,0,0,0,0,0,0,0,0,0,0,0,0,0,0,0,0,0,0,0,0,0,0,0,0,0,0,0,0,0,0,0,0,0,0,0,0,0,0,0,0,0,0,0,0,0,0,0,0,0,0,0,0,0,0,0,0,0,0,0,0,0,0,0,0,0,0,0,0,0,0,0,0,0,0,0,0,0,0,0,0,0,0,0,0,0,0,0,0,0,0,0,0,0,0,0,0,0,0,0,0,0,0,0,0,0,0,1,1,1,2,2,3,3,4,4,6,7,9,10,11,11,13,13,13,11,8,6,4,3,1,1,1,0,0,0,1,1,1,2,3,5,8,11,15,17,18,19,18,17,16,15,14,12,9,8,7,5,3,2,1,1,1,1,2,3,6,8,10,11,10,9,7,6,5,3,2,1,0,0,0,0,0,0,0,0,0,0,0,0,0,0,0,0,0,0,0,0,0,0,0,0,0,0,0,0,0,0,0,0,0,0,0,0,0,0,0,0,0,0,0,0,0,0,0,0,0,0,0,0,0,0,0,0,0,0,0,0,0
0,0,0,0,0,0,0,0,0,0,0,0,0,0,0,0,0,0,0,0,0,0,0,0,0,0,0,0,0,0,0,0,0,0,0,0,0,0,0,0,0,0,0,0,0,0,0,0,0,0,0,0,0,0,0,0,0,0,0,0,0,0,0,0,0,0,0,0,1,1,1,2,2,3,3,4,5,5,7,8,9,11,11,12,13,13,11,8,6,5,4,2,1,1,1,0,1,1,1,1,2,4,6,9,12,15,17,17,18,17,16,15,14,13,12,9,8,7,6,4,2,1,1,1,1,2,3,5,8,10,11,11,9,7,6,5,4,2,1,0,0,0,0,0,0,0,0,0,0,0,0,0,0,0,0,0,0,0,0,0,0,0,0,0,0,0,0,0,0,0,0,0,0,0,0,0,0,0,0,0,0,0,0,0,0,0,0,0,0,0,0,0,0,0,0,0,0,0,0,0,0,0,0,0,0,0,0,0,0,0,0,0,0,0,0,0,0,0,0,0,0,0,0,0,0,0,0,0,0,0,0,0,0,0,0,0,0,0,0,0,0,0,0,0,0,0,0,0,0,0,0,0,0,0,0,0,0,0,0,0,0,0,0,0,0,0,0,0,1,1,1,2,2,3,3,4,5,5,7,8,9,11,11,12,13,13,11,8,6,5,3,2,1,1,1,0,1,1,1,1,2,4,6,9,12,15,17,17,18,17,16,15,14,13,12,9,8,7,6,4,2,1,1,1,1,2,3,5,8,10,11,11,9,7,6,5,4,2,1,0,0,0,0,0,0,0,0,0,0,0,0,0,0,0,0,0,0,0,0,0,0,0,0,0,0,0,0,0,0,0,0,0,0,0,0,0,0,0,0,0,0,0,0,0,0,0,0,0,0,0,0,0,0,0,0,0,0,0,0,0
0,0,0,0,0,0,0,0,0,0,0,0,0,0,0,0,0,0,0,0,0,0,0,0,0,0,0,0,0,0,0,0,0,0,0,0,0,0,0,0,0,0,0,0,0,0,0,0,0,0,0,0,0,0,0,0,0,0,0,0,0,0,0,0,0,0,0,0,1,1,1,2,2,3,3,4,5,5,7,8,9,10,11,12,13,13,12,9,6,5,4,2,1,1,1,0,1,1,1,1,3,4,7,10,13,16,17,17,17,16,15,14,13,12,11,10,8,7,6,4,2,1,1,1,1,1,3,5,8,10,11,11,10,8,6,5,4,2,1,1,0,0,0,0,0,0,0,0,0,0,0,0,0,0,0,0,0,0,0,0,0,0,0,0,0,0,0,0,0,0,0,0,0,0,0,0,0,0,0,0,0,0,0,0,0,0,0,0,0,0,0,0,0,0,0,0,0,0,0,0,0,0,0,0,0,0,0,0,0,0,0,0,0,0,0,0,0,0,0,0,0,0,0,0,0,0,0,0,0,0,0,0,0,0,0,0,0,0,0,0,0,0,0,0,0,0,0,0,0,0,0,0,0,0,0,0,0,0,0,0,0,0,0,0,0,0,0,0,1,1,1,2,2,3,3,4,5,5,7,8,9,10,11,12,13,13,12,9,6,5,4,2,1,1,1,0,1,1,1,1,3,4,7,10,13,16,17,17,17,16,15,14,13,12,11,10,8,7,6,4,2,1,1,1,1,1,3,5,8,10,11,11,10,8,6,5,4,2,1,1,0,0,0,0,0,0,0,0,0,0,0,0,0,0,0,0,0,0,0,0,0,0,0,0,0,0,0,0,0,0,0,0,0,0,0,0,0,0,0,0,0,0,0,0,0,0,0,0,0,0,0,0,0,0,0,0,0,0,0,0
0,0,0,0,0,0,0,0,0,0,0,0,0,0,0,0,0,0,0,0,0,0,0,0,0,0,0,0,0,0,0,0,0,0,0,0,0,0,0,0,0,0,0,0,0,0,0,0,0,0,0,0,0,0,0,0,0,0,0,0,0,0,0,0,0,0,0,0,1,1,1,2,3,3,3,4,5,5,7,8,9,10,10,11,13,13,12,9,7,5,4,2,1,1,1,1,1,1,1,2,3,5,8,11,14,16,17,16,16,15,13,13,12,11,11,10,8,7,6,4,3,2,1,1,1,1,3,5,7,9,11,11,10,8,6,5,4,3,1,1,0,0,0,0,0,0,0,0,0,0,0,0,0,0,0,0,0,0,0,0,0,0,0,0,0,0,0,0,0,0,0,0,0,0,0,0,0,0,0,0,0,0,0,0,0,0,0,0,0,0,0,0,0,0,0,0,0,0,0,0,0,0,0,0,0,0,0,0,0,0,0,0,0,0,0,0,0,0,0,0,0,0,0,0,0,0,0,0,0,0,0,0,0,0,0,0,0,0,0,0,0,0,0,0,0,0,0,0,0,0,0,0,0,0,0,0,0,0,0,0,0,0,0,0,0,0,0,0,1,1,1,2,3,3,3,4,5,5,7,8,9,10,10,11,13,13,12,9,6,5,4,2,1,1,1,1,1,1,1,2,3,5,8,11,14,16,17,16,16,15,13,13,12,11,11,10,8,7,6,4,3,2,1,1,1,1,3,5,7,9,11,11,10,8,6,5,4,3,1,1,0,0,0,0,0,0,0,0,0,0,0,0,0,0,0,0,0,0,0,0,0,0,0,0,0,0,0,0,0,0,0,0,0,0,0,0,0,0,0,0,0,0,0,0,0,0,0,0,0,0,0,0,0,0,0,0,0,0,0,0
0,0,0,0,0,0,0,0,0,0,0,0,0,0,0,0,0,0,0,0,0,0,0,0,0,0,0,0,0,0,0,0,0,0,0,0,0,0,0,0,0,0,0,0,0,0,0,0,0,0,0,0,0,0,0,0,0,0,0,0,0,0,0,0,0,0,0,0,1,1,1,2,3,3,3,4,5,5,7,7,8,10,10,11,12,13,12,10,7,6,4,3,1,1,1,1,1,1,1,2,4,6,9,12,15,16,16,16,15,13,12,11,11,11,11,10,9,7,7,5,3,2,1,1,1,1,2,4,7,9,10,11,10,9,7,6,4,3,1,1,0,0,0,0,0,0,0,0,0,0,0,0,0,0,0,0,0,0,0,0,0,0,0,0,0,0,0,0,0,0,0,0,0,0,0,0,0,0,0,0,0,0,0,0,0,0,0,0,0,0,0,0,0,0,0,0,0,0,0,0,0,0,0,0,0,0,0,0,0,0,0,0,0,0,0,0,0,0,0,0,0,0,0,0,0,0,0,0,0,0,0,0,0,0,0,0,0,0,0,0,0,0,0,0,0,0,0,0,0,0,0,0,0,0,0,0,0,0,0,0,0,0,0,0,0,0,0,0,1,1,1,2,3,3,3,4,5,5,7,7,8,10,10,11,12,13,12,9,7,6,4,3,1,1,1,1,1,1,1,2,4,6,9,12,15,16,16,16,15,13,12,12,11,11,11,10,9,7,7,5,3,2,1,1,1,1,2,4,7,9,10,11,10,9,7,6,4,3,1,1,0,0,0,0,0,0,0,0,0,0,0,0,0,0,0,0,0,0,0,0,0,0,0,0,0,0,0,0,0,0,0,0,0,0,0,0,0,0,0,0,0,0,0,0,0,0,0,0,0,0,0,0,0,0,0,0,0,0,0,0
0,0,0,0,0,0,0,0,0,0,0,0,0,0,0,0,0,0,0,0,0,0,0,0,0,0,0,0,0,0,0,0,0,0,0,0,0,0,0,0,0,0,0,0,0,0,0,0,0,0,0,0,0,0,0,0,0,0,0,0,0,0,0,0,0,0,0,0,1,1,1,2,3,3,3,4,5,5,7,7,8,9,10,10,12,13,12,10,7,6,5,3,2,1,1,1,1,1,1,2,4,7,10,13,16,16,16,15,13,12,11,10,10,10,10,10,9,8,7,5,3,2,1,1,1,1,2,4,6,9,10,11,11,9,7,6,5,3,2,1,0,0,0,0,0,0,0,0,0,0,0,0,0,0,0,0,0,0,0,0,0,0,0,0,0,0,0,0,0,0,0,0,0,0,0,0,0,0,0,0,0,0,0,0,0,0,0,0,0,0,0,0,0,0,0,0,0,0,0,0,0,0,0,0,0,0,0,0,0,0,0,0,0,0,0,0,0,0,0,0,0,0,0,0,0,0,0,0,0,0,0,0,0,0,0,0,0,0,0,0,0,0,0,0,0,0,0,0,0,0,0,0,0,0,0,0,0,0,0,0,0,0,0,0,0,0,0,0,1,1,1,2,3,3,3,4,5,5,7,7,8,9,10,10,12,13,12,10,7,6,5,3,2,1,1,1,1,1,1,2,4,7,10,13,16,16,16,15,13,12,11,10,10,10,10,10,9,8,7,5,3,2,1,1,1,1,2,4,6,9,10,11,11,9,7,6,5,3,2,1,0,0,0,0,0,0,0,0,0,0,0,0,0,0,0,0,0,0,0,0,0,0,0,0,0,0,0,0,0,0,0,0,0,0,0,0,0,0,0,0,0,0,0,0,0,0,0,0,0,0,0,0,0,0,0,0,0,0,0,0
0,0,0,0,0,0,0,0,0,0,0,0,0,0,0,0,0,0,0,0,0,0,0,0,0,0,0,0,0,0,0,0,0,0,0,0,0,0,0,0,0,0,0,0,0,0,0,0,0,0,0,0,0,0,0,0,0,0,0,0,0,0,0,0,0,0,0,0,1,1,1,2,3,3,3,4,5,5,6,7,7,9,10,10,12,13,12,10,8,6,5,4,2,1,1,1,1,1,2,3,5,8,11,14,16,16,16,14,12,11,10,9,9,10,10,10,9,8,7,6,4,2,1,1,1,1,2,3,6,8,10,11,11,10,7,6,5,4,2,1,1,0,0,0,0,0,0,0,0,0,0,0,0,0,0,0,0,0,0,0,0,0,0,0,0,0,0,0,0,0,0,0,0,0,0,0,0,0,0,0,0,0,0,0,0,0,0,0,0,0,0,0,0,0,0,0,0,0,0,0,0,0,0,0,0,0,0,0,0,0,0,0,0,0,0,0,0,0,0,0,0,0,0,0,0,0,0,0,0,0,0,0,0,0,0,0,0,0,0,0,0,0,0,0,0,0,0,0,0,0,0,0,0,0,0,0,0,0,0,0,0,0,0,0,0,0,0,0,1,1,1,2,3,3,3,4,5,5,6,7,7,9,10,10,12,13,12,10,8,6,5,4,2,1,1,1,1,1,2,3,5,8,11,14,16,16,16,14,12,11,10,9,9,10,10,10,9,8,7,6,4,2,1,1,1,1,2,3,6,8,10,11,11,10,7,6,5,4,2,1,1,0,0,0,0,0,0,0,0,0,0,0,0,0,0,0,0,0,0,0,0,0,0,0,0,0,0,0,0,0,0,0,0,0,0,0,0,0,0,0,0,0,0,0,0,0,0,0,0,0,0,0,0,0,0,0,0,0,0,0
0,0,0,0,0,0,0,0,0,0,0,0,0,0,0,0,0,0,0,0,0,0,0,0,0,0,0,0,0,0,0,0,0,0,0,0,0,0,0,0,0,0,0,0,0,0,0,0,0,0,0,0,0,0,0,0,0,0,0,0,0,0,0,0,0,0,0,0,1,1,1,2,3,3,3,5,5,5,6,7,7,8,10,10,12,13,12,11,8,7,5,4,2,1,1,1,1,1,2,3,6,9,12,15,16,16,15,13,11,10,9,8,8,9,10,11,10,8,7,6,4,2,1,1,1,1,2,3,5,8,10,11,11,10,8,6,5,4,2,1,1,0,0,0,0,0,0,0,0,0,0,0,0,0,0,0,0,0,0,0,0,0,0,0,0,0,0,0,0,0,0,0,0,0,0,0,0,0,0,0,0,0,0,0,0,0,0,0,0,0,0,0,0,0,0,0,0,0,0,0,0,0,0,0,0,0,0,0,0,0,0,0,0,0,0,0,0,0,0,0,0,0,0,0,0,0,0,0,0,0,0,0,0,0,0,0,0,0,0,0,0,0,0,0,0,0,0,0,0,0,0,0,0,0,0,0,0,0,0,0,0,0,0,0,0,0,0,0,1,1,1,2,3,3,3,5,5,5,6,7,7,8,10,10,11,12,12,10,8,6,5,4,2,1,1,1,1,1,2,4,6,9,12,15,16,16,15,13,11,10,9,8,9,9,10,11,10,8,7,6,4,2,1,1,1,1,2,3,5,8,10,11,11,10,8,6,5,4,2,1,1,0,0,0,0,0,0,0,0,0,0,0,0,0,0,0,0,0,0,0,0,0,0,0,0,0,0,0,0,0,0,0,0,0,0,0,0,0,0,0,0,0,0,0,0,0,0,0,0,0,0,0,0,0,0,0,0,0,0,0
0,0,0,0,0,0,0,0,0,0,0,0,0,0,0,0,0,0,0,0,0,0,0,0,0,0,0,0,0,0,0,0,0,0,0,0,0,0,0,0,0,0,0,0,0,0,0,0,0,0,0,0,0,0,0,0,0,0,0,0,0,0,0,0,0,0,0,0,1,1,1,2,3,3,3,5,5,6,6,6,6,8,9,9,11,12,12,11,9,7,6,4,3,1,1,1,1,1,2,4,6,10,13,15,16,15,14,12,10,9,8,7,8,9,10,11,10,9,7,7,5,3,2,1,1,1,1,3,5,7,9,11,11,10,8,7,6,4,3,1,1,0,0,0,0,0,0,0,0,0,0,0,0,0,0,0,0,0,0,0,0,0,0,0,0,0,0,0,0,0,0,0,0,0,0,0,0,0,0,0,0,0,0,0,0,0,0,0,0,0,0,0,0,0,0,0,0,0,0,0,0,0,0,0,0,0,0,0,0,0,0,0,0,0,0,0,0,0,0,0,0,0,0,0,0,0,0,0,0,0,0,0,0,0,0,0,0,0,0,0,0,0,0,0,0,0,0,0,0,0,0,0,0,0,0,0,0,0,0,0,0,0,0,0,0,0,0,0,1,1,1,2,3,3,3,5,5,6,6,6,6,8,9,9,11,12,12,11,8,7,5,4,3,1,1,1,1,1,2,4,7,10,13,15,16,15,14,12,10,9,8,7,8,9,10,11,10,9,7,7,5,3,2,1,1,1,1,3,5,7,9,11,11,10,8,7,6,4,3,1,1,0,0,0,0,0,0,0,0,0,0,0,0,0,0,0,0,0,0,0,0,0,0,0,0,0,0,0,0,0,0,0,0,0,0,0,0,0,0,0,0,0,0,0,0,0,0,0,0,0,0,0,0,0,0,0,0,0,0,0
0,0,0,0,0,0,0,0,0,0,0,0,0,0,0,0,0,0,0,0,0,0,0,0,0,0,0,0,0,0,0,0,0,0,0,0,0,0,0,0,0,0,0,0,0,0,0,0,0,0,0,0,0,0,0,0,0,0,0,0,0,0,0,0,0,0,0,0,1,1,1,2,3,3,3,5,5,6,6,6,6,7,9,9,11,12,12,11,9,7,6,5,3,1,1,1,1,2,3,5,7,11,14,16,16,15,14,11,9,7,7,6,7,9,10,11,10,9,8,7,5,3,2,1,1,1,1,3,4,7,9,11,11,11,9,7,6,5,3,2,1,0,0,0,0,0,0,0,0,0,0,0,0,0,0,0,0,0,0,0,0,0,0,0,0,0,0,0,0,0,0,0,0,0,0,0,0,0,0,0,0,0,0,0,0,0,0,0,0,0,0,0,0,0,0,0,0,0,0,0,0,0,0,0,0,0,0,0,0,0,0,0,0,0,0,0,0,0,0,0,0,0,0,0,0,0,0,0,0,0,0,0,0,0,0,0,0,0,0,0,0,0,0,0,0,0,0,0,0,0,0,0,0,0,0,0,0,0,0,0,0,0,0,0,0,0,0,0,1,1,1,2,3,3,3,5,5,6,6,6,6,7,9,9,11,12,12,11,9,7,6,5,3,1,1,1,1,2,3,5,7,11,14,16,16,15,14,11,9,8,7,6,7,9,10,11,10,9,8,7,5,3,2,1,1,1,1,3,4,7,9,11,11,11,9,7,6,5,3,2,1,0,0,0,0,0,0,0,0,0,0,0,0,0,0,0,0,0,0,0,0,0,0,0,0,0,0,0,0,0,0,0,0,0,0,0,0,0,0,0,0,0,0,0,0,0,0,0,0,0,0,0,0,0,0,0,0,0,0,0
0,0,0,0,0,0,0,0,0,0,0,0,0,0,0,0,0,0,0,0,0,0,0,0,0,0,0,0,0,0,0,0,0,0,0,0,0,0,0,0,0,0,0,0,0,0,0,0,0,0,0,0,0,0,0,0,0,0,0,0,0,0,0,0,0,0,0,0,1,1,1,2,3,3,4,5,5,6,6,6,6,7,9,9,10,11,12,11,9,8,6,5,3,2,1,1,1,2,3,6,8,12,15,16,16,14,13,10,8,6,6,6,7,8,9,10,10,9,8,7,6,3,2,1,1,1,1,2,4,6,9,10,11,11,9,7,6,5,4,2,1,0,0,0,0,0,0,0,0,0,0,0,0,0,0,0,0,0,0,0,0,0,0,0,0,0,0,0,0,0,0,0,0,0,0,0,0,0,0,0,0,0,0,0,0,0,0,0,0,0,0,0,0,0,0,0,0,0,0,0,0,0,0,0,0,0,0,0,0,0,0,0,0,0,0,0,0,0,0,0,0,0,0,0,0,0,0,0,0,0,0,0,0,0,0,0,0,0,0,0,0,0,0,0,0,0,0,0,0,0,0,0,0,0,0,0,0,0,0,0,0,0,0,0,0,0,0,0,1,1,1,2,3,3,4,5,5,6,6,6,6,7,9,9,10,11,12,11,9,8,6,5,3,2,1,1,1,2,3,6,8,12,15,16,16,14,13,10,8,6,6,6,7,8,9,10,10,9,8,7,6,3,2,1,1,1,1,2,4,6,9,10,11,11,9,7,6,5,4,2,1,0,0,0,0,0,0,0,0,0,0,0,0,0,0,0,0,0,0,0,0,0,0,0,0,0,0,0,0,0,0,0,0,0,0,0,0,0,0,0,0,0,0,0,0,0,0,0,0,0,0,0,0,0,0,0,0,0,0,0
0,0,0,0,0,0,0,0,0,0,0,0,0,0,0,0,0,0,0,0,0,0,0,0,0,0,0,0,0,0,0,0,0,0,0,0,0,0,0,0,0,0,0,0,0,0,0,0,0,0,0,0,0,0,0,0,0,0,0,0,0,0,0,0,0,0,0,0,1,1,1,2,3,3,4,5,5,6,6,6,5,6,8,9,10,11,12,12,10,8,7,5,4,2,1,1,2,2,4,6,9,13,15,16,15,14,12,9,7,6,5,5,6,8,9,10,11,10,8,7,6,4,2,1,1,1,1,2,4,6,8,10,11,11,10,8,6,5,4,2,1,1,0,0,0,0,0,0,0,0,0,0,0,0,0,0,0,0,0,0,0,0,0,0,0,0,0,0,0,0,0,0,0,0,0,0,0,0,0,0,0,0,0,0,0,0,0,0,0,0,0,0,0,0,0,0,0,0,0,0,0,0,0,0,0,0,0,0,0,0,0,0,0,0,0,0,0,0,0,0,0,0,0,0,0,0,0,0,0,0,0,0,0,0,0,0,0,0,0,0,0,0,0,0,0,0,0,0,0,0,0,0,0,0,0,0,0,0,0,0,0,0,0,0,0,0,0,0,1,1,1,2,3,3,4,5,5,6,6,6,5,6,8,9,10,11,12,11,10,8,6,5,4,2,1,1,2,3,4,6,9,13,15,16,15,14,12,9,7,6,5,5,6,8,9,10,11,10,8,7,6,4,2,1,1,1,1,2,4,6,8,10,11,11,10,8,6,5,4,2,1,1,0,0,0,0,0,0,0,0,0,0,0,0,0,0,0,0,0,0,0,0,0,0,0,0,0,0,0,0,0,0,0,0,0,0,0,0,0,0,0,0,0,0,0,0,0,0,0,0,0,0,0,0,0,0,0,0,0,0
0,0,0,0,0,0,0,0,0,0,0,0,0,0,0,0,0,0,0,0,0,0,0,0,0,0,0,0,0,0,0,0,0,0,0,0,0,0,0,0,0,0,0,0,0,0,0,0,0,0,0,0,0,0,0,0,0,0,0,0,0,0,0,0,0,0,0,0,1,1,2,2,3,3,4,5,5,6,6,6,5,6,7,9,10,11,12,12,10,9,7,6,4,2,1,1,2,3,5,7,10,13,16,16,15,13,11,9,6,5,4,4,6,7,9,10,11,10,9,8,7,4,3,2,1,1,1,2,3,5,8,10,11,11,10,8,7,5,4,3,1,1,0,0,0,0,0,0,0,0,0,0,0,0,0,0,0,0,0,0,0,0,0,0,0,0,0,0,0,0,0,0,0,0,0,0,0,0,0,0,0,0,0,0,0,0,0,0,0,0,0,0,0,0,0,0,0,0,0,0,0,0,0,0,0,0,0,0,0,0,0,0,0,0,0,0,0,0,0,0,0,0,0,0,0,0,0,0,0,0,0,0,0,0,0,0,0,0,0,0,0,0,0,0,0,0,0,0,0,0,0,0,0,0,0,0,0,0,0,0,0,0,0,0,0,0,0,0,1,1,2,2,3,3,4,5,5,6,6,6,5,6,7,9,10,10,11,11,10,9,7,6,4,2,1,1,2,3,5,7,10,14,16,16,15,13,11,9,6,5,4,4,6,7,9,10,11,10,9,8,7,4,3,2,1,1,1,2,3,5,8,10,11,11,10,8,7,5,4,3,1,1,0,0,0,0,0,0,0,0,0,0,0,0,0,0,0,0,0,0,0,0,0,0,0,0,0,0,0,0,0,0,0,0,0,0,0,0,0,0,0,0,0,0,0,0,0,0,0,0,0,0,0,0,0,0,0,0,0,0
0,0,0,0,0,0,0,0,0,0,0,0,0,0,0,0,0,0,0,0,0,0,0,0,0,0,0,0,0,0,0,0,0,0,0,0,0,0,0,0,0,0,0,0,0,0,0,0,0,0,0,0,0,0,0,0,0,0,0,0,0,0,0,0,0,0,0,0,1,1,2,2,3,3,4,5,5,6,6,6,5,5,7,8,9,10,11,12,11,9,7,6,5,3,2,2,2,4,5,8,11,14,16,15,14,13,10,8,5,4,3,4,5,7,9,10,11,10,9,8,7,5,3,2,1,1,1,2,3,5,7,9,11,11,11,9,7,6,5,3,1,1,0,0,0,0,0,0,0,0,0,0,0,0,0,0,0,0,0,0,0,0,0,0,0,0,0,0,0,0,0,0,0,0,0,0,0,0,0,0,0,0,0,0,0,0,0,0,0,0,0,0,0,0,0,0,0,0,0,0,0,0,0,0,0,0,0,0,0,0,0,0,0,0,0,0,0,0,0,0,0,0,0,0,0,0,0,0,0,0,0,0,0,0,0,0,0,0,0,0,0,0,0,0,0,0,0,0,0,0,0,0,0,0,0,0,0,0,0,0,0,0,0,0,0,0,0,0,1,1,2,2,3,3,4,5,5,6,6,6,5,5,7,8,9,10,11,11,10,9,7,6,5,3,2,2,2,4,5,8,11,14,16,15,14,13,10,8,5,4,3,4,5,7,9,10,11,10,9,8,7,5,3,2,1,1,1,2,3,5,7,9,11,11,11,9,7,6,5,3,1,1,0,0,0,0,0,0,0,0,0,0,0,0,0,0,0,0,0,0,0,0,0,0,0,0,0,0,0,0,0,0,0,0,0,0,0,0,0,0,0,0,0,0,0,0,0,0,0,0,0,0,0,0,0,0,0,0,0,0
0,0,0,0,0,0,0,0,0,0,0,0,0,0,0,0,0,0,0,0,0,0,0,0,0,0,0,0,0,0,0,0,0,0,0,0,0,0,0,0,0,0,0,0,0,0,0,0,0,0,0,0,0,0,0,0,0,0,0,0,0,0,0,0,0,0,0,0,1,1,2,2,3,3,4,5,6,6,6,6,5,5,6,8,9,10,11,12,11,10,8,6,5,3,2,2,3,4,6,9,12,15,16,15,14,12,9,7,5,3,3,3,5,7,8,10,11,11,9,8,7,5,3,2,1,1,1,1,3,4,7,9,11,11,11,9,7,6,5,3,2,1,0,0,0,0,0,0,0,0,0,0,0,0,0,0,0,0,0,0,0,0,0,0,0,0,0,0,0,0,0,0,0,0,0,0,0,0,0,0,0,0,0,0,0,0,0,0,0,0,0,0,0,0,0,0,0,0,0,0,0,0,0,0,0,0,0,0,0,0,0,0,0,0,0,0,0,0,0,0,0,0,0,0,0,0,0,0,0,0,0,0,0,0,0,0,0,0,0,0,0,0,0,0,0,0,0,0,0,0,0,0,0,0,0,0,0,0,0,0,0,0,0,0,0,0,0,0,1,1,2,2,3,3,4,5,6,6,6,6,5,5,6,8,9,10,11,11,11,9,8,6,5,3,2,2,3,4,6,9,12,15,16,15,14,12,9,7,5,3,3,3,5,7,8,10,11,11,9,8,7,5,3,2,1,1,1,1,3,4,7,9,11,11,11,9,7,6,5,3,2,1,0,0,0,0,0,0,0,0,0,0,0,0,0,0,0,0,0,0,0,0,0,0,0,0,0,0,0,0,0,0,0,0,0,0,0,0,0,0,0,0,0,0,0,0,0,0,0,0,0,0,0,0,0,0,0,0,0,0
0,0,0,0,0,0,0,0,0,0,0,0,0,0,0,0,0,0,0,0,0,0,0,0,0,0,0,0,0,0,0,0,0,0,0,0,0,0,0,0,0,0,0,0,0,0,0,0,0,0,0,0,0,0,0,0,0,0,0,0,0,0,0,0,0,0,0,0,1,1,2,2,3,3,4,5,6,6,6,6,5,5,6,8,9,9,10,12,11,10,8,7,5,4,2,2,3,5,7,10,13,15,15,14,13,11,9,6,4,2,2,3,4,6,8,10,10,11,10,8,7,6,4,2,1,1,1,1,2,4,6,9,10,11,11,10,8,6,5,4,2,1,0,0,0,0,0,0,0,0,0,0,0,0,0,0,0,0,0,0,0,0,0,0,0,0,0,0,0,0,0,0,0,0,0,0,0,0,0,0,0,0,0,0,0,0,0,0,0,0,0,0,0,0,0,0,0,0,0,0,0,0,0,0,0,0,0,0,0,0,0,0,0,0,0,0,0,0,0,0,0,0,0,0,0,0,0,0,0,0,0,0,0,0,0,0,0,0,0,0,0,0,0,0,0,0,0,0,0,0,0,0,0,0,0,0,0,0,0,0,0,0,0,0,0,0,0,0,1,1,2,2,3,3,4,5,6,6,6,6,5,5,6,8,9,9,10,11,11,10,8,7,5,4,2,2,3,5,7,10,13,15,15,14,13,11,9,6,4,2,2,3,4,6,8,10,10,11,10,8,7,6,4,2,1,1,1,1,2,4,6,9,10,11,11,10,8,6,5,4,2,1,0,0,0,0,0,0,0,0,0,0,0,0,0,0,0,0,0,0,0,0,0,0,0,0,0,0,0,0,0,0,0,0,0,0,0,0,0,0,0,0,0,0,0,0,0,0,0,0,0,0,0,0,0,0,0,0,0,0
0,0,0,0,0,0,0,0,0,0,0,0,0,0,0,0,0,0,0,0,0,0,0,0,0,0,0,0,0,0,0,0,0,0,0,0,0,0,0,0,0,0,0,0,0,0,0,0,0,0,0,0,0,0,0,0,0,0,0,0,0,0,0,0,0,0,0,1,1,1,2,2,3,3,4,5,6,6,6,5,4,5,5,7,8,9,10,11,12,10,9,7,6,4,3,3,4,5,8,11,14,15,15,14,12,10,8,5,3,2,2,3,4,6,8,9,10,11,10,9,8,6,4,2,1,1,1,1,2,4,6,8,10,11,11,10,8,7,5,4,3,1,1,0,0,0,0,0,0,0,0,0,0,0,0,0,0,0,0,0,0,0,0,0,0,0,0,0,0,0,0,0,0,0,0,0,0,0,0,0,0,0,0,0,0,0,0,0,0,0,0,0,0,0,0,0,0,0,0,0,0,0,0,0,0,0,0,0,0,0,0,0,0,0,0,0,0,0,0,0,0,0,0,0,0,0,0,0,0,0,0,0,0,0,0,0,0,0,0,0,0,0,0,0,0,0,0,0,0,0,0,0,0,0,0,0,0,0,0,0,0,0,0,0,0,0,0,1,1,1,2,2,3,3,4,5,6,6,6,5,4,5,5,7,8,9,10,11,11,10,9,7,6,4,3,3,4,6,8,11,14,15,15,14,12,10,8,5,3,2,2,3,4,6,8,9,10,11,10,9,8,6,4,2,1,1,1,1,2,4,6,8,10,11,11,10,8,7,5,4,3,1,1,0,0,0,0,0,0,0,0,0,0,0,0,0,0,0,0,0,0,0,0,0,0,0,0,0,0,0,0,0,0,0,0,0,0,0,0,0,0,0,0,0,0,0,0,0,0,0,0,0,0,0,0,0,0,0,0,0
0,0,0,0,0,0,0,0,0,0,0,0,0,0,0,0,0,0,0,0,0,0,0,0,0,0,0,0,0,0,0,0,0,0,0,0,0,0,0,0,0,0,0,0,0,0,0,0,0,0,0,0,0,0,0,0,0,0,0,0,0,0,0,0,0,0,0,1,1,1,2,2,3,3,4,5,6,6,6,5,4,5,5,7,8,9,10,11,12,11,9,7,6,5,4,3,4,6,9,12,14,15,15,13,12,9,7,5,3,2,1,2,4,5,7,9,10,11,11,9,8,7,5,3,2,1,1,1,2,3,5,8,10,11,12,11,9,7,6,5,3,1,1,0,0,0,0,0,0,0,0,0,0,0,0,0,0,0,0,0,0,0,0,0,0,0,0,0,0,0,0,0,0,0,0,0,0,0,0,0,0,0,0,0,0,0,0,0,0,0,0,0,0,0,0,0,0,0,0,0,0,0,0,0,0,0,0,0,0,0,0,0,0,0,0,0,0,0,0,0,0,0,0,0,0,0,0,0,0,0,0,0,0,0,0,0,0,0,0,0,0,0,0,0,0,0,0,0,0,0,0,0,0,0,0,0,0,0,0,0,0,0,0,0,0,0,0,1,1,1,2,2,3,3,4,5,6,6,6,5,4,5,5,7,8,9,9,11,12,11,9,7,6,5,4,3,4,6,9,12,14,15,15,13,12,9,7,5,3,2,1,2,4,5,7,9,10,11,11,9,8,7,5,3,2,1,1,1,2,3,5,8,10,11,12,11,9,7,6,5,3,1,1,0,0,0,0,0,0,0,0,0,0,0,0,0,0,0,0,0,0,0,0,0,0,0,0,0,0,0,0,0,0,0,0,0,0,0,0,0,0,0,0,0,0,0,0,0,0,0,0,0,0,0,0,0,0,0,0,0
0,0,0,0,0,0,0,0,0,0,0,0,0,0,0,0,0,0,0,0,0,0,0,0,0,0,0,0,0,0,0,0,0,0,0,0,0,0,0,0,0,0,0,0,0,0,0,0,0,0,0,0,0,0,0,0,0,0,0,0,0,0,0,0,0,0,0,1,1,1,2,2,3,3,4,5,6,6,6,5,4,4,4,6,8,8,9,11,12,11,10,8,6,5,4,4,5,7,10,13,15,15,14,13,11,9,6,4,2,1,1,2,3,5,7,9,10,11,11,10,8,7,5,3,2,1,1,1,2,3,5,7,9,11,12,11,9,7,6,5,3,2,1,0,0,0,0,0,0,0,0,0,0,0,0,0,0,0,0,0,0,0,0,0,0,0,0,0,0,0,0,0,0,0,0,0,0,0,0,0,0,0,0,0,0,0,0,0,0,0,0,0,0,0,0,0,0,0,0,0,0,0,0,0,0,0,0,0,0,0,0,0,0,0,0,0,0,0,0,0,0,0,0,0,0,0,0,0,0,0,0,0,0,0,0,0,0,0,0,0,0,0,0,0,0,0,0,0,0,0,0,0,0,0,0,0,0,0,0,0,0,0,0,0,0,0,0,1,1,1,2,2,3,3,4,5,6,6,6,5,4,4,4,6,7,8,9,11,12,11,10,8,6,5,4,4,5,7,10,13,15,15,14,13,11,9,6,4,2,1,1,2,3,5,7,9,10,11,11,10,8,7,5,3,2,1,1,1,2,3,5,7,9,11,12,11,9,7,6,5,3,2,1,0,0,0,0,0,0,0,0,0,0,0,0,0,0,0,0,0,0,0,0,0,0,0,0,0,0,0,0,0,0,0,0,0,0,0,0,0,0,0,0,0,0,0,0,0,0,0,0,0,0,0,0,0,0,0,0,0
0,0,0,0,0,0,0,0,0,0,0,0,0,0,0,0,0,0,0,0,0,0,0,0,0,0,0,0,0,0,0,0,0,0,0,0,0,0,0,0,0,0,0,0,0,0,0,0,0,0,0,0,0,0,0,0,0,0,0,0,0,0,0,0,0,0,0,1,1,1,2,3,3,3,5,5,6,6,6,5,4,4,4,6,7,8,9,10,12,11,10,8,7,6,5,5,6,8,11,13,15,15,14,12,10,8,6,3,2,1,1,2,3,5,7,9,10,11,11,10,8,8,6,3,2,1,1,1,1,3,4,7,9,11,12,11,10,8,6,5,4,2,1,0,0,0,0,0,0,0,0,0,0,0,0,0,0,0,0,0,0,0,0,0,0,0,0,0,0,0,0,0,0,0,0,0,0,0,0,0,0,0,0,0,0,0,0,0,0,0,0,0,0,0,0,0,0,0,0,0,0,0,0,0,0,0,0,0,0,0,0,0,0,0,0,0,0,0,0,0,0,0,0,0,0,0,0,0,0,0,0,0,0,0,0,0,0,0,0,0,0,0,0,0,0,0,0,0,0,0,0,0,0,0,0,0,0,0,0,0,0,0,0,0,0,0,0,1,1,1,2,3,3,3,5,5,6,6,6,5,4,4,4,6,7,8,9,10,12,11,10,8,7,6,5,5,6,8,11,13,15,15,14,12,10,8,6,3,2,1,1,2,3,5,7,9,10,11,11,10,8,8,6,3,2,1,1,1,1,3,4,7,9,11,12,11,10,8,6,5,4,2,1,0,0,0,0,0,0,0,0,0,0,0,0,0,0,0,0,0,0,0,0,0,0,0,0,0,0,0,0,0,0,0,0,0,0,0,0,0,0,0,0,0,0,0,0,0,0,0,0,0,0,0,0,0,0,0,0,0
0,0,0,0,0,0,0,0,0,0,0,0,0,0,0,0,0,0,0,0,0,0,0,0,0,0,0,0,0,0,0,0,0,0,0,0,0,0,0,0,0,0,0,0,0,0,0,0,0,0,0,0,0,0,0,0,0,0,0,0,0,0,0,0,0,0,0,1,1,1,2,3,3,3,5,5,6,6,6,5,4,4,4,5,6,8,8,10,12,12,11,9,7,6,6,6,7,9,12,14,15,15,13,11,9,7,5,3,1,1,1,1,3,4,6,8,10,10,11,10,9,8,6,4,2,1,1,1,1,2,4,6,9,11,12,12,10,8,7,5,4,2,1,1,0,0,0,0,0,0,0,0,0,0,0,0,0,0,0,0,0,0,0,0,0,0,0,0,0,0,0,0,0,0,0,0,0,0,0,0,0,0,0,0,0,0,0,0,0,0,0,0,0,0,0,0,0,0,0,0,0,0,0,0,0,0,0,0,0,0,0,0,0,0,0,0,0,0,0,0,0,0,0,0,0,0,0,0,0,0,0,0,0,0,0,0,0,0,0,0,0,0,0,0,0,0,0,0,0,0,0,0,0,0,0,0,0,0,0,0,0,0,0,0,0,0,0,1,1,1,2,3,3,3,5,5,6,6,6,5,4,4,4,5,6,8,8,10,12,11,10,9,7,6,6,6,7,9,12,14,15,15,13,11,9,7,5,3,1,1,1,1,3,4,6,8,10,10,11,10,9,8,6,4,2,1,1,1,1,2,4,6,9,11,12,12,10,8,7,5,4,2,1,1,0,0,0,0,0,0,0,0,0,0,0,0,0,0,0,0,0,0,0,0,0,0,0,0,0,0,0,0,0,0,0,0,0,0,0,0,0,0,0,0,0,0,0,0,0,0,0,0,0,0,0,0,0,0,0,0
0,0,0,0,0,0,0,0,0,0,0,0,0,0,0,0,0,0,0,0,0,0,0,0,0,0,0,0,0,0,0,0,0,0,0,0,0,0,0,0,0,0,0,0,0,0,0,0,0,0,0,0,0,0,0,0,0,0,0,0,0,0,0,0,0,0,0,1,1,1,2,3,3,3,5,5,6,6,6,5,4,4,3,5,6,7,8,10,12,12,11,9,8,7,7,6,8,10,12,14,15,14,12,11,9,7,4,2,1,1,1,1,2,4,6,8,9,10,11,11,9,8,7,4,3,2,1,1,1,2,3,6,8,10,11,12,11,9,7,6,4,3,1,1,0,0,0,0,0,0,0,0,0,0,0,0,0,0,0,0,0,0,0,0,0,0,0,0,0,0,0,0,0,0,0,0,0,0,0,0,0,0,0,0,0,0,0,0,0,0,0,0,0,0,0,0,0,0,0,0,0,0,0,0,0,0,0,0,0,0,0,0,0,0,0,0,0,0,0,0,0,0,0,0,0,0,0,0,0,0,0,0,0,0,0,0,0,0,0,0,0,0,0,0,0,0,0,0,0,0,0,0,0,0,0,0,0,0,0,0,0,0,0,0,0,0,0,1,1,1,2,3,3,3,5,5,6,6,6,5,4,4,3,5,6,7,8,10,12,12,11,9,8,7,7,7,8,10,12,14,15,14,12,11,9,7,4,2,1,1,1,1,2,4,6,8,9,10,11,11,9,8,7,4,3,2,1,1,1,2,3,6,8,10,11,12,11,9,7,6,4,3,1,1,0,0,0,0,0,0,0,0,0,0,0,0,0,0,0,0,0,0,0,0,0,0,0,0,0,0,0,0,0,0,0,0,0,0,0,0,0,0,0,0,0,0,0,0,0,0,0,0,0,0,0,0,0,0,0,0
0,0,0,0,0,0,0,0,0,0,0,0,0,0,0,0,0,0,0,0,0,0,0,0,0,0,0,0,0,0,0,0,0,0,0,0,0,0,0,0,0,0,0,0,0,0,0,0,0,0,0,0,0,0,0,0,0,0,0,0,0,0,0,0,0,0,0,1,1,1,2,3,3,3,5,5,6,6,6,5,4,4,3,5,5,7,8,9,11,12,11,10,8,8,7,8,9,11,13,15,15,14,12,10,8,6,4,2,1,1,1,1,2,4,6,8,9,10,11,11,10,8,7,5,3,2,1,1,1,2,3,5,8,10,11,12,11,9,7,6,5,3,1,1,0,0,0,0,0,0,0,0,0,0,0,0,0,0,0,0,0,0,0,0,0,0,0,0,0,0,0,0,0,0,0,0,0,0,0,0,0,0,0,0,0,0,0,0,0,0,0,0,0,0,0,0,0,0,0,0,0,0,0,0,0,0,0,0,0,0,0,0,0,0,0,0,0,0,0,0,0,0,0,0,0,0,0,0,0,0,0,0,0,0,0,0,0,0,0,0,0,0,0,0,0,0,0,0,0,0,0,0,0,0,0,0,0,0,0,0,0,0,0,0,0,0,0,1,1,1,2,3,3,3,5,5,6,6,6,5,4,4,3,5,5,7,8,9,11,12,11,10,8,8,7,8,9,11,13,15,15,14,12,10,8,6,4,2,1,1,1,1,2,4,6,8,9,10,11,11,10,8,7,5,3,2,1,1,1,2,3,5,8,10,11,12,11,9,7,6,5,3,1,1,0,0,0,0,0,0,0,0,0,0,0,0,0,0,0,0,0,0,0,0,0,0,0,0,0,0,0,0,0,0,0,0,0,0,0,0,0,0,0,0,0,0,0,0,0,0,0,0,0,0,0,0,0,0,0,0
0,0,0,0,0,0,0,0,0,0,0,0,0,0,0,0,0,0,0,0,0,0,0,0,0,0,0,0,0,0,0,0,0,0,0,0,0,0,0,0,0,0,0,0,0,0,0,0,0,0,0,0,0,0,0,0,0,0,0,0,0,0,0,0,0,0,0,1,1,1,2,3,3,3,5,5,6,6,6,4,4,4,3,4,5,6,7,9,11,12,12,10,9,8,8,9,10,12,14,15,14,13,11,9,7,5,3,1,1,1,1,1,2,3,5,7,9,10,11,11,10,9,8,6,3,2,1,1,1,2,3,5,7,9,11,12,12,10,8,6,5,4,2,1,0,0,0,0,0,0,0,0,0,0,0,0,0,0,0,0,0,0,0,0,0,0,0,0,0,0,0,0,0,0,0,0,0,0,0,0,0,0,0,0,0,0,0,0,0,0,0,0,0,0,0,0,0,0,0,0,0,0,0,0,0,0,0,0,0,0,0,0,0,0,0,0,0,0,0,0,0,0,0,0,0,0,0,0,0,0,0,0,0,0,0,0,0,0,0,0,0,0,0,0,0,0,0,0,0,0,0,0,0,0,0,0,0,0,0,0,0,0,0,0,0,0,0,1,1,1,2,3,3,3,5,5,6,6,6,5,4,4,3,4,5,6,7,9,11,12,12,10,9,8,8,9,10,12,14,15,14,13,11,9,7,5,3,1,1,1,1,1,2,3,5,7,9,10,11,11,10,9,8,6,3,2,1,1,1,2,3,5,7,9,11,12,12,10,8,6,5,4,2,1,0,0,0,0,0,0,0,0,0,0,0,0,0,0,0,0,0,0,0,0,0,0,0,0,0,0,0,0,0,0,0,0,0,0,0,0,0,0,0,0,0,0,0,0,0,0,0,0,0,0,0,0,0,0,0,0
0,0,0,0,0,0,0,0,0,0,0,0,0,0,0,0,0,0,0,0,0,0,0,0,0,0,0,0,0,0,0,0,0,0,0,0,0,0,0,0,0,0,0,0,0,0,0,0,0,0,0,0,0,0,0,0,0,0,0,0,0,0,0,0,0,0,0,1,1,1,2,3,3,3,5,5,6,6,6,4,4,3,3,4,4,6,7,9,11,12,12,11,10,9,9,10,11,13,14,15,14,13,11,9,7,4,2,1,1,1,1,1,1,3,5,7,8,10,11,11,11,9,8,6,4,2,1,1,1,1,2,4,7,9,11,12,12,10,8,7,5,4,2,1,1,0,0,0,0,0,0,0,0,0,0,0,0,0,0,0,0,0,0,0,0,0,0,0,0,0,0,0,0,0,0,0,0,0,0,0,0,0,0,0,0,0,0,0,0,0,0,0,0,0,0,0,0,0,0,0,0,0,0,0,0,0,0,0,0,0,0,0,0,0,0,0,0,0,0,0,0,0,0,0,0,0,0,0,0,0,0,0,0,0,0,0,0,0,0,0,0,0,0,0,0,0,0,0,0,0,0,0,0,0,0,0,0,0,0,0,0,0,0,0,0,0,0,1,1,1,2,3,3,3,5,5,6,6,6,4,4,3,3,4,4,6,7,9,11,12,12,11,10,9,9,10,11,13,14,15,14,13,11,9,7,4,2,1,1,1,1,1,1,3,5,7,9,10,11,11,11,9,8,6,4,2,1,1,1,1,2,4,7,9,11,12,12,10,8,7,5,4,2,1,1,0,0,0,0,0,0,0,0,0,0,0,0,0,0,0,0,0,0,0,0,0,0,0,0,0,0,0,0,0,0,0,0,0,0,0,0,0,0,0,0,0,0,0,0,0,0,0,0,0,0,0,0,0,0,0
0,0,0,0,0,0,0,0,0,0,0,0,0,0,0,0,0,0,0,0,0,0,0,0,0,0,0,0,0,0,0,0,0,0,0,0,0,0,0,0,0,0,0,0,0,0,0,0,0,0,0,0,0,0,0,0,0,0,0,0,0,0,0,0,0,0,0,1,1,1,2,3,3,4,5,5,6,6,6,4,4,3,3,3,4,5,7,8,10,12,12,12,10,10,10,11,12,14,15,15,14,12,10,8,6,4,2,1,1,1,1,1,1,3,4,6,8,9,10,11,11,9,8,7,4,3,1,1,1,1,2,4,6,9,11,12,12,11,9,7,6,4,3,1,1,0,0,0,0,0,0,0,0,0,0,0,0,0,0,0,0,0,0,0,0,0,0,0,0,0,0,0,0,0,0,0,0,0,0,0,0,0,0,0,0,0,0,0,0,0,0,0,0,0,0,0,0,0,0,0,0,0,0,0,0,0,0,0,0,0,0,0,0,0,0,0,0,0,0,0,0,0,0,0,0,0,0,0,0,0,0,0,0,0,0,0,0,0,0,0,0,0,0,0,0,0,0,0,0,0,0,0,0,0,0,0,0,0,0,0,0,0,0,0,0,0,0,1,1,1,2,3,3,4,5,5,6,6,6,4,4,3,3,3,4,5,7,8,10,12,12,11,10,10,10,11,12,14,15,15,14,12,10,8,6,4,2,1,1,1,1,1,1,3,4,6,8,10,10,11,11,9,8,7,4,3,1,1,1,1,2,4,6,9,11,12,12,11,9,7,6,4,3,1,1,0,0,0,0,0,0,0,0,0,0,0,0,0,0,0,0,0,0,0,0,0,0,0,0,0,0,0,0,0,0,0,0,0,0,0,0,0,0,0,0,0,0,0,0,0,0,0,0,0,0,0,0,0,0,0
0,0,0,0,0,0,0,0,0,0,0,0,0,0,0,0,0,0,0,0,0,0,0,0,0,0,0,0,0,0,0,0,0,0,0,0,0,0,0,0,0,0,0,0,0,0,0,0,0,0,0,0,0,0,0,0,0,0,0,0,0,0,0,0,0,0,0,1,1,1,2,3,3,4,5,5,6,6,6,4,4,3,3,3,3,5,7,8,10,12,13,12,11,11,11,12,13,14,15,15,13,11,9,8,5,3,2,1,1,1,1,1,1,2,4,6,8,9,10,11,11,10,8,7,5,3,2,1,1,1,2,3,5,8,10,12,12,11,9,7,6,5,3,1,1,0,0,0,0,0,0,0,0,0,0,0,0,0,0,0,0,0,0,0,0,0,0,0,0,0,0,0,0,0,0,0,0,0,0,0,0,0,0,0,0,0,0,0,0,0,0,0,0,0,0,0,0,0,0,0,0,0,0,0,0,0,0,0,0,0,0,0,0,0,0,0,0,0,0,0,0,0,0,0,0,0,0,0,0,0,0,0,0,0,0,0,0,0,0,0,0,0,0,0,0,0,0,0,0,0,0,0,0,0,0,0,0,0,0,0,0,0,0,0,0,0,0,1,1,1,2,3,3,4,5,6,6,6,6,4,4,3,3,3,3,5,6,8,10,12,12,12,11,11,11,12,13,14,15,15,13,11,9,8,5,3,2,1,1,1,1,1,1,2,4,6,8,9,10,11,11,10,8,7,5,3,2,1,1,1,2,3,5,8,10,12,12,11,9,7,6,5,3,1,1,0,0,0,0,0,0,0,0,0,0,0,0,0,0,0,0,0,0,0,0,0,0,0,0,0,0,0,0,0,0,0,0,0,0,0,0,0,0,0,0,0,0,0,0,0,0,0,0,0,0,0,0,0,0,0
0,0,0,0,0,0,0,0,0,0,0,0,0,0,0,0,0,0,0,0,0,0,0,0,0,0,0,0,0,0,0,0,0,0,0,0,0,0,0,0,0,0,0,0,0,0,0,0,0,0,0,0,0,0,0,0,0,0,0,0,0,0,0,0,0,0,0,1,1,1,2,3,3,4,5,6,6,6,6,4,4,3,3,3,3,4,6,8,10,11,13,13,12,12,12,13,14,15,15,14,13,11,9,7,5,3,1,1,1,0,1,1,1,2,4,6,7,9,10,11,11,10,9,8,5,3,2,1,1,1,2,3,5,7,10,11,12,12,10,8,6,5,3,2,1,0,0,0,0,0,0,0,0,0,0,0,0,0,0,0,0,0,0,0,0,0,0,0,0,0,0,0,0,0,0,0,0,0,0,0,0,0,0,0,0,0,0,0,0,0,0,0,0,0,0,0,0,0,0,0,0,0,0,0,0,0,0,0,0,0,0,0,0,0,0,0,0,0,0,0,0,0,0,0,0,0,0,0,0,0,0,0,0,0,0,0,0,0,0,0,0,0,0,0,0,0,0,0,0,0,0,0,0,0,0,0,0,0,0,0,0,0,0,0,0,0,0,1,1,1,2,3,3,4,5,6,6,6,6,4,4,3,3,3,3,4,6,8,9,11,12,12,12,12,12,14,14,15,15,14,13,11,9,7,5,3,1,1,1,0,1,1,1,2,4,6,7,9,10,11,11,10,9,8,5,3,2,1,1,1,2,3,5,8,10,12,12,12,10,8,6,5,3,2,1,0,0,0,0,0,0,0,0,0,0,0,0,0,0,0,0,0,0,0,0,0,0,0,0,0,0,0,0,0,0,0,0,0,0,0,0,0,0,0,0,0,0,0,0,0,0,0,0,0,0,0,0,0,0,0
0,0,0,0,0,0,0,0,0,0,0,0,0,0,0,0,0,0,0,0,0,0,0,0,0,0,0,0,0,0,0,0,0,0,0,0,0,0,0,0,0,0,0,0,0,0,0,0,0,0,0,0,0,0,0,0,0,0,0,0,0,0,0,0,0,0,0,1,1,1,2,3,3,4,5,6,6,6,6,4,4,3,3,2,3,3,6,7,9,11,13,13,13,13,13,15,16,16,15,14,12,10,8,6,4,2,1,1,1,0,1,1,1,2,3,5,7,9,10,11,11,11,9,8,6,4,2,1,1,1,1,3,4,7,9,11,12,12,10,8,7,5,4,2,1,1,0,0,0,0,0,0,0,0,0,0,0,0,0,0,0,0,0,0,0,0,0,0,0,0,0,0,0,0,0,0,0,0,0,0,0,0,0,0,0,0,0,0,0,0,0,0,0,0,0,0,0,0,0,0,0,0,0,0,0,0,0,0,0,0,0,0,0,0,0,0,0,0,0,0,0,0,0,0,0,0,0,0,0,0,0,0,0,0,0,0,0,0,0,0,0,0,0,0,0,0,0,0,0,0,0,0,0,0,0,0,0,0,0,0,0,0,0,0,0,0,0,1,1,1,2,3,3,4,5,6,6,6,6,4,4,3,3,2,3,3,6,7,9,11,13,13,13,13,13,15,16,16,15,14,12,10,8,6,4,2,1,1,1,0,1,1,1,2,3,5,7,9,10,11,11,11,9,8,6,4,2,1,1,1,1,3,4,7,9,11,12,12,10,8,7,5,4,2,1,1,0,0,0,0,0,0,0,0,0,0,0,0,0,0,0,0,0,0,0,0,0,0,0,0,0,0,0,0,0,0,0,0,0,0,0,0,0,0,0,0,0,0,0,0,0,0,0,0,0,0,0,0,0,0
0,0,0,0,0,0,0,0,0,0,0,0,0,0,0,0,0,0,0,0,0,0,0,0,0,0,0,0,0,0,0,0,0,0,0,0,0,0,0,0,0,0,0,0,0,0,0,0,0,0,0,0,0,0,0,0,0,0,0,0,0,0,0,0,0,0,0,1,1,1,2,3,3,4,5,6,6,6,6,4,4,3,3,2,2,3,5,7,9,11,13,14,14,14,15,16,17,16,15,14,12,10,8,6,3,2,1,1,0,0,0,1,1,1,3,5,6,8,10,11,11,11,9,8,7,4,2,1,1,1,1,2,4,6,9,11,12,12,11,9,7,6,4,2,1,1,0,0,0,0,0,0,0,0,0,0,0,0,0,0,0,0,0,0,0,0,0,0,0,0,0,0,0,0,0,0,0,0,0,0,0,0,0,0,0,0,0,0,0,0,0,0,0,0,0,0,0,0,0,0,0,0,0,0,0,0,0,0,0,0,0,0,0,0,0,0,0,0,0,0,0,0,0,0,0,0,0,0,0,0,0,0,0,0,0,0,0,0,0,0,0,0,0,0,0,0,0,0,0,0,0,0,0,0,0,0,0,0,0,0,0,0,0,0,0,0,0,1,1,1,2,3,3,4,5,6,6,6,6,4,4,3,3,2,2,3,5,7,9,11,12,13,14,14,15,16,17,16,15,14,12,10,8,6,3,2,1,1,0,0,0,1,1,1,3,5,6,8,10,11,11,11,9,8,7,4,2,1,1,1,1,2,4,6,9,11,12,12,11,9,7,6,4,2,1,1,0,0,0,0,0,0,0,0,0,0,0,0,0,0,0,0,0,0,0,0,0,0,0,0,0,0,0,0,0,0,0,0,0,0,0,0,0,0,0,0,0,0,0,0,0,0,0,0,0,0,0,0,0,0
0,0,0,0,0,0,0,0,0,0,0,0,0,0,0,0,0,0,0,0,0,0,0,0,0,0,0,0,0,0,0,0,0,0,0,0,0,0,0,0,0,0,0,0,0,0,0,0,0,0,0,0,0,0,0,0,0,0,0,0,0,0,0,0,0,0,0,1,1,2,2,3,3,4,5,6,6,6,6,4,4,3,3,2,2,2,4,7,9,10,13,14,15,15,16,17,18,17,15,13,11,9,7,5,3,1,1,1,0,0,0,1,1,1,2,4,6,8,9,10,11,11,10,8,7,5,3,2,1,1,1,2,4,6,8,11,12,12,11,9,7,6,5,3,1,1,0,0,0,0,0,0,0,0,0,0,0,0,0,0,0,0,0,0,0,0,0,0,0,0,0,0,0,0,0,0,0,0,0,0,0,0,0,0,0,0,0,0,0,0,0,0,0,0,0,0,0,0,0,0,0,0,0,0,0,0,0,0,0,0,0,0,0,0,0,0,0,0,0,0,0,0,0,0,0,0,0,0,0,0,0,0,0,0,0,0,0,0,0,0,0,0,0,0,0,0,0,0,0,0,0,0,0,0,0,0,0,0,0,0,0,0,0,0,0,0,0,1,1,2,2,3,3,4,5,6,6,6,6,4,4,3,3,2,2,2,4,7,8,10,12,14,15,15,16,17,18,17,15,13,11,9,7,5,3,1,1,1,0,0,0,1,1,1,2,4,6,8,9,10,11,11,10,8,7,5,3,2,1,1,1,2,4,6,8,11,12,12,11,9,7,6,5,3,1,1,0,0,0,0,0,0,0,0,0,0,0,0,0,0,0,0,0,0,0,0,0,0,0,0,0,0,0,0,0,0,0,0,0,0,0,0,0,0,0,0,0,0,0,0,0,0,0,0,0,0,0,0,0,0
0,0,0,0,0,0,0,0,0,0,0,0,0,0,0,0,0,0,0,0,0,0,0,0,0,0,0,0,0,0,0,0,0,0,0,0,0,0,0,0,0,0,0,0,0,0,0,0,0,0,0,0,0,0,0,0,0,0,0,0,0,0,0,0,0,0,0,1,1,2,2,3,3,5,5,6,6,6,5,4,4,3,3,2,2,2,4,6,8,10,12,14,16,16,17,18,18,17,15,13,11,9,6,4,2,1,1,1,0,0,0,1,1,1,2,4,6,7,9,10,11,11,10,9,7,5,3,2,1,1,1,2,3,5,8,10,12,12,12,10,8,6,5,3,2,1,0,0,0,0,0,0,0,0,0,0,0,0,0,0,0,0,0,0,0,0,0,0,0,0,0,0,0,0,0,0,0,0,0,0,0,0,0,0,0,0,0,0,0,0,0,0,0,0,0,0,0,0,0,0,0,0,0,0,0,0,0,0,0,0,0,0,0,0,0,0,0,0,0,0,0,0,0,0,0,0,0,0,0,0,0,0,0,0,0,0,0,0,0,0,0,0,0,0,0,0,0,0,0,0,0,0,0,0,0,0,0,0,0,0,0,0,0,0,0,0,0,1,1,2,2,3,3,5,5,6,6,6,5,4,4,3,3,2,2,2,4,6,8,10,12,14,15,16,17,18,19,17,15,13,11,9,6,4,2,1,1,1,0,0,0,1,1,1,2,4,6,7,9,10,11,11,10,9,7,5,3,2,1,1,1,2,3,5,8,10,12,12,12,10,8,6,5,3,2,1,0,0,0,0,0,0,0,0,0,0,0,0,0,0,0,0,0,0,0,0,0,0,0,0,0,0,0,0,0,0,0,0,0,0,0,0,0,0,0,0,0,0,0,0,0,0,0,0,0,0,0,0,0,0
0,0,0,0,0,0,0,0,0,0,0,0,0,0,0,0,0,0,0,0,0,0,0,0,0,0,0,0,0,0,0,0,0,0,0,0,0,0,0,0,0,0,0,0,0,0,0,0,0,0,0,0,0,0,0,0,0,0,0,0,0,0,0,0,0,0,0,1,1,2,2,3,3,5,5,6,6,6,5,4,4,3,3,2,2,2,3,6,8,10,12,15,16,17,18,19,19,18,15,13,10,8,6,4,2,1,1,0,0,0,0,0,1,1,2,4,5,7,9,10,11,12,11,9,8,6,4,2,1,1,1,2,3,5,7,10,11,12,12,10,8,7,5,4,2,1,1,0,0,0,0,0,0,0,0,0,0,0,0,0,0,0,0,0,0,0,0,0,0,0,0,0,0,0,0,0,0,0,0,0,0,0,0,0,0,0,0,0,0,0,0,0,0,0,0,0,0,0,0,0,0,0,0,0,0,0,0,0,0,0,0,0,0,0,0,0,0,0,0,0,0,0,0,0,0,0,0,0,0,0,0,0,0,0,0,0,0,0,0,0,0,0,0,0,0,0,0,0,0,0,0,0,0,0,0,0,0,0,0,0,0,0,0,0,0,0,0,1,1,2,2,3,3,5,5,6,6,6,5,4,4,3,3,2,2,2,3,6,8,10,12,15,16,17,18,19,19,18,15,13,10,8,6,4,2,1,1,0,0,0,0,0,1,1,2,4,5,7,9,10,11,12,11,9,8,6,4,2,1,1,1,2,3,5,7,10,12,12,12,10,8,7,5,4,2,1,1,0,0,0,0,0,0,0,0,0,0,0,0,0,0,0,0,0,0,0,0,0,0,0,0,0,0,0,0,0,0,0,0,0,0,0,0,0,0,0,0,0,0,0,0,0,0,0,0,0,0,0,0,0
0,0,0,0,0,0,0,0,0,0,0,0,0,0,0,0,0,0,0,0,0,0,0,0,0,0,0,0,0,0,0,0,0,0,0,0,0,0,0,0,0,0,0,0,0,0,0,0,0,0,0,0,0,0,0,0,0,0,0,0,0,0,0,0,0,0,0,1,1,2,2,3,3,5,5,6,6,6,5,4,4,3,3,2,1,1,3,5,8,9,12,15,17,19,19,20,20,18,15,12,10,8,5,3,2,1,1,0,0,0,0,0,1,1,2,3,5,7,8,10,11,12,11,10,8,6,4,2,1,1,1,1,2,4,7,9,11,12,12,11,9,7,6,4,2,1,1,0,0,0,0,0,0,0,0,0,0,0,0,0,0,0,0,0,0,0,0,0,0,0,0,0,0,0,0,0,0,0,0,0,0,0,0,0,0,0,0,0,0,0,0,0,0,0,0,0,0,0,0,0,0,0,0,0,0,0,0,0,0,0,0,0,0,0,0,0,0,0,0,0,0,0,0,0,0,0,0,0,0,0,0,0,0,0,0,0,0,0,0,0,0,0,0,0,0,0,0,0,0,0,0,0,0,0,0,0,0,0,0,0,0,0,0,0,0,0,0,1,1,2,2,3,3,5,5,6,6,6,5,4,4,3,3,2,1,1,3,5,8,9,12,15,17,19,20,20,20,18,15,12,10,8,5,3,2,1,1,0,0,0,0,0,1,1,2,3,5,7,8,10,11,12,11,10,8,6,4,2,1,1,1,1,2,4,7,10,11,12,12,11,9,7,6,4,2,1,1,0,0,0,0,0,0,0,0,0,0,0,0,0,0,0,0,0,0,0,0,0,0,0,0,0,0,0,0,0,0,0,0,0,0,0,0,0,0,0,0,0,0,0,0,0,0,0,0,0,0,0,0,0
0,0,0,0,0,0,0,0,0,0,0,0,0,0,0,0,0,0,0,0,0,0,0,0,0,0,0,0,0,0,0,0,0,0,0,0,0,0,0,0,0,0,0,0,0,0,0,0,0,0,0,0,0,0,0,0,0,0,0,0,0,0,0,0,0,0,1,1,1,2,2,3,3,5,5,6,6,6,5,4,3,3,3,2,1,1,2,5,7,9,12,15,18,20,21,21,20,18,15,12,9,7,5,3,1,1,1,0,0,0,0,0,1,1,1,3,4,6,8,9,11,11,11,10,8,7,4,3,1,1,1,1,2,4,6,9,11,12,13,12,9,7,6,5,3,1,1,0,0,0,0,0,0,0,0,0,0,0,0,0,0,0,0,0,0,0,0,0,0,0,0,0,0,0,0,0,0,0,0,0,0,0,0,0,0,0,0,0,0,0,0,0,0,0,0,0,0,0,0,0,0,0,0,0,0,0,0,0,0,0,0,0,0,0,0,0,0,0,0,0,0,0,0,0,0,0,0,0,0,0,0,0,0,0,0,0,0,0,0,0,0,0,0,0,0,0,0,0,0,0,0,0,0,0,0,0,0,0,0,0,0,0,0,0,0,0,1,1,1,2,2,3,3,5,5,6,6,6,5,4,3,3,3,2,1,1,2,5,7,9,12,15,18,20,21,21,20,18,15,12,9,7,5,3,1,1,1,0,0,0,0,0,1,1,1,3,4,6,8,10,11,11,12,10,8,7,4,3,1,1,1,1,2,4,6,9,11,12,13,12,9,7,6,5,3,1,1,0,0,0,0,0,0,0,0,0,0,0,0,0,0,0,0,0,0,0,0,0,0,0,0,0,0,0,0,0,0,0,0,0,0,0,0,0,0,0,0,0,0,0,0,0,0,0,0,0,0,0,0,0
0,0,0,0,0,0,0,0,0,0,0,0,0,0,0,0,0,0,0,0,0,0,0,0,0,0,0,0,0,0,0,0,0,0,0,0,0,0,0,0,0,0,0,0,0,0,0,0,0,0,0,0,0,0,0,0,0,0,0,0,0,0,0,0,0,0,1,1,1,2,2,3,3,5,5,6,6,6,5,4,3,3,3,2,1,1,2,4,7,9,12,15,19,21,22,22,21,18,15,12,9,6,4,2,1,1,1,0,0,0,0,0,1,1,1,2,4,6,8,9,10,11,12,10,9,7,5,3,2,1,1,1,2,3,6,8,10,12,13,12,10,8,6,5,3,1,1,0,0,0,0,0,0,0,0,0,0,0,0,0,0,0,0,0,0,0,0,0,0,0,0,0,0,0,0,0,0,0,0,0,0,0,0,0,0,0,0,0,0,0,0,0,0,0,0,0,0,0,0,0,0,0,0,0,0,0,0,0,0,0,0,0,0,0,0,0,0,0,0,0,0,0,0,0,0,0,0,0,0,0,0,0,0,0,0,0,0,0,0,0,0,0,0,0,0,0,0,0,0,0,0,0,0,0,0,0,0,0,0,0,0,0,0,0,0,0,1,1,1,2,2,3,3,5,5,6,6,6,5,4,3,3,3,2,1,1,2,4,7,9,12,15,18,21,22,22,21,18,15,12,9,6,4,2,1,1,1,0,0,0,0,0,1,1,1,2,4,6,8,9,10,11,12,10,9,7,5,3,2,1,1,1,2,3,6,8,10,12,13,12,10,8,6,5,3,1,1,0,0,0,0,0,0,0,0,0,0,0,0,0,0,0,0,0,0,0,0,0,0,0,0,0,0,0,0,0,0,0,0,0,0,0,0,0,0,0,0,0,0,0,0,0,0,0,0,0,0,0,0,0
0,0,0,0,0,0,0,0,0,0,0,0,0,0,0,0,0,0,0,0,0,0,0,0,0,0,0,0,0,0,0,0,0,0,0,0,0,0,0,0,0,0,0,0,0,0,0,0,0,0,0,0,0,0,0,0,0,0,0,0,0,0,0,0,0,0,1,1,1,2,3,3,3,5,5,6,6,6,4,4,3,3,3,2,1,1,2,4,7,9,12,15,19,22,23,22,21,18,15,12,9,6,4,2,1,1,0,0,0,0,0,0,0,1,1,2,4,5,7,9,10,11,12,11,9,8,6,3,2,1,1,1,2,3,5,8,10,12,13,12,11,8,7,5,4,2,1,1,0,0,0,0,0,0,0,0,0,0,0,0,0,0,0,0,0,0,0,0,0,0,0,0,0,0,0,0,0,0,0,0,0,0,0,0,0,0,0,0,0,0,0,0,0,0,0,0,0,0,0,0,0,0,0,0,0,0,0,0,0,0,0,0,0,0,0,0,0,0,0,0,0,0,0,0,0,0,0,0,0,0,0,0,0,0,0,0,0,0,0,0,0,0,0,0,0,0,0,0,0,0,0,0,0,0,0,0,0,0,0,0,0,0,0,0,0,0,1,1,1,2,3,3,3,5,5,6,6,6,5,4,3,3,3,2,1,1,2,4,7,9,12,15,19,22,23,22,21,18,15,12,9,6,4,2,1,1,0,0,0,0,0,0,0,1,1,2,4,5,7,9,10,11,12,11,9,8,6,3,2,1,1,1,2,3,5,8,10,12,13,12,11,8,7,5,4,2,1,1,0,0,0,0,0,0,0,0,0,0,0,0,0,0,0,0,0,0,0,0,0,0,0,0,0,0,0,0,0,0,0,0,0,0,0,0,0,0,0,0,0,0,0,0,0,0,0,0,0,0,0,0
0,0,0,0,0,0,0,0,0,0,0,0,0,0,0,0,0,0,0,0,0,0,0,0,0,0,0,0,0,0,0,0,0,0,0,0,0,0,0,0,0,0,0,0,0,0,0,0,0,0,0,0,0,0,0,0,0,0,0,0,0,0,0,0,0,0,1,1,1,2,3,3,3,5,5,6,6,6,4,4,3,3,2,2,1,1,1,3,6,9,12,16,20,23,24,23,21,18,15,11,8,5,3,2,1,1,0,0,0,0,0,0,0,1,1,2,3,5,7,8,10,11,12,11,9,8,6,4,2,1,1,1,1,3,5,7,10,11,13,13,11,9,7,6,4,2,1,1,0,0,0,0,0,0,0,0,0,0,0,0,0,0,0,0,0,0,0,0,0,0,0,0,0,0,0,0,0,0,0,0,0,0,0,0,0,0,0,0,0,0,0,0,0,0,0,0,0,0,0,0,0,0,0,0,0,0,0,0,0,0,0,0,0,0,0,0,0,0,0,0,0,0,0,0,0,0,0,0,0,0,0,0,0,0,0,0,0,0,0,0,0,0,0,0,0,0,0,0,0,0,0,0,0,0,0,0,0,0,0,0,0,0,0,0,0,0,1,1,1,2,3,3,3,5,5,6,6,6,4,4,3,3,2,2,1,1,1,3,6,9,12,15,20,23,24,23,21,18,15,11,8,5,3,2,1,1,0,0,0,0,0,0,0,1,1,2,3,5,7,8,10,11,12,11,9,8,6,4,2,1,1,1,1,3,5,7,10,11,13,13,11,9,7,6,4,2,1,1,0,0,0,0,0,0,0,0,0,0,0,0,0,0,0,0,0,0,0,0,0,0,0,0,0,0,0,0,0,0,0,0,0,0,0,0,0,0,0,0,0,0,0,0,0,0,0,0,0,0,0,0
0,0,0,0,0,0,0,0,0,0,0,0,0,0,0,0,0,0,0,0,0,0,0,0,0,0,0,0,0,0,0,0,0,0,0,0,0,0,0,0,0,0,0,0,0,0,0,0,0,0,0,0,0,0,0,0,0,0,0,0,0,0,0,0,0,0,1,1,1,2,3,3,3,6,5,6,6,6,4,4,3,3,2,2,1,1,1,3,6,9,12,16,20,24,25,23,21,18,15,11,8,5,3,1,1,1,0,0,0,0,0,0,0,1,1,1,3,4,6,8,10,11,12,12,10,8,7,4,3,2,1,1,1,2,4,7,9,11,13,13,12,9,7,6,5,3,1,1,0,0,0,0,0,0,0,0,0,0,0,0,0,0,0,0,0,0,0,0,0,0,0,0,0,0,0,0,0,0,0,0,0,0,0,0,0,0,0,0,0,0,0,0,0,0,0,0,0,0,0,0,0,0,0,0,0,0,0,0,0,0,0,0,0,0,0,0,0,0,0,0,0,0,0,0,0,0,0,0,0,0,0,0,0,0,0,0,0,0,0,0,0,0,0,0,0,0,0,0,0,0,0,0,0,0,0,0,0,0,0,0,0,0,0,0,0,0,1,1,1,2,3,3,3,6,5,6,6,6,4,4,3,3,2,2,1,1,1,3,6,9,12,16,20,24,25,23,21,18,15,11,8,5,3,1,1,1,0,0,0,0,0,0,0,1,1,1,3,4,6,8,10,11,12,12,10,8,7,4,3,2,1,1,1,2,4,7,9,11,13,13,12,9,7,6,5,3,1,1,0,0,0,0,0,0,0,0,0,0,0,0,0,0,0,0,0,0,0,0,0,0,0,0,0,0,0,0,0,0,0,0,0,0,0,0,0,0,0,0,0,0,0,0,0,0,0,0,0,0,0,0
0,0,0,0,0,0,0,0,0,0,0,0,0,0,0,0,0,0,0,0,0,0,0,0,0,0,0,0,0,0,0,0,0,0,0,0,0,0,0,0,0,0,0,0,0,0,0,0,0,0,0,0,0,0,0,0,0,0,0,0,0,0,0,0,0,0,1,1,1,2,3,3,3,6,5,6,6,6,4,4,3,3,2,2,1,1,1,2,6,9,12,16,20,24,26,24,21,18,15,11,8,5,2,1,1,1,0,0,0,0,0,0,0,1,1,1,2,4,6,8,9,11,12,12,10,9,7,5,3,2,1,1,1,2,4,6,8,11,12,13,12,10,8,6,5,3,1,1,1,0,0,0,0,0,0,0,0,0,0,0,0,0,0,0,0,0,0,0,0,0,0,0,0,0,0,0,0,0,0,0,0,0,0,0,0,0,0,0,0,0,0,0,0,0,0,0,0,0,0,0,0,0,0,0,0,0,0,0,0,0,0,0,0,0,0,0,0,0,0,0,0,0,0,0,0,0,0,0,0,0,0,0,0,0,0,0,0,0,0,0,0,0,0,0,0,0,0,0,0,0,0,0,0,0,0,0,0,0,0,0,0,0,0,0,0,0,1,1,1,2,3,3,3,6,5,6,6,6,4,4,3,3,2,2,1,1,1,2,5,9,12,16,20,24,26,24,21,18,15,11,8,5,2,1,1,1,0,0,0,0,0,0,0,1,1,1,2,4,6,8,9,11,12,12,10,9,7,5,3,2,1,1,1,2,4,6,8,11,12,13,12,10,8,6,5,3,1,1,1,0,0,0,0,0,0,0,0,0,0,0,0,0,0,0,0,0,0,0,0,0,0,0,0,0,0,0,0,0,0,0,0,0,0,0,0,0,0,0,0,0,0,0,0,0,0,0,0,0,0,0
0,0,0,0,0,0,0,0,0,0,0,0,0,0,0,0,0,0,0,0,0,0,0,0,0,0,0,0,0,0,0,0,0,0,0,0,0,0,0,0,0,0,0,0,0,0,0,0,0,0,0,0,0,0,0,0,0,0,0,0,0,0,0,0,0,0,1,1,1,2,3,3,3,6,6,6,6,6,4,4,3,3,2,2,1,1,1,2,5,9,12,16,21,25,26,24,21,18,15,11,8,4,2,1,1,1,0,0,0,0,0,0,0,0,1,1,2,4,5,7,9,10,11,12,11,9,8,5,3,2,1,1,1,2,3,6,8,10,12,13,12,11,8,7,5,4,2,1,1,0,0,0,0,0,0,0,0,0,0,0,0,0,0,0,0,0,0,0,0,0,0,0,0,0,0,0,0,0,0,0,0,0,0,0,0,0,0,0,0,0,0,0,0,0,0,0,0,0,0,0,0,0,0,0,0,0,0,0,0,0,0,0,0,0,0,0,0,0,0,0,0,0,0,0,0,0,0,0,0,0,0,0,0,0,0,0,0,0,0,0,0,0,0,0,0,0,0,0,0,0,0,0,0,0,0,0,0,0,0,0,0,0,0,0,0,0,1,1,1,2,3,3,3,6,6,6,6,6,4,4,3,3,2,2,1,1,1,2,5,9,12,16,21,25,26,24,21,18,15,11,8,4,2,1,1,1,0,0,0,0,0,0,0,0,1,1,2,4,5,7,9,10,11,12,11,9,8,5,3,2,1,1,1,2,3,6,8,10,12,13,12,11,8,7,5,4,2,1,1,0,0,0,0,0,0,0,0,0,0,0,0,0,0,0,0,0,0,0,0,0,0,0,0,0,0,0,0,0,0,0,0,0,0,0,0,0,0,0,0,0,0,0,0,0,0,0,0,0,0,0
0,0,0,0,0,0,0,0,0,0,0,0,0,0,0,0,0,0,0,0,0,0,0,0,0,0,0,0,0,0,0,0,0,0,0,0,0,0,0,0,0,0,0,0,0,0,0,0,0,0,0,0,0,0,0,0,0,0,0,0,0,0,0,0,0,0,1,1,1,2,3,3,3,6,6,6,6,6,4,4,3,3,2,2,1,1,1,2,5,9,12,16,21,25,26,24,22,18,15,11,7,4,2,1,1,0,0,0,0,0,0,0,0,0,1,1,2,3,5,7,9,10,11,12,11,10,8,6,4,2,1,1,1,2,3,5,7,10,12,13,13,11,9,7,6,4,2,1,1,0,0,0,0,0,0,0,0,0,0,0,0,0,0,0,0,0,0,0,0,0,0,0,0,0,0,0,0,0,0,0,0,0,0,0,0,0,0,0,0,0,0,0,0,0,0,0,0,0,0,0,0,0,0,0,0,0,0,0,0,0,0,0,0,0,0,0,0,0,0,0,0,0,0,0,0,0,0,0,0,0,0,0,0,0,0,0,0,0,0,0,0,0,0,0,0,0,0,0,0,0,0,0,0,0,0,0,0,0,0,0,0,0,0,0,0,0,1,1,1,2,3,3,3,6,6,6,6,6,4,4,3,3,2,2,1,1,1,2,5,8,12,16,21,25,26,24,22,18,15,11,7,4,2,1,1,0,0,0,0,0,0,0,0,0,1,1,2,3,5,7,9,10,11,12,11,10,8,6,4,2,1,1,1,2,3,5,7,10,12,13,13,11,9,7,6,4,2,1,1,0,0,0,0,0,0,0,0,0,0,0,0,0,0,0,0,0,0,0,0,0,0,0,0,0,0,0,0,0,0,0,0,0,0,0,0,0,0,0,0,0,0,0,0,0,0,0,0,0,0,0
0,0,0,0,0,0,0,0,0,0,0,0,0,0,0,0,0,0,0,0,0,0,0,0,0,0,0,0,0,0,0,0,0,0,0,0,0,0,0,0,0,0,0,0,0,0,0,0,0,0,0,0,0,0,0,0,0,0,0,0,0,0,0,0,0,0,1,1,1,2,3,3,4,6,6,6,6,6,4,4,3,3,2,1,1,1,1,2,5,8,12,16,21,25,26,25,22,18,15,11,7,4,2,1,1,0,0,0,0,0,0,0,0,0,1,1,1,3,4,6,8,10,11,12,12,10,8,7,4,3,2,1,1,1,3,5,7,9,11,13,13,12,9,8,6,5,3,1,1,0,0,0,0,0,0,0,0,0,0,0,0,0,0,0,0,0,0,0,0,0,0,0,0,0,0,0,0,0,0,0,0,0,0,0,0,0,0,0,0,0,0,0,0,0,0,0,0,0,0,0,0,0,0,0,0,0,0,0,0,0,0,0,0,0,0,0,0,0,0,0,0,0,0,0,0,0,0,0,0,0,0,0,0,0,0,0,0,0,0,0,0,0,0,0,0,0,0,0,0,0,0,0,0,0,0,0,0,0,0,0,0,0,0,0,0,0,1,1,1,2,3,3,4,6,6,6,6,6,4,4,3,3,2,1,1,1,1,2,5,8,12,17,21,25,26,25,22,18,15,11,7,4,2,1,1,0,0,0,0,0,0,0,0,0,1,1,1,3,4,6,8,10,11,12,12,10,8,7,4,3,2,1,1,1,3,5,7,9,11,13,13,12,9,8,6,5,3,1,1,0,0,0,0,0,0,0,0,0,0,0,0,0,0,0,0,0,0,0,0,0,0,0,0,0,0,0,0,0,0,0,0,0,0,0,0,0,0,0,0,0,0,0,0,0,0,0,0,0,0,0
0,0,0,0,0,0,0,0,0,0,0,0,0,0,0,0,0,0,0,0,0,0,0,0,0,0,0,0,0,0,0,0,0,0,0,0,0,0,0,0,0,0,0,0,0,0,0,0,0,0,0,0,0,0,0,0,0,0,0,0,0,0,0,0,0,0,1,1,1,2,3,3,4,6,6,6,6,6,4,4,3,3,2,1,1,1,1,2,5,8,13,17,21,25,26,25,22,18,15,11,7,4,2,1,1,1,0,0,0,0,0,0,0,0,1,1,1,2,4,6,8,9,11,12,12,10,9,7,5,3,2,1,1,1,2,4,6,9,11,13,13,12,10,8,7,5,3,1,1,1,0,0,0,0,0,0,0,0,0,0,0,0,0,0,0,0,0,0,0,0,0,0,0,0,0,0,0,0,0,0,0,0,0,0,0,0,0,0,0,0,0,0,0,0,0,0,0,0,0,0,0,0,0,0,0,0,0,0,0,0,0,0,0,0,0,0,0,0,0,0,0,0,0,0,0,0,0,0,0,0,0,0,0,0,0,0,0,0,0,0,0,0,0,0,0,0,0,0,0,0,0,0,0,0,0,0,0,0,0,0,0,0,0,0,0,0,1,1,1,2,3,3,4,6,6,6,6,6,4,4,3,3,2,1,1,1,1,2,5,8,13,17,21,25,26,25,22,18,15,11,7,4,2,1,1,1,0,0,0,0,0,0,0,0,1,1,1,2,4,6,8,9,11,12,12,10,9,7,5,3,2,1,1,1,2,4,6,9,11,13,13,12,10,8,7,5,3,1,1,1,0,0,0,0,0,0,0,0,0,0,0,0,0,0,0,0,0,0,0,0,0,0,0,0,0,0,0,0,0,0,0,0,0,0,0,0,0,0,0,0,0,0,0,0,0,0,0,0,0,0
0,0,0,0,0,0,0,0,0,0,0,0,0,0,0,0,0,0,0,0,0,0,0,0,0,0,0,0,0,0,0,0,0,0,0,0,0,0,0,0,0,0,0,0,0,0,0,0,0,0,0,0,0,0,0,0,0,0,0,0,0,0,0,0,0,0,1,1,1,2,3,3,4,6,6,6,6,6,4,4,3,3,2,1,1,1,1,2,5,8,13,17,21,24,26,25,22,18,15,11,7,4,2,1,1,1,0,0,0,0,0,0,0,0,1,1,1,2,4,5,7,9,10,12,12,11,9,8,5,3,2,1,1,1,2,4,6,8,10,12,13,13,11,9,7,5,4,2,1,1,0,0,0,0,0,0,0,0,0,0,0,0,0,0,0,0,0,0,0,0,0,0,0,0,0,0,0,0,0,0,0,0,0,0,0,0,0,0,0,0,0,0,0,0,0,0,0,0,0,0,0,0,0,0,0,0,0,0,0,0,0,0,0,0,0,0,0,0,0,0,0,0,0,0,0,0,0,0,0,0,0,0,0,0,0,0,0,0,0,0,0,0,0,0,0,0,0,0,0,0,0,0,0,0,0,0,0,0,0,0,0,0,0,0,0,0,1,1,1,2,3,3,4,6,6,6,6,6,4,4,3,3,2,1,1,1,1,2,5,8,13,17,21,24,26,25,22,18,15,11,7,4,2,1,1,1,0,0,0,0,0,0,0,0,1,1,1,2,4,5,7,9,10,12,12,11,9,8,5,3,2,1,1,1,2,4,6,8,10,12,13,13,11,9,7,5,4,2,1,1,0,0,0,0,0,0,0,0,0,0,0,0,0,0,0,0,0,0,0,0,0,0,0,0,0,0,0,0,0,0,0,0,0,0,0,0,0,0,0,0,0,0,0,0,0,0,0,0,0,0
0,0,0,0,0,0,0,0,0,0,0,0,0,0,0,0,0,0,0,0,0,0,0,0,0,0,0,0,0,0,0,0,0,0,0,0,0,0,0,0,0,0,0,0,0,0,0,0,0,0,0,0,0,0,0,0,0,0,0,0,0,0,0,0,0,0,1,1,1,2,3,3,4,6,7,6,6,5,4,4,3,3,2,1,1,1,1,2,5,8,13,17,21,24,25,24,22,18,15,11,7,4,2,1,1,1,0,0,0,0,0,0,0,0,0,1,1,2,3,5,7,9,10,12,12,11,10,8,6,4,2,1,1,1,2,3,5,7,10,12,13,13,11,9,7,6,4,2,1,1,0,0,0,0,0,0,0,0,0,0,0,0,0,0,0,0,0,0,0,0,0,0,0,0,0,0,0,0,0,0,0,0,0,0,0,0,0,0,0,0,0,0,0,0,0,0,0,0,0,0,0,0,0,0,0,0,0,0,0,0,0,0,0,0,0,0,0,0,0,0,0,0,0,0,0,0,0,0,0,0,0,0,0,0,0,0,0,0,0,0,0,0,0,0,0,0,0,0,0,0,0,0,0,0,0,0,0,0,0,0,0,0,0,0,0,0,1,1,1,2,3,3,4,6,7,6,6,5,4,4,3,3,2,1,1,1,1,2,5,8,13,18,21,24,25,24,22,18,15,11,7,4,2,1,1,1,0,0,0,0,0,0,0,0,0,1,1,2,3,5,7,9,10,12,12,11,10,8,6,4,2,1,1,1,2,3,5,7,10,12,13,13,11,9,7,6,4,2,1,1,0,0,0,0,0,0,0,0,0,0,0,0,0,0,0,0,0,0,0,0,0,0,0,0,0,0,0,0,0,0,0,0,0,0,0,0,0,0,0,0,0,0,0,0,0,0,0,0,0,0
0,0,0,0,0,0,0,0,0,0,0,0,0,0,0,0,0,0,0,0,0,0,0,0,0,0,0,0,0,0,0,0,0,0,0,0,0,0,0,0,0,0,0,0,0,0,0,0,0,0,0,0,0,0,0,0,0,0,0,0,0,0,0,0,0,0,1,1,2,2,3,3,5,6,7,6,6,5,4,4,3,3,2,1,1,1,1,2,5,8,13,18,21,23,24,24,22,18,15,11,7,4,2,1,1,1,0,0,0,0,0,0,0,0,0,1,1,1,3,4,6,8,10,11,12,12,10,8,6,4,3,2,1,1,1,3,4,7,9,12,13,13,12,10,8,6,5,3,1,1,0,0,0,0,0,0,0,0,0,0,0,0,0,0,0,0,0,0,0,0,0,0,0,0,0,0,0,0,0,0,0,0,0,0,0,0,0,0,0,0,0,0,0,0,0,0,0,0,0,0,0,0,0,0,0,0,0,0,0,0,0,0,0,0,0,0,0,0,0,0,0,0,0,0,0,0,0,0,0,0,0,0,0,0,0,0,0,0,0,0,0,0,0,0,0,0,0,0,0,0,0,0,0,0,0,0,0,0,0,0,0,0,0,0,0,0,1,1,2,2,3,3,5,6,7,6,6,5,4,4,3,3,2,1,1,1,1,2,5,8,13,18,21,23,24,24,22,18,15,11,7,4,2,1,1,1,0,0,0,0,0,0,0,0,0,1,1,1,3,4,6,8,10,11,12,12,10,8,6,4,3,2,1,1,1,3,4,7,9,12,13,13,12,10,8,6,5,3,1,1,0,0,0,0,0,0,0,0,0,0,0,0,0,0,0,0,0,0,0,0,0,0,0,0,0,0,0,0,0,0,0,0,0,0,0,0,0,0,0,0,0,0,0,0,0,0,0,0,0,0
0,0,0,0,0,0,0,0,0,0,0,0,0,0,0,0,0,0,0,0,0,0,0,0,0,0,0,0,0,0,0,0,0,0,0,0,0,0,0,0,0,0,0,0,0,0,0,0,0,0,0,0,0,0,0,0,0,0,0,0,0,0,0,0,0,0,1,1,2,2,3,3,5,6,7,6,6,5,4,3,3,3,2,1,1,1,1,2,5,8,13,18,21,23,24,24,22,19,15,11,7,5,3,1,1,1,0,0,0,0,0,0,0,0,0,1,1,1,2,4,6,8,10,11,12,12,10,9,7,5,3,2,1,1,1,2,4,6,9,11,13,13,12,10,8,7,5,3,1,1,1,0,0,0,0,0,0,0,0,0,0,0,0,0,0,0,0,0,0,0,0,0,0,0,0,0,0,0,0,0,0,0,0,0,0,0,0,0,0,0,0,0,0,0,0,0,0,0,0,0,0,0,0,0,0,0,0,0,0,0,0,0,0,0,0,0,0,0,0,0,0,0,0,0,0,0,0,0,0,0,0,0,0,0,0,0,0,0,0,0,0,0,0,0,0,0,0,0,0,0,0,0,0,0,0,0,0,0,0,0,0,0,0,0,0,0,1,1,2,2,3,3,5,6,7,6,6,5,4,3,3,3,2,1,1,1,1,2,5,8,13,18,21,23,24,24,22,18,15,11,7,5,3,1,1,1,0,0,0,0,0,0,0,0,0,1,1,1,2,4,6,8,10,11,12,12,10,9,7,5,3,2,1,1,1,2,4,6,9,11,13,13,12,10,8,7,5,3,1,1,1,0,0,0,0,0,0,0,0,0,0,0,0,0,0,0,0,0,0,0,0,0,0,0,0,0,0,0,0,0,0,0,0,0,0,0,0,0,0,0,0,0,0,0,0,0,0,0,0,0
0,0,0,0,0,0,0,0,0,0,0,0,0,0,0,0,0,0,0,0,0,0,0,0,0,0,0,0,0,0,0,0,0,0,0,0,0,0,0,0,0,0,0,0,0,0,0,0,0,0,0,0,0,0,0,0,0,0,0,0,0,0,0,0,0,0,1,1,2,2,3,4,5,6,7,6,6,5,4,3,3,3,2,1,1,1,1,3,5,8,13,18,21,22,23,23,22,19,15,11,8,5,3,2,1,1,0,0,0,0,0,0,0,0,0,1,1,1,2,3,5,7,9,11,12,12,11,9,7,5,4,2,1,1,1,2,3,5,8,11,13,14,13,11,9,7,6,4,2,1,1,0,0,0,0,0,0,0,0,0,0,0,0,0,0,0,0,0,0,0,0,0,0,0,0,0,0,0,0,0,0,0,0,0,0,0,0,0,0,0,0,0,0,0,0,0,0,0,0,0,0,0,0,0,0,0,0,0,0,0,0,0,0,0,0,0,0,0,0,0,0,0,0,0,0,0,0,0,0,0,0,0,0,0,0,0,0,0,0,0,0,0,0,0,0,0,0,0,0,0,0,0,0,0,0,0,0,0,0,0,0,0,0,0,0,0,1,1,2,2,3,4,5,6,7,6,6,5,4,3,3,3,2,1,1,1,1,3,5,9,13,18,21,22,23,23,22,19,15,11,8,5,3,2,1,1,0,0,0,0,0,0,0,0,0,1,1,1,2,4,5,7,9,11,12,12,11,9,7,5,4,2,1,1,1,2,3,5,8,11,13,14,13,11,9,7,6,4,2,1,1,0,0,0,0,0,0,0,0,0,0,0,0,0,0,0,0,0,0,0,0,0,0,0,0,0,0,0,0,0,0,0,0,0,0,0,0,0,0,0,0,0,0,0,0,0,0,0,0,0
0,0,0,0,0,0,0,0,0,0,0,0,0,0,0,0,0,0,0,0,0,0,0,0,0,0,0,0,0,0,0,0,0,0,0,0,0,0,0,0,0,0,0,0,0,0,0,0,0,0,0,0,0,0,0,0,0,0,0,0,0,0,0,0,0,0,1,1,2,2,3,4,5,6,7,6,6,5,4,3,3,2,2,1,1,1,2,3,6,9,13,17,20,21,22,22,21,19,15,11,8,6,3,2,1,1,1,0,0,0,0,0,0,0,0,0,1,1,2,3,5,7,9,10,12,13,11,10,8,6,4,2,1,1,1,2,3,5,7,10,12,14,13,12,9,8,6,4,2,1,1,0,0,0,0,0,0,0,0,0,0,0,0,0,0,0,0,0,0,0,0,0,0,0,0,0,0,0,0,0,0,0,0,0,0,0,0,0,0,0,0,0,0,0,0,0,0,0,0,0,0,0,0,0,0,0,0,0,0,0,0,0,0,0,0,0,0,0,0,0,0,0,0,0,0,0,0,0,0,0,0,0,0,0,0,0,0,0,0,0,0,0,0,0,0,0,0,0,0,0,0,0,0,0,0,0,0,0,0,0,0,0,0,0,0,0,1,1,2,2,3,4,5,6,7,6,6,5,4,3,3,2,2,1,1,1,2,3,6,9,13,18,20,21,22,22,21,19,15,11,8,6,3,2,1,1,1,0,0,0,0,0,0,0,0,0,1,1,2,3,5,7,9,10,12,13,11,10,8,6,4,2,1,1,1,2,3,5,7,10,12,14,13,12,10,8,6,4,2,1,1,0,0,0,0,0,0,0,0,0,0,0,0,0,0,0,0,0,0,0,0,0,0,0,0,0,0,0,0,0,0,0,0,0,0,0,0,0,0,0,0,0,0,0,0,0,0,0,0,0
0,0,0,0,0,0,0,0,0,0,0,0,0,0,0,0,0,0,0,0,0,0,0,0,0,0,0,0,0,0,0,0,0,0,0,0,0,0,0,0,0,0,0,0,0,0,0,0,0,0,0,0,0,0,0,0,0,0,0,0,0,0,0,0,0,0,1,1,2,2,3,4,6,6,7,6,5,5,4,3,3,2,2,1,1,1,2,3,6,9,13,17,19,20,21,22,21,18,15,11,8,6,4,2,1,1,1,0,0,0,0,0,0,0,0,0,1,1,1,3,4,6,8,10,12,13,12,10,8,7,5,3,2,1,1,2,3,4,7,9,12,13,14,12,10,8,6,5,2,1,1,0,0,0,0,0,0,0,0,0,0,0,0,0,0,0,0,0,0,0,0,0,0,0,0,0,0,0,0,0,0,0,0,0,0,0,0,0,0,0,0,0,0,0,0,0,0,0,0,0,0,0,0,0,0,0,0,0,0,0,0,0,0,0,0,0,0,0,0,0,0,0,0,0,0,0,0,0,0,0,0,0,0,0,0,0,0,0,0,0,0,0,0,0,0,0,0,0,0,0,0,0,0,0,0,0,0,0,0,0,0,0,0,0,0,0,1,1,2,2,3,4,6,6,7,6,5,5,4,3,3,2,2,1,1,1,2,4,6,9,13,17,20,20,21,22,21,18,15,11,8,6,4,2,1,1,1,0,0,0,0,0,0,0,0,0,1,1,1,3,4,6,8,10,12,13,12,10,8,7,5,3,2,1,1,2,3,4,7,9,12,13,14,12,10,8,6,5,2,1,1,0,0,0,0,0,0,0,0,0,0,0,0,0,0,0,0,0,0,0,0,0,0,0,0,0,0,0,0,0,0,0,0,0,0,0,0,0,0,0,0,0,0,0,0,0,0,0,0,0
0,0,0,0,0,0,0,0,0,0,0,0,0,0,0,0,0,0,0,0,0,0,0,0,0,0,0,0,0,0,0,0,0,0,0,0,0,0,0,0,0,0,0,0,0,0,0,0,0,0,0,0,0,0,0,0,0,0,0,0,0,0,0,0,0,0,1,1,2,2,3,4,6,6,6,6,5,5,4,3,3,2,2,1,1,1,2,4,7,10,13,16,19,20,20,21,20,18,15,11,9,7,5,3,1,1,1,0,0,0,0,0,0,0,0,0,1,1,1,2,4,6,8,10,11,12,12,10,9,7,5,3,2,1,1,1,2,4,6,9,11,13,14,13,11,9,7,5,3,1,1,1,0,0,0,0,0,0,0,0,0,0,0,0,0,0,0,0,0,0,0,0,0,0,0,0,0,0,0,0,0,0,0,0,0,0,0,0,0,0,0,0,0,0,0,0,0,0,0,0,0,0,0,0,0,0,0,0,0,0,0,0,0,0,0,0,0,0,0,0,0,0,0,0,0,0,0,0,0,0,0,0,0,0,0,0,0,0,0,0,0,0,0,0,0,0,0,0,0,0,0,0,0,0,0,0,0,0,0,0,0,0,0,0,0,0,1,1,2,2,3,4,6,6,6,6,5,5,4,3,3,2,2,1,1,1,2,4,7,10,13,17,19,20,20,21,20,18,15,11,9,7,5,3,1,1,1,0,0,0,0,0,0,0,0,0,1,1,1,2,4,6,8,10,11,13,12,10,9,7,5,3,2,1,1,1,2,4,6,9,11,13,14,13,11,9,7,5,3,1,1,1,0,0,0,0,0,0,0,0,0,0,0,0,0,0,0,0,0,0,0,0,0,0,0,0,0,0,0,0,0,0,0,0,0,0,0,0,0,0,0,0,0,0,0,0,0,0,0,0
0,0,0,0,0,0,0,0,0,0,0,0,0,0,0,0,0,0,0,0,0,0,0,0,0,0,0,0,0,0,0,0,0,0,0,0,0,0,0,0,0,0,0,0,0,0,0,0,0,0,0,0,0,0,0,0,0,0,0,0,0,0,0,0,0,0,1,1,2,2,3,4,6,6,6,6,5,4,4,3,3,2,2,1,1,1,2,4,7,10,13,16,18,19,19,20,19,18,15,12,9,7,5,3,2,1,1,0,0,0,0,0,0,0,0,0,1,1,1,2,4,5,7,9,11,12,12,11,9,8,6,4,2,1,1,1,2,3,5,8,11,13,14,13,12,9,7,6,3,2,1,1,0,0,0,0,0,0,0,0,0,0,0,0,0,0,0,0,0,0,0,0,0,0,0,0,0,0,0,0,0,0,0,0,0,0,0,0,0,0,0,0,0,0,0,0,0,0,0,0,0,0,0,0,0,0,0,0,0,0,0,0,0,0,0,0,0,0,0,0,0,0,0,0,0,0,0,0,0,0,0,0,0,0,0,0,0,0,0,0,0,0,0,0,0,0,0,0,0,0,0,0,0,0,0,0,0,0,0,0,0,0,0,0,0,0,1,1,2,2,3,4,6,6,6,6,5,4,4,3,3,2,2,1,1,1,2,4,7,10,13,16,18,19,19,20,19,18,15,12,9,7,5,3,2,1,1,0,0,0,0,0,0,0,0,0,1,1,1,2,4,5,7,9,11,12,13,11,9,8,6,4,2,1,1,1,2,3,5,8,11,13,14,13,12,9,7,6,3,2,1,1,0,0,0,0,0,0,0,0,0,0,0,0,0,0,0,0,0,0,0,0,0,0,0,0,0,0,0,0,0,0,0,0,0,0,0,0,0,0,0,0,0,0,0,0,0,0,0,0
0,0,0,0,0,0,0,0,0,0,0,0,0,0,0,0,0,0,0,0,0,0,0,0,0,0,0,0,0,0,0,0,0,0,0,0,0,0,0,0,0,0,0,0,0,0,0,0,0,0,0,0,0,0,0,0,0,0,0,0,0,0,0,0,0,1,1,1,2,3,3,4,6,6,6,6,5,4,4,3,3,2,2,1,1,2,3,5,8,11,13,15,17,18,18,19,19,18,15,12,10,8,6,4,2,1,1,1,0,0,0,0,0,0,0,0,0,1,1,2,3,5,7,9,11,12,13,11,10,8,6,4,3,1,1,1,2,3,5,7,10,13,14,14,12,10,8,6,4,2,1,1,0,0,0,0,0,0,0,0,0,0,0,0,0,0,0,0,0,0,0,0,0,0,0,0,0,0,0,0,0,0,0,0,0,0,0,0,0,0,0,0,0,0,0,0,0,0,0,0,0,0,0,0,0,0,0,0,0,0,0,0,0,0,0,0,0,0,0,0,0,0,0,0,0,0,0,0,0,0,0,0,0,0,0,0,0,0,0,0,0,0,0,0,0,0,0,0,0,0,0,0,0,0,0,0,0,0,0,0,0,0,0,0,0,1,1,1,2,3,3,4,6,6,6,6,5,4,4,3,3,2,2,1,1,2,3,5,8,11,13,15,17,18,18,18,19,17,15,12,10,8,6,4,2,1,1,1,0,0,0,0,0,0,0,0,0,1,1,2,3,5,7,9,11,12,13,11,10,8,6,4,3,1,1,1,2,3,5,7,10,13,14,14,12,10,8,6,4,2,1,1,0,0,0,0,0,0,0,0,0,0,0,0,0,0,0,0,0,0,0,0,0,0,0,0,0,0,0,0,0,0,0,0,0,0,0,0,0,0,0,0,0,0,0,0,0,0,0,0
0,0,0,0,0,0,0,0,0,0,0,0,0,0,0,0,0,0,0,0,0,0,0,0,0,0,0,0,0,0,0,0,0,0,0,0,0,0,0,0,0,0,0,0,0,0,0,0,0,0,0,0,0,0,0,0,0,0,0,0,0,0,0,0,0,1,1,1,2,3,3,4,6,6,6,6,5,4,4,3,3,2,1,1,1,2,3,5,8,11,13,14,16,17,17,17,18,17,15,13,10,8,6,4,2,1,1,1,0,0,0,0,0,0,0,0,0,1,1,1,3,4,6,9,11,12,13,12,10,9,7,5,3,2,1,1,1,3,4,7,9,12,14,14,13,11,8,6,5,3,1,1,0,0,0,0,0,0,0,0,0,0,0,0,0,0,0,0,0,0,0,0,0,0,0,0,0,0,0,0,0,0,0,0,0,0,0,0,0,0,0,0,0,0,0,0,0,0,0,0,0,0,0,0,0,0,0,0,0,0,0,0,0,0,0,0,0,0,0,0,0,0,0,0,0,0,0,0,0,0,0,0,0,0,0,0,0,0,0,0,0,0,0,0,0,0,0,0,0,0,0,0,0,0,0,0,0,0,0,0,0,0,0,0,0,1,1,1,2,3,3,4,6,6,6,6,5,4,4,3,3,2,1,1,1,2,3,5,8,11,13,15,16,17,17,17,18,17,15,13,10,8,6,4,2,1,1,1,0,0,0,0,0,0,0,0,0,1,1,1,3,4,6,9,11,12,13,12,10,9,7,5,3,2,1,1,1,3,4,7,9,12,14,14,13,11,8,6,5,3,1,1,0,0,0,0,0,0,0,0,0,0,0,0,0,0,0,0,0,0,0,0,0,0,0,0,0,0,0,0,0,0,0,0,0,0,0,0,0,0,0,0,0,0,0,0,0,0,0,0
0,0,0,0,0,0,0,0,0,0,0,0,0,0,0,0,0,0,0,0,0,0,0,0,0,0,0,0,0,0,0,0,0,0,0,0,0,0,0,0,0,0,0,0,0,0,0,0,0,0,0,0,0,0,0,0,0,0,0,0,0,0,0,0,0,1,1,1,2,3,3,4,6,6,6,6,5,4,4,3,3,2,1,1,1,2,4,6,9,11,13,14,15,16,17,16,17,16,15,13,11,9,7,5,3,1,1,1,0,0,0,0,0,0,0,0,0,1,1,1,2,4,6,8,10,12,13,12,10,9,8,5,3,2,1,1,1,2,4,6,9,12,14,14,13,11,9,7,5,3,2,1,1,0,0,0,0,0,0,0,0,0,0,0,0,0,0,0,0,0,0,0,0,0,0,0,0,0,0,0,0,0,0,0,0,0,0,0,0,0,0,0,0,0,0,0,0,0,0,0,0,0,0,0,0,0,0,0,0,0,0,0,0,0,0,0,0,0,0,0,0,0,0,0,0,0,0,0,0,0,0,0,0,0,0,0,0,0,0,0,0,0,0,0,0,0,0,0,0,0,0,0,0,0,0,0,0,0,0,0,0,0,0,0,0,1,1,1,2,3,3,4,6,6,6,6,5,4,4,3,3,2,1,1,1,2,4,6,9,12,13,14,15,16,17,16,17,16,15,13,11,9,7,5,3,1,1,1,0,0,0,0,0,0,0,0,0,1,1,1,2,4,6,8,10,12,13,12,10,9,8,5,3,2,1,1,1,2,4,6,9,12,14,14,13,11,9,7,5,3,2,1,1,0,0,0,0,0,0,0,0,0,0,0,0,0,0,0,0,0,0,0,0,0,0,0,0,0,0,0,0,0,0,0,0,0,0,0,0,0,0,0,0,0,0,0,0,0,0,0
0,0,0,0,0,0,0,0,0,0,0,0,0,0,0,0,0,0,0,0,0,0,0,0,0,0,0,0,0,0,0,0,0,0,0,0,0,0,0,0,0,0,0,0,0,0,0,0,0,0,0,0,0,0,0,0,0,0,0,0,0,0,0,0,0,1,1,1,2,3,3,4,6,6,6,6,5,4,4,3,3,2,1,1,1,2,4,6,10,12,13,13,14,15,16,16,16,16,15,13,11,9,7,5,3,2,1,1,0,0,0,0,0,0,0,0,0,1,1,1,2,4,5,8,10,11,13,13,11,10,8,6,4,2,1,1,1,2,3,5,8,11,13,14,14,12,10,7,6,4,2,1,1,0,0,0,0,0,0,0,0,0,0,0,0,0,0,0,0,0,0,0,0,0,0,0,0,0,0,0,0,0,0,0,0,0,0,0,0,0,0,0,0,0,0,0,0,0,0,0,0,0,0,0,0,0,0,0,0,0,0,0,0,0,0,0,0,0,0,0,0,0,0,0,0,0,0,0,0,0,0,0,0,0,0,0,0,0,0,0,0,0,0,0,0,0,0,0,0,0,0,0,0,0,0,0,0,0,0,0,0,0,0,0,0,1,1,1,2,3,3,4,6,6,6,6,5,4,4,3,3,2,1,1,1,2,4,6,10,12,13,13,14,15,16,15,16,16,15,13,11,9,7,5,3,2,1,1,0,0,0,0,0,0,0,0,0,1,1,1,2,4,5,8,10,11,13,13,11,9,8,6,4,2,1,1,1,2,3,5,8,11,13,14,14,12,10,7,6,4,2,1,1,0,0,0,0,0,0,0,0,0,0,0,0,0,0,0,0,0,0,0,0,0,0,0,0,0,0,0,0,0,0,0,0,0,0,0,0,0,0,0,0,0,0,0,0,0,0,0
0,0,0,0,0,0,0,0,0,0,0,0,0,0,0,0,0,0,0,0,0,0,0,0,0,0,0,0,0,0,0,0,0,0,0,0,0,0,0,0,0,0,0,0,0,0,0,0,0,0,0,0,0,0,0,0,0,0,0,0,0,0,0,0,0,1,1,1,2,3,3,4,6,6,6,6,5,4,4,3,3,2,1,1,1,3,4,7,10,12,13,13,13,14,15,15,15,15,15,14,12,10,8,6,4,2,1,1,1,0,0,0,0,0,0,0,0,0,1,1,2,3,5,7,9,11,13,13,11,10,9,7,4,3,1,1,1,2,3,5,7,10,13,14,14,13,10,8,6,4,3,1,1,0,0,0,0,0,0,0,0,0,0,0,0,0,0,0,0,0,0,0,0,0,0,0,0,0,0,0,0,0,0,0,0,0,0,0,0,0,0,0,0,0,0,0,0,0,0,0,0,0,0,0,0,0,0,0,0,0,0,0,0,0,0,0,0,0,0,0,0,0,0,0,0,0,0,0,0,0,0,0,0,0,0,0,0,0,0,0,0,0,0,0,0,0,0,0,0,0,0,0,0,0,0,0,0,0,0,0,0,0,0,0,0,1,1,1,2,3,3,4,6,6,6,6,5,4,4,3,3,2,1,1,1,3,4,7,10,12,13,13,13,14,15,15,15,15,15,14,12,10,8,6,4,2,1,1,1,0,0,0,0,0,0,0,0,0,1,1,2,3,5,7,9,11,13,13,11,10,9,7,4,3,1,1,1,2,3,5,7,10,13,14,14,13,10,8,6,4,3,1,1,0,0,0,0,0,0,0,0,0,0,0,0,0,0,0,0,0,0,0,0,0,0,0,0,0,0,0,0,0,0,0,0,0,0,0,0,0,0,0,0,0,0,0,0,0,0,0
0,0,0,0,0,0,0,0,0,0,0,0,0,0,0,0,0,0,0,0,0,0,0,0,0,0,0,0,0,0,0,0,0,0,0,0,0,0,0,0,0,0,0,0,0,0,0,0,0,0,0,0,0,0,0,0,0,0,0,0,0,0,0,0,0,1,1,1,2,3,3,4,6,7,6,6,5,4,3,3,3,2,1,1,2,3,5,7,11,12,12,12,12,13,14,14,14,14,15,14,13,10,8,7,4,3,1,1,1,0,0,0,0,0,0,0,0,0,1,1,1,3,4,7,9,11,12,13,12,10,9,7,5,3,2,1,1,1,2,4,7,10,12,14,14,13,11,9,7,5,3,1,1,0,0,0,0,0,0,0,0,0,0,0,0,0,0,0,0,0,0,0,0,0,0,0,0,0,0,0,0,0,0,0,0,0,0,0,0,0,0,0,0,0,0,0,0,0,0,0,0,0,0,0,0,0,0,0,0,0,0,0,0,0,0,0,0,0,0,0,0,0,0,0,0,0,0,0,0,0,0,0,0,0,0,0,0,0,0,0,0,0,0,0,0,0,0,0,0,0,0,0,0,0,0,0,0,0,0,0,0,0,0,0,0,1,1,1,2,3,3,4,6,7,6,6,5,4,3,3,3,2,1,1,2,3,5,8,11,12,12,12,13,13,14,14,14,14,15,14,13,10,8,7,5,3,1,1,1,0,0,0,0,0,0,0,0,0,1,1,1,3,5,7,9,11,12,13,12,10,9,7,5,3,2,1,1,1,2,4,7,10,12,14,14,13,11,9,7,5,3,1,1,0,0,0,0,0,0,0,0,0,0,0,0,0,0,0,0,0,0,0,0,0,0,0,0,0,0,0,0,0,0,0,0,0,0,0,0,0,0,0,0,0,0,0,0,0,0,0
0,0,0,0,0,0,0,0,0,0,0,0,0,0,0,0,0,0,0,0,0,0,0,0,0,0,0,0,0,0,0,0,0,0,0,0,0,0,0,0,0,0,0,0,0,0,0,0,0,0,0,0,0,0,0,0,0,0,0,0,0,0,0,0,0,1,1,1,2,3,3,4,6,7,6,6,5,4,3,3,3,2,1,1,2,3,5,8,11,12,12,12,12,12,13,13,13,13,14,14,13,11,9,7,5,3,2,1,1,0,0,0,0,0,0,0,0,0,1,1,1,2,4,6,8,10,12,13,12,11,10,8,6,4,2,1,1,1,2,4,6,9,12,14,15,14,12,9,7,5,4,2,1,1,0,0,0,0,0,0,0,0,0,0,0,0,0,0,0,0,0,0,0,0,0,0,0,0,0,0,0,0,0,0,0,0,0,0,0,0,0,0,0,0,0,0,0,0,0,0,0,0,0,0,0,0,0,0,0,0,0,0,0,0,0,0,0,0,0,0,0,0,0,0,0,0,0,0,0,0,0,0,0,0,0,0,0,0,0,0,0,0,0,0,0,0,0,0,0,0,0,0,0,0,0,0,0,0,0,0,0,0,0,0,0,1,1,1,2,3,3,4,6,7,6,6,5,4,3,3,3,2,1,1,2,3,5,8,11,12,12,12,12,12,13,13,13,13,14,14,13,11,9,7,5,3,2,1,1,0,0,0,0,0,0,0,0,0,1,1,1,2,4,6,8,10,12,13,12,11,10,8,6,4,2,1,1,1,2,4,6,9,12,14,15,14,12,9,7,5,4,2,1,1,0,0,0,0,0,0,0,0,0,0,0,0,0,0,0,0,0,0,0,0,0,0,0,0,0,0,0,0,0,0,0,0,0,0,0,0,0,0,0,0,0,0,0,0,0,0
0,0,0,0,0,0,0,0,0,0,0,0,0,0,0,0,0,0,0,0,0,0,0,0,0,0,0,0,0,0,0,0,0,0,0,0,0,0,0,0,0,0,0,0,0,0,0,0,0,0,0,0,0,0,0,0,0,0,0,0,0,0,0,0,0,1,1,1,2,3,3,4,6,7,6,6,5,4,3,3,3,2,1,1,2,4,6,9,11,12,12,11,11,11,12,12,12,13,14,15,14,12,9,8,6,4,2,1,1,1,0,0,0,0,0,0,0,0,0,1,1,2,4,5,8,10,12,13,13,12,10,9,6,4,2,1,1,1,2,3,5,8,11,13,15,14,12,10,8,6,4,2,1,1,0,0,0,0,0,0,0,0,0,0,0,0,0,0,0,0,0,0,0,0,0,0,0,0,0,0,0,0,0,0,0,0,0,0,0,0,0,0,0,0,0,0,0,0,0,0,0,0,0,0,0,0,0,0,0,0,0,0,0,0,0,0,0,0,0,0,0,0,0,0,0,0,0,0,0,0,0,0,0,0,0,0,0,0,0,0,0,0,0,0,0,0,0,0,0,0,0,0,0,0,0,0,0,0,0,0,0,0,0,0,0,1,1,1,2,3,3,4,6,7,6,6,5,4,3,3,3,2,1,1,2,4,6,9,12,12,12,11,11,11,12,12,12,13,14,15,14,12,9,8,6,4,2,1,1,1,0,0,0,0,0,0,0,0,0,1,1,2,4,5,8,10,12,13,13,12,10,9,6,4,2,1,1,1,2,3,5,8,11,13,15,14,12,10,8,6,4,2,1,1,0,0,0,0,0,0,0,0,0,0,0,0,0,0,0,0,0,0,0,0,0,0,0,0,0,0,0,0,0,0,0,0,0,0,0,0,0,0,0,0,0,0,0,0,0,0
0,0,0,0,0,0,0,0,0,0,0,0,0,0,0,0,0,0,0,0,0,0,0,0,0,0,0,0,0,0,0,0,0,0,0,0,0,0,0,0,0,0,0,0,0,0,0,0,0,0,0,0,0,0,0,0,0,0,0,0,0,0,0,0,0,1,1,1,2,3,3,4,6,7,6,6,5,4,3,3,2,2,1,2,2,4,6,9,12,12,11,11,10,10,11,11,11,12,13,15,14,12,10,8,6,4,2,1,1,1,0,0,0,0,0,0,0,0,0,1,1,2,3,5,7,9,12,13,13,12,11,9,7,5,3,2,1,1,2,3,5,7,10,13,14,14,13,11,8,7,5,3,1,1,0,0,0,0,0,0,0,0,0,0,0,0,0,0,0,0,0,0,0,0,0,0,0,0,0,0,0,0,0,0,0,0,0,0,0,0,0,0,0,0,0,0,0,0,0,0,0,0,0,0,0,0,0,0,0,0,0,0,0,0,0,0,0,0,0,0,0,0,0,0,0,0,0,0,0,0,0,0,0,0,0,0,0,0,0,0,0,0,0,0,0,0,0,0,0,0,0,0,0,0,0,0,0,0,0,0,0,0,0,0,0,1,1,1,2,3,3,4,6,7,6,6,5,4,3,3,2,2,1,2,2,4,6,9,12,12,12,11,10,10,11,11,11,12,13,15,14,12,10,8,6,4,2,1,1,1,0,0,0,0,0,0,0,0,0,1,1,2,3,5,7,9,12,13,13,12,11,9,7,5,3,2,1,1,2,3,5,7,10,13,14,14,13,11,8,7,5,3,1,1,0,0,0,0,0,0,0,0,0,0,0,0,0,0,0,0,0,0,0,0,0,0,0,0,0,0,0,0,0,0,0,0,0,0,0,0,0,0,0,0,0,0,0,0,0,0
0,0,0,0,0,0,0,0,0,0,0,0,0,0,0,0,0,0,0,0,0,0,0,0,0,0,0,0,0,0,0,0,0,0,0,0,0,0,0,0,0,0,0,0,0,0,0,0,0,0,0,0,0,0,0,0,0,0,0,0,0,0,0,0,0,1,1,1,2,3,3,4,6,7,6,6,5,4,3,3,2,2,1,2,3,4,7,10,12,12,11,10,9,9,9,10,10,11,13,14,14,13,11,9,7,5,3,1,1,1,0,0,0,0,0,0,0,0,0,1,1,1,3,4,6,9,11,13,13,13,11,10,8,5,3,2,1,1,1,2,4,6,10,12,14,15,14,11,9,7,5,3,2,1,0,0,0,0,0,0,0,0,0,0,0,0,0,0,0,0,0,0,0,0,0,0,0,0,0,0,0,0,0,0,0,0,0,0,0,0,0,0,0,0,0,0,0,0,0,0,0,0,0,0,0,0,0,0,0,0,0,0,0,0,0,0,0,0,0,0,0,0,0,0,0,0,0,0,0,0,0,0,0,0,0,0,0,0,0,0,0,0,0,0,0,0,0,0,0,0,0,0,0,0,0,0,0,0,0,0,0,0,0,0,0,1,1,1,2,3,3,4,6,7,6,6,5,4,3,3,2,2,1,2,3,5,7,10,12,12,11,11,9,9,9,10,10,11,13,14,14,13,11,9,7,5,3,1,1,1,0,0,0,0,0,0,0,0,0,1,1,1,3,4,6,9,11,13,13,13,11,10,8,5,3,2,1,1,1,2,4,6,10,12,14,15,14,11,9,7,5,3,2,1,0,0,0,0,0,0,0,0,0,0,0,0,0,0,0,0,0,0,0,0,0,0,0,0,0,0,0,0,0,0,0,0,0,0,0,0,0,0,0,0,0,0,0,0,0,0
0,0,0,0,0,0,0,0,0,0,0,0,0,0,0,0,0,0,0,0,0,0,0,0,0,0,0,0,0,0,0,0,0,0,0,0,0,0,0,0,0,0,0,0,0,0,0,0,0,0,0,0,0,0,0,0,0,0,0,0,0,0,0,0,0,1,1,2,2,3,3,4,6,6,6,5,5,4,3,3,2,2,1,2,3,5,7,10,12,12,11,10,9,8,8,9,9,11,12,14,15,14,11,9,7,6,3,2,1,1,1,0,0,0,0,0,0,0,0,1,1,1,2,4,6,8,11,13,14,13,12,10,8,6,4,2,1,1,1,2,3,6,9,12,14,15,14,12,10,8,6,4,2,1,1,0,0,0,0,0,0,0,0,0,0,0,0,0,0,0,0,0,0,0,0,0,0,0,0,0,0,0,0,0,0,0,0,0,0,0,0,0,0,0,0,0,0,0,0,0,0,0,0,0,0,0,0,0,0,0,0,0,0,0,0,0,0,0,0,0,0,0,0,0,0,0,0,0,0,0,0,0,0,0,0,0,0,0,0,0,0,0,0,0,0,0,0,0,0,0,0,0,0,0,0,0,0,0,0,0,0,0,0,0,0,1,1,2,2,3,3,4,6,6,6,5,5,4,3,3,2,2,1,2,3,5,8,11,12,12,11,10,9,8,8,9,9,10,12,14,15,14,11,9,7,6,3,2,1,1,1,0,0,0,0,0,0,0,0,1,1,1,2,4,6,8,11,13,14,13,12,10,8,6,4,2,1,1,1,2,3,6,9,12,14,15,14,12,10,8,6,4,2,1,1,0,0,0,0,0,0,0,0,0,0,0,0,0,0,0,0,0,0,0,0,0,0,0,0,0,0,0,0,0,0,0,0,0,0,0,0,0,0,0,0,0,0,0,0,0
0,0,0,0,0,0,0,0,0,0,0,0,0,0,0,0,0,0,0,0,0,0,0,0,0,0,0,0,0,0,0,0,0,0,0,0,0,0,0,0,0,0,0,0,0,0,0,0,0,0,0,0,0,0,0,0,0,0,0,0,0,0,0,0,0,1,1,2,2,3,4,5,6,6,6,5,5,4,3,3,2,2,1,2,3,5,8,11,12,11,11,10,8,7,7,8,8,10,12,14,15,14,12,10,8,6,4,2,1,1,1,0,0,0,0,0,0,0,0,0,1,1,2,3,5,8,10,12,14,13,12,11,9,7,4,2,2,1,1,2,3,5,8,11,13,15,15,13,10,8,6,5,3,1,1,0,0,0,0,0,0,0,0,0,0,0,0,0,0,0,0,0,0,0,0,0,0,0,0,0,0,0,0,0,0,0,0,0,0,0,0,0,0,0,0,0,0,0,0,0,0,0,0,0,0,0,0,0,0,0,0,0,0,0,0,0,0,0,0,0,0,0,0,0,0,0,0,0,0,0,0,0,0,0,0,0,0,0,0,0,0,0,0,0,0,0,0,0,0,0,0,0,0,0,0,0,0,0,0,0,0,0,0,0,0,1,1,2,2,3,4,5,6,6,6,5,5,4,3,3,2,2,1,2,3,5,8,11,12,12,11,10,8,7,7,8,8,10,12,14,15,14,12,10,8,6,4,2,1,1,1,0,0,0,0,0,0,0,0,0,1,1,2,3,5,8,10,12,14,13,12,11,9,7,4,2,2,1,1,2,3,5,8,11,13,15,15,13,10,8,6,5,3,1,1,0,0,0,0,0,0,0,0,0,0,0,0,0,0,0,0,0,0,0,0,0,0,0,0,0,0,0,0,0,0,0,0,0,0,0,0,0,0,0,0,0,0,0,0,0
0,0,0,0,0,0,0,0,0,0,0,0,0,0,0,0,0,0,0,0,0,0,0,0,0,0,0,0,0,0,0,0,0,0,0,0,0,0,0,0,0,0,0,0,0,0,0,0,0,0,0,0,0,0,0,0,0,0,0,0,0,0,0,0,0,1,1,2,2,3,4,5,6,6,6,5,5,4,3,3,2,2,2,2,4,6,9,11,12,11,10,9,7,6,6,6,8,9,11,13,15,15,13,11,9,7,5,3,1,1,1,0,0,0,0,0,0,0,0,0,1,1,2,3,5,7,10,12,13,14,13,11,10,8,5,3,2,1,1,1,2,4,7,10,13,14,15,14,11,9,7,5,3,1,1,0,0,0,0,0,0,0,0,0,0,0,0,0,0,0,0,0,0,0,0,0,0,0,0,0,0,0,0,0,0,0,0,0,0,0,0,0,0,0,0,0,0,0,0,0,0,0,0,0,0,0,0,0,0,0,0,0,0,0,0,0,0,0,0,0,0,0,0,0,0,0,0,0,0,0,0,0,0,0,0,0,0,0,0,0,0,0,0,0,0,0,0,0,0,0,0,0,0,0,0,0,0,0,0,0,0,0,0,0,0,1,1,2,2,3,4,5,6,6,6,5,5,4,3,3,2,2,2,2,4,6,9,11,12,11,11,9,7,7,6,6,8,9,11,13,15,15,13,11,9,7,5,3,1,1,1,0,0,0,0,0,0,0,0,0,1,1,2,3,5,7,10,12,13,14,13,11,10,8,5,3,2,1,1,1,2,4,7,10,13,15,15,14,11,9,7,5,3,1,1,0,0,0,0,0,0,0,0,0,0,0,0,0,0,0,0,0,0,0,0,0,0,0,0,0,0,0,0,0,0,0,0,0,0,0,0,0,0,0,0,0,0,0,0,0
0,0,0,0,0,0,0,0,0,0,0,0,0,0,0,0,0,0,0,0,0,0,0,0,0,0,0,0,0,0,0,0,0,0,0,0,0,0,0,0,0,0,0,0,0,0,0,0,0,0,0,0,0,0,0,0,0,0,0,0,0,0,0,0,0,1,1,2,2,3,4,5,6,6,6,5,5,4,3,3,2,2,2,3,4,6,9,11,11,11,10,8,7,6,5,5,7,9,10,13,14,15,14,12,9,7,5,3,2,1,1,1,0,0,0,0,0,0,0,0,1,1,1,2,4,6,9,12,13,14,13,12,10,8,6,3,2,1,1,1,2,4,6,9,12,14,15,14,12,10,8,6,4,2,1,1,0,0,0,0,0,0,0,0,0,0,0,0,0,0,0,0,0,0,0,0,0,0,0,0,0,0,0,0,0,0,0,0,0,0,0,0,0,0,0,0,0,0,0,0,0,0,0,0,0,0,0,0,0,0,0,0,0,0,0,0,0,0,0,0,0,0,0,0,0,0,0,0,0,0,0,0,0,0,0,0,0,0,0,0,0,0,0,0,0,0,0,0,0,0,0,0,0,0,0,0,0,0,0,0,0,0,0,0,0,1,1,2,2,3,4,5,6,6,6,5,5,4,3,3,2,2,2,3,4,6,9,12,12,11,10,9,7,6,5,5,7,9,10,13,14,15,14,12,9,7,5,3,2,1,1,1,0,0,0,0,0,0,0,0,1,1,1,2,4,6,9,12,13,14,13,12,10,8,6,3,2,1,1,1,2,4,6,9,12,14,15,14,12,10,8,6,4,2,1,1,0,0,0,0,0,0,0,0,0,0,0,0,0,0,0,0,0,0,0,0,0,0,0,0,0,0,0,0,0,0,0,0,0,0,0,0,0,0,0,0,0,0,0,0
0,0,0,0,0,0,0,0,0,0,0,0,0,0,0,0,0,0,0,0,0,0,0,0,0,0,0,0,0,0,0,0,0,0,0,0,0,0,0,0,0,0,0,0,0,0,0,0,0,0,0,0,0,0,0,0,0,0,0,0,0,0,0,0,0,1,1,2,2,3,4,5,6,7,6,5,5,4,3,3,2,2,2,3,5,7,10,11,11,11,10,8,6,5,4,4,6,8,10,12,14,15,14,12,10,8,6,4,2,1,1,1,0,0,0,0,0,0,0,0,1,1,1,2,4,6,8,11,13,14,14,12,11,9,7,4,2,2,1,1,2,3,6,8,11,14,15,15,13,10,8,6,4,2,1,1,0,0,0,0,0,0,0,0,0,0,0,0,0,0,0,0,0,0,0,0,0,0,0,0,0,0,0,0,0,0,0,0,0,0,0,0,0,0,0,0,0,0,0,0,0,0,0,0,0,0,0,0,0,0,0,0,0,0,0,0,0,0,0,0,0,0,0,0,0,0,0,0,0,0,0,0,0,0,0,0,0,0,0,0,0,0,0,0,0,0,0,0,0,0,0,0,0,0,0,0,0,0,0,0,0,0,0,0,0,1,1,2,2,3,4,5,6,7,6,5,5,4,3,3,2,2,2,3,5,7,10,12,11,11,10,8,6,5,4,4,6,8,10,12,14,15,14,12,10,8,6,4,2,1,1,1,0,0,0,0,0,0,0,0,1,1,1,2,4,6,8,11,13,14,14,12,11,9,7,4,2,2,1,1,2,3,6,8,11,14,15,15,13,10,8,6,4,2,1,1,0,0,0,0,0,0,0,0,0,0,0,0,0,0,0,0,0,0,0,0,0,0,0,0,0,0,0,0,0,0,0,0,0,0,0,0,0,0,0,0,0,0,0,0
0,0,0,0,0,0,0,0,0,0,0,0,0,0,0,0,0,0,0,0,0,0,0,0,0,0,0,0,0,0,0,0,0,0,0,0,0,0,0,0,0,0,0,0,0,0,0,0,0,0,0,0,0,0,0,0,0,0,0,0,0,0,0,0,0,1,1,2,2,3,4,6,6,7,6,5,5,4,3,3,2,2,2,3,5,7,10,11,11,10,9,7,6,5,3,4,5,7,9,11,14,15,15,13,11,9,7,4,2,1,1,1,0,0,0,0,0,0,0,0,0,1,1,2,3,5,8,11,13,14,14,13,11,10,7,5,3,2,1,1,2,3,5,8,11,13,15,15,13,11,9,7,5,3,1,1,0,0,0,0,0,0,0,0,0,0,0,0,0,0,0,0,0,0,0,0,0,0,0,0,0,0,0,0,0,0,0,0,0,0,0,0,0,0,0,0,0,0,0,0,0,0,0,0,0,0,0,0,0,0,0,0,0,0,0,0,0,0,0,0,0,0,0,0,0,0,0,0,0,0,0,0,0,0,0,0,0,0,0,0,0,0,0,0,0,0,0,0,0,0,0,0,0,0,0,0,0,0,0,0,0,0,0,0,0,1,1,2,2,3,4,6,6,7,6,5,5,4,3,3,2,2,2,3,5,8,10,12,11,11,9,7,6,5,3,4,5,7,9,11,14,15,15,13,11,9,7,4,2,1,1,1,0,0,0,0,0,0,0,0,0,1,1,2,3,5,8,11,13,14,14,13,11,10,7,5,3,2,1,1,2,3,5,8,11,13,15,15,13,11,9,7,5,3,1,1,0,0,0,0,0,0,0,0,0,0,0,0,0,0,0,0,0,0,0,0,0,0,0,0,0,0,0,0,0,0,0,0,0,0,0,0,0,0,0,0,0,0,0,0
0,0,0,0,0,0,0,0,0,0,0,0,0,0,0,0,0,0,0,0,0,0,0,0,0,0,0,0,0,0,0,0,0,0,0,0,0,0,0,0,0,0,0,0,0,0,0,0,0,0,0,0,0,0,0,0,0,0,0,0,0,0,0,0,0,1,1,2,3,3,4,6,7,7,6,5,4,3,3,3,2,2,2,3,6,8,11,11,11,10,9,7,6,4,3,3,5,7,9,11,13,15,15,14,12,9,7,5,3,1,1,1,0,0,0,0,0,0,0,0,0,1,1,1,3,5,7,10,12,14,14,13,12,10,8,5,3,2,1,1,1,2,4,7,10,13,15,15,14,12,10,8,6,4,2,1,1,0,0,0,0,0,0,0,0,0,0,0,0,0,0,0,0,0,0,0,0,0,0,0,0,0,0,0,0,0,0,0,0,0,0,0,0,0,0,0,0,0,0,0,0,0,0,0,0,0,0,0,0,0,0,0,0,0,0,0,0,0,0,0,0,0,0,0,0,0,0,0,0,0,0,0,0,0,0,0,0,0,0,0,0,0,0,0,0,0,0,0,0,0,0,0,0,0,0,0,0,0,0,0,0,0,0,0,0,1,1,2,3,3,4,6,7,7,6,5,4,3,3,3,2,2,2,4,6,8,11,12,11,10,9,7,6,4,3,3,4,7,9,11,13,15,15,14,12,9,7,5,3,1,1,1,0,0,0,0,0,0,0,0,0,1,1,1,3,5,7,10,12,14,14,13,12,10,8,5,3,2,1,1,1,2,4,7,10,13,15,15,14,12,10,8,6,4,2,1,1,0,0,0,0,0,0,0,0,0,0,0,0,0,0,0,0,0,0,0,0,0,0,0,0,0,0,0,0,0,0,0,0,0,0,0,0,0,0,0,0,0,0,0
0,0,0,0,0,0,0,0,0,0,0,0,0,0,0,0,0,0,0,0,0,0,0,0,0,0,0,0,0,0,0,0,0,0,0,0,0,0,0,0,0,0,0,0,0,0,0,0,0,0,0,0,0,0,0,0,0,0,0,0,0,0,0,0,0,1,1,2,3,3,4,6,7,7,6,5,4,3,3,3,2,2,2,4,6,9,11,11,11,10,8,6,5,3,2,2,4,6,8,10,12,14,15,14,12,10,8,6,3,2,1,1,1,0,0,0,0,0,0,0,0,1,1,1,2,4,6,9,12,13,14,14,12,11,9,6,4,3,2,1,1,2,4,6,9,12,14,15,15,13,10,8,6,4,2,1,1,0,0,0,0,0,0,0,0,0,0,0,0,0,0,0,0,0,0,0,0,0,0,0,0,0,0,0,0,0,0,0,0,0,0,0,0,0,0,0,0,0,0,0,0,0,0,0,0,0,0,0,0,0,0,0,0,0,0,0,0,0,0,0,0,0,0,0,0,0,0,0,0,0,0,0,0,0,0,0,0,0,0,0,0,0,0,0,0,0,0,0,0,0,0,0,0,0,0,0,0,0,0,0,0,0,0,0,0,1,1,2,3,3,4,6,7,7,6,5,4,3,3,3,2,2,2,4,6,9,11,11,11,10,8,7,5,3,2,2,4,6,8,10,12,14,15,14,12,10,8,6,3,2,1,1,1,0,0,0,0,0,0,0,0,1,1,1,2,4,6,9,12,13,14,14,12,11,9,6,4,3,2,1,1,2,4,6,9,12,14,15,15,13,10,8,6,4,2,1,1,0,0,0,0,0,0,0,0,0,0,0,0,0,0,0,0,0,0,0,0,0,0,0,0,0,0,0,0,0,0,0,0,0,0,0,0,0,0,0,0,0,0,0
0,0,0,0,0,0,0,0,0,0,0,0,0,0,0,0,0,0,0,0,0,0,0,0,0,0,0,0,0,0,0,0,0,0,0,0,0,0,0,0,0,0,0,0,0,0,0,0,0,0,0,0,0,0,0,0,0,0,0,0,0,0,0,0,0,1,1,2,3,3,5,6,7,6,6,5,4,3,3,3,2,2,3,4,6,9,11,11,11,10,8,6,5,3,2,2,3,5,7,10,12,14,15,15,13,11,9,6,4,2,1,1,1,0,0,0,0,0,0,0,0,0,1,1,2,4,6,9,11,13,14,14,13,11,10,7,5,3,2,1,1,2,3,5,8,11,14,15,15,13,11,9,7,5,3,1,1,0,0,0,0,0,0,0,0,0,0,0,0,0,0,0,0,0,0,0,0,0,0,0,0,0,0,0,0,0,0,0,0,0,0,0,0,0,0,0,0,0,0,0,0,0,0,0,0,0,0,0,0,0,0,0,0,0,0,0,0,0,0,0,0,0,0,0,0,0,0,0,0,0,0,0,0,0,0,0,0,0,0,0,0,0,0,0,0,0,0,0,0,0,0,0,0,0,0,0,0,0,0,0,0,0,0,0,0,1,1,2,3,3,5,6,7,6,6,5,4,3,3,3,2,2,3,4,7,9,11,11,11,10,8,6,5,3,2,2,3,5,7,10,12,14,15,15,13,11,9,6,4,2,1,1,1,0,0,0,0,0,0,0,0,0,1,1,2,4,6,9,11,13,14,14,13,11,10,7,5,3,2,1,1,2,3,5,8,11,14,15,15,14,11,9,7,5,3,1,1,0,0,0,0,0,0,0,0,0,0,0,0,0,0,0,0,0,0,0,0,0,0,0,0,0,0,0,0,0,0,0,0,0,0,0,0,0,0,0,0,0,0,0
0,0,0,0,0,0,0,0,0,0,0,0,0,0,0,0,0,0,0,0,0,0,0,0,0,0,0,0,0,0,0,0,0,0,0,0,0,0,0,0,0,0,0,0,0,0,0,0,0,0,0,0,0,0,0,0,0,0,0,0,0,0,0,0,0,1,1,2,3,3,5,6,7,6,6,5,4,3,3,3,2,2,3,5,7,10,11,11,10,9,7,6,4,3,1,1,2,4,7,9,11,13,15,15,14,12,9,7,5,3,2,1,1,0,0,0,0,0,0,0,0,0,1,1,2,3,5,8,11,13,14,14,14,12,10,8,5,3,2,1,1,1,3,5,7,10,13,15,15,14,12,10,8,6,3,1,1,1,0,0,0,0,0,0,0,0,0,0,0,0,0,0,0,0,0,0,0,0,0,0,0,0,0,0,0,0,0,0,0,0,0,0,0,0,0,0,0,0,0,0,0,0,0,0,0,0,0,0,0,0,0,0,0,0,0,0,0,0,0,0,0,0,0,0,0,0,0,0,0,0,0,0,0,0,0,0,0,0,0,0,0,0,0,0,0,0,0,0,0,0,0,0,0,0,0,0,0,0,0,0,0,0,0,0,0,1,1,2,3,3,5,6,7,6,6,5,4,3,3,3,2,2,3,5,7,10,11,11,11,9,7,6,4,3,1,1,2,4,7,9,11,13,15,15,14,12,9,7,5,3,2,1,1,0,0,0,0,0,0,0,0,0,1,1,2,3,5,8,11,13,14,14,14,12,10,8,5,3,2,1,1,1,3,5,7,10,13,15,15,14,12,10,8,6,3,1,1,1,0,0,0,0,0,0,0,0,0,0,0,0,0,0,0,0,0,0,0,0,0,0,0,0,0,0,0,0,0,0,0,0,0,0,0,0,0,0,0,0,0,0
0,0,0,0,0,0,0,0,0,0,0,0,0,0,0,0,0,0,0,0,0,0,0,0,0,0,0,0,0,0,0,0,0,0,0,0,0,0,0,0,0,0,0,0,0,0,0,0,0,0,0,0,0,0,0,0,0,0,0,0,0,0,0,0,1,1,1,2,3,3,5,6,7,6,6,5,4,3,3,3,2,2,3,5,7,10,11,11,10,9,7,5,4,2,1,1,2,4,6,8,10,13,15,15,15,13,10,8,6,3,2,1,1,1,0,0,0,0,0,0,0,0,1,1,1,3,5,7,10,12,14,14,14,13,11,9,6,4,3,2,1,1,2,4,6,10,13,15,16,15,13,10,8,6,4,2,1,1,0,0,0,0,0,0,0,0,0,0,0,0,0,0,0,0,0,0,0,0,0,0,0,0,0,0,0,0,0,0,0,0,0,0,0,0,0,0,0,0,0,0,0,0,0,0,0,0,0,0,0,0,0,0,0,0,0,0,0,0,0,0,0,0,0,0,0,0,0,0,0,0,0,0,0,0,0,0,0,0,0,0,0,0,0,0,0,0,0,0,0,0,0,0,0,0,0,0,0,0,0,0,0,0,0,0,1,1,1,2,3,3,5,6,7,6,6,5,4,3,3,3,2,2,3,5,8,10,11,11,10,9,7,6,4,2,1,1,2,4,6,8,10,13,15,15,15,13,10,8,6,3,2,1,1,1,0,0,0,0,0,0,0,0,1,1,1,3,5,7,10,12,14,14,14,13,11,9,6,4,3,2,1,1,2,4,6,10,13,15,16,15,13,10,8,6,4,2,1,1,0,0,0,0,0,0,0,0,0,0,0,0,0,0,0,0,0,0,0,0,0,0,0,0,0,0,0,0,0,0,0,0,0,0,0,0,0,0,0,0,0,0
0,0,0,0,0,0,0,0,0,0,0,0,0,0,0,0,0,0,0,0,0,0,0,0,0,0,0,0,0,0,0,0,0,0,0,0,0,0,0,0,0,0,0,0,0,0,0,0,0,0,0,0,0,0,0,0,0,0,0,0,0,0,0,0,1,1,1,2,3,3,5,6,7,6,6,5,4,3,3,3,3,3,4,6,8,10,11,11,10,8,6,5,4,2,1,1,2,3,5,8,10,12,15,16,15,13,11,9,6,4,2,1,1,1,0,0,0,0,0,0,0,0,1,1,1,2,4,6,9,12,13,14,14,13,12,9,7,5,3,2,1,1,2,3,6,9,12,15,16,15,14,11,9,7,5,2,1,1,0,0,0,0,0,0,0,0,0,0,0,0,0,0,0,0,0,0,0,0,0,0,0,0,0,0,0,0,0,0,0,0,0,0,0,0,0,0,0,0,0,0,0,0,0,0,0,0,0,0,0,0,0,0,0,0,0,0,0,0,0,0,0,0,0,0,0,0,0,0,0,0,0,0,0,0,0,0,0,0,0,0,0,0,0,0,0,0,0,0,0,0,0,0,0,0,0,0,0,0,0,0,0,0,0,0,1,1,1,2,3,3,5,6,7,6,6,5,4,3,3,3,3,3,4,6,8,11,11,11,10,8,7,5,4,2,1,1,2,3,5,8,10,12,15,16,15,13,11,9,6,4,2,1,1,1,0,0,0,0,0,0,0,0,1,1,1,2,4,6,10,12,13,14,14,13,11,9,7,5,3,2,1,1,2,3,6,9,12,15,16,15,14,11,9,7,5,2,1,1,0,0,0,0,0,0,0,0,0,0,0,0,0,0,0,0,0,0,0,0,0,0,0,0,0,0,0,0,0,0,0,0,0,0,0,0,0,0,0,0,0,0
0,0,0,0,0,0,0,0,0,0,0,0,0,0,0,0,0,0,0,0,0,0,0,0,0,0,0,0,0,0,0,0,0,0,0,0,0,0,0,0,0,0,0,0,0,0,0,0,0,0,0,0,0,0,0,0,0,0,0,0,0,0,0,0,1,1,1,2,3,3,4,7,7,6,6,5,4,3,3,3,3,3,4,6,8,11,11,10,10,8,6,5,3,1,1,1,1,2,4,7,9,12,14,15,16,14,12,9,7,5,3,2,1,1,0,0,0,0,0,0,0,0,0,1,1,2,3,6,9,11,13,14,15,14,12,10,8,6,4,2,1,1,2,3,5,8,11,14,16,16,15,12,10,8,5,3,2,1,1,0,0,0,0,0,0,0,0,0,0,0,0,0,0,0,0,0,0,0,0,0,0,0,0,0,0,0,0,0,0,0,0,0,0,0,0,0,0,0,0,0,0,0,0,0,0,0,0,0,0,0,0,0,0,0,0,0,0,0,0,0,0,0,0,0,0,0,0,0,0,0,0,0,0,0,0,0,0,0,0,0,0,0,0,0,0,0,0,0,0,0,0,0,0,0,0,0,0,0,0,0,0,0,0,0,1,1,1,2,3,3,4,7,7,6,6,5,4,3,3,3,3,3,4,6,9,11,11,11,10,8,6,5,3,1,1,1,1,2,4,7,9,12,14,15,16,14,12,9,7,5,3,2,1,1,0,0,0,0,0,0,0,0,0,1,1,2,3,6,9,11,13,14,15,14,12,10,8,6,3,2,1,1,2,3,5,8,11,14,16,16,15,12,10,8,5,3,2,1,1,0,0,0,0,0,0,0,0,0,0,0,0,0,0,0,0,0,0,0,0,0,0,0,0,0,0,0,0,0,0,0,0,0,0,0,0,0,0,0,0,0
0,0,0,0,0,0,0,0,0,0,0,0,0,0,0,0,0,0,0,0,0,0,0,0,0,0,0,0,0,0,0,0,0,0,0,0,0,0,0,0,0,0,0,0,0,0,0,0,0,0,0,0,0,0,0,0,0,0,0,0,0,0,0,0,1,1,1,2,3,3,4,7,7,6,6,5,4,3,3,3,3,3,4,7,9,11,11,10,9,7,6,4,3,1,1,1,1,2,4,6,9,11,13,15,16,15,13,10,8,6,4,2,1,1,1,0,0,0,0,0,0,0,0,1,1,1,3,5,8,10,13,14,15,14,13,11,9,6,4,3,2,1,1,2,4,7,10,13,15,16,15,13,10,8,6,4,2,1,1,0,0,0,0,0,0,0,0,0,0,0,0,0,0,0,0,0,0,0,0,0,0,0,0,0,0,0,0,0,0,0,0,0,0,0,0,0,0,0,0,0,0,0,0,0,0,0,0,0,0,0,0,0,0,0,0,0,0,0,0,0,0,0,0,0,0,0,0,0,0,0,0,0,0,0,0,0,0,0,0,0,0,0,0,0,0,0,0,0,0,0,0,0,0,0,0,0,0,0,0,0,0,0,0,0,1,1,1,2,3,3,4,7,7,6,6,5,4,3,3,3,3,3,5,7,9,11,11,10,9,7,6,5,3,1,1,1,1,2,4,6,9,11,13,15,16,15,13,10,8,6,4,2,1,1,1,0,0,0,0,0,0,0,0,1,1,1,3,5,8,10,12,14,15,14,13,11,9,6,4,3,2,1,1,2,4,7,10,13,15,16,15,13,10,8,6,4,2,1,1,0,0,0,0,0,0,0,0,0,0,0,0,0,0,0,0,0,0,0,0,0,0,0,0,0,0,0,0,0,0,0,0,0,0,0,0,0,0,0,0,0
0,0,0,0,0,0,0,0,0,0,0,0,0,0,0,0,0,0,0,0,0,0,0,0,0,0,0,0,0,0,0,0,0,0,0,0,0,0,0,0,0,0,0,0,0,0,0,0,0,0,0,0,0,0,0,0,0,0,0,0,0,0,0,0,1,1,1,2,3,3,4,7,7,6,6,5,4,3,3,3,3,3,5,7,9,11,11,10,9,7,5,4,2,1,1,1,1,1,3,5,8,10,13,15,16,15,14,11,9,6,4,2,1,1,1,0,0,0,0,0,0,0,0,1,1,1,2,4,7,10,12,14,15,15,13,12,10,7,5,3,2,1,1,2,3,6,9,13,15,16,16,14,11,9,7,4,3,1,1,1,0,0,0,0,0,0,0,0,0,0,0,0,0,0,0,0,0,0,0,0,0,0,0,0,0,0,0,0,0,0,0,0,0,0,0,0,0,0,0,0,0,0,0,0,0,0,0,0,0,0,0,0,0,0,0,0,0,0,0,0,0,0,0,0,0,0,0,0,0,0,0,0,0,0,0,0,0,0,0,0,0,0,0,0,0,0,0,0,0,0,0,0,0,0,0,0,0,0,0,0,0,0,0,0,1,1,1,2,3,3,4,7,7,6,6,5,4,3,3,3,3,3,5,7,9,11,11,10,9,7,6,4,2,1,1,1,1,1,3,5,8,10,13,15,16,15,14,11,9,6,4,2,1,1,1,0,0,0,0,0,0,0,0,1,1,1,2,4,7,10,12,14,15,15,13,11,10,7,5,3,2,1,1,2,3,6,9,13,15,16,16,14,11,9,7,4,3,1,1,1,0,0,0,0,0,0,0,0,0,0,0,0,0,0,0,0,0,0,0,0,0,0,0,0,0,0,0,0,0,0,0,0,0,0,0,0,0,0,0,0
0,0,0,0,0,0,0,0,0,0,0,0,0,0,0,0,0,0,0,0,0,0,0,0,0,0,0,0,0,0,0,0,0,0,0,0,0,0,0,0,0,0,0,0,0,0,0,0,0,0,0,0,0,0,0,0,0,0,0,0,0,0,0,0,1,1,1,2,3,3,4,7,7,6,6,5,4,3,3,3,3,3,5,8,10,11,11,10,8,6,5,4,2,1,1,1,1,1,2,4,7,10,12,14,16,16,14,12,9,7,5,3,1,1,1,0,0,0,0,0,0,0,0,0,1,1,2,4,6,9,11,13,15,15,14,12,10,8,6,4,2,1,1,2,3,5,8,12,14,16,16,15,12,10,7,5,3,2,1,1,0,0,0,0,0,0,0,0,0,0,0,0,0,0,0,0,0,0,0,0,0,0,0,0,0,0,0,0,0,0,0,0,0,0,0,0,0,0,0,0,0,0,0,0,0,0,0,0,0,0,0,0,0,0,0,0,0,0,0,0,0,0,0,0,0,0,0,0,0,0,0,0,0,0,0,0,0,0,0,0,0,0,0,0,0,0,0,0,0,0,0,0,0,0,0,0,0,0,0,0,0,0,0,0,1,1,1,2,3,3,4,7,7,6,6,5,4,3,3,3,3,3,5,8,10,11,11,10,8,6,5,4,2,1,1,1,1,1,2,4,7,10,12,14,16,16,14,12,9,7,5,3,1,1,1,0,0,0,0,0,0,0,0,0,1,1,2,4,6,9,11,13,15,15,14,12,10,8,6,4,2,1,1,2,3,5,8,12,14,16,16,15,12,10,8,5,3,2,1,1,0,0,0,0,0,0,0,0,0,0,0,0,0,0,0,0,0,0,0,0,0,0,0,0,0,0,0,0,0,0,0,0,0,0,0,0,0,0,0,0
0,0,0,0,0,0,0,0,0,0,0,0,0,0,0,0,0,0,0,0,0,0,0,0,0,0,0,0,0,0,0,0,0,0,0,0,0,0,0,0,0,0,0,0,0,0,0,0,0,0,0,0,0,0,0,0,0,0,0,0,0,0,0,0,1,1,2,2,3,4,4,7,7,6,6,5,4,3,4,3,3,4,6,8,10,11,10,10,8,6,5,3,2,1,1,1,1,1,2,4,6,9,11,14,15,16,15,13,10,8,6,4,2,1,1,1,0,0,0,0,0,0,0,0,1,1,2,3,6,8,11,13,14,15,14,13,11,9,7,4,3,2,1,2,2,4,7,11,14,16,16,15,13,10,8,6,4,2,1,1,0,0,0,0,0,0,0,0,0,0,0,0,0,0,0,0,0,0,0,0,0,0,0,0,0,0,0,0,0,0,0,0,0,0,0,0,0,0,0,0,0,0,0,0,0,0,0,0,0,0,0,0,0,0,0,0,0,0,0,0,0,0,0,0,0,0,0,0,0,0,0,0,0,0,0,0,0,0,0,0,0,0,0,0,0,0,0,0,0,0,0,0,0,0,0,0,0,0,0,0,0,0,0,0,1,1,2,2,3,4,4,7,7,6,6,5,4,3,4,3,3,4,6,8,10,11,10,10,8,6,5,3,2,1,1,1,1,1,2,4,6,9,11,14,15,16,15,13,10,8,6,4,2,1,1,1,0,0,0,0,0,0,0,0,1,1,2,3,6,8,11,13,14,15,14,13,11,9,7,4,3,2,1,2,2,4,7,11,14,16,16,15,13,10,8,6,4,2,1,1,0,0,0,0,0,0,0,0,0,0,0,0,0,0,0,0,0,0,0,0,0,0,0,0,0,0,0,0,0,0,0,0,0,0,0,0,0,0,0,0
0,0,0,0,0,0,0,0,0,0,0,0,0,0,0,0,0,0,0,0,0,0,0,0,0,0,0,0,0,0,0,0,0,0,0,0,0,0,0,0,0,0,0,0,0,0,0,0,0,0,0,0,0,0,0,0,0,0,0,0,0,0,0,0,1,1,2,2,3,4,4,7,7,6,6,5,3,3,4,3,3,4,6,9,10,11,10,9,7,6,5,3,1,1,1,0,1,1,1,3,5,8,11,13,15,16,16,14,11,9,7,4,2,1,1,1,0,0,0,0,0,0,0,0,1,1,1,3,5,7,10,12,14,15,15,14,12,10,7,5,3,2,1,1,2,4,6,10,13,15,16,16,14,11,9,7,5,3,1,1,1,0,0,0,0,0,0,0,0,0,0,0,0,0,0,0,0,0,0,0,0,0,0,0,0,0,0,0,0,0,0,0,0,0,0,0,0,0,0,0,0,0,0,0,0,0,0,0,0,0,0,0,0,0,0,0,0,0,0,0,0,0,0,0,0,0,0,0,0,0,0,0,0,0,0,0,0,0,0,0,0,0,0,0,0,0,0,0,0,0,0,0,0,0,0,0,0,0,0,0,0,0,0,0,1,1,2,2,3,4,4,7,7,6,6,5,3,3,4,3,3,4,6,9,11,11,10,9,7,6,5,3,1,1,1,0,1,1,1,3,5,8,11,13,15,16,16,14,11,9,7,4,2,1,1,1,0,0,0,0,0,0,0,0,1,1,1,3,5,7,10,12,14,15,15,13,12,10,7,5,3,2,1,1,2,4,6,10,13,15,16,16,14,11,9,7,5,3,1,1,1,0,0,0,0,0,0,0,0,0,0,0,0,0,0,0,0,0,0,0,0,0,0,0,0,0,0,0,0,0,0,0,0,0,0,0,0,0,0,0
0,0,0,0,0,0,0,0,0,0,0,0,0,0,0,0,0,0,0,0,0,0,0,0,0,0,0,0,0,0,0,0,0,0,0,0,0,0,0,0,0,0,0,0,0,0,0,0,0,0,0,0,0,0,0,0,0,0,0,0,0,0,0,0,1,1,2,2,4,4,4,7,7,6,6,5,3,3,4,3,3,4,7,9,11,11,10,9,7,5,4,3,1,1,1,0,0,1,1,2,4,7,10,12,14,16,16,15,12,10,7,5,3,2,1,1,0,0,0,0,0,0,0,0,0,1,1,2,4,6,9,12,14,15,15,14,13,11,8,6,4,2,1,1,2,3,6,9,12,15,16,16,15,12,10,7,5,3,2,1,1,0,0,0,0,0,0,0,0,0,0,0,0,0,0,0,0,0,0,0,0,0,0,0,0,0,0,0,0,0,0,0,0,0,0,0,0,0,0,0,0,0,0,0,0,0,0,0,0,0,0,0,0,0,0,0,0,0,0,0,0,0,0,0,0,0,0,0,0,0,0,0,0,0,0,0,0,0,0,0,0,0,0,0,0,0,0,0,0,0,0,0,0,0,0,0,0,0,0,0,0,0,0,0,1,1,2,2,4,4,4,7,7,6,6,5,3,3,4,3,3,5,7,9,11,11,10,9,7,5,4,3,1,1,1,0,0,1,1,2,4,7,10,12,14,16,16,15,12,10,7,5,3,2,1,1,0,0,0,0,0,0,0,0,0,1,1,2,4,6,9,12,14,15,15,14,13,11,8,6,4,2,1,1,2,3,6,9,12,15,16,16,15,12,10,7,5,3,2,1,1,0,0,0,0,0,0,0,0,0,0,0,0,0,0,0,0,0,0,0,0,0,0,0,0,0,0,0,0,0,0,0,0,0,0,0,0,0,0,0
0,0,0,0,0,0,0,0,0,0,0,0,0,0,0,0,0,0,0,0,0,0,0,0,0,0,0,0,0,0,0,0,0,0,0,0,0,0,0,0,0,0,0,0,0,0,0,0,0,0,0,0,0,0,0,0,0,0,0,0,0,0,0,0,1,1,2,2,4,4,4,7,7,6,5,5,3,3,4,3,4,5,7,9,11,11,10,9,6,5,4,2,1,1,1,0,0,1,1,2,4,6,9,11,14,16,16,15,13,11,8,6,4,2,1,1,1,0,0,0,0,0,0,0,0,1,1,2,4,6,8,11,13,15,15,15,13,11,9,7,4,3,2,1,2,3,5,8,11,14,16,17,16,13,10,8,6,4,2,1,1,0,0,0,0,0,0,0,0,0,0,0,0,0,0,0,0,0,0,0,0,0,0,0,0,0,0,0,0,0,0,0,0,0,0,0,0,0,0,0,0,0,0,0,0,0,0,0,0,0,0,0,0,0,0,0,0,0,0,0,0,0,0,0,0,0,0,0,0,0,0,0,0,0,0,0,0,0,0,0,0,0,0,0,0,0,0,0,0,0,0,0,0,0,0,0,0,0,0,0,0,0,0,0,1,1,2,2,4,4,4,7,7,6,5,5,3,3,4,3,4,5,7,10,11,11,10,9,6,5,4,2,1,1,1,0,0,1,1,2,4,6,9,11,14,16,16,15,13,11,8,6,4,2,1,1,1,0,0,0,0,0,0,0,0,1,1,2,4,6,8,11,13,15,15,15,13,11,9,7,4,3,2,1,2,3,5,8,11,14,16,17,16,13,10,8,6,4,2,1,1,0,0,0,0,0,0,0,0,0,0,0,0,0,0,0,0,0,0,0,0,0,0,0,0,0,0,0,0,0,0,0,0,0,0,0,0,0,0,0
0,0,0,0,0,0,0,0,0,0,0,0,0,0,0,0,0,0,0,0,0,0,0,0,0,0,0,0,0,0,0,0,0,0,0,0,0,0,0,0,0,0,0,0,0,0,0,0,0,0,0,0,0,0,0,0,0,0,0,0,0,0,0,0,1,1,2,2,4,4,5,7,7,6,5,5,3,3,4,3,4,5,7,10,11,10,9,8,6,5,3,2,1,1,0,0,0,1,1,1,3,5,8,11,13,15,16,16,14,12,9,7,4,2,1,1,1,0,0,0,0,0,0,0,0,1,1,1,3,5,7,10,12,14,15,15,14,12,10,8,5,3,2,1,1,2,4,7,10,13,16,17,16,14,11,9,7,5,3,1,1,1,0,0,0,0,0,0,0,0,0,0,0,0,0,0,0,0,0,0,0,0,0,0,0,0,0,0,0,0,0,0,0,0,0,0,0,0,0,0,0,0,0,0,0,0,0,0,0,0,0,0,0,0,0,0,0,0,0,0,0,0,0,0,0,0,0,0,0,0,0,0,0,0,0,0,0,0,0,0,0,0,0,0,0,0,0,0,0,0,0,0,0,0,0,0,0,0,0,0,0,0,0,0,1,1,2,2,4,4,5,7,7,6,5,5,3,3,4,3,4,5,7,10,11,10,10,8,6,5,4,2,1,1,0,0,0,1,1,1,3,5,8,11,13,15,16,16,14,12,9,7,4,2,1,1,1,0,0,0,0,0,0,0,0,1,1,1,3,5,7,10,12,14,15,15,14,12,10,8,5,3,2,1,1,2,4,7,10,13,16,17,16,14,11,9,7,5,3,1,1,1,0,0,0,0,0,0,0,0,0,0,0,0,0,0,0,0,0,0,0,0,0,0,0,0,0,0,0,0,0,0,0,0,0,0,0,0,0,0
0,0,0,0,0,0,0,0,0,0,0,0,0,0,0,0,0,0,0,0,0,0,0,0,0,0,0,0,0,0,0,0,0,0,0,0,0,0,0,0,0,0,0,0,0,0,0,0,0,0,0,0,0,0,0,0,0,0,0,0,0,0,0,0,1,1,2,3,4,4,5,7,7,6,5,5,3,3,4,3,4,6,8,10,11,10,9,8,6,5,3,2,1,1,0,0,0,0,1,1,2,5,7,10,12,15,16,16,15,13,10,8,5,3,2,1,1,0,0,0,0,0,0,0,0,1,1,1,3,4,7,9,12,14,15,15,15,13,11,9,6,4,2,2,1,2,3,6,9,12,15,17,17,15,12,10,8,6,4,2,1,1,0,0,0,0,0,0,0,0,0,0,0,0,0,0,0,0,0,0,0,0,0,0,0,0,0,0,0,0,0,0,0,0,0,0,0,0,0,0,0,0,0,0,0,0,0,0,0,0,0,0,0,0,0,0,0,0,0,0,0,0,0,0,0,0,0,0,0,0,0,0,0,0,0,0,0,0,0,0,0,0,0,0,0,0,0,0,0,0,0,0,0,0,0,0,0,0,0,0,0,0,0,0,1,1,2,3,4,4,5,7,7,6,5,5,3,3,4,3,4,6,8,10,11,10,9,8,6,5,3,2,1,1,0,0,0,0,1,1,2,5,7,10,12,15,16,16,15,13,10,8,5,3,2,1,1,0,0,0,0,0,0,0,0,1,1,1,3,4,7,9,12,14,15,15,15,13,11,9,6,4,2,2,1,2,4,6,9,12,15,17,17,15,12,10,8,6,4,2,1,1,0,0,0,0,0,0,0,0,0,0,0,0,0,0,0,0,0,0,0,0,0,0,0,0,0,0,0,0,0,0,0,0,0,0,0,0,0,0
0,0,0,0,0,0,0,0,0,0,0,0,0,0,0,0,0,0,0,0,0,0,0,0,0,0,0,0,0,0,0,0,0,0,0,0,0,0,0,0,0,0,0,0,0,0,0,0,0,0,0,0,0,0,0,0,0,0,0,0,0,0,0,0,1,1,2,3,4,4,5,7,7,6,5,5,3,3,4,4,4,6,8,10,11,10,9,7,5,4,3,1,1,1,0,0,0,0,1,1,2,4,6,9,12,14,16,16,15,13,11,8,6,4,2,1,1,1,0,0,0,0,0,0,0,0,1,1,2,4,6,8,11,13,15,16,15,14,12,10,7,4,3,2,1,2,3,5,8,12,14,16,17,16,13,10,9,7,4,2,1,1,0,0,0,0,0,0,0,0,0,0,0,0,0,0,0,0,0,0,0,0,0,0,0,0,0,0,0,0,0,0,0,0,0,0,0,0,0,0,0,0,0,0,0,0,0,0,0,0,0,0,0,0,0,0,0,0,0,0,0,0,0,0,0,0,0,0,0,0,0,0,0,0,0,0,0,0,0,0,0,0,0,0,0,0,0,0,0,0,0,0,0,0,0,0,0,0,0,0,0,0,0,0,1,1,2,3,4,4,5,7,7,6,5,5,3,3,4,4,4,6,8,10,11,10,9,7,5,4,3,1,1,1,0,0,0,0,1,1,2,4,6,9,12,14,16,16,15,13,11,8,6,4,2,1,1,1,0,0,0,0,0,0,0,0,1,1,2,4,6,8,11,13,15,16,15,14,12,10,7,4,3,2,1,2,3,5,8,12,14,16,17,16,13,10,9,7,4,2,1,1,0,0,0,0,0,0,0,0,0,0,0,0,0,0,0,0,0,0,0,0,0,0,0,0,0,0,0,0,0,0,0,0,0,0,0,0,0,0
0,0,0,0,0,0,0,0,0,0,0,0,0,0,0,0,0,0,0,0,0,0,0,0,0,0,0,0,0,0,0,0,0,0,0,0,0,0,0,0,0,0,0,0,0,0,0,0,0,0,0,0,0,0,0,0,0,0,0,0,0,0,0,0,1,1,2,3,4,4,6,7,7,6,5,5,3,4,4,4,5,7,9,10,10,10,9,7,5,4,2,1,1,1,0,0,0,0,1,1,1,3,5,8,11,13,15,16,16,14,12,9,7,4,3,1,1,1,0,0,0,0,0,0,0,0,1,1,2,3,5,8,10,13,15,16,16,14,13,10,8,5,3,2,1,1,2,4,7,11,14,16,17,16,14,11,9,7,5,3,1,1,1,0,0,0,0,0,0,0,0,0,0,0,0,0,0,0,0,0,0,0,0,0,0,0,0,0,0,0,0,0,0,0,0,0,0,0,0,0,0,0,0,0,0,0,0,0,0,0,0,0,0,0,0,0,0,0,0,0,0,0,0,0,0,0,0,0,0,0,0,0,0,0,0,0,0,0,0,0,0,0,0,0,0,0,0,0,0,0,0,0,0,0,0,0,0,0,0,0,0,0,0,0,1,1,2,3,4,4,6,7,7,6,5,5,3,4,4,4,5,7,9,11,11,10,9,7,5,4,2,1,1,1,0,0,0,0,1,1,1,3,5,8,11,13,15,16,16,14,12,9,7,4,3,1,1,1,0,0,0,0,0,0,0,0,1,1,2,3,5,8,10,13,14,16,16,14,13,10,8,5,3,2,1,1,2,4,7,11,14,16,17,16,14,11,9,7,5,3,1,1,1,0,0,0,0,0,0,0,0,0,0,0,0,0,0,0,0,0,0,0,0,0,0,0,0,0,0,0,0,0,0,0,0,0,0,0,0,0
0,0,0,0,0,0,0,0,0,0,0,0,0,0,0,0,0,0,0,0,0,0,0,0,0,0,0,0,0,0,0,0,0,0,0,0,0,0,0,0,0,0,0,0,0,0,0,0,0,0,0,0,0,0,0,0,0,0,0,0,0,0,0,0,1,1,2,3,4,4,6,7,7,6,5,4,3,4,4,4,5,7,9,11,10,9,8,6,5,4,2,1,1,1,0,0,0,0,0,1,1,2,5,7,10,12,15,16,16,15,13,10,8,5,3,2,1,1,1,0,0,0,0,0,0,0,1,1,1,3,4,7,9,12,14,16,16,15,13,11,9,6,4,2,2,1,2,4,6,9,13,15,17,17,15,12,10,8,6,4,2,1,1,0,0,0,0,0,0,0,0,0,0,0,0,0,0,0,0,0,0,0,0,0,0,0,0,0,0,0,0,0,0,0,0,0,0,0,0,0,0,0,0,0,0,0,0,0,0,0,0,0,0,0,0,0,0,0,0,0,0,0,0,0,0,0,0,0,0,0,0,0,0,0,0,0,0,0,0,0,0,0,0,0,0,0,0,0,0,0,0,0,0,0,0,0,0,0,0,0,0,0,0,0,1,1,2,3,4,4,6,6,7,6,5,4,3,4,4,4,5,7,9,11,10,10,9,6,5,4,2,1,1,1,0,0,0,0,0,1,1,2,5,7,10,12,15,16,16,15,13,10,8,5,3,2,1,1,1,0,0,0,0,0,0,0,1,1,1,3,4,7,9,12,14,16,16,15,13,11,9,6,4,2,2,1,2,4,6,9,13,15,17,17,15,12,10,8,6,4,2,1,1,0,0,0,0,0,0,0,0,0,0,0,0,0,0,0,0,0,0,0,0,0,0,0,0,0,0,0,0,0,0,0,0,0,0,0,0,0
0,0,0,0,0,0,0,0,0,0,0,0,0,0,0,0,0,0,0,0,0,0,0,0,0,0,0,0,0,0,0,0,0,0,0,0,0,0,0,0,0,0,0,0,0,0,0,0,0,0,0,0,0,0,0,0,0,0,0,0,0,0,0,0,1,1,2,3,4,4,6,6,6,7,5,4,3,4,4,4,5,7,10,11,10,9,8,6,5,3,2,1,1,0,0,0,0,0,0,1,1,2,4,7,9,12,14,16,17,16,14,11,9,6,4,2,1,1,1,0,0,0,0,0,0,0,0,1,1,2,4,6,9,11,14,15,16,16,14,12,10,7,5,3,2,1,2,3,6,8,12,15,17,17,16,13,11,9,7,5,3,1,1,0,0,0,0,0,0,0,0,0,0,0,0,0,0,0,0,0,0,0,0,0,0,0,0,0,0,0,0,0,0,0,0,0,0,0,0,0,0,0,0,0,0,0,0,0,0,0,0,0,0,0,0,0,0,0,0,0,0,0,0,0,0,0,0,0,0,0,0,0,0,0,0,0,0,0,0,0,0,0,0,0,0,0,0,0,0,0,0,0,0,0,0,0,0,0,0,0,0,0,0,0,1,1,2,3,4,4,6,6,6,7,5,4,3,4,4,4,5,7,10,11,10,9,8,6,5,3,2,1,1,0,0,0,0,0,0,1,1,2,4,7,9,12,14,16,17,16,14,11,9,6,4,2,1,1,1,0,0,0,0,0,0,0,0,1,1,2,4,6,9,11,14,15,16,16,14,12,10,7,5,3,2,1,2,3,6,8,12,15,17,17,16,13,11,9,7,5,3,1,1,0,0,0,0,0,0,0,0,0,0,0,0,0,0,0,0,0,0,0,0,0,0,0,0,0,0,0,0,0,0,0,0,0,0,0,0,0
0,0,0,0,0,0,0,0,0,0,0,0,0,0,0,0,0,0,0,0,0,0,0,0,0,0,0,0,0,0,0,0,0,0,0,0,0,0,0,0,0,0,0,0,0,0,0,0,0,0,0,0,0,0,0,0,0,0,0,0,0,0,0,0,1,1,2,3,4,5,7,6,6,7,5,4,3,4,4,5,6,8,10,11,10,9,8,6,4,3,2,1,1,0,0,0,0,0,0,0,1,1,3,6,8,11,13,16,17,16,15,12,9,7,5,3,1,1,1,0,0,0,0,0,0,0,0,1,1,2,3,5,8,10,13,15,16,16,15,13,11,8,5,3,2,1,2,3,5,7,11,14,16,17,17,14,12,10,8,6,3,2,1,1,0,0,0,0,0,0,0,0,0,0,0,0,0,0,0,0,0,0,0,0,0,0,0,0,0,0,0,0,0,0,0,0,0,0,0,0,0,0,0,0,0,0,0,0,0,0,0,0,0,0,0,0,0,0,0,0,0,0,0,0,0,0,0,0,0,0,0,0,0,0,0,0,0,0,0,0,0,0,0,0,0,0,0,0,0,0,0,0,0,0,0,0,0,0,0,0,0,0,0,0,1,1,2,3,4,5,7,6,6,7,5,4,3,4,4,5,6,8,10,11,10,9,8,6,4,3,2,1,1,0,0,0,0,0,0,0,1,1,3,6,8,11,13,15,17,16,15,12,9,7,5,3,1,1,1,0,0,0,0,0,0,0,0,1,1,2,3,5,8,10,13,15,16,16,15,13,11,8,5,3,2,1,2,3,5,7,11,14,16,17,17,14,12,10,8,6,3,2,1,1,0,0,0,0,0,0,0,0,0,0,0,0,0,0,0,0,0,0,0,0,0,0,0,0,0,0,0,0,0,0,0,0,0,0,0,0
0,0,0,0,0,0,0,0,0,0,0,0,0,0,0,0,0,0,0,0,0,0,0,0,0,0,0,0,0,0,0,0,0,0,0,0,0,0,0,0,0,0,0,0,0,0,0,0,0,0,0,0,0,0,0,0,0,0,0,0,0,0,0,0,1,1,3,3,4,5,7,6,6,7,5,4,3,4,4,5,6,8,10,10,10,9,7,5,4,3,1,1,1,0,0,0,0,0,0,0,1,1,2,5,8,10,13,15,16,17,15,13,10,8,5,3,2,1,1,1,0,0,0,0,0,0,0,1,1,1,2,4,7,10,12,15,16,16,15,14,12,9,6,4,2,2,1,2,4,6,9,13,16,17,17,15,13,11,9,6,4,2,1,1,0,0,0,0,0,0,0,0,0,0,0,0,0,0,0,0,0,0,0,0,0,0,0,0,0,0,0,0,0,0,0,0,0,0,0,0,0,0,0,0,0,0,0,0,0,0,0,0,0,0,0,0,0,0,0,0,0,0,0,0,0,0,0,0,0,0,0,0,0,0,0,0,0,0,0,0,0,0,0,0,0,0,0,0,0,0,0,0,0,0,0,0,0,0,0,0,0,0,0,0,1,1,3,3,4,5,7,6,6,7,5,4,3,4,4,5,6,8,10,11,10,9,7,5,4,3,1,1,1,0,0,0,0,0,0,0,1,1,2,5,8,10,13,15,16,17,15,13,10,8,5,3,2,1,1,1,0,0,0,0,0,0,0,1,1,1,2,4,7,10,12,14,16,16,15,14,12,9,6,4,2,2,1,2,4,6,9,13,16,17,17,15,13,11,9,6,4,2,1,1,0,0,0,0,0,0,0,0,0,0,0,0,0,0,0,0,0,0,0,0,0,0,0,0,0,0,0,0,0,0,0,0,0,0,0,0
0,0,0,0,0,0,0,0,0,0,0,0,0,0,0,0,0,0,0,0,0,0,0,0,0,0,0,0,0,0,0,0,0,0,0,0,0,0,0,0,0,0,0,0,0,0,0,0,0,0,0,0,0,0,0,0,0,0,0,0,0,0,0,0,1,1,3,3,4,5,7,6,6,7,5,4,3,4,4,5,6,9,10,10,9,9,7,5,4,2,1,1,1,0,0,0,0,0,0,0,1,1,2,4,7,9,12,14,16,17,16,14,11,9,6,4,2,1,1,1,0,0,0,0,0,0,0,0,1,1,2,4,6,9,11,14,15,16,16,14,12,10,7,5,3,2,1,2,3,6,8,12,15,17,18,16,14,12,10,7,5,3,1,1,1,0,0,0,0,0,0,0,0,0,0,0,0,0,0,0,0,0,0,0,0,0,0,0,0,0,0,0,0,0,0,0,0,0,0,0,0,0,0,0,0,0,0,0,0,0,0,0,0,0,0,0,0,0,0,0,0,0,0,0,0,0,0,0,0,0,0,0,0,0,0,0,0,0,0,0,0,0,0,0,0,0,0,0,0,0,0,0,0,0,0,0,0,0,0,0,0,0,0,0,1,1,3,3,4,5,7,6,6,7,5,4,3,4,4,5,6,9,10,10,9,9,7,5,4,2,1,1,1,0,0,0,0,0,0,0,1,1,2,4,7,9,12,14,16,17,16,14,11,9,6,4,2,1,1,1,0,0,0,0,0,0,0,0,1,1,2,4,6,9,11,14,15,16,16,14,12,10,7,5,3,2,1,2,3,6,8,12,15,17,18,16,14,12,10,7,5,3,1,1,1,0,0,0,0,0,0,0,0,0,0,0,0,0,0,0,0,0,0,0,0,0,0,0,0,0,0,0,0,0,0,0,0,0,0,0
0,0,0,0,0,0,0,0,0,0,0,0,0,0,0,0,0,0,0,0,0,0,0,0,0,0,0,0,0,0,0,0,0,0,0,0,0,0,0,0,0,0,0,0,0,0,0,0,0,0,0,0,0,0,0,0,0,0,0,0,0,0,0,1,1,1,3,3,4,5,8,7,6,7,5,4,3,5,4,6,7,9,10,10,9,8,6,5,3,2,1,1,0,0,0,0,0,0,0,0,0,1,1,3,6,8,11,14,16,17,17,15,12,10,7,5,3,2,1,1,0,0,0,0,0,0,0,0,1,1,2,3,5,8,11,13,15,16,16,15,13,11,8,6,4,2,2,2,3,5,7,11,14,17,18,17,15,13,10,8,6,3,2,1,1,0,0,0,0,0,0,0,0,0,0,0,0,0,0,0,0,0,0,0,0,0,0,0,0,0,0,0,0,0,0,0,0,0,0,0,0,0,0,0,0,0,0,0,0,0,0,0,0,0,0,0,0,0,0,0,0,0,0,0,0,0,0,0,0,0,0,0,0,0,0,0,0,0,0,0,0,0,0,0,0,0,0,0,0,0,0,0,0,0,0,0,0,0,0,0,0,0,0,1,1,1,3,3,4,5,8,7,6,7,5,4,3,5,4,6,7,9,11,10,9,8,7,5,3,2,1,1,0,0,0,0,0,0,0,0,0,1,1,3,6,8,11,13,16,17,17,15,12,10,7,5,3,2,1,1,0,0,0,0,0,0,0,0,1,1,2,3,5,8,11,13,15,16,16,15,13,11,8,6,4,2,2,2,3,5,7,11,14,17,18,17,15,13,10,8,6,4,2,1,1,0,0,0,0,0,0,0,0,0,0,0,0,0,0,0,0,0,0,0,0,0,0,0,0,0,0,0,0,0,0,0,0,0,0,0
0,0,0,0,0,0,0,0,0,0,0,0,0,0,0,0,0,0,0,0,0,0,0,0,0,0,0,0,0,0,0,0,0,0,0,0,0,0,0,0,0,0,0,0,0,0,0,0,0,0,0,0,0,0,0,0,0,0,0,0,0,0,0,1,1,1,3,3,4,5,8,7,6,7,5,4,4,5,5,6,7,9,10,10,9,8,6,5,3,2,1,1,0,0,0,0,0,0,0,0,0,1,1,2,5,7,10,13,15,17,17,16,13,11,8,5,4,2,1,1,1,0,0,0,0,0,0,0,1,1,1,2,4,7,10,13,14,16,17,16,14,12,9,7,4,3,2,2,2,4,6,9,13,16,18,18,16,14,11,9,7,4,2,1,1,1,0,0,0,0,0,0,0,0,0,0,0,0,0,0,0,0,0,0,0,0,0,0,0,0,0,0,0,0,0,0,0,0,0,0,0,0,0,0,0,0,0,0,0,0,0,0,0,0,0,0,0,0,0,0,0,0,0,0,0,0,0,0,0,0,0,0,0,0,0,0,0,0,0,0,0,0,0,0,0,0,0,0,0,0,0,0,0,0,0,0,0,0,0,0,0,0,0,1,1,1,3,3,4,5,8,7,6,7,5,4,4,5,5,6,7,9,11,10,9,8,6,5,3,2,1,1,0,0,0,0,0,0,0,0,0,1,1,2,5,7,10,13,15,17,17,16,13,11,8,5,4,2,1,1,1,0,0,0,0,0,0,0,1,1,1,2,4,7,10,13,14,16,16,16,14,12,9,7,4,3,2,2,2,4,6,9,13,16,18,18,16,14,11,9,7,4,2,1,1,1,0,0,0,0,0,0,0,0,0,0,0,0,0,0,0,0,0,0,0,0,0,0,0,0,0,0,0,0,0,0,0,0,0,0
0,0,0,0,0,0,0,0,0,0,0,0,0,0,0,0,0,0,0,0,0,0,0,0,0,0,0,0,0,0,0,0,0,0,0,0,0,0,0,0,0,0,0,0,0,0,0,0,0,0,0,0,0,0,0,0,0,0,0,0,0,0,0,1,1,1,3,4,4,5,8,7,6,6,5,4,4,5,5,6,8,10,10,10,9,8,6,4,3,2,1,1,0,0,0,0,0,0,0,0,0,1,1,2,4,6,9,12,14,16,17,16,14,12,9,6,4,3,1,1,1,0,0,0,0,0,0,0,1,1,1,2,4,6,9,12,14,16,17,16,15,13,10,8,5,3,2,2,2,3,5,8,12,15,18,18,17,15,12,10,8,5,3,1,1,1,0,0,0,0,0,0,0,0,0,0,0,0,0,0,0,0,0,0,0,0,0,0,0,0,0,0,0,0,0,0,0,0,0,0,0,0,0,0,0,0,0,0,0,0,0,0,0,0,0,0,0,0,0,0,0,0,0,0,0,0,0,0,0,0,0,0,0,0,0,0,0,0,0,0,0,0,0,0,0,0,0,0,0,0,0,0,0,0,0,0,0,0,0,0,0,0,0,1,1,1,3,4,4,5,8,7,6,6,5,4,4,5,5,6,8,10,11,10,9,8,6,5,3,2,1,1,0,0,0,0,0,0,0,0,0,1,1,2,4,6,9,12,14,16,17,16,14,12,9,6,4,3,1,1,1,0,0,0,0,0,0,0,1,1,1,2,4,6,9,12,14,16,17,16,15,13,10,8,5,3,2,2,2,3,5,8,12,15,18,18,17,15,12,10,8,5,3,1,1,1,0,0,0,0,0,0,0,0,0,0,0,0,0,0,0,0,0,0,0,0,0,0,0,0,0,0,0,0,0,0,0,0,0,0
0,0,0,0,0,0,0,0,0,0,0,0,0,0,0,0,0,0,0,0,0,0,0,0,0,0,0,0,0,0,0,0,0,0,0,0,0,0,0,0,0,0,0,0,0,0,0,0,0,0,0,0,0,0,0,0,0,0,0,0,0,0,0,1,1,2,3,4,4,5,8,7,6,6,5,4,4,5,5,6,8,10,10,9,9,7,5,4,2,1,1,1,0,0,0,0,0,0,0,0,0,0,1,1,3,6,8,11,14,16,17,17,15,13,10,7,5,3,2,1,1,1,0,0,0,0,0,0,0,1,1,2,3,5,8,11,13,15,17,17,16,14,11,9,6,4,2,2,2,3,5,7,11,14,17,18,17,16,14,11,9,6,4,2,1,1,0,0,0,0,0,0,0,0,0,0,0,0,0,0,0,0,0,0,0,0,0,0,0,0,0,0,0,0,0,0,0,0,0,0,0,0,0,0,0,0,0,0,0,0,0,0,0,0,0,0,0,0,0,0,0,0,0,0,0,0,0,0,0,0,0,0,0,0,0,0,0,0,0,0,0,0,0,0,0,0,0,0,0,0,0,0,0,0,0,0,0,0,0,0,0,0,0,1,1,2,3,4,4,5,8,7,6,6,5,4,4,5,5,6,8,10,10,9,9,7,6,4,2,1,1,1,0,0,0,0,0,0,0,0,0,0,1,1,3,6,8,11,14,16,17,17,15,13,10,7,5,3,2,1,1,1,0,0,0,0,0,0,0,1,1,2,3,5,8,11,13,15,16,17,16,14,11,9,6,4,2,2,2,3,5,7,11,14,17,18,18,16,14,11,9,6,4,2,1,1,0,0,0,0,0,0,0,0,0,0,0,0,0,0,0,0,0,0,0,0,0,0,0,0,0,0,0,0,0,0,0,0,0,0
0,0,0,0,0,0,0,0,0,0,0,0,0,0,0,0,0,0,0,0,0,0,0,0,0,0,0,0,0,0,0,0,0,0,0,0,0,0,0,0,0,0,0,0,0,0,0,0,0,0,0,0,0,0,0,0,0,0,0,0,0,0,0,1,1,2,3,4,4,5,8,7,6,6,5,4,4,5,5,7,8,10,10,9,8,7,5,4,2,1,1,1,0,0,0,0,0,0,0,0,0,0,1,1,2,5,8,10,13,15,17,17,16,14,11,8,6,4,2,1,1,1,0,0,0,0,0,0,0,1,1,1,2,5,7,10,12,15,16,17,16,14,12,10,7,5,3,2,2,2,4,6,9,13,16,18,18,17,15,12,10,7,5,3,1,1,1,0,0,0,0,0,0,0,0,0,0,0,0,0,0,0,0,0,0,0,0,0,0,0,0,0,0,0,0,0,0,0,0,0,0,0,0,0,0,0,0,0,0,0,0,0,0,0,0,0,0,0,0,0,0,0,0,0,0,0,0,0,0,0,0,0,0,0,0,0,0,0,0,0,0,0,0,0,0,0,0,0,0,0,0,0,0,0,0,0,0,0,0,0,0,0,0,1,1,2,3,4,4,5,8,7,6,6,5,4,4,5,6,7,8,10,10,9,9,7,5,4,2,1,1,1,0,0,0,0,0,0,0,0,0,0,1,1,2,5,8,10,13,15,17,17,16,14,11,8,6,4,2,1,1,1,0,0,0,0,0,0,0,1,1,1,2,4,7,10,12,15,16,17,16,14,12,10,7,5,3,2,2,2,4,6,9,13,16,18,18,17,15,12,10,7,5,3,1,1,1,0,0,0,0,0,0,0,0,0,0,0,0,0,0,0,0,0,0,0,0,0,0,0,0,0,0,0,0,0,0,0,0,0
0,0,0,0,0,0,0,0,0,0,0,0,0,0,0,0,0,0,0,0,0,0,0,0,0,0,0,0,0,0,0,0,0,0,0,0,0,0,0,0,0,0,0,0,0,0,0,0,0,0,0,0,0,0,0,0,0,0,0,0,0,0,0,1,1,2,3,4,4,5,8,7,6,6,5,4,4,5,6,7,9,10,10,9,8,6,5,4,2,1,1,0,0,0,0,0,0,0,0,0,0,0,1,1,2,4,7,9,12,14,17,18,17,15,12,9,7,5,3,2,1,1,0,0,0,0,0,0,0,1,1,1,2,4,6,9,12,14,16,17,17,15,13,11,8,5,3,2,2,2,3,5,8,12,16,18,18,18,16,13,11,8,6,3,2,1,1,0,0,0,0,0,0,0,0,0,0,0,0,0,0,0,0,0,0,0,0,0,0,0,0,0,0,0,0,0,0,0,0,0,0,0,0,0,0,0,0,0,0,0,0,0,0,0,0,0,0,0,0,0,0,0,0,0,0,0,0,0,0,0,0,0,0,0,0,0,0,0,0,0,0,0,0,0,0,0,0,0,0,0,0,0,0,0,0,0,0,0,0,0,0,0,0,1,1,2,3,4,4,5,8,7,6,6,5,4,4,5,6,7,9,10,10,9,8,7,5,4,2,1,1,0,0,0,0,0,0,0,0,0,0,0,1,1,2,4,7,9,12,14,17,18,17,15,12,9,7,5,3,2,1,1,0,0,0,0,0,0,0,1,1,1,2,4,6,9,12,14,16,17,17,15,13,11,8,5,3,2,2,2,3,5,8,12,16,18,18,18,16,13,11,8,6,3,2,1,1,0,0,0,0,0,0,0,0,0,0,0,0,0,0,0,0,0,0,0,0,0,0,0,0,0,0,0,0,0,0,0,0,0
0,0,0,0,0,0,0,0,0,0,0,0,0,0,0,0,0,0,0,0,0,0,0,0,0,0,0,0,0,0,0,0,0,0,0,0,0,0,0,0,0,0,0,0,0,0,0,0,0,0,0,0,0,0,0,0,0,0,0,0,0,0,0,1,1,2,3,4,4,5,7,7,6,6,5,4,5,5,6,7,9,10,10,9,8,6,5,3,2,1,1,0,0,0,0,0,0,0,0,0,0,0,0,1,1,3,6,9,11,14,16,18,18,16,13,10,8,6,4,2,1,1,1,0,0,0,0,0,0,0,1,1,2,3,5,8,11,13,15,17,17,16,14,12,9,6,4,2,2,2,3,4,7,11,14,17,18,18,17,14,12,9,7,4,2,1,1,1,0,0,0,0,0,0,0,0,0,0,0,0,0,0,0,0,0,0,0,0,0,0,0,0,0,0,0,0,0,0,0,0,0,0,0,0,0,0,0,0,0,0,0,0,0,0,0,0,0,0,0,0,0,0,0,0,0,0,0,0,0,0,0,0,0,0,0,0,0,0,0,0,0,0,0,0,0,0,0,0,0,0,0,0,0,0,0,0,0,0,0,0,0,0,0,1,1,2,3,4,4,5,7,7,6,6,5,4,5,5,6,7,9,10,10,9,8,6,5,3,2,1,1,0,0,0,0,0,0,0,0,0,0,0,0,1,1,3,6,8,11,14,16,18,17,16,13,10,8,6,4,2,1,1,1,0,0,0,0,0,0,0,1,1,2,3,5,8,11,13,15,17,17,16,14,12,9,6,4,2,2,2,3,4,7,11,15,17,18,18,17,14,12,9,7,4,2,1,1,1,0,0,0,0,0,0,0,0,0,0,0,0,0,0,0,0,0,0,0,0,0,0,0,0,0,0,0,0,0,0,0,0
0,0,0,0,0,0,0,0,0,0,0,0,0,0,0,0,0,0,0,0,0,0,0,0,0,0,0,0,0,0,0,0,0,0,0,0,0,0,0,0,0,0,0,0,0,0,0,0,0,0,0,0,0,0,0,0,0,0,0,0,0,0,0,1,1,2,3,4,4,5,7,7,6,5,5,4,5,5,7,8,9,10,9,9,8,6,5,3,2,1,1,0,0,0,0,0,0,0,0,0,0,0,0,1,1,2,5,8,10,13,15,17,18,17,14,11,9,7,5,3,1,1,1,0,0,0,0,0,0,0,1,1,1,3,5,7,10,12,15,17,17,17,15,13,10,8,5,3,2,2,2,4,6,9,13,17,18,19,18,15,13,10,8,5,3,1,1,1,0,0,0,0,0,0,0,0,0,0,0,0,0,0,0,0,0,0,0,0,0,0,0,0,0,0,0,0,0,0,0,0,0,0,0,0,0,0,0,0,0,0,0,0,0,0,0,0,0,0,0,0,0,0,0,0,0,0,0,0,0,0,0,0,0,0,0,0,0,0,0,0,0,0,0,0,0,0,0,0,0,0,0,0,0,0,0,0,0,0,0,0,0,0,0,1,1,2,3,4,4,5,7,7,6,5,5,4,5,5,7,8,10,10,9,9,8,6,5,3,2,1,1,0,0,0,0,0,0,0,0,0,0,0,0,1,1,2,5,8,10,13,15,17,18,17,14,11,9,7,5,3,1,1,1,0,0,0,0,0,0,0,1,1,1,3,5,7,10,12,15,17,17,17,15,13,10,8,5,3,2,2,2,4,6,10,13,17,18,19,18,15,13,10,8,5,3,1,1,1,0,0,0,0,0,0,0,0,0,0,0,0,0,0,0,0,0,0,0,0,0,0,0,0,0,0,0,0,0,0,0,0
0,0,0,0,0,0,0,0,0,0,0,0,0,0,0,0,0,0,0,0,0,0,0,0,0,0,0,0,0,0,0,0,0,0,0,0,0,0,0,0,0,0,0,0,0,0,0,0,0,0,0,0,0,0,0,0,0,0,0,0,0,0,0,1,1,2,3,4,4,5,7,7,7,5,5,4,5,6,7,8,10,10,9,8,7,5,4,3,1,1,1,0,0,0,0,0,0,0,0,0,0,0,0,1,1,2,4,7,9,12,15,17,18,17,15,12,10,8,5,3,2,1,1,1,0,0,0,0,0,0,0,1,1,2,4,6,9,11,14,16,17,17,16,14,11,9,6,4,2,2,2,3,5,8,12,16,18,19,18,17,14,11,9,6,4,2,1,1,0,0,0,0,0,0,0,0,0,0,0,0,0,0,0,0,0,0,0,0,0,0,0,0,0,0,0,0,0,0,0,0,0,0,0,0,0,0,0,0,0,0,0,0,0,0,0,0,0,0,0,0,0,0,0,0,0,0,0,0,0,0,0,0,0,0,0,0,0,0,0,0,0,0,0,0,0,0,0,0,0,0,0,0,0,0,0,0,0,0,0,0,0,0,0,1,1,2,3,4,4,5,7,7,7,5,5,4,5,6,7,8,10,10,9,8,7,5,4,3,1,1,1,0,0,0,0,0,0,0,0,0,0,0,0,1,1,2,4,7,9,12,14,17,18,17,15,12,10,8,5,3,2,1,1,1,0,0,0,0,0,0,0,1,1,2,4,6,9,11,14,16,17,17,16,14,11,9,6,4,2,2,2,3,5,8,12,16,18,19,18,17,14,11,9,6,4,2,1,1,0,0,0,0,0,0,0,0,0,0,0,0,0,0,0,0,0,0,0,0,0,0,0,0,0,0,0,0,0,0,0,0
0,0,0,0,0,0,0,0,0,0,0,0,0,0,0,0,0,0,0,0,0,0,0,0,0,0,0,0,0,0,0,0,0,0,0,0,0,0,0,0,0,0,0,0,0,0,0,0,0,0,0,0,0,0,0,0,0,0,0,0,0,0,0,1,1,2,3,4,4,5,7,7,7,5,5,4,6,6,7,8,10,10,9,8,7,5,4,2,1,1,1,0,0,0,0,0,0,0,0,0,0,0,0,0,1,1,3,6,9,11,14,16,18,18,16,13,11,9,6,4,2,1,1,1,0,0,0,0,0,0,0,1,1,2,3,6,8,10,13,15,17,18,17,15,12,10,7,4,3,2,2,3,4,7,11,15,17,19,19,18,15,13,10,7,5,3,1,1,1,0,0,0,0,0,0,0,0,0,0,0,0,0,0,0,0,0,0,0,0,0,0,0,0,0,0,0,0,0,0,0,0,0,0,0,0,0,0,0,0,0,0,0,0,0,0,0,0,0,0,0,0,0,0,0,0,0,0,0,0,0,0,0,0,0,0,0,0,0,0,0,0,0,0,0,0,0,0,0,0,0,0,0,0,0,0,0,0,0,0,0,0,0,0,1,1,2,3,4,4,5,7,7,7,5,5,4,6,6,7,8,10,10,9,8,7,5,4,2,1,1,1,0,0,0,0,0,0,0,0,0,0,0,0,0,1,1,3,6,8,11,14,16,18,18,16,13,11,9,6,4,2,1,1,1,0,0,0,0,0,0,0,1,1,2,3,6,8,10,13,15,17,18,17,15,13,10,7,4,3,2,2,3,4,7,11,15,17,19,19,18,15,13,10,7,5,3,1,1,1,0,0,0,0,0,0,0,0,0,0,0,0,0,0,0,0,0,0,0,0,0,0,0,0,0,0,0,0,0,0,0
0,0,0,0,0,0,0,0,0,0,0,0,0,0,0,0,0,0,0,0,0,0,0,0,0,0,0,0,0,0,0,0,0,0,0,0,0,0,0,0,0,0,0,0,0,0,0,0,0,0,0,0,0,0,0,0,0,0,0,0,0,0,0,1,1,2,3,4,5,6,7,7,7,5,5,4,6,6,8,9,10,10,9,8,7,5,4,2,1,1,0,0,0,0,0,0,0,0,0,0,0,0,0,0,1,1,2,5,8,10,13,15,18,18,17,14,12,10,7,5,3,2,1,1,0,0,0,0,0,0,0,1,1,1,3,5,7,9,12,15,17,18,17,16,14,11,8,5,3,2,2,2,4,6,9,13,16,18,19,18,16,14,11,8,6,3,2,1,1,0,0,0,0,0,0,0,0,0,0,0,0,0,0,0,0,0,0,0,0,0,0,0,0,0,0,0,0,0,0,0,0,0,0,0,0,0,0,0,0,0,0,0,0,0,0,0,0,0,0,0,0,0,0,0,0,0,0,0,0,0,0,0,0,0,0,0,0,0,0,0,0,0,0,0,0,0,0,0,0,0,0,0,0,0,0,0,0,0,0,0,0,0,0,1,1,2,3,4,5,6,7,7,7,5,5,4,6,6,8,9,10,10,9,8,7,5,4,2,1,1,0,0,0,0,0,0,0,0,0,0,0,0,0,0,1,1,2,5,8,10,13,15,18,18,17,14,12,10,7,5,3,2,1,1,0,0,0,0,0,0,0,1,1,1,3,5,7,9,12,15,17,18,17,16,14,11,8,5,3,2,2,2,4,6,9,13,16,18,19,18,16,14,11,8,6,3,2,1,1,0,0,0,0,0,0,0,0,0,0,0,0,0,0,0,0,0,0,0,0,0,0,0,0,0,0,0,0,0,0,0
0,0,0,0,0,0,0,0,0,0,0,0,0,0,0,0,0,0,0,0,0,0,0,0,0,0,0,0,0,0,0,0,0,0,0,0,0,0,0,0,0,0,0,0,0,0,0,0,0,0,0,0,0,0,0,0,0,0,0,0,0,0,0,1,1,2,3,4,5,6,7,6,7,5,5,4,6,6,8,9,10,10,9,8,6,5,3,2,1,1,0,0,0,0,0,0,0,0,0,0,0,0,0,0,1,1,2,4,7,9,12,15,17,18,18,15,13,11,9,6,4,2,1,1,1,0,0,0,0,0,0,0,1,1,2,4,6,8,11,14,16,18,18,16,15,12,9,6,4,2,2,2,3,5,8,12,15,18,19,19,17,15,12,9,7,4,2,1,1,1,0,0,0,0,0,0,0,0,0,0,0,0,0,0,0,0,0,0,0,0,0,0,0,0,0,0,0,0,0,0,0,0,0,0,0,0,0,0,0,0,0,0,0,0,0,0,0,0,0,0,0,0,0,0,0,0,0,0,0,0,0,0,0,0,0,0,0,0,0,0,0,0,0,0,0,0,0,0,0,0,0,0,0,0,0,0,0,0,0,0,0,0,0,1,1,2,3,4,5,6,7,6,7,5,5,4,6,6,8,9,10,10,9,8,6,5,4,2,1,1,0,0,0,0,0,0,0,0,0,0,0,0,0,0,1,1,2,4,6,9,12,15,17,18,18,15,13,11,9,6,4,2,1,1,1,0,0,0,0,0,0,0,1,1,2,4,6,8,11,14,16,18,18,16,15,12,9,6,4,2,2,2,3,5,8,12,15,18,19,19,17,15,12,10,7,4,2,1,1,1,0,0,0,0,0,0,0,0,0,0,0,0,0,0,0,0,0,0,0,0,0,0,0,0,0,0,0,0,0,0
0,0,0,0,0,0,0,0,0,0,0,0,0,0,0,0,0,0,0,0,0,0,0,0,0,0,0,0,0,0,0,0,0,0,0,0,0,0,0,0,0,0,0,0,0,0,0,0,0,0,0,0,0,0,0,0,0,0,0,0,0,0,0,1,1,2,3,4,5,6,6,6,7,5,5,5,6,7,8,9,10,9,8,8,6,5,3,2,1,1,0,0,0,0,0,0,0,0,0,0,0,0,0,0,0,1,1,3,6,8,11,14,16,18,18,16,14,12,10,7,5,3,1,1,1,0,0,0,0,0,0,0,1,1,2,3,5,7,10,13,15,17,18,17,16,13,10,7,5,3,2,2,3,4,7,11,14,17,19,19,18,16,13,11,8,5,3,1,1,1,0,0,0,0,0,0,0,0,0,0,0,0,0,0,0,0,0,0,0,0,0,0,0,0,0,0,0,0,0,0,0,0,0,0,0,0,0,0,0,0,0,0,0,0,0,0,0,0,0,0,0,0,0,0,0,0,0,0,0,0,0,0,0,0,0,0,0,0,0,0,0,0,0,0,0,0,0,0,0,0,0,0,0,0,0,0,0,0,0,0,0,0,0,1,1,2,3,4,5,6,6,6,7,5,5,5,6,7,8,9,10,10,8,8,6,5,3,2,1,1,0,0,0,0,0,0,0,0,0,0,0,0,0,0,0,1,1,3,5,8,11,14,16,18,18,16,14,12,10,7,5,3,1,1,1,0,0,0,0,0,0,0,1,1,2,3,5,7,10,13,15,17,18,17,16,13,10,7,5,3,2,2,3,4,7,11,14,17,19,19,18,16,13,11,8,5,3,1,1,1,0,0,0,0,0,0,0,0,0,0,0,0,0,0,0,0,0,0,0,0,0,0,0,0,0,0,0,0,0,0
0,0,0,0,0,0,0,0,0,0,0,0,0,0,0,0,0,0,0,0,0,0,0,0,0,0,0,0,0,0,0,0,0,0,0,0,0,0,0,0,0,0,0,0,0,0,0,0,0,0,0,0,0,0,0,0,0,0,0,0,0,0,0,1,1,3,3,4,5,7,6,6,7,6,5,5,6,7,8,10,10,9,8,7,5,4,3,1,1,1,0,0,0,0,0,0,0,0,0,0,0,0,0,0,0,1,1,2,5,7,10,13,16,18,19,17,15,13,11,8,6,3,2,1,1,1,0,0,0,0,0,0,1,1,1,3,4,6,9,12,15,17,18,18,16,14,12,9,6,4,2,2,2,3,6,9,13,16,18,20,19,17,15,12,9,6,4,2,1,1,0,0,0,0,0,0,0,0,0,0,0,0,0,0,0,0,0,0,0,0,0,0,0,0,0,0,0,0,0,0,0,0,0,0,0,0,0,0,0,0,0,0,0,0,0,0,0,0,0,0,0,0,0,0,0,0,0,0,0,0,0,0,0,0,0,0,0,0,0,0,0,0,0,0,0,0,0,0,0,0,0,0,0,0,0,0,0,0,0,0,0,0,0,1,1,3,3,4,5,7,6,6,7,6,5,5,6,7,8,10,10,9,8,7,6,5,3,1,1,1,0,0,0,0,0,0,0,0,0,0,0,0,0,0,0,1,1,2,5,7,10,13,16,18,19,17,15,13,11,8,6,3,2,1,1,1,0,0,0,0,0,0,1,1,1,3,4,6,9,12,15,17,18,18,16,14,12,9,6,4,2,2,2,3,6,9,13,16,18,20,19,17,15,12,9,6,4,2,1,1,0,0,0,0,0,0,0,0,0,0,0,0,0,0,0,0,0,0,0,0,0,0,0,0,0,0,0,0,0,0
0,0,0,0,0,0,0,0,0,0,0,0,0,0,0,0,0,0,0,0,0,0,0,0,0,0,0,0,0,0,0,0,0,0,0,0,0,0,0,0,0,0,0,0,0,0,0,0,0,0,0,0,0,0,0,0,0,0,0,0,0,0,0,1,2,3,3,4,5,7,6,6,7,6,5,5,7,7,9,10,10,9,8,7,5,4,2,1,1,1,0,0,0,0,0,0,0,0,0,0,0,0,0,0,0,1,1,2,4,6,9,12,15,17,19,18,16,14,12,9,7,4,2,1,1,1,0,0,0,0,0,0,0,1,1,2,3,5,8,11,14,16,18,18,17,15,13,10,7,4,3,2,2,3,5,8,11,15,17,19,20,18,16,13,10,8,5,3,1,1,1,0,0,0,0,0,0,0,0,0,0,0,0,0,0,0,0,0,0,0,0,0,0,0,0,0,0,0,0,0,0,0,0,0,0,0,0,0,0,0,0,0,0,0,0,0,0,0,0,0,0,0,0,0,0,0,0,0,0,0,0,0,0,0,0,0,0,0,0,0,0,0,0,0,0,0,0,0,0,0,0,0,0,0,0,0,0,0,0,0,0,0,0,1,2,3,3,4,5,7,6,6,7,6,5,5,7,7,9,10,10,9,8,7,5,4,3,1,1,1,0,0,0,0,0,0,0,0,0,0,0,0,0,0,0,1,1,2,4,6,9,12,15,17,19,18,16,14,12,9,7,4,2,1,1,1,0,0,0,0,0,0,0,1,1,2,3,5,8,11,14,16,18,18,17,15,13,10,7,4,3,2,2,3,5,8,11,15,17,19,20,18,16,13,10,8,5,3,1,1,1,0,0,0,0,0,0,0,0,0,0,0,0,0,0,0,0,0,0,0,0,0,0,0,0,0,0,0,0,0
0,0,0,0,0,0,0,0,0,0,0,0,0,0,0,0,0,0,0,0,0,0,0,0,0,0,0,0,0,0,0,0,0,0,0,0,0,0,0,0,0,0,0,0,0,0,0,0,0,0,0,0,0,0,0,0,0,0,0,0,0,0,0,1,2,3,3,4,5,7,6,7,7,6,4,5,7,7,9,10,10,9,8,7,5,4,2,1,1,0,0,0,0,0,0,0,0,0,0,0,0,0,0,0,0,0,1,1,3,5,8,11,14,16,19,19,17,16,13,11,8,5,3,2,1,1,1,0,0,0,0,0,0,1,1,2,3,5,7,10,13,16,18,18,18,16,14,11,8,5,3,2,2,2,4,7,10,13,16,19,20,19,17,14,12,9,6,3,2,1,1,0,0,0,0,0,0,0,0,0,0,0,0,0,0,0,0,0,0,0,0,0,0,0,0,0,0,0,0,0,0,0,0,0,0,0,0,0,0,0,0,0,0,0,0,0,0,0,0,0,0,0,0,0,0,0,0,0,0,0,0,0,0,0,0,0,0,0,0,0,0,0,0,0,0,0,0,0,0,0,0,0,0,0,0,0,0,0,0,0,0,0,0,1,2,3,3,4,5,7,6,7,7,6,4,5,7,8,9,10,10,9,8,7,5,4,2,1,1,0,0,0,0,0,0,0,0,0,0,0,0,0,0,0,0,0,1,1,3,5,8,11,14,16,19,19,17,16,13,11,8,5,3,2,1,1,1,0,0,0,0,0,0,1,1,2,3,5,7,10,13,16,18,18,18,16,14,11,8,5,3,2,2,2,4,7,10,13,16,19,20,19,17,14,12,9,6,3,2,1,1,0,0,0,0,0,0,0,0,0,0,0,0,0,0,0,0,0,0,0,0,0,0,0,0,0,0,0,0,0
0,0,0,0,0,0,0,0,0,0,0,0,0,0,0,0,0,0,0,0,0,0,0,0,0,0,0,0,0,0,0,0,0,0,0,0,0,0,0,0,0,0,0,0,0,0,0,0,0,0,0,0,0,0,0,0,0,0,0,0,0,0,0,1,2,3,4,4,5,7,7,7,7,6,4,6,7,8,9,10,10,8,8,6,5,4,2,1,1,0,0,0,0,0,0,0,0,0,0,0,0,0,0,0,0,0,1,1,2,4,7,10,13,16,18,19,18,17,14,12,9,7,4,2,1,1,1,0,0,0,0,0,0,1,1,1,2,4,6,9,12,15,17,18,18,17,15,12,9,6,4,3,2,2,3,6,9,12,15,18,20,20,18,16,13,10,7,4,2,1,1,1,0,0,0,0,0,0,0,0,0,0,0,0,0,0,0,0,0,0,0,0,0,0,0,0,0,0,0,0,0,0,0,0,0,0,0,0,0,0,0,0,0,0,0,0,0,0,0,0,0,0,0,0,0,0,0,0,0,0,0,0,0,0,0,0,0,0,0,0,0,0,0,0,0,0,0,0,0,0,0,0,0,0,0,0,0,0,0,0,0,0,0,1,2,3,4,4,5,7,7,7,7,6,4,6,7,8,9,10,10,9,8,6,5,4,2,1,1,0,0,0,0,0,0,0,0,0,0,0,0,0,0,0,0,0,1,1,2,4,7,10,13,16,18,19,18,17,14,12,9,7,4,2,1,1,1,0,0,0,0,0,0,1,1,1,2,4,6,9,12,15,17,18,18,17,15,12,9,6,4,3,2,2,3,6,9,12,15,18,20,20,18,16,13,10,7,4,2,1,1,1,0,0,0,0,0,0,0,0,0,0,0,0,0,0,0,0,0,0,0,0,0,0,0,0,0,0,0,0
0,0,0,0,0,0,0,0,0,0,0,0,0,0,0,0,0,0,0,0,0,0,0,0,0,0,0,0,0,0,0,0,0,0,0,0,0,0,0,0,0,0,0,0,0,0,0,0,0,0,0,0,0,0,0,0,0,0,0,0,0,0,0,1,2,3,4,4,5,8,7,7,7,6,5,6,7,8,10,10,9,8,7,6,5,3,2,1,1,0,0,0,0,0,0,0,0,0,0,0,0,0,0,0,0,0,1,1,2,3,6,8,12,15,18,19,19,18,16,13,10,8,5,3,2,1,1,0,0,0,0,0,0,0,1,1,2,3,5,8,10,14,16,18,19,18,16,14,10,8,5,3,2,2,3,5,7,10,14,17,19,20,19,17,14,11,8,5,3,2,1,1,0,0,0,0,0,0,0,0,0,0,0,0,0,0,0,0,0,0,0,0,0,0,0,0,0,0,0,0,0,0,0,0,0,0,0,0,0,0,0,0,0,0,0,0,0,0,0,0,0,0,0,0,0,0,0,0,0,0,0,0,0,0,0,0,0,0,0,0,0,0,0,0,0,0,0,0,0,0,0,0,0,0,0,0,0,0,0,0,0,0,0,1,2,3,4,4,5,8,7,7,7,6,5,6,7,8,10,10,9,8,8,6,5,3,2,1,1,0,0,0,0,0,0,0,0,0,0,0,0,0,0,0,0,0,1,1,2,3,6,8,12,15,18,19,19,18,16,13,10,8,5,3,2,1,1,0,0,0,0,0,0,0,1,1,2,3,5,8,10,14,16,18,19,18,16,14,10,8,5,3,2,2,3,5,7,10,14,17,19,20,19,17,14,11,8,5,3,2,1,1,0,0,0,0,0,0,0,0,0,0,0,0,0,0,0,0,0,0,0,0,0,0,0,0,0,0,0,0
0,0,0,0,0,0,0,0,0,0,0,0,0,0,0,0,0,0,0,0,0,0,0,0,0,0,0,0,0,0,0,0,0,0,0,0,0,0,0,0,0,0,0,0,0,0,0,0,0,0,0,0,0,0,0,0,0,0,0,0,0,0,0,1,2,3,4,4,5,8,7,7,7,6,5,6,7,9,10,10,9,8,7,6,5,3,1,1,1,0,0,0,0,0,0,0,0,0,0,0,0,0,0,0,0,0,0,1,1,3,5,7,10,14,17,19,19,19,17,14,12,9,6,4,2,1,1,1,0,0,0,0,0,0,1,1,1,2,4,6,9,12,16,18,19,19,17,15,12,9,6,4,3,2,2,4,6,9,12,16,19,20,20,18,16,13,9,7,4,2,1,1,1,0,0,0,0,0,0,0,0,0,0,0,0,0,0,0,0,0,0,0,0,0,0,0,0,0,0,0,0,0,0,0,0,0,0,0,0,0,0,0,0,0,0,0,0,0,0,0,0,0,0,0,0,0,0,0,0,0,0,0,0,0,0,0,0,0,0,0,0,0,0,0,0,0,0,0,0,0,0,0,0,0,0,0,0,0,0,0,0,0,0,1,2,3,4,4,5,8,7,7,7,6,5,6,7,9,10,10,9,8,7,6,5,3,2,1,1,0,0,0,0,0,0,0,0,0,0,0,0,0,0,0,0,0,0,1,1,3,5,7,10,14,17,19,19,19,17,14,12,9,6,4,2,1,1,1,0,0,0,0,0,0,1,1,1,2,4,6,9,12,15,18,19,19,17,15,12,9,6,4,3,2,2,4,6,9,12,16,19,20,20,18,16,13,10,7,4,2,1,1,1,0,0,0,0,0,0,0,0,0,0,0,0,0,0,0,0,0,0,0,0,0,0,0,0,0,0,0
0,0,0,0,0,0,0,0,0,0,0,0,0,0,0,0,0,0,0,0,0,0,0,0,0,0,0,0,0,0,0,0,0,0,0,0,0,0,0,0,0,0,0,0,0,0,0,0,0,0,0,0,0,0,0,0,0,0,0,0,0,0,1,1,2,3,4,4,5,8,7,7,7,6,5,7,7,9,10,10,9,8,7,5,4,3,1,1,1,0,0,0,0,0,0,0,0,0,0,0,0,0,0,0,0,0,0,1,1,2,4,6,9,12,16,18,19,19,18,16,13,10,7,5,3,2,1,1,0,0,0,0,0,0,1,1,1,2,3,5,8,11,14,17,19,19,18,16,13,10,7,5,3,2,2,3,5,8,11,14,18,20,20,19,17,14,11,8,5,3,2,1,1,0,0,0,0,0,0,0,0,0,0,0,0,0,0,0,0,0,0,0,0,0,0,0,0,0,0,0,0,0,0,0,0,0,0,0,0,0,0,0,0,0,0,0,0,0,0,0,0,0,0,0,0,0,0,0,0,0,0,0,0,0,0,0,0,0,0,0,0,0,0,0,0,0,0,0,0,0,0,0,0,0,0,0,0,0,0,0,0,0,1,1,2,3,4,4,5,8,7,7,7,6,5,7,8,9,10,10,9,8,7,5,4,3,1,1,1,0,0,0,0,0,0,0,0,0,0,0,0,0,0,0,0,0,0,1,1,2,4,6,9,12,16,18,19,19,18,16,13,10,7,5,3,2,1,1,0,0,0,0,0,0,1,1,1,2,3,5,8,11,14,17,19,19,18,16,13,10,7,5,3,2,2,3,5,8,11,14,18,20,20,19,17,14,11,8,5,3,2,1,1,0,0,0,0,0,0,0,0,0,0,0,0,0,0,0,0,0,0,0,0,0,0,0,0,0,0,0
0,0,0,0,0,0,0,0,0,0,0,0,0,0,0,0,0,0,0,0,0,0,0,0,0,0,0,0,0,0,0,0,0,0,0,0,0,0,0,0,0,0,0,0,0,0,0,0,0,0,0,0,0,0,0,0,0,0,0,0,0,0,1,1,2,3,4,4,5,8,7,7,7,6,5,7,8,9,10,10,9,8,7,5,4,2,1,1,0,0,0,0,0,0,0,0,0,0,0,0,0,0,0,0,0,0,0,1,1,1,3,5,8,11,15,18,19,20,19,17,14,12,9,6,4,2,1,1,1,0,0,0,0,0,0,1,1,1,3,4,7,10,13,16,18,19,19,17,14,12,9,6,4,3,2,3,4,6,9,13,17,19,21,20,18,15,12,9,6,4,2,1,1,1,0,0,0,0,0,0,0,0,0,0,0,0,0,0,0,0,0,0,0,0,0,0,0,0,0,0,0,0,0,0,0,0,0,0,0,0,0,0,0,0,0,0,0,0,0,0,0,0,0,0,0,0,0,0,0,0,0,0,0,0,0,0,0,0,0,0,0,0,0,0,0,0,0,0,0,0,0,0,0,0,0,0,0,0,0,0,0,0,1,1,2,3,4,4,5,8,7,7,7,6,5,7,8,9,10,10,9,8,7,5,4,2,1,1,0,0,0,0,0,0,0,0,0,0,0,0,0,0,0,0,0,0,0,1,1,1,3,5,8,11,15,18,19,20,19,17,14,12,9,6,4,2,1,1,1,0,0,0,0,0,0,1,1,1,3,4,7,10,13,16,18,19,19,17,14,12,9,6,4,3,2,3,4,6,9,13,17,19,21,20,18,15,12,9,6,4,2,1,1,1,0,0,0,0,0,0,0,0,0,0,0,0,0,0,0,0,0,0,0,0,0,0,0,0,0,0
0,0,0,0,0,0,0,0,0,0,0,0,0,0,0,0,0,0,0,0,0,0,0,0,0,0,0,0,0,0,0,0,0,0,0,0,0,0,0,0,0,0,0,0,0,0,0,0,0,0,0,0,0,0,0,0,0,0,0,0,0,0,1,1,2,3,4,5,5,8,7,7,6,6,5,8,8,10,10,10,8,8,6,5,4,2,1,1,0,0,0,0,0,0,0,0,0,0,0,0,0,0,0,0,0,0,0,0,1,1,2,4,7,10,13,17,19,20,19,18,16,13,10,7,5,3,1,1,1,0,0,0,0,0,0,1,1,1,2,4,6,9,12,15,18,19,19,18,16,13,10,7,5,3,2,2,3,5,8,11,15,18,20,21,19,17,14,10,7,5,3,1,1,1,0,0,0,0,0,0,0,0,0,0,0,0,0,0,0,0,0,0,0,0,0,0,0,0,0,0,0,0,0,0,0,0,0,0,0,0,0,0,0,0,0,0,0,0,0,0,0,0,0,0,0,0,0,0,0,0,0,0,0,0,0,0,0,0,0,0,0,0,0,0,0,0,0,0,0,0,0,0,0,0,0,0,0,0,0,0,0,0,1,1,2,3,4,5,5,8,7,7,6,6,5,8,8,10,10,10,8,8,6,5,4,2,1,1,0,0,0,0,0,0,0,0,0,0,0,0,0,0,0,0,0,0,0,0,1,1,2,4,7,10,13,17,19,20,19,18,16,13,10,7,5,3,1,1,1,0,0,0,0,0,0,1,1,1,2,4,6,9,12,15,18,19,19,18,16,13,10,7,5,3,2,2,3,5,8,11,15,18,20,21,19,17,14,10,7,5,3,1,1,1,0,0,0,0,0,0,0,0,0,0,0,0,0,0,0,0,0,0,0,0,0,0,0,0,0,0
0,0,0,0,0,0,0,0,0,0,0,0,0,0,0,0,0,0,0,0,0,0,0,0,0,0,0,0,0,0,0,0,0,0,0,0,0,0,0,0,0,0,0,0,0,0,0,0,0,0,0,0,0,0,0,0,0,0,0,0,0,0,1,1,2,3,5,5,5,8,7,7,6,6,6,8,8,10,10,9,8,8,6,5,4,2,1,1,0,0,0,0,0,0,0,0,0,0,0,0,0,0,0,0,0,0,0,0,1,1,2,3,6,9,12,16,18,19,20,19,17,14,11,8,6,3,2,1,1,1,0,0,0,0,0,0,1,1,2,3,5,8,11,14,17,19,19,19,17,14,12,9,6,4,2,2,3,4,7,10,14,17,20,21,20,18,15,12,9,6,4,2,1,1,0,0,0,0,0,0,0,0,0,0,0,0,0,0,0,0,0,0,0,0,0,0,0,0,0,0,0,0,0,0,0,0,0,0,0,0,0,0,0,0,0,0,0,0,0,0,0,0,0,0,0,0,0,0,0,0,0,0,0,0,0,0,0,0,0,0,0,0,0,0,0,0,0,0,0,0,0,0,0,0,0,0,0,0,0,0,0,0,1,1,2,3,5,5,5,8,7,7,6,6,6,8,8,10,10,9,8,8,6,5,4,2,1,1,0,0,0,0,0,0,0,0,0,0,0,0,0,0,0,0,0,0,0,0,1,1,2,3,6,9,12,16,18,19,20,19,17,14,11,8,6,3,2,1,1,1,0,0,0,0,0,0,1,1,2,3,5,8,11,14,17,19,20,19,17,14,12,9,6,4,2,2,3,4,7,10,14,17,20,21,20,18,15,12,9,6,4,2,1,1,0,0,0,0,0,0,0,0,0,0,0,0,0,0,0,0,0,0,0,0,0,0,0,0,0,0
0,0,0,0,0,0,0,0,0,0,0,0,0,0,0,0,0,0,0,0,0,0,0,0,0,0,0,0,0,0,0,0,0,0,0,0,0,0,0,0,0,0,0,0,0,0,0,0,0,0,0,0,0,0,0,0,0,0,0,0,0,0,1,1,2,3,5,5,5,8,7,7,6,6,6,8,9,10,10,9,8,7,6,5,3,2,1,1,0,0,0,0,0,0,0,0,0,0,0,0,0,0,0,0,0,0,0,0,1,1,1,2,5,7,11,15,17,19,20,20,18,16,13,10,7,4,2,1,1,1,0,0,0,0,0,0,1,1,1,2,4,6,10,13,16,18,19,19,18,16,13,10,7,5,3,2,3,4,6,8,12,16,19,21,21,19,17,13,10,7,5,3,1,1,1,0,0,0,0,0,0,0,0,0,0,0,0,0,0,0,0,0,0,0,0,0,0,0,0,0,0,0,0,0,0,0,0,0,0,0,0,0,0,0,0,0,0,0,0,0,0,0,0,0,0,0,0,0,0,0,0,0,0,0,0,0,0,0,0,0,0,0,0,0,0,0,0,0,0,0,0,0,0,0,0,0,0,0,0,0,0,0,1,1,2,3,5,5,5,8,7,7,6,6,6,8,9,10,10,9,8,7,6,5,3,2,1,1,0,0,0,0,0,0,0,0,0,0,0,0,0,0,0,0,0,0,0,0,1,1,1,2,5,7,11,15,17,19,20,20,18,16,13,10,7,4,2,1,1,1,0,0,0,0,0,0,1,1,1,2,4,6,10,13,16,18,20,19,18,16,13,10,7,5,3,2,3,4,6,8,12,16,19,21,21,19,17,13,10,7,5,3,1,1,1,0,0,0,0,0,0,0,0,0,0,0,0,0,0,0,0,0,0,0,0,0,0,0,0,0
0,0,0,0,0,0,0,0,0,0,0,0,0,0,0,0,0,0,0,0,0,0,0,0,0,0,0,0,0,0,0,0,0,0,0,0,0,0,0,0,0,0,0,0,0,0,0,0,0,0,0,0,0,0,0,0,0,0,0,0,0,0,1,1,2,3,5,5,6,7,7,8,7,6,6,9,9,10,10,9,8,7,5,4,3,1,1,1,0,0,0,0,0,0,0,0,0,0,0,0,0,0,0,0,0,0,0,0,0,1,1,2,4,6,10,13,16,18,20,20,19,17,14,11,8,5,3,2,1,1,1,0,0,0,0,0,1,1,1,2,3,5,8,11,15,17,19,20,19,17,14,11,8,6,4,2,2,3,5,7,11,14,18,20,21,20,18,15,11,9,6,4,2,1,1,0,0,0,0,0,0,0,0,0,0,0,0,0,0,0,0,0,0,0,0,0,0,0,0,0,0,0,0,0,0,0,0,0,0,0,0,0,0,0,0,0,0,0,0,0,0,0,0,0,0,0,0,0,0,0,0,0,0,0,0,0,0,0,0,0,0,0,0,0,0,0,0,0,0,0,0,0,0,0,0,0,0,0,0,0,0,0,1,1,2,3,5,5,6,7,7,8,7,6,6,9,9,10,10,9,8,7,5,4,3,1,1,1,0,0,0,0,0,0,0,0,0,0,0,0,0,0,0,0,0,0,0,0,0,1,1,2,4,6,10,13,16,18,20,20,19,17,14,11,8,5,3,2,1,1,1,0,0,0,0,0,1,1,1,2,3,5,8,11,15,17,19,20,19,17,14,11,8,6,4,2,2,3,5,7,11,14,18,20,21,20,18,15,11,9,6,4,2,1,1,0,0,0,0,0,0,0,0,0,0,0,0,0,0,0,0,0,0,0,0,0,0,0,0,0
0,0,0,0,0,0,0,0,0,0,0,0,0,0,0,0,0,0,0,0,0,0,0,0,0,0,0,0,0,0,0,0,0,0,0,0,0,0,0,0,0,0,0,0,0,0,0,0,0,0,0,0,0,0,0,0,0,0,0,0,0,0,1,1,2,3,5,5,6,7,7,8,7,6,7,9,9,10,10,9,8,7,5,4,3,1,1,1,0,0,0,0,0,0,0,0,0,0,0,0,0,0,0,0,0,0,0,0,0,1,1,1,3,5,8,12,15,17,19,20,20,18,16,13,10,7,4,2,1,1,1,0,0,0,0,0,0,1,1,1,2,4,7,10,13,16,19,20,20,18,16,13,10,7,4,3,2,3,4,6,9,13,17,20,21,21,19,16,13,10,7,5,3,1,1,1,0,0,0,0,0,0,0,0,0,0,0,0,0,0,0,0,0,0,0,0,0,0,0,0,0,0,0,0,0,0,0,0,0,0,0,0,0,0,0,0,0,0,0,0,0,0,0,0,0,0,0,0,0,0,0,0,0,0,0,0,0,0,0,0,0,0,0,0,0,0,0,0,0,0,0,0,0,0,0,0,0,0,0,0,0,0,1,1,2,3,5,5,6,7,7,8,7,6,7,9,9,10,10,9,8,7,5,4,3,1,1,1,0,0,0,0,0,0,0,0,0,0,0,0,0,0,0,0,0,0,0,0,0,1,1,1,3,5,8,12,15,17,19,20,20,18,16,13,10,7,4,2,1,1,1,0,0,0,0,0,0,1,1,1,2,4,7,10,13,16,19,20,20,18,16,13,10,7,4,3,2,3,4,6,9,13,17,20,21,21,19,16,13,10,7,5,3,1,1,1,0,0,0,0,0,0,0,0,0,0,0,0,0,0,0,0,0,0,0,0,0,0,0,0
0,0,0,0,0,0,0,0,0,0,0,0,0,0,0,0,0,0,0,0,0,0,0,0,0,0,0,0,0,0,0,0,0,0,0,0,0,0,0,0,0,0,0,0,0,0,0,0,0,0,0,0,0,0,0,0,0,0,0,0,0,0,1,1,2,3,5,5,6,7,7,8,7,6,7,9,10,10,9,8,8,6,5,4,2,1,1,0,0,0,0,0,0,0,0,0,0,0,0,0,0,0,0,0,0,0,0,0,0,0,1,1,2,4,7,11,13,16,18,20,20,19,17,14,11,8,5,3,2,1,1,1,0,0,0,0,0,1,1,1,2,3,6,9,12,15,18,20,20,19,17,15,11,8,5,3,3,2,3,5,8,11,15,18,21,22,21,18,15,12,9,6,4,2,1,1,1,0,0,0,0,0,0,0,0,0,0,0,0,0,0,0,0,0,0,0,0,0,0,0,0,0,0,0,0,0,0,0,0,0,0,0,0,0,0,0,0,0,0,0,0,0,0,0,0,0,0,0,0,0,0,0,0,0,0,0,0,0,0,0,0,0,0,0,0,0,0,0,0,0,0,0,0,0,0,0,0,0,0,0,0,0,1,1,2,3,5,5,6,7,7,8,7,6,7,9,10,10,9,8,8,6,5,4,2,1,1,0,0,0,0,0,0,0,0,0,0,0,0,0,0,0,0,0,0,0,0,0,0,0,1,1,2,4,7,11,13,16,18,20,20,19,17,14,11,8,5,3,2,1,1,1,0,0,0,0,0,1,1,1,2,3,6,9,12,15,18,20,20,19,17,15,11,8,5,3,3,2,3,5,8,11,15,18,21,22,21,18,15,12,9,6,4,2,1,1,1,0,0,0,0,0,0,0,0,0,0,0,0,0,0,0,0,0,0,0,0,0,0,0
0,0,0,0,0,0,0,0,0,0,0,0,0,0,0,0,0,0,0,0,0,0,0,0,0,0,0,0,0,0,0,0,0,0,0,0,0,0,0,0,0,0,0,0,0,0,0,0,0,0,0,0,0,0,0,0,0,0,0,0,0,0,1,1,2,3,5,5,6,7,7,8,7,6,7,9,10,10,9,8,8,6,5,4,2,1,1,0,0,0,0,0,0,0,0,0,0,0,0,0,0,0,0,0,0,0,0,0,0,0,1,1,1,3,6,9,12,15,18,20,21,20,19,16,13,9,6,4,2,1,1,1,0,0,0,0,0,0,1,1,1,3,5,7,11,14,17,19,20,20,18,16,13,10,7,4,3,2,3,4,6,9,13,17,20,22,21,19,16,13,10,7,5,3,1,1,1,0,0,0,0,0,0,0,0,0,0,0,0,0,0,0,0,0,0,0,0,0,0,0,0,0,0,0,0,0,0,0,0,0,0,0,0,0,0,0,0,0,0,0,0,0,0,0,0,0,0,0,0,0,0,0,0,0,0,0,0,0,0,0,0,0,0,0,0,0,0,0,0,0,0,0,0,0,0,0,0,0,0,0,0,0,1,1,2,3,5,5,6,7,7,8,7,6,7,9,10,10,9,8,8,6,5,4,2,1,1,0,0,0,0,0,0,0,0,0,0,0,0,0,0,0,0,0,0,0,0,0,0,0,1,1,1,3,6,9,12,15,17,20,21,20,19,16,13,9,6,4,2,1,1,1,0,0,0,0,0,0,1,1,1,3,5,7,11,14,17,19,20,20,18,16,13,10,7,4,3,2,3,4,6,9,13,17,20,22,21,19,16,13,10,7,5,3,1,1,1,0,0,0,0,0,0,0,0,0,0,0,0,0,0,0,0,0,0,0,0,0,0,0
0,0,0,0,0,0,0,0,0,0,0,0,0,0,0,0,0,0,0,0,0,0,0,0,0,0,0,0,0,0,0,0,0,0,0,0,0,0,0,0,0,0,0,0,0,0,0,0,0,0,0,0,0,0,0,0,0,0,0,0,0,0,1,1,3,3,5,6,6,7,7,8,7,6,8,9,10,10,9,8,7,6,5,3,2,1,1,0,0,0,0,0,0,0,0,0,0,0,0,0,0,0,0,0,0,0,0,0,0,0,0,1,1,2,4,8,11,14,16,19,20,21,20,17,14,11,8,5,3,2,1,1,1,0,0,0,0,0,1,1,1,2,4,6,9,12,16,19,20,20,19,17,14,11,8,5,4,3,3,3,5,8,12,15,19,21,22,21,18,15,12,9,6,4,2,1,1,1,0,0,0,0,0,0,0,0,0,0,0,0,0,0,0,0,0,0,0,0,0,0,0,0,0,0,0,0,0,0,0,0,0,0,0,0,0,0,0,0,0,0,0,0,0,0,0,0,0,0,0,0,0,0,0,0,0,0,0,0,0,0,0,0,0,0,0,0,0,0,0,0,0,0,0,0,0,0,0,0,0,0,0,0,1,1,3,3,5,6,6,7,7,8,7,6,8,9,10,10,9,8,7,6,5,3,2,1,1,0,0,0,0,0,0,0,0,0,0,0,0,0,0,0,0,0,0,0,0,0,0,0,0,1,1,2,4,8,11,14,16,19,20,21,20,17,14,11,8,5,3,2,1,1,1,0,0,0,0,0,1,1,1,2,4,6,9,13,16,19,20,20,19,17,15,11,8,5,4,3,3,3,5,8,12,15,19,21,22,21,18,15,12,9,6,4,2,1,1,1,0,0,0,0,0,0,0,0,0,0,0,0,0,0,0,0,0,0,0,0,0,0
0,0,0,0,0,0,0,0,0,0,0,0,0,0,0,0,0,0,0,0,0,0,0,0,0,0,0,0,0,0,0,0,0,0,0,0,0,0,0,0,0,0,0,0,0,0,0,0,0,0,0,0,0,0,0,0,0,0,0,0,0,0,1,1,3,4,5,6,7,7,7,8,7,6,8,9,10,10,9,8,7,5,5,3,1,1,1,0,0,0,0,0,0,0,0,0,0,0,0,0,0,0,0,0,0,0,0,0,0,0,0,1,1,2,3,6,9,12,15,18,20,21,20,19,16,12,9,6,4,2,1,1,1,0,0,0,0,0,0,1,1,2,3,5,8,11,15,18,20,21,20,19,16,13,9,6,4,3,3,3,4,7,10,14,18,21,22,22,19,17,14,11,7,5,3,1,1,1,0,0,0,0,0,0,0,0,0,0,0,0,0,0,0,0,0,0,0,0,0,0,0,0,0,0,0,0,0,0,0,0,0,0,0,0,0,0,0,0,0,0,0,0,0,0,0,0,0,0,0,0,0,0,0,0,0,0,0,0,0,0,0,0,0,0,0,0,0,0,0,0,0,0,0,0,0,0,0,0,0,0,0,0,1,1,3,4,5,6,7,7,7,8,7,6,8,9,10,10,9,8,7,5,5,3,1,1,1,0,0,0,0,0,0,0,0,0,0,0,0,0,0,0,0,0,0,0,0,0,0,0,0,1,1,2,3,6,9,12,15,18,20,21,21,19,16,12,9,6,4,2,1,1,1,0,0,0,0,0,0,1,1,2,3,5,8,11,15,18,20,21,20,19,16,13,9,6,4,3,3,3,4,7,10,14,18,21,22,22,19,17,14,11,8,5,3,1,1,1,0,0,0,0,0,0,0,0,0,0,0,0,0,0,0,0,0,0,0,0,0,0
0,0,0,0,0,0,0,0,0,0,0,0,0,0,0,0,0,0,0,0,0,0,0,0,0,0,0,0,0,0,0,0,0,0,0,0,0,0,0,0,0,0,0,0,0,0,0,0,0,0,0,0,0,0,0,0,0,0,0,0,0,0,1,1,3,4,5,6,7,7,7,8,7,7,8,10,11,10,9,8,7,5,4,3,1,1,1,0,0,0,0,0,0,0,0,0,0,0,0,0,0,0,0,0,0,0,0,0,0,0,0,0,1,1,3,5,8,11,14,17,19,21,21,20,17,14,11,7,5,3,2,1,1,1,0,0,0,0,0,1,1,1,2,4,7,10,13,17,19,21,21,20,17,15,11,8,5,4,3,3,4,5,8,12,16,20,22,22,21,18,15,12,9,6,4,2,1,1,1,0,0,0,0,0,0,0,0,0,0,0,0,0,0,0,0,0,0,0,0,0,0,0,0,0,0,0,0,0,0,0,0,0,0,0,0,0,0,0,0,0,0,0,0,0,0,0,0,0,0,0,0,0,0,0,0,0,0,0,0,0,0,0,0,0,0,0,0,0,0,0,0,0,0,0,0,0,0,0,0,0,0,0,1,1,3,4,5,6,7,7,7,8,7,7,8,10,11,10,9,8,7,5,4,3,1,1,1,0,0,0,0,0,0,0,0,0,0,0,0,0,0,0,0,0,0,0,0,0,0,0,0,0,1,1,3,5,8,11,14,17,19,21,21,20,17,14,11,7,5,3,2,1,1,1,0,0,0,0,0,1,1,1,2,4,7,10,13,17,19,21,21,20,18,15,11,8,5,4,3,3,4,5,8,12,16,20,22,22,21,18,15,12,9,6,4,2,1,1,1,0,0,0,0,0,0,0,0,0,0,0,0,0,0,0,0,0,0,0,0,0
0,0,0,0,0,0,0,0,0,0,0,0,0,0,0,0,0,0,0,0,0,0,0,0,0,0,0,0,0,0,0,0,0,0,0,0,0,0,0,0,0,0,0,0,0,0,0,0,0,0,0,0,0,0,0,0,0,0,0,0,0,1,1,2,3,4,5,6,7,7,7,8,8,7,9,10,11,10,8,8,7,5,4,2,1,1,1,0,0,0,0,0,0,0,0,0,0,0,0,0,0,0,0,0,0,0,0,0,0,0,0,0,1,1,2,4,6,9,12,15,18,20,21,21,19,16,12,9,6,4,2,1,1,1,0,0,0,0,0,0,1,1,2,3,5,8,12,15,18,20,21,21,19,16,13,9,7,5,3,3,3,4,7,10,14,18,21,22,22,20,17,14,11,8,5,3,1,1,1,0,0,0,0,0,0,0,0,0,0,0,0,0,0,0,0,0,0,0,0,0,0,0,0,0,0,0,0,0,0,0,0,0,0,0,0,0,0,0,0,0,0,0,0,0,0,0,0,0,0,0,0,0,0,0,0,0,0,0,0,0,0,0,0,0,0,0,0,0,0,0,0,0,0,0,0,0,0,0,0,0,0,1,1,2,3,4,5,6,7,7,7,8,8,7,9,10,11,10,8,8,7,5,4,2,1,1,1,0,0,0,0,0,0,0,0,0,0,0,0,0,0,0,0,0,0,0,0,0,0,0,0,0,1,1,2,4,6,9,12,15,18,20,21,21,19,16,12,9,6,4,2,1,1,1,0,0,0,0,0,0,1,1,2,3,5,8,12,15,19,20,21,21,19,16,13,9,7,5,3,3,3,4,7,10,14,18,21,22,22,20,17,14,11,8,5,3,1,1,1,0,0,0,0,0,0,0,0,0,0,0,0,0,0,0,0,0,0,0,0,0
0,0,0,0,0,0,0,0,0,0,0,0,0,0,0,0,0,0,0,0,0,0,0,0,0,0,0,0,0,0,0,0,0,0,0,0,0,0,0,0,0,0,0,0,0,0,0,0,0,0,0,0,0,0,0,0,0,0,0,0,0,1,1,2,3,4,5,6,7,7,8,8,8,7,9,10,11,10,8,7,6,5,4,2,1,1,0,0,0,0,0,0,0,0,0,0,0,0,0,0,0,0,0,0,0,0,0,0,0,0,0,0,1,1,1,3,5,8,11,14,17,19,21,21,20,17,14,10,7,5,3,2,1,1,0,0,0,0,0,0,1,1,1,2,4,7,10,14,17,20,21,21,20,18,14,11,8,6,4,3,3,4,6,9,12,17,20,22,23,21,19,16,13,9,6,4,2,1,1,1,0,0,0,0,0,0,0,0,0,0,0,0,0,0,0,0,0,0,0,0,0,0,0,0,0,0,0,0,0,0,0,0,0,0,0,0,0,0,0,0,0,0,0,0,0,0,0,0,0,0,0,0,0,0,0,0,0,0,0,0,0,0,0,0,0,0,0,0,0,0,0,0,0,0,0,0,0,0,0,0,0,1,1,2,3,4,5,6,7,7,8,8,8,7,9,10,11,10,8,7,6,5,4,2,1,1,0,0,0,0,0,0,0,0,0,0,0,0,0,0,0,0,0,0,0,0,0,0,0,0,0,0,1,1,1,3,5,8,11,14,17,19,21,21,20,17,14,10,7,5,3,2,1,1,0,0,0,0,0,0,1,1,1,2,4,7,10,14,17,20,21,21,20,18,14,11,8,6,4,3,3,4,6,9,12,17,20,22,23,21,19,16,13,9,6,4,2,1,1,1,0,0,0,0,0,0,0,0,0,0,0,0,0,0,0,0,0,0,0,0
0,0,0,0,0,0,0,0,0,0,0,0,0,0,0,0,0,0,0,0,0,0,0,0,0,0,0,0,0,0,0,0,0,0,0,0,0,0,0,0,0,0,0,0,0,0,0,0,0,0,0,0,0,0,0,0,0,0,0,0,0,1,1,2,3,4,5,6,8,7,8,8,8,7,9,10,11,9,8,7,6,5,3,2,1,1,0,0,0,0,0,0,0,0,0,0,0,0,0,0,0,0,0,0,0,0,0,0,0,0,0,0,0,1,1,2,4,6,9,12,16,18,21,22,21,19,16,12,9,6,4,2,1,1,1,0,0,0,0,0,0,1,1,2,3,6,9,12,16,19,21,21,21,19,16,13,10,7,5,3,3,3,5,7,11,15,19,22,23,22,20,18,14,11,8,5,3,2,1,1,1,0,0,0,0,0,0,0,0,0,0,0,0,0,0,0,0,0,0,0,0,0,0,0,0,0,0,0,0,0,0,0,0,0,0,0,0,0,0,0,0,0,0,0,0,0,0,0,0,0,0,0,0,0,0,0,0,0,0,0,0,0,0,0,0,0,0,0,0,0,0,0,0,0,0,0,0,0,0,0,0,1,1,2,3,4,5,6,8,7,8,8,8,7,10,10,11,9,8,7,6,5,4,2,1,1,0,0,0,0,0,0,0,0,0,0,0,0,0,0,0,0,0,0,0,0,0,0,0,0,0,0,0,1,1,2,4,6,9,12,16,18,21,22,21,19,16,12,9,6,4,2,1,1,1,0,0,0,0,0,0,1,1,2,3,6,9,12,16,19,21,22,21,19,16,13,10,7,5,3,3,3,5,7,11,15,19,22,23,22,20,18,14,11,8,5,3,2,1,1,1,0,0,0,0,0,0,0,0,0,0,0,0,0,0,0,0,0,0,0
0,0,0,0,0,0,0,0,0,0,0,0,0,0,0,0,0,0,0,0,0,0,0,0,0,0,0,0,0,0,0,0,0,0,0,0,0,0,0,0,0,0,0,0,0,0,0,0,0,0,0,0,0,0,0,0,0,0,0,0,0,1,1,2,3,5,5,6,8,7,8,8,8,8,10,10,11,9,8,7,6,5,3,2,1,1,0,0,0,0,0,0,0,0,0,0,0,0,0,0,0,0,0,0,0,0,0,0,0,0,0,0,0,1,1,2,3,5,8,11,14,17,20,21,22,20,17,14,10,7,5,3,2,1,1,1,0,0,0,0,0,1,1,1,2,4,7,11,15,18,20,21,22,20,18,14,11,9,6,4,3,3,4,6,9,13,17,21,23,23,22,19,16,13,9,6,4,2,1,1,1,0,0,0,0,0,0,0,0,0,0,0,0,0,0,0,0,0,0,0,0,0,0,0,0,0,0,0,0,0,0,0,0,0,0,0,0,0,0,0,0,0,0,0,0,0,0,0,0,0,0,0,0,0,0,0,0,0,0,0,0,0,0,0,0,0,0,0,0,0,0,0,0,0,0,0,0,0,0,0,0,1,1,2,3,5,5,6,8,7,8,8,8,8,10,10,11,9,8,7,6,5,3,2,1,1,0,0,0,0,0,0,0,0,0,0,0,0,0,0,0,0,0,0,0,0,0,0,0,0,0,0,0,1,1,2,3,5,8,11,14,17,20,21,22,20,17,14,10,7,5,3,2,1,1,1,0,0,0,0,0,1,1,1,3,4,7,11,15,18,20,21,22,20,18,14,12,9,6,4,3,3,4,6,9,13,17,21,23,23,22,19,16,13,9,6,4,2,1,1,1,0,0,0,0,0,0,0,0,0,0,0,0,0,0,0,0,0,0,0
0,0,0,0,0,0,0,0,0,0,0,0,0,0,0,0,0,0,0,0,0,0,0,0,0,0,0,0,0,0,0,0,0,0,0,0,0,0,0,0,0,0,0,0,0,0,0,0,0,0,0,0,0,0,0,0,0,0,0,0,0,1,1,2,3,5,5,6,8,7,9,8,8,8,10,10,10,9,8,7,5,4,3,1,1,1,0,0,0,0,0,0,0,0,0,0,0,0,0,0,0,0,0,0,0,0,0,0,0,0,0,0,0,0,1,1,2,4,6,9,13,16,19,21,22,21,19,16,12,9,6,4,2,1,1,1,0,0,0,0,0,1,1,1,2,3,6,9,13,16,19,21,22,21,19,16,13,10,8,5,4,3,3,5,7,11,15,19,22,23,23,21,18,15,11,8,5,3,2,1,1,1,0,0,0,0,0,0,0,0,0,0,0,0,0,0,0,0,0,0,0,0,0,0,0,0,0,0,0,0,0,0,0,0,0,0,0,0,0,0,0,0,0,0,0,0,0,0,0,0,0,0,0,0,0,0,0,0,0,0,0,0,0,0,0,0,0,0,0,0,0,0,0,0,0,0,0,0,0,0,0,1,1,2,3,5,5,6,8,7,9,8,8,8,10,10,10,9,8,7,5,4,3,1,1,1,0,0,0,0,0,0,0,0,0,0,0,0,0,0,0,0,0,0,0,0,0,0,0,0,0,0,0,0,1,1,2,4,6,9,13,16,19,21,22,21,19,16,12,9,6,4,2,1,1,1,0,0,0,0,0,1,1,1,2,3,6,9,13,16,19,21,22,21,19,16,13,10,8,5,4,3,3,5,7,11,15,19,22,23,23,21,18,15,11,8,5,3,2,1,1,1,0,0,0,0,0,0,0,0,0,0,0,0,0,0,0,0,0,0
0,0,0,0,0,0,0,0,0,0,0,0,0,0,0,0,0,0,0,0,0,0,0,0,0,0,0,0,0,0,0,0,0,0,0,0,0,0,0,0,0,0,0,0,0,0,0,0,0,0,0,0,0,0,0,0,0,0,0,0,0,1,1,2,3,5,5,6,8,7,9,8,8,8,10,10,10,8,8,7,5,4,3,1,1,1,0,0,0,0,0,0,0,0,0,0,0,0,0,0,0,0,0,0,0,0,0,0,0,0,0,0,0,0,1,1,1,3,5,8,11,14,17,20,22,22,20,17,14,11,8,5,3,2,1,1,1,0,0,0,0,0,1,1,1,3,5,8,11,15,18,20,22,22,20,18,15,12,9,7,4,3,3,4,6,9,13,18,21,23,23,22,20,17,13,9,7,4,3,1,1,1,0,0,0,0,0,0,0,0,0,0,0,0,0,0,0,0,0,0,0,0,0,0,0,0,0,0,0,0,0,0,0,0,0,0,0,0,0,0,0,0,0,0,0,0,0,0,0,0,0,0,0,0,0,0,0,0,0,0,0,0,0,0,0,0,0,0,0,0,0,0,0,0,0,0,0,0,0,0,0,1,1,2,3,5,5,6,8,7,9,8,8,8,10,11,10,8,8,7,5,4,3,1,1,1,0,0,0,0,0,0,0,0,0,0,0,0,0,0,0,0,0,0,0,0,0,0,0,0,0,0,0,0,1,1,1,3,5,8,11,14,17,20,22,22,20,17,14,11,8,5,3,2,1,1,1,0,0,0,0,0,1,1,1,3,5,8,11,15,18,20,22,22,20,18,15,12,9,7,4,3,3,4,6,9,13,18,21,23,23,22,20,17,13,9,7,4,3,1,1,1,0,0,0,0,0,0,0,0,0,0,0,0,0,0,0,0,0,0
0,0,0,0,0,0,0,0,0,0,0,0,0,0,0,0,0,0,0,0,0,0,0,0,0,0,0,0,0,0,0,0,0,0,0,0,0,0,0,0,0,0,0,0,0,0,0,0,0,0,0,0,0,0,0,0,0,0,0,0,0,1,1,2,3,5,5,6,8,7,9,8,8,8,10,11,10,8,7,6,5,4,2,1,1,1,0,0,0,0,0,0,0,0,0,0,0,0,0,0,0,0,0,0,0,0,0,0,0,0,0,0,0,0,0,1,1,2,4,6,9,13,16,19,21,22,21,19,15,12,9,7,4,2,1,1,1,0,0,0,0,0,1,1,1,2,4,6,10,13,16,19,21,22,21,19,17,14,11,8,6,4,3,4,5,8,11,16,20,22,24,23,22,19,15,11,8,6,4,2,1,1,1,0,0,0,0,0,0,0,0,0,0,0,0,0,0,0,0,0,0,0,0,0,0,0,0,0,0,0,0,0,0,0,0,0,0,0,0,0,0,0,0,0,0,0,0,0,0,0,0,0,0,0,0,0,0,0,0,0,0,0,0,0,0,0,0,0,0,0,0,0,0,0,0,0,0,0,0,0,0,1,1,2,3,5,5,6,8,7,9,8,8,8,10,11,10,8,7,6,5,4,2,1,1,1,0,0,0,0,0,0,0,0,0,0,0,0,0,0,0,0,0,0,0,0,0,0,0,0,0,0,0,0,0,1,1,2,4,6,9,13,16,19,21,22,21,19,15,12,9,7,4,2,1,1,1,0,0,0,0,0,1,1,1,2,4,6,10,13,16,19,21,22,21,19,17,14,11,8,6,4,3,4,5,8,11,16,20,22,24,23,22,19,15,11,8,6,4,2,1,1,1,0,0,0,0,0,0,0,0,0,0,0,0,0,0,0,0,0
0,0,0,0,0,0,0,0,0,0,0,0,0,0,0,0,0,0,0,0,0,0,0,0,0,0,0,0,0,0,0,0,0,0,0,0,0,0,0,0,0,0,0,0,0,0,0,0,0,0,0,0,0,0,0,0,0,0,0,0,0,1,1,2,3,5,5,6,8,7,9,9,8,9,11,11,10,8,7,6,5,4,2,1,1,0,0,0,0,0,0,0,0,0,0,0,0,0,0,0,0,0,0,0,0,0,0,0,0,0,0,0,0,0,0,1,1,1,3,5,8,11,14,18,21,22,22,20,17,14,11,8,5,3,2,1,1,1,0,0,0,0,0,1,1,1,3,5,8,11,15,18,21,22,22,21,19,16,13,10,7,5,3,3,4,6,9,14,18,21,23,24,23,20,17,13,10,7,5,3,2,1,1,1,0,0,0,0,0,0,0,0,0,0,0,0,0,0,0,0,0,0,0,0,0,0,0,0,0,0,0,0,0,0,0,0,0,0,0,0,0,0,0,0,0,0,0,0,0,0,0,0,0,0,0,0,0,0,0,0,0,0,0,0,0,0,0,0,0,0,0,0,0,0,0,0,0,0,0,0,0,1,1,2,3,5,5,6,8,7,9,9,8,9,11,11,10,8,7,6,5,4,2,1,1,0,0,0,0,0,0,0,0,0,0,0,0,0,0,0,0,0,0,0,0,0,0,0,0,0,0,0,0,0,0,1,1,1,3,5,8,11,14,18,21,22,22,20,17,14,11,8,5,3,2,1,1,1,0,0,0,0,0,1,1,1,3,5,8,11,15,18,21,22,22,21,19,16,13,10,7,5,3,3,4,6,9,14,18,21,23,24,23,20,17,13,10,7,5,3,2,1,1,1,0,0,0,0,0,0,0,0,0,0,0,0,0,0,0,0
0,0,0,0,0,0,0,0,0,0,0,0,0,0,0,0,0,0,0,0,0,0,0,0,0,0,0,0,0,0,0,0,0,0,0,0,0,0,0,0,0,0,0,0,0,0,0,0,0,0,0,0,0,0,0,0,0,0,0,0,0,1,1,2,3,5,6,6,8,8,9,9,8,9,11,10,9,8,7,6,5,3,2,1,1,0,0,0,0,0,0,0,0,0,0,0,0,0,0,0,0,0,0,0,0,0,0,0,0,0,0,0,0,0,0,1,1,1,2,4,6,9,13,16,20,22,23,22,19,16,13,10,7,4,3,1,1,1,1,0,0,0,0,1,1,1,2,4,7,10,13,16,20,22,23,22,20,18,15,12,9,6,4,3,4,5,8,12,16,20,23,24,24,22,19,15,12,9,6,4,2,1,1,1,0,0,0,0,0,0,0,0,0,0,0,0,0,0,0,0,0,0,0,0,0,0,0,0,0,0,0,0,0,0,0,0,0,0,0,0,0,0,0,0,0,0,0,0,0,0,0,0,0,0,0,0,0,0,0,0,0,0,0,0,0,0,0,0,0,0,0,0,0,0,0,0,0,0,0,0,0,1,1,2,3,5,6,6,8,8,9,9,8,9,11,10,9,8,7,6,5,3,2,1,1,0,0,0,0,0,0,0,0,0,0,0,0,0,0,0,0,0,0,0,0,0,0,0,0,0,0,0,0,0,0,1,1,1,2,4,6,10,13,16,20,22,23,22,19,16,13,10,7,4,3,1,1,1,1,0,0,0,0,1,1,1,2,4,7,10,13,16,20,22,23,22,20,18,15,12,9,6,4,3,4,5,8,12,16,20,23,24,24,22,19,16,12,9,6,4,2,1,1,1,0,0,0,0,0,0,0,0,0,0,0,0,0,0,0,0
0,0,0,0,0,0,0,0,0,0,0,0,0,0,0,0,0,0,0,0,0,0,0,0,0,0,0,0,0,0,0,0,0,0,0,0,0,0,0,0,0,0,0,0,0,0,0,0,0,0,0,0,0,0,0,0,0,0,0,0,0,1,1,2,4,5,6,7,8,8,9,9,8,9,11,10,9,8,7,5,4,3,2,1,1,0,0,0,0,0,0,0,0,0,0,0,0,0,0,0,0,0,0,0,0,0,0,0,0,0,0,0,0,0,0,0,1,1,1,3,5,8,11,15,18,21,23,22,20,18,15,12,9,6,3,2,1,1,1,0,0,0,0,0,1,1,2,3,5,8,11,15,18,21,23,23,21,19,17,14,10,7,5,4,3,4,6,10,14,18,21,24,24,23,21,18,14,11,8,6,3,2,1,1,1,0,0,0,0,0,0,0,0,0,0,0,0,0,0,0,0,0,0,0,0,0,0,0,0,0,0,0,0,0,0,0,0,0,0,0,0,0,0,0,0,0,0,0,0,0,0,0,0,0,0,0,0,0,0,0,0,0,0,0,0,0,0,0,0,0,0,0,0,0,0,0,0,0,0,0,0,1,1,2,4,5,6,7,8,8,9,9,8,9,11,10,9,8,7,5,4,3,2,1,1,0,0,0,0,0,0,0,0,0,0,0,0,0,0,0,0,0,0,0,0,0,0,0,0,0,0,0,0,0,0,0,1,1,1,3,5,8,11,15,18,21,23,22,20,18,15,12,8,6,3,2,1,1,1,0,0,0,0,0,1,1,2,3,5,8,11,15,18,21,23,23,21,19,17,14,10,7,5,4,3,4,6,10,14,18,21,24,24,23,21,18,14,11,8,6,3,2,1,1,1,0,0,0,0,0,0,0,0,0,0,0,0,0,0,0
0,0,0,0,0,0,0,0,0,0,0,0,0,0,0,0,0,0,0,0,0,0,0,0,0,0,0,0,0,0,0,0,0,0,0,0,0,0,0,0,0,0,0,0,0,0,0,0,0,0,0,0,0,0,0,0,0,0,0,0,0,1,1,2,4,5,6,7,8,8,9,9,9,10,11,10,9,8,7,5,4,3,1,1,1,0,0,0,0,0,0,0,0,0,0,0,0,0,0,0,0,0,0,0,0,0,0,0,0,0,0,0,0,0,0,0,0,1,1,2,4,6,10,13,17,20,22,23,22,20,17,14,10,7,5,3,2,1,1,1,0,0,0,0,1,1,1,2,4,7,10,13,17,20,22,23,22,21,19,16,12,9,6,5,4,4,5,8,12,16,20,23,24,24,23,20,17,13,10,7,5,3,1,1,1,0,0,0,0,0,0,0,0,0,0,0,0,0,0,0,0,0,0,0,0,0,0,0,0,0,0,0,0,0,0,0,0,0,0,0,0,0,0,0,0,0,0,0,0,0,0,0,0,0,0,0,0,0,0,0,0,0,0,0,0,0,0,0,0,0,0,0,0,0,0,0,0,0,0,0,0,1,1,2,4,5,6,7,8,8,9,9,9,10,11,10,9,8,7,5,4,3,1,1,1,0,0,0,0,0,0,0,0,0,0,0,0,0,0,0,0,0,0,0,0,0,0,0,0,0,0,0,0,0,0,0,0,1,1,2,4,6,10,13,17,20,22,23,22,20,17,14,10,7,5,3,2,1,1,1,0,0,0,0,1,1,1,2,4,7,10,13,17,20,22,23,23,21,19,16,12,9,6,5,4,4,5,8,12,16,20,23,25,24,23,20,17,13,10,7,5,3,1,1,1,0,0,0,0,0,0,0,0,0,0,0,0,0,0,0
0,0,0,0,0,0,0,0,0,0,0,0,0,0,0,0,0,0,0,0,0,0,0,0,0,0,0,0,0,0,0,0,0,0,0,0,0,0,0,0,0,0,0,0,0,0,0,0,0,0,0,0,0,0,0,0,0,0,0,0,1,1,1,2,4,5,6,7,8,8,9,9,9,10,11,10,8,8,7,5,4,3,1,1,1,0,0,0,0,0,0,0,0,0,0,0,0,0,0,0,0,0,0,0,0,0,0,0,0,0,0,0,0,0,0,0,0,1,1,1,3,5,8,11,15,19,22,23,23,21,19,16,12,9,6,4,2,1,1,1,1,0,0,0,0,1,1,2,3,5,8,11,15,18,21,23,23,22,20,18,14,11,8,6,4,4,4,7,10,14,18,21,24,25,24,22,19,16,12,9,6,4,2,1,1,1,0,0,0,0,0,0,0,0,0,0,0,0,0,0,0,0,0,0,0,0,0,0,0,0,0,0,0,0,0,0,0,0,0,0,0,0,0,0,0,0,0,0,0,0,0,0,0,0,0,0,0,0,0,0,0,0,0,0,0,0,0,0,0,0,0,0,0,0,0,0,0,0,0,0,1,1,1,2,4,5,6,7,8,8,9,9,9,10,11,10,8,8,7,5,4,3,1,1,1,0,0,0,0,0,0,0,0,0,0,0,0,0,0,0,0,0,0,0,0,0,0,0,0,0,0,0,0,0,0,0,0,1,1,1,3,5,8,11,15,19,22,23,23,21,19,16,12,9,6,4,2,1,1,1,1,0,0,0,0,1,1,2,3,5,8,11,15,18,21,23,23,22,20,18,15,11,8,6,4,4,4,7,10,14,18,21,24,25,24,22,19,16,12,9,6,4,2,1,1,1,0,0,0,0,0,0,0,0,0,0,0,0,0,0
0,0,0,0,0,0,0,0,0,0,0,0,0,0,0,0,0,0,0,0,0,0,0,0,0,0,0,0,0,0,0,0,0,0,0,0,0,0,0,0,0,0,0,0,0,0,0,0,0,0,0,0,0,0,0,0,0,0,0,0,1,1,1,2,4,5,6,7,8,8,9,9,9,11,11,10,8,7,6,5,4,2,1,1,1,0,0,0,0,0,0,0,0,0,0,0,0,0,0,0,0,0,0,0,0,0,0,0,0,0,0,0,0,0,0,0,0,0,1,1,2,4,6,10,13,17,20,23,23,22,20,18,14,11,8,5,3,2,1,1,1,0,0,0,0,1,1,1,2,4,6,9,13,17,20,23,23,23,22,20,17,13,10,7,5,4,4,5,8,12,16,20,23,25,25,23,21,18,15,11,8,5,3,2,1,1,1,0,0,0,0,0,0,0,0,0,0,0,0,0,0,0,0,0,0,0,0,0,0,0,0,0,0,0,0,0,0,0,0,0,0,0,0,0,0,0,0,0,0,0,0,0,0,0,0,0,0,0,0,0,0,0,0,0,0,0,0,0,0,0,0,0,0,0,0,0,0,0,0,0,1,1,1,2,4,5,6,7,8,8,9,9,9,11,11,10,8,7,6,5,4,2,1,1,1,0,0,0,0,0,0,0,0,0,0,0,0,0,0,0,0,0,0,0,0,0,0,0,0,0,0,0,0,0,0,0,0,0,1,1,2,4,6,10,13,17,20,23,23,22,20,18,14,11,8,5,3,2,1,1,1,0,0,0,0,1,1,1,2,4,6,9,13,17,20,23,23,23,22,20,17,13,10,7,5,4,4,5,9,12,16,20,23,25,25,23,21,18,15,11,8,5,3,2,1,1,1,0,0,0,0,0,0,0,0,0,0,0,0,0
0,0,0,0,0,0,0,0,0,0,0,0,0,0,0,0,0,0,0,0,0,0,0,0,0,0,0,0,0,0,0,0,0,0,0,0,0,0,0,0,0,0,0,0,0,0,0,0,0,0,0,0,0,0,0,0,0,0,0,0,1,1,1,3,4,5,7,8,8,9,9,9,9,11,11,10,8,7,6,5,4,2,1,1,1,0,0,0,0,0,0,0,0,0,0,0,0,0,0,0,0,0,0,0,0,0,0,0,0,0,0,0,0,0,0,0,0,0,1,1,1,3,5,8,11,15,19,22,23,23,22,20,16,13,9,6,4,3,2,1,1,1,0,0,0,0,1,1,2,3,5,8,11,15,19,22,23,24,23,21,19,15,12,9,6,4,4,5,7,10,14,18,21,24,25,25,23,20,17,14,10,7,4,3,1,1,1,0,0,0,0,0,0,0,0,0,0,0,0,0,0,0,0,0,0,0,0,0,0,0,0,0,0,0,0,0,0,0,0,0,0,0,0,0,0,0,0,0,0,0,0,0,0,0,0,0,0,0,0,0,0,0,0,0,0,0,0,0,0,0,0,0,0,0,0,0,0,0,0,0,1,1,1,3,4,5,7,8,8,9,9,9,9,11,11,10,8,7,6,5,4,2,1,1,1,0,0,0,0,0,0,0,0,0,0,0,0,0,0,0,0,0,0,0,0,0,0,0,0,0,0,0,0,0,0,0,0,0,1,1,1,3,5,8,11,15,19,22,23,23,22,20,16,13,9,6,4,3,2,1,1,1,0,0,0,0,1,1,2,3,5,8,11,15,19,22,23,24,23,21,19,15,12,9,6,4,4,5,7,10,14,18,21,24,25,25,23,20,17,14,10,7,4,3,1,1,1,0,0,0,0,0,0,0,0,0,0,0,0,0
0,0,0,0,0,0,0,0,0,0,0,0,0,0,0,0,0,0,0,0,0,0,0,0,0,0,0,0,0,0,0,0,0,0,0,0,0,0,0,0,0,0,0,0,0,0,0,0,0,0,0,0,0,0,0,0,0,0,0,0,1,1,1,3,4,5,7,8,8,9,9,9,9,11,11,10,8,7,6,4,3,2,1,1,0,0,0,0,0,0,0,0,0,0,0,0,0,0,0,0,0,0,0,0,0,0,0,0,0,0,0,0,0,0,0,0,0,0,0,1,1,2,4,6,10,13,17,21,23,24,23,21,18,15,12,8,6,4,2,1,1,1,1,0,0,0,1,1,1,2,4,6,9,13,17,21,23,24,24,23,21,17,14,11,8,5,4,4,6,8,11,15,20,23,25,26,24,22,19,16,12,9,6,4,2,1,1,1,0,0,0,0,0,0,0,0,0,0,0,0,0,0,0,0,0,0,0,0,0,0,0,0,0,0,0,0,0,0,0,0,0,0,0,0,0,0,0,0,0,0,0,0,0,0,0,0,0,0,0,0,0,0,0,0,0,0,0,0,0,0,0,0,0,0,0,0,0,0,0,0,1,1,1,3,4,5,7,8,8,9,9,9,9,11,11,10,8,7,6,5,3,2,1,1,0,0,0,0,0,0,0,0,0,0,0,0,0,0,0,0,0,0,0,0,0,0,0,0,0,0,0,0,0,0,0,0,0,0,0,1,1,2,4,6,10,13,17,21,23,24,23,21,18,15,12,8,6,4,2,1,1,1,1,0,0,0,1,1,1,2,4,6,9,13,17,21,23,24,24,23,21,17,14,11,8,5,4,4,6,8,11,15,20,23,25,26,24,22,19,16,12,9,6,4,2,1,1,1,0,0,0,0,0,0,0,0,0,0,0,0
0,0,0,0,0,0,0,0,0,0,0,0,0,0,0,0,0,0,0,0,0,0,0,0,0,0,0,0,0,0,0,0,0,0,0,0,0,0,0,0,0,0,0,0,0,0,0,0,0,0,0,0,0,0,0,0,0,0,0,0,1,1,1,3,4,5,7,8,8,9,10,9,10,11,11,9,8,7,5,4,3,2,1,1,0,0,0,0,0,0,0,0,0,0,0,0,0,0,0,0,0,0,0,0,0,0,0,0,0,0,0,0,0,0,0,0,0,0,0,1,1,1,3,5,8,11,15,19,22,24,24,23,20,17,14,10,7,5,3,2,1,1,1,0,0,0,0,1,1,2,3,5,8,11,15,19,22,23,24,24,22,20,16,13,9,7,5,4,5,7,9,13,17,21,24,26,25,24,21,18,15,11,8,5,3,2,1,1,1,0,0,0,0,0,0,0,0,0,0,0,0,0,0,0,0,0,0,0,0,0,0,0,0,0,0,0,0,0,0,0,0,0,0,0,0,0,0,0,0,0,0,0,0,0,0,0,0,0,0,0,0,0,0,0,0,0,0,0,0,0,0,0,0,0,0,0,0,0,0,0,1,1,1,3,4,5,7,8,8,9,10,9,10,11,11,9,8,7,5,4,3,2,1,1,0,0,0,0,0,0,0,0,0,0,0,0,0,0,0,0,0,0,0,0,0,0,0,0,0,0,0,0,0,0,0,0,0,0,0,1,1,1,3,5,8,11,15,19,22,24,24,23,20,17,14,10,7,5,3,2,1,1,1,0,0,0,0,1,1,2,3,5,8,11,15,19,22,23,24,24,22,20,16,13,9,7,5,4,5,7,9,13,17,21,24,26,25,24,21,18,15,11,8,5,3,2,1,1,1,0,0,0,0,0,0,0,0,0,0,0
0,0,0,0,0,0,0,0,0,0,0,0,0,0,0,0,0,0,0,0,0,0,0,0,0,0,0,0,0,0,0,0,0,0,0,0,0,0,0,0,0,0,0,0,0,0,0,0,0,0,0,0,0,0,0,0,0,0,0,0,1,1,1,3,5,5,7,8,8,10,10,9,10,11,11,9,8,7,5,4,3,1,1,1,0,0,0,0,0,0,0,0,0,0,0,0,0,0,0,0,0,0,0,0,0,0,0,0,0,0,0,0,0,0,0,0,0,0,0,0,1,1,2,4,6,10,13,18,21,23,24,24,22,20,16,12,9,6,4,3,2,1,1,1,0,0,0,1,1,1,2,4,6,9,13,17,20,22,24,24,24,21,19,15,12,8,6,5,5,6,8,11,15,19,23,26,26,25,23,21,17,13,10,7,4,3,1,1,1,1,0,0,0,0,0,0,0,0,0,0,0,0,0,0,0,0,0,0,0,0,0,0,0,0,0,0,0,0,0,0,0,0,0,0,0,0,0,0,0,0,0,0,0,0,0,0,0,0,0,0,0,0,0,0,0,0,0,0,0,0,0,0,0,0,0,0,0,0,0,0,1,1,1,3,5,5,7,8,8,10,10,9,10,11,11,9,8,7,5,4,3,1,1,1,0,0,0,0,0,0,0,0,0,0,0,0,0,0,0,0,0,0,0,0,0,0,0,0,0,0,0,0,0,0,0,0,0,0,0,0,1,1,2,4,6,10,13,18,21,23,24,24,22,19,16,12,9,6,4,3,2,1,1,1,0,0,0,1,1,1,2,4,6,9,13,17,20,22,24,24,24,21,19,15,12,8,6,5,5,6,8,11,15,19,23,26,26,25,23,21,17,13,10,7,4,3,1,1,1,1,0,0,0,0,0,0,0,0,0,0
0,0,0,0,0,0,0,0,0,0,0,0,0,0,0,0,0,0,0,0,0,0,0,0,0,0,0,0,0,0,0,0,0,0,0,0,0,0,0,0,0,0,0,0,0,0,0,0,0,0,0,0,0,0,0,0,0,0,0,0,1,1,1,3,5,5,7,9,8,10,10,9,10,11,11,9,7,6,5,4,3,1,1,1,0,0,0,0,0,0,0,0,0,0,0,0,0,0,0,0,0,0,0,0,0,0,0,0,0,0,0,0,0,0,0,0,0,0,0,0,1,1,1,3,5,8,11,16,20,22,24,25,24,22,18,15,11,8,6,4,2,1,1,1,1,0,0,1,1,1,2,3,5,8,11,15,18,21,23,25,24,23,21,17,14,10,7,5,5,5,7,9,13,17,21,25,26,26,25,23,20,16,12,9,6,4,2,1,1,1,0,0,0,0,0,0,0,0,0,0,0,0,0,0,0,0,0,0,0,0,0,0,0,0,0,0,0,0,0,0,0,0,0,0,0,0,0,0,0,0,0,0,0,0,0,0,0,0,0,0,0,0,0,0,0,0,0,0,0,0,0,0,0,0,0,0,0,0,0,0,1,1,1,3,5,5,7,9,8,10,10,10,10,11,11,9,7,6,5,4,3,1,1,1,0,0,0,0,0,0,0,0,0,0,0,0,0,0,0,0,0,0,0,0,0,0,0,0,0,0,0,0,0,0,0,0,0,0,0,0,1,1,1,3,5,8,11,16,20,22,24,24,24,21,18,14,11,8,6,4,2,1,1,1,1,0,0,1,1,1,2,3,5,8,11,15,18,21,23,25,25,23,21,17,14,10,7,5,5,5,7,9,13,17,21,25,26,26,25,23,20,16,12,9,6,4,2,1,1,1,0,0,0,0,0,0,0,0,0,0
0,0,0,0,0,0,0,0,0,0,0,0,0,0,0,0,0,0,0,0,0,0,0,0,0,0,0,0,0,0,0,0,0,0,0,0,0,0,0,0,0,0,0,0,0,0,0,0,0,0,0,0,0,0,0,0,0,0,0,0,1,1,1,3,5,5,7,9,8,10,10,10,10,11,10,8,7,6,5,4,2,1,1,1,0,0,0,0,0,0,0,0,0,0,0,0,0,0,0,0,0,0,0,0,0,0,0,0,0,0,0,0,0,0,0,0,0,0,0,0,0,1,1,2,4,6,10,14,18,21,23,25,25,23,20,17,14,10,7,5,3,2,1,1,1,0,0,0,1,1,1,2,4,6,9,13,16,19,22,24,25,24,23,20,16,13,9,7,5,5,6,7,11,15,19,23,25,26,26,25,22,19,15,11,8,5,3,2,1,1,1,0,0,0,0,0,0,0,0,0,0,0,0,0,0,0,0,0,0,0,0,0,0,0,0,0,0,0,0,0,0,0,0,0,0,0,0,0,0,0,0,0,0,0,0,0,0,0,0,0,0,0,0,0,0,0,0,0,0,0,0,0,0,0,0,0,0,0,0,0,1,1,1,3,5,5,7,9,8,10,10,10,10,11,10,8,7,6,5,4,2,1,1,1,0,0,0,0,0,0,0,0,0,0,0,0,0,0,0,0,0,0,0,0,0,0,0,0,0,0,0,0,0,0,0,0,0,0,0,0,0,1,1,2,4,6,10,14,18,21,23,25,25,23,20,17,14,10,7,5,3,2,1,1,1,0,0,0,1,1,1,2,4,6,9,13,16,20,22,24,25,24,23,20,16,13,9,7,5,5,6,7,11,15,19,23,25,26,26,25,22,19,15,11,8,5,3,2,1,1,1,0,0,0,0,0,0,0,0,0
0,0,0,0,0,0,0,0,0,0,0,0,0,0,0,0,0,0,0,0,0,0,0,0,0,0,0,0,0,0,0,0,0,0,0,0,0,0,0,0,0,0,0,0,0,0,0,0,0,0,0,0,0,0,0,0,0,0,0,0,1,1,2,3,5,6,7,9,8,11,10,10,11,11,10,8,7,6,5,4,2,1,1,1,0,0,0,0,0,0,0,0,0,0,0,0,0,0,0,0,0,0,0,0,0,0,0,0,0,0,0,0,0,0,0,0,0,0,0,0,0,1,1,1,3,5,8,11,16,19,22,24,25,25,22,19,16,13,9,7,4,3,2,1,1,1,0,0,1,1,1,1,3,5,7,11,14,18,21,23,25,25,24,22,19,15,11,8,6,5,5,6,9,12,17,21,24,26,27,26,24,21,17,14,10,7,4,3,1,1,1,1,0,0,0,0,0,0,0,0,0,0,0,0,0,0,0,0,0,0,0,0,0,0,0,0,0,0,0,0,0,0,0,0,0,0,0,0,0,0,0,0,0,0,0,0,0,0,0,0,0,0,0,0,0,0,0,0,0,0,0,0,0,0,0,0,0,0,0,0,1,1,2,3,5,6,7,9,8,11,10,10,11,11,10,8,7,6,5,4,2,1,1,1,0,0,0,0,0,0,0,0,0,0,0,0,0,0,0,0,0,0,0,0,0,0,0,0,0,0,0,0,0,0,0,0,0,0,0,0,0,1,1,1,3,5,8,11,16,19,22,24,25,25,22,19,16,13,9,7,4,3,2,1,1,1,0,0,1,1,1,1,3,5,7,11,14,18,21,23,25,25,24,22,19,15,11,8,6,5,5,6,9,12,17,21,24,26,27,26,24,21,17,14,10,7,4,3,1,1,1,1,0,0,0,0,0,0,0,0
0,0,0,0,0,0,0,0,0,0,0,0,0,0,0,0,0,0,0,0,0,0,0,0,0,0,0,0,0,0,0,0,0,0,0,0,0,0,0,0,0,0,0,0,0,0,0,0,0,0,0,0,0,0,0,0,0,0,0,0,1,1,2,4,6,6,7,9,9,11,11,10,11,11,10,8,7,5,4,3,2,1,1,0,0,0,0,0,0,0,0,0,0,0,0,0,0,0,0,0,0,0,0,0,0,0,0,0,0,0,0,0,0,0,0,0,0,0,0,0,0,0,1,1,2,3,6,9,14,17,21,23,25,25,24,21,18,15,12,9,6,4,2,1,1,1,1,0,0,1,1,1,2,3,6,9,12,15,19,22,24,25,25,23,21,17,14,10,7,6,5,5,7,10,14,19,22,25,27,27,26,23,20,16,13,9,6,4,2,1,1,1,0,0,0,0,0,0,0,0,0,0,0,0,0,0,0,0,0,0,0,0,0,0,0,0,0,0,0,0,0,0,0,0,0,0,0,0,0,0,0,0,0,0,0,0,0,0,0,0,0,0,0,0,0,0,0,0,0,0,0,0,0,0,0,0,0,0,0,0,1,1,2,4,6,6,7,9,9,11,11,10,11,11,10,8,7,5,4,3,2,1,1,0,0,0,0,0,0,0,0,0,0,0,0,0,0,0,0,0,0,0,0,0,0,0,0,0,0,0,0,0,0,0,0,0,0,0,0,0,0,0,1,1,2,3,6,9,14,17,21,23,25,25,24,21,18,15,12,9,6,4,2,1,1,1,1,0,0,1,1,1,2,3,6,9,12,15,19,22,24,25,25,24,21,18,14,10,7,6,5,5,7,10,14,19,22,25,27,27,26,23,20,16,13,9,6,4,2,1,1,1,0,0,0,0,0,0,0,0
0,0,0,0,0,0,0,0,0,0,0,0,0,0,0,0,0,0,0,0,0,0,0,0,0,0,0,0,0,0,0,0,0,0,0,0,0,0,0,0,0,0,0,0,0,0,0,0,0,0,0,0,0,0,0,0,0,0,0,0,1,1,2,4,6,6,7,9,9,11,11,10,11,11,10,8,7,5,4,3,2,1,1,0,0,0,0,0,0,0,0,0,0,0,0,0,0,0,0,0,0,0,0,0,0,0,0,0,0,0,0,0,0,0,0,0,0,0,0,0,0,0,1,1,1,2,5,8,12,15,19,22,24,26,25,23,21,18,14,11,8,5,3,2,1,1,1,0,0,0,1,1,1,3,4,7,10,13,17,20,23,25,26,25,23,20,16,12,9,7,6,5,6,9,12,16,20,23,26,27,27,25,22,19,15,11,8,5,3,2,1,1,1,0,0,0,0,0,0,0,0,0,0,0,0,0,0,0,0,0,0,0,0,0,0,0,0,0,0,0,0,0,0,0,0,0,0,0,0,0,0,0,0,0,0,0,0,0,0,0,0,0,0,0,0,0,0,0,0,0,0,0,0,0,0,0,0,0,0,0,1,1,2,4,6,6,7,9,9,11,11,10,11,11,10,8,7,5,4,3,2,1,1,0,0,0,0,0,0,0,0,0,0,0,0,0,0,0,0,0,0,0,0,0,0,0,0,0,0,0,0,0,0,0,0,0,0,0,0,0,0,0,1,1,1,2,5,8,12,15,19,22,24,26,25,23,21,17,14,11,8,5,3,2,1,1,1,0,0,0,1,1,1,3,4,7,10,13,17,20,23,25,26,25,23,20,16,12,9,7,6,5,6,9,12,16,20,23,26,27,27,25,22,19,15,11,8,5,3,2,1,1,1,0,0,0,0,0,0,0
0,0,0,0,0,0,0,0,0,0,0,0,0,0,0,0,0,0,0,0,0,0,0,0,0,0,0,0,0,0,0,0,0,0,0,0,0,0,0,0,0,0,0,0,0,0,0,0,0,0,0,0,0,0,0,0,0,0,0,0,1,1,2,4,6,7,7,9,9,11,11,10,11,11,10,8,7,5,4,3,1,1,1,0,0,0,0,0,0,0,0,0,0,0,0,0,0,0,0,0,0,0,0,0,0,0,0,0,0,0,0,0,0,0,0,0,0,0,0,0,0,0,0,1,1,2,3,6,9,13,17,20,23,25,26,25,23,20,17,13,10,7,5,3,2,1,1,1,0,0,1,1,1,2,3,6,8,11,15,18,21,24,26,26,25,22,19,15,11,9,7,5,6,7,10,14,18,21,24,27,28,27,25,22,18,14,10,7,4,3,2,1,1,1,0,0,0,0,0,0,0,0,0,0,0,0,0,0,0,0,0,0,0,0,0,0,0,0,0,0,0,0,0,0,0,0,0,0,0,0,0,0,0,0,0,0,0,0,0,0,0,0,0,0,0,0,0,0,0,0,0,0,0,0,0,0,0,0,0,0,1,1,2,4,6,7,7,9,9,11,11,10,11,11,10,8,7,5,4,3,1,1,1,0,0,0,0,0,0,0,0,0,0,0,0,0,0,0,0,0,0,0,0,0,0,0,0,0,0,0,0,0,0,0,0,0,0,0,0,0,0,0,0,1,1,2,3,6,9,13,17,20,23,25,26,25,23,20,17,13,10,7,5,3,2,1,1,1,0,0,1,1,1,2,3,6,8,11,15,18,22,24,26,26,25,22,19,15,11,9,7,5,6,7,10,14,18,21,24,27,28,27,25,22,18,14,10,7,4,3,2,1,1,1,0,0,0,0,0,0
0,0,0,0,0,0,0,0,0,0,0,0,0,0,0,0,0,0,0,0,0,0,0,0,0,0,0,0,0,0,0,0,0,0,0,0,0,0,0,0,0,0,0,0,0,0,0,0,0,0,0,0,0,0,0,0,0,0,0,1,1,1,2,4,6,7,8,9,10,11,11,11,12,11,10,8,6,5,4,2,1,1,1,0,0,0,0,0,0,0,0,0,0,0,0,0,0,0,0,0,0,0,0,0,0,0,0,0,0,0,0,0,0,0,0,0,0,0,0,0,0,0,0,1,1,1,2,4,8,11,14,18,22,25,26,26,24,22,19,16,12,9,6,4,2,1,1,1,1,0,0,1,1,1,2,4,6,9,12,16,19,23,25,26,26,24,21,18,14,11,8,6,6,6,8,12,15,19,22,25,27,28,26,24,21,17,13,9,6,4,2,1,1,1,1,0,0,0,0,0,0,0,0,0,0,0,0,0,0,0,0,0,0,0,0,0,0,0,0,0,0,0,0,0,0,0,0,0,0,0,0,0,0,0,0,0,0,0,0,0,0,0,0,0,0,0,0,0,0,0,0,0,0,0,0,0,0,0,0,1,1,1,2,4,6,7,8,9,10,11,11,11,12,11,10,8,6,5,4,2,1,1,1,0,0,0,0,0,0,0,0,0,0,0,0,0,0,0,0,0,0,0,0,0,0,0,0,0,0,0,0,0,0,0,0,0,0,0,0,0,0,0,0,1,1,1,2,4,8,11,14,18,22,24,26,26,24,22,19,16,12,9,6,4,2,1,1,1,1,0,0,1,1,1,2,4,6,9,12,16,20,23,25,26,26,24,21,18,14,11,8,6,6,6,8,12,15,19,22,25,27,28,27,24,21,17,13,9,6,4,3,1,1,1,1,0,0,0,0,0
0,0,0,0,0,0,0,0,0,0,0,0,0,0,0,0,0,0,0,0,0,0,0,0,0,0,0,0,0,0,0,0,0,0,0,0,0,0,0,0,0,0,0,0,0,0,0,0,0,0,0,0,0,0,0,0,0,0,0,1,1,1,2,4,6,7,8,10,10,12,12,11,12,11,9,7,6,5,4,2,1,1,1,0,0,0,0,0,0,0,0,0,0,0,0,0,0,0,0,0,0,0,0,0,0,0,0,0,0,0,0,0,0,0,0,0,0,0,0,0,0,0,0,0,1,1,2,3,6,9,12,16,20,23,26,26,26,24,22,18,15,11,8,6,4,2,1,1,1,1,0,1,1,1,2,3,5,7,10,14,17,21,24,26,26,26,23,20,16,13,10,8,6,6,7,10,13,16,20,24,26,28,28,26,23,20,16,12,8,6,4,2,1,1,1,1,0,0,0,0,0,0,0,0,0,0,0,0,0,0,0,0,0,0,0,0,0,0,0,0,0,0,0,0,0,0,0,0,0,0,0,0,0,0,0,0,0,0,0,0,0,0,0,0,0,0,0,0,0,0,0,0,0,0,0,0,0,0,0,1,1,1,2,4,6,7,8,10,10,12,12,11,12,11,9,7,6,5,4,2,1,1,1,0,0,0,0,0,0,0,0,0,0,0,0,0,0,0,0,0,0,0,0,0,0,0,0,0,0,0,0,0,0,0,0,0,0,0,0,0,0,0,0,0,1,1,2,3,6,9,12,16,20,23,25,26,26,24,22,18,15,11,8,6,4,2,1,1,1,1,0,1,1,1,2,3,5,7,10,14,17,21,24,26,26,26,23,20,16,13,10,8,6,6,7,10,13,16,20,24,26,28,28,26,23,20,16,12,8,6,4,2,1,1,1,1,0,0,0,0
0,0,0,0,0,0,0,0,0,0,0,0,0,0,0,0,0,0,0,0,0,0,0,0,0,0,0,0,0,0,0,0,0,0,0,0,0,0,0,0,0,0,0,0,0,0,0,0,0,0,0,0,0,0,0,0,0,0,0,1,1,1,2,4,6,7,8,10,10,12,12,11,12,11,9,7,6,5,3,2,1,1,0,0,0,0,0,0,0,0,0,0,0,0,0,0,0,0,0,0,0,0,0,0,0,0,0,0,0,0,0,0,0,0,0,0,0,0,0,0,0,0,0,0,1,1,1,2,4,7,10,13,17,21,24,26,26,26,24,21,18,14,10,7,5,3,2,1,1,1,1,0,1,1,1,2,4,6,8,11,15,19,22,25,26,27,25,23,19,16,12,9,7,6,6,8,11,14,17,21,25,27,28,28,26,23,19,14,11,8,5,3,2,1,1,1,1,0,0,0,0,0,0,0,0,0,0,0,0,0,0,0,0,0,0,0,0,0,0,0,0,0,0,0,0,0,0,0,0,0,0,0,0,0,0,0,0,0,0,0,0,0,0,0,0,0,0,0,0,0,0,0,0,0,0,0,0,0,0,1,1,1,2,4,6,7,8,10,10,12,12,11,12,11,9,7,6,5,3,2,1,1,0,0,0,0,0,0,0,0,0,0,0,0,0,0,0,0,0,0,0,0,0,0,0,0,0,0,0,0,0,0,0,0,0,0,0,0,0,0,0,0,0,0,1,1,1,2,4,7,10,13,17,21,24,26,26,26,24,21,17,14,10,7,5,3,2,1,1,1,1,0,1,1,1,2,4,6,8,11,15,19,22,25,26,27,25,23,19,16,12,9,7,6,6,8,11,14,17,21,25,27,28,28,26,23,19,15,11,8,5,3,2,1,1,1,1,0,0,0
0,0,0,0,0,0,0,0,0,0,0,0,0,0,0,0,0,0,0,0,0,0,0,0,0,0,0,0,0,0,0,0,0,0,0,0,0,0,0,0,0,0,0,0,0,0,0,0,0,0,0,0,0,0,0,0,0,0,0,1,1,2,2,5,6,7,9,10,11,12,12,12,12,11,9,7,5,4,3,2,1,1,0,0,0,0,0,0,0,0,0,0,0,0,0,0,0,0,0,0,0,0,0,0,0,0,0,0,0,0,0,0,0,0,0,0,0,0,0,0,0,0,0,0,0,1,1,2,3,5,8,11,15,19,23,25,27,27,26,23,20,17,13,10,7,4,3,2,1,1,1,1,1,1,1,2,3,4,6,9,13,16,20,24,26,27,27,25,22,18,15,12,9,7,6,7,9,11,15,19,23,26,28,28,28,25,22,17,13,10,7,5,3,2,1,1,1,0,0,0,0,0,0,0,0,0,0,0,0,0,0,0,0,0,0,0,0,0,0,0,0,0,0,0,0,0,0,0,0,0,0,0,0,0,0,0,0,0,0,0,0,0,0,0,0,0,0,0,0,0,0,0,0,0,0,0,0,0,0,1,1,2,2,5,6,7,9,10,11,12,12,12,12,11,9,7,5,4,3,2,1,1,0,0,0,0,0,0,0,0,0,0,0,0,0,0,0,0,0,0,0,0,0,0,0,0,0,0,0,0,0,0,0,0,0,0,0,0,0,0,0,0,0,0,0,1,1,2,3,5,8,11,15,19,23,25,26,27,26,23,20,17,13,10,7,4,3,2,1,1,1,1,1,1,1,2,3,4,6,9,13,16,20,24,26,27,27,25,22,18,15,12,9,7,6,7,9,11,15,19,23,26,28,29,28,25,22,18,13,10,7,5,3,2,1,1,1,0,0,0
0,0,0,0,0,0,0,0,0,0,0,0,0,0,0,0,0,0,0,0,0,0,0,0,0,0,0,0,0,0,0,0,0,0,0,0,0,0,0,0,0,0,0,0,0,0,0,0,0,0,0,0,0,0,0,0,0,0,0,1,1,2,2,5,6,8,9,10,11,12,12,12,12,10,9,7,5,4,3,2,1,1,0,0,0,0,0,0,0,0,0,0,0,0,0,0,0,0,0,0,0,0,0,0,0,0,0,0,0,0,0,0,0,0,0,0,0,0,0,0,0,0,0,0,0,1,1,1,2,4,6,9,13,17,21,24,26,27,27,25,23,19,15,12,9,6,4,2,1,1,1,1,1,1,1,1,2,3,5,7,10,14,18,22,25,27,27,26,24,21,18,14,11,9,7,7,8,10,12,16,20,24,27,28,29,27,24,21,16,13,9,7,4,3,2,1,1,1,0,0,0,0,0,0,0,0,0,0,0,0,0,0,0,0,0,0,0,0,0,0,0,0,0,0,0,0,0,0,0,0,0,0,0,0,0,0,0,0,0,0,0,0,0,0,0,0,0,0,0,0,0,0,0,0,0,0,0,0,0,1,1,2,2,5,6,8,9,10,11,12,12,12,12,10,9,7,5,4,3,2,1,1,0,0,0,0,0,0,0,0,0,0,0,0,0,0,0,0,0,0,0,0,0,0,0,0,0,0,0,0,0,0,0,0,0,0,0,0,0,0,0,0,0,0,0,1,1,1,2,4,6,9,13,17,21,24,26,27,27,25,23,19,15,12,9,6,4,2,1,1,1,1,1,1,1,1,2,3,5,7,10,14,18,22,25,27,27,26,24,21,18,14,11,9,7,7,8,10,12,16,20,24,27,29,29,27,24,21,16,13,10,7,4,3,2,1,1,1,0,0
0,0,0,0,0,0,0,0,0,0,0,0,0,0,0,0,0,0,0,0,0,0,0,0,0,0,0,0,0,0,0,0,0,0,0,0,0,0,0,0,0,0,0,0,0,0,0,0,0,0,0,0,0,0,0,0,0,0,0,1,1,2,2,5,6,8,10,10,12,12,12,12,12,10,8,7,5,4,3,1,1,1,0,0,0,0,0,0,0,0,0,0,0,0,0,0,0,0,0,0,0,0,0,0,0,0,0,0,0,0,0,0,0,0,0,0,0,0,0,0,0,0,0,0,0,0,1,1,1,3,4,7,10,14,18,22,25,27,27,27,25,22,18,15,11,8,5,3,2,1,1,1,1,1,1,1,1,2,4,6,8,12,15,19,23,26,27,27,26,24,21,17,14,11,8,7,7,8,10,14,17,21,25,28,29,29,27,23,19,16,12,9,6,4,2,1,1,1,1,0,0,0,0,0,0,0,0,0,0,0,0,0,0,0,0,0,0,0,0,0,0,0,0,0,0,0,0,0,0,0,0,0,0,0,0,0,0,0,0,0,0,0,0,0,0,0,0,0,0,0,0,0,0,0,0,0,0,0,0,1,1,2,2,5,6,8,10,10,12,12,12,12,12,10,9,7,5,4,3,1,1,1,0,0,0,0,0,0,0,0,0,0,0,0,0,0,0,0,0,0,0,0,0,0,0,0,0,0,0,0,0,0,0,0,0,0,0,0,0,0,0,0,0,0,0,0,1,1,1,3,4,7,10,14,18,22,25,27,27,27,25,22,18,15,11,8,5,3,2,1,1,1,1,1,1,1,1,2,4,6,8,12,15,19,23,26,27,28,26,24,21,17,14,11,8,7,7,8,10,14,17,21,25,28,29,29,27,24,19,16,12,9,6,4,2,1,1,1,1,0
0,0,0,0,0,0,0,0,0,0,0,0,0,0,0,0,0,0,0,0,0,0,0,0,0,0,0,0,0,0,0,0,0,0,0,0,0,0,0,0,0,0,0,0,0,0,0,0,0,0,0,0,0,0,0,0,0,0,0,1,1,2,3,5,6,8,10,10,12,12,12,12,11,10,8,6,5,4,2,1,1,1,0,0,0,0,0,0,0,0,0,0,0,0,0,0,0,0,0,0,0,0,0,0,0,0,0,0,0,0,0,0,0,0,0,0,0,0,0,0,0,0,0,0,0,0,0,1,1,2,3,5,8,12,16,20,23,26,27,28,27,24,21,18,14,10,7,5,3,2,1,1,1,1,1,1,1,2,2,4,6,9,13,17,20,24,27,28,27,26,23,20,17,13,10,8,7,8,9,11,15,19,23,26,28,29,28,26,23,19,15,12,9,6,4,2,1,1,1,1,0,0,0,0,0,0,0,0,0,0,0,0,0,0,0,0,0,0,0,0,0,0,0,0,0,0,0,0,0,0,0,0,0,0,0,0,0,0,0,0,0,0,0,0,0,0,0,0,0,0,0,0,0,0,0,0,0,0,0,1,1,2,3,5,6,8,10,10,12,12,12,12,11,10,8,6,5,4,2,1,1,1,0,0,0,0,0,0,0,0,0,0,0,0,0,0,0,0,0,0,0,0,0,0,0,0,0,0,0,0,0,0,0,0,0,0,0,0,0,0,0,0,0,0,0,0,0,1,1,2,3,5,8,12,16,20,23,26,27,28,27,24,21,18,14,10,7,5,3,2,1,1,1,1,1,1,1,2,3,4,6,9,13,17,21,24,27,28,27,26,23,20,17,13,10,8,7,8,9,11,15,19,23,26,28,29,28,26,23,19,15,12,9,6,4,2,1,1,1,1
1,0,0,0,0,0,0,0,0,0,0,0,0,0,0,0,0,0,0,0,0,0,0,0,0,0,0,0,0,0,0,0,0,0,0,0,0,0,0,0,0,0,0,0,0,0,0,0,0,0,0,0,0,0,0,0,0,0,0,1,1,2,3,5,6,8,10,11,13,12,12,12,11,10,8,6,5,4,2,1,1,1,0,0,0,0,0,0,0,0,0,0,0,0,0,0,0,0,0,0,0,0,0,0,0,0,0,0,0,0,0,0,0,0,0,0,0,0,0,0,0,0,0,0,0,0,0,1,1,1,2,4,6,9,13,17,21,24,26,28,28,26,24,21,17,13,10,7,4,3,2,1,1,1,1,1,1,1,2,3,5,7,10,14,18,22,25,27,28,27,26,23,20,16,12,9,8,8,8,10,12,16,20,24,27,29,29,28,25,22,19,15,11,8,5,3,2,1,1,1,1,0,0,0,0,0,0,0,0,0,0,0,0,0,0,0,0,0,0,0,0,0,0,0,0,0,0,0,0,0,0,0,0,0,0,0,0,0,0,0,0,0,0,0,0,0,0,0,0,0,0,0,0,0,0,0,0,0,0,1,1,2,3,5,6,8,10,11,13,12,12,12,11,10,8,6,5,4,2,1,1,1,0,0,0,0,0,0,0,0,0,0,0,0,0,0,0,0,0,0,0,0,0,0,0,0,0,0,0,0,0,0,0,0,0,0,0,0,0,0,0,0,0,0,0,0,0,1,1,1,2,4,6,9,13,17,21,24,26,28,28,26,24,21,17,13,10,7,4,3,2,1,1,1,1,1,1,1,2,3,5,7,10,14,18,22,25,28,28,27,26,23,20,16,12,9,8,8,8,10,12,16,20,24,27,29,29,28,25,22,19,15,11,8,5,3,2,1,1,1
1,1,0,0,0,0,0,0,0,0,0,0,0,0,0,0,0,0,0,0,0,0,0,0,0,0,0,0,0,0,0,0,0,0,0,0,0,0,0,0,0,0,0,0,0,0,0,0,0,0,0,0,0,0,0,0,0,0,0,1,1,2,3,5,6,8,11,11,13,12,12,12,11,10,8,6,5,3,2,1,1,0,0,0,0,0,0,0,0,0,0,0,0,0,0,0,0,0,0,0,0,0,0,0,0,0,0,0,0,0,0,0,0,0,0,0,0,0,0,0,0,0,0,0,0,0,0,0,1,1,1,3,5,7,11,15,18,22,25,27,28,28,26,23,20,16,13,9,6,4,3,2,1,1,1,1,1,1,1,2,3,5,8,12,15,19,23,26,28,28,27,26,23,19,15,12,10,8,8,9,10,13,17,21,25,28,30,30,28,25,22,18,14,11,7,5,3,2,1,1,1,1,0,0,0,0,0,0,0,0,0,0,0,0,0,0,0,0,0,0,0,0,0,0,0,0,0,0,0,0,0,0,0,0,0,0,0,0,0,0,0,0,0,0,0,0,0,0,0,0,0,0,0,0,0,0,0,0,0,1,1,2,3,5,6,8,11,11,13,12,12,12,11,10,8,6,5,3,2,1,1,0,0,0,0,0,0,0,0,0,0,0,0,0,0,0,0,0,0,0,0,0,0,0,0,0,0,0,0,0,0,0,0,0,0,0,0,0,0,0,0,0,0,0,0,0,0,0,1,1,1,3,5,7,11,15,18,22,25,27,28,28,26,23,20,16,13,9,6,4,3,2,1,1,1,1,1,1,1,2,3,5,8,12,15,19,23,26,28,28,27,25,23,19,15,12,10,8,8,9,10,13,17,21,25,28,30,30,28,25,22,18,14,11,7,5,3,2,1,1
1,1,1,0,0,0,0,0,0,0,0,0,0,0,0,0,0,0,0,0,0,0,0,0,0,0,0,0,0,0,0,0,0,0,0,0,0,0,0,0,0,0,0,0,0,0,0,0,0,0,0,0,0,0,0,0,0,0,0,1,1,2,3,6,6,8,11,11,13,12,12,12,11,10,8,5,4,3,2,1,1,0,0,0,0,0,0,0,0,0,0,0,0,0,0,0,0,0,0,0,0,0,0,0,0,0,0,0,0,0,0,0,0,0,0,0,0,0,0,0,0,0,0,0,0,0,0,0,1,1,1,2,3,5,8,12,16,20,23,26,28,28,28,26,23,19,16,12,8,6,4,3,2,1,1,1,1,1,1,1,2,4,6,9,13,17,21,25,27,29,29,28,25,22,18,14,12,10,8,8,9,11,15,18,23,26,29,30,29,28,25,22,18,14,10,7,5,3,2,1,1,1,1,0,0,0,0,0,0,0,0,0,0,0,0,0,0,0,0,0,0,0,0,0,0,0,0,0,0,0,0,0,0,0,0,0,0,0,0,0,0,0,0,0,0,0,0,0,0,0,0,0,0,0,0,0,0,0,0,1,1,2,3,6,6,8,11,11,13,13,12,12,11,10,8,5,4,3,2,1,1,0,0,0,0,0,0,0,0,0,0,0,0,0,0,0,0,0,0,0,0,0,0,0,0,0,0,0,0,0,0,0,0,0,0,0,0,0,0,0,0,0,0,0,0,0,0,0,1,1,1,2,3,5,8,12,16,19,23,26,28,28,28,26,23,19,16,12,8,6,4,3,2,1,1,1,1,1,1,1,2,4,6,9,13,17,21,25,27,28,29,27,25,22,18,14,12,10,8,8,9,11,15,18,23,26,29,30,29,28,25,22,18,14,10,7,5,3,2,1
1,1,1,1,0,0,0,0,0,0,0,0,0,0,0,0,0,0,0,0,0,0,0,0,0,0,0,0,0,0,0,0,0,0,0,0,0,0,0,0,0,0,0,0,0,0,0,0,0,0,0,0,0,0,0,0,0,0,1,1,2,3,3,6,7,8,11,12,13,13,12,12,11,10,7,5,4,3,2,1,1,0,0,0,0,0,0,0,0,0,0,0,0,0,0,0,0,0,0,0,0,0,0,0,0,0,0,0,0,0,0,0,0,0,0,0,0,0,0,0,0,0,0,0,0,0,0,0,0,1,1,1,2,4,6,10,13,17,20,24,27,28,29,28,26,22,19,15,11,8,6,4,2,1,1,1,1,1,1,1,2,3,5,7,10,14,18,22,26,28,29,29,27,25,21,17,15,12,10,9,9,10,13,16,20,24,27,30,30,30,28,25,21,17,13,10,7,5,3,2,1,1,1,1,0,0,0,0,0,0,0,0,0,0,0,0,0,0,0,0,0,0,0,0,0,0,0,0,0,0,0,0,0,0,0,0,0,0,0,0,0,0,0,0,0,0,0,0,0,0,0,0,0,0,0,0,0,0,1,1,2,3,3,6,7,8,11,12,13,13,12,12,11,10,7,5,4,3,2,1,1,0,0,0,0,0,0,0,0,0,0,0,0,0,0,0,0,0,0,0,0,0,0,0,0,0,0,0,0,0,0,0,0,0,0,0,0,0,0,0,0,0,0,0,0,0,0,0,0,1,1,1,2,4,6,10,13,17,20,24,27,28,29,28,26,22,19,15,11,8,6,4,2,1,1,1,1,1,1,1,2,3,5,7,10,14,18,22,26,28,29,29,27,25,21,17,15,12,10,9,9,10,13,16,20,24,27,30,30,30,28,25,21,17,13,10,7,5,3,2
2,1,1,1,1,0,0,0,0,0,0,0,0,0,0,0,0,0,0,0,0,0,0,0,0,0,0,0,0,0,0,0,0,0,0,0,0,0,0,0,0,0,0,0,0,0,0,0,0,0,0,0,0,0,0,0,0,0,1,1,2,3,4,6,7,8,11,12,14,13,12,12,11,9,7,5,4,3,1,1,1,0,0,0,0,0,0,0,0,0,0,0,0,0,0,0,0,0,0,0,0,0,0,0,0,0,0,0,0,0,0,0,0,0,0,0,0,0,0,0,0,0,0,0,0,0,0,0,0,0,1,1,1,3,5,7,10,14,17,21,25,27,29,29,28,25,22,18,14,11,8,5,4,2,1,1,1,1,1,1,1,2,3,5,8,11,15,20,24,26,29,29,29,27,24,21,18,15,12,10,9,9,11,13,17,21,25,28,30,31,30,28,24,21,17,13,10,7,5,3,2,1,1,1,1,0,0,0,0,0,0,0,0,0,0,0,0,0,0,0,0,0,0,0,0,0,0,0,0,0,0,0,0,0,0,0,0,0,0,0,0,0,0,0,0,0,0,0,0,0,0,0,0,0,0,0,0,0,1,1,2,3,4,6,7,8,11,12,14,13,12,12,11,9,7,5,4,3,1,1,1,0,0,0,0,0,0,0,0,0,0,0,0,0,0,0,0,0,0,0,0,0,0,0,0,0,0,0,0,0,0,0,0,0,0,0,0,0,0,0,0,0,0,0,0,0,0,0,0,0,1,1,1,3,5,7,10,14,17,21,25,27,29,29,28,25,22,18,14,11,8,5,4,2,1,1,1,1,1,1,1,2,3,5,8,11,15,20,24,26,29,29,29,27,24,21,18,15,12,10,9,9,11,13,17,21,25,28,30,31,30,28,25,21,17,13,10,7,5,3
3,2,1,1,1,1,0,0,0,0,0,0,0,0,0,0,0,0,0,0,0,0,0,0,0,0,0,0,0,0,0,0,0,0,0,0,0,0,0,0,0,0,0,0,0,0,0,0,0,0,0,0,0,0,0,0,0,0,1,1,2,3,4,6,7,9,12,13,14,13,12,12,11,9,7,5,4,2,1,1,1,0,0,0,0,0,0,0,0,0,0,0,0,0,0,0,0,0,0,0,0,0,0,0,0,0,0,0,0,0,0,0,0,0,0,0,0,0,0,0,0,0,0,0,0,0,0,0,0,0,1,1,1,2,3,5,8,11,15,19,23,26,28,29,29,27,25,21,17,14,10,8,5,3,2,1,1,1,1,1,1,1,2,4,6,9,12,17,21,24,27,29,30,29,27,24,21,18,15,12,10,9,10,12,14,18,22,26,29,31,31,30,27,24,20,16,13,10,7,5,3,2,1,1,1,1,0,0,0,0,0,0,0,0,0,0,0,0,0,0,0,0,0,0,0,0,0,0,0,0,0,0,0,0,0,0,0,0,0,0,0,0,0,0,0,0,0,0,0,0,0,0,0,0,0,0,0,0,1,1,2,3,4,6,7,9,12,13,14,13,12,12,11,9,7,5,4,2,1,1,1,0,0,0,0,0,0,0,0,0,0,0,0,0,0,0,0,0,0,0,0,0,0,0,0,0,0,0,0,0,0,0,0,0,0,0,0,0,0,0,0,0,0,0,0,0,0,0,0,0,1,1,1,2,3,5,8,11,15,18,22,26,28,29,29,27,25,21,17,14,10,8,5,3,2,1,1,1,1,1,1,1,2,4,6,9,12,17,21,24,27,29,30,29,27,24,21,18,15,12,10,9,10,12,14,18,22,26,29,31,31,30,27,24,20,16,13,10,7,5
5,3,2,1,1,1,1,0,0,0,0,0,0,0,0,0,0,0,0,0,0,0,0,0,0,0,0,0,0,0,0,0,0,0,0,0,0,0,0,0,0,0,0,0,0,0,0,0,0,0,0,0,0,0,0,0,0,0,1,1,2,3,4,6,8,9,12,13,14,13,13,12,11,9,6,5,4,2,1,1,1,0,0,0,0,0,0,0,0,0,0,0,0,0,0,0,0,0,0,0,0,0,0,0,0,0,0,0,0,0,0,0,0,0,0,0,0,0,0,0,0,0,0,0,0,0,0,0,0,0,0,1,1,1,2,4,6,9,12,16,20,23,27,29,30,29,27,24,20,17,13,10,7,5,3,2,1,1,1,1,1,1,2,3,4,7,10,14,18,22,25,28,30,30,29,27,24,21,18,15,12,10,10,11,12,15,19,23,27,30,31,31,30,27,24,20,16,13,10,7,5,3,2,1,1,1,1,0,0,0,0,0,0,0,0,0,0,0,0,0,0,0,0,0,0,0,0,0,0,0,0,0,0,0,0,0,0,0,0,0,0,0,0,0,0,0,0,0,0,0,0,0,0,0,0,0,0,0,1,1,2,3,4,6,8,9,12,13,14,13,13,12,11,9,6,5,4,2,1,1,1,0,0,0,0,0,0,0,0,0,0,0,0,0,0,0,0,0,0,0,0,0,0,0,0,0,0,0,0,0,0,0,0,0,0,0,0,0,0,0,0,0,0,0,0,0,0,0,0,0,0,1,1,1,2,4,6,9,12,16,20,23,27,29,30,29,27,24,20,17,13,10,7,5,3,2,1,1,1,1,1,1,2,3,4,7,10,14,18,22,25,28,30,30,29,27,24,21,18,15,12,10,10,10,12,15,19,24,27,30,31,31,30,27,24,20,16,13,10,7
7,5,3,2,1,1,1,1,1,0,0,0,0,0,0,0,0,0,0,0,0,0,0,0,0,0,0,0,0,0,0,0,0,0,0,0,0,0,0,0,0,0,0,0,0,0,0,0,0,0,0,0,0,0,0,0,0,0,1,1,2,3,4,7,8,9,12,14,14,14,13,12,11,8,6,5,3,2,1,1,0,0,0,0,0,0,0,0,0,0,0,0,0,0,0,0,0,0,0,0,0,0,0,0,0,0,0,0,0,0,0,0,0,0,0,0,0,0,0,0,0,0,0,0,0,0,0,0,0,0,0,0,1,1,1,3,4,7,9,13,17,21,25,27,29,30,29,27,24,20,17,13,10,7,5,3,2,1,1,1,1,1,1,2,3,5,8,11,15,19,23,26,28,30,30,29,27,24,21,18,15,12,11,10,11,13,17,21,25,28,30,31,31,30,27,23,20,17,13,10,7,5,3,2,1,1,1,1,1,0,0,0,0,0,0,0,0,0,0,0,0,0,0,0,0,0,0,0,0,0,0,0,0,0,0,0,0,0,0,0,0,0,0,0,0,0,0,0,0,0,0,0,0,0,0,0,0,0,1,1,2,3,4,7,8,9,12,14,14,14,13,12,11,9,6,5,4,2,1,1,0,0,0,0,0,0,0,0,0,0,0,0,0,0,0,0,0,0,0,0,0,0,0,0,0,0,0,0,0,0,0,0,0,0,0,0,0,0,0,0,0,0,0,0,0,0,0,0,0,0,0,0,1,1,1,3,4,6,9,13,17,21,25,27,29,30,29,27,24,20,17,13,10,7,5,3,2,1,1,1,1,1,1,2,3,5,8,11,15,19,23,26,28,30,30,29,27,24,21,18,15,12,11,10,11,13,17,21,25,28,30,31,31,30,27,24,20,17,13,10
10,7,5,4,2,2,1,1,1,1,0,0,0,0,0,0,0,0,0,0,0,0,0,0,0,0,0,0,0,0,0,0,0,0,0,0,0,0,0,0,0,0,0,0,0,0,0,0,0,0,0,0,0,0,0,0,0,0,1,1,2,3,5,7,8,10,13,14,14,14,13,12,11,8,6,4,3,2,1,1,0,0,0,0,0,0,0,0,0,0,0,0,0,0,0,0,0,0,0,0,0,0,0,0,0,0,0,0,0,0,0,0,0,0,0,0,0,0,0,0,0,0,0,0,0,0,0,0,0,0,0,0,1,1,1,2,3,5,7,10,14,18,22,25,28,30,30,29,27,24,20,17,13,10,7,5,3,2,2,1,1,1,1,1,2,3,6,8,12,16,20,23,27,29,31,30,29,27,25,21,18,15,13,11,11,12,14,18,22,25,28,31,32,32,30,27,24,20,17,13,10,7,5,4,2,2,1,1,1,1,0,0,0,0,0,0,0,0,0,0,0,0,0,0,0,0,0,0,0,0,0,0,0,0,0,0,0,0,0,0,0,0,0,0,0,0,0,0,0,0,0,0,0,0,0,0,0,0,1,1,2,3,5,7,8,10,13,14,14,14,13,12,11,8,6,4,3,2,1,1,0,0,0,0,0,0,0,0,0,0,0,0,0,0,0,0,0,0,0,0,0,0,0,0,0,0,0,0,0,0,0,0,0,0,0,0,0,0,0,0,0,0,0,0,0,0,0,0,0,0,0,0,1,1,1,2,3,5,7,10,14,18,22,25,28,30,30,29,27,24,20,17,13,10,7,5,3,2,2,1,1,1,1,1,2,3,6,8,12,16,20,23,27,29,31,30,29,27,24,21,18,15,13,11,11,12,14,18,22,25,28,31,32,32,30,27,24,20,17,13
13,10,7,5,4,2,2,1,1,1,1,0,0,0,0,0,0,0,0,0,0,0,0,0,0,0,0,0,0,0,0,0,0,0,0,0,0,0,0,0,0,0,0,0,0,0,0,0,0,0,0,0,0,0,0,0,0,0,1,1,3,4,5,7,9,11,13,15,14,14,13,12,10,8,5,4,3,1,1,1,0,0,0,0,0,0,0,0,0,0,0,0,0,0,0,0,0,0,0,0,0,0,0,0,0,0,0,0,0,0,0,0,0,0,0,0,0,0,0,0,0,0,0,0,0,0,0,0,0,0,0,0,0,1,1,1,2,3,5,8,11,14,19,23,26,29,30,30,29,27,24,20,16,13,9,7,5,3,2,2,1,1,1,1,1,2,4,6,9,13,16,20,24,27,30,31,31,30,28,25,21,18,15,13,12,12,13,15,19,23,26,29,31,32,32,30,27,24,21,17,14,10,8,5,4,2,2,1,1,1,1,0,0,0,0,0,0,0,0,0,0,0,0,0,0,0,0,0,0,0,0,0,0,0,0,0,0,0,0,0,0,0,0,0,0,0,0,0,0,0,0,0,0,0,0,0,0,0,1,1,3,4,5,7,9,11,13,15,14,14,13,12,10,8,5,4,3,1,1,1,0,0,0,0,0,0,0,0,0,0,0,0,0,0,0,0,0,0,0,0,0,0,0,0,0,0,0,0,0,0,0,0,0,0,0,0,0,0,0,0,0,0,0,0,0,0,0,0,0,0,0,0,0,1,1,1,2,3,5,8,11,14,19,23,26,29,30,30,29,27,24,20,16,13,9,7,5,3,2,2,1,1,1,1,1,2,4,6,9,13,16,20,24,27,30,31,31,29,27,25,21,18,15,13,12,12,13,15,19,23,26,29,31,32,32,30,27,24,21,17
17,14,10,8,6,4,3,2,1,1,1,1,0,0,0,0,0,0,0,0,0,0,0,0,0,0,0,0,0,0,0,0,0,0,0,0,0,0,0,0,0,0,0,0,0,0,0,0,0,0,0,0,0,0,0,0,0,0,1,2,3,4,5,7,9,11,13,15,14,14,13,12,10,7,5,4,3,1,1,1,0,0,0,0,0,0,0,0,0,0,0,0,0,0,0,0,0,0,0,0,0,0,0,0,0,0,0,0,0,0,0,0,0,0,0,0,0,0,0,0,0,0,0,0,0,0,0,0,0,0,0,0,0,0,1,1,1,2,4,5,8,12,16,20,23,27,29,31,30,29,27,24,20,16,13,9,7,5,4,2,2,1,1,1,1,2,3,5,7,10,13,17,21,25,28,30,31,31,30,28,25,22,18,15,13,12,12,14,17,20,23,27,30,32,33,32,30,28,25,21,17,14,10,8,6,4,3,2,1,1,1,1,0,0,0,0,0,0,0,0,0,0,0,0,0,0,0,0,0,0,0,0,0,0,0,0,0,0,0,0,0,0,0,0,0,0,0,0,0,0,0,0,0,0,0,0,0,0,1,2,3,4,5,7,9,11,13,15,14,14,13,12,10,7,5,4,3,1,1,1,0,0,0,0,0,0,0,0,0,0,0,0,0,0,0,0,0,0,0,0,0,0,0,0,0,0,0,0,0,0,0,0,0,0,0,0,0,0,0,0,0,0,0,0,0,0,0,0,0,0,0,0,0,0,1,1,1,2,4,5,8,12,16,20,23,27,29,31,30,29,27,24,20,16,13,9,7,5,4,2,2,1,1,1,1,2,3,5,7,10,13,17,21,25,28,30,31,31,30,28,25,21,18,15,13,12,12,14,17,20,23,27,30,32,33,32,30,28,25,21
21,18,14,11,8,6,4,3,2,1,1,1,1,1,0,0,0,0,0,0,0,0,0,0,0,0,0,0,0,0,0,0,0,0,0,0,0,0,0,0,0,0,0,0,0,0,0,0,0,0,0,0,0,0,0,0,0,0,1,2,3,4,6,7,9,12,14,16,14,14,13,12,10,7,5,4,2,1,1,1,0,0,0,0,0,0,0,0,0,0,0,0,0,0,0,0,0,0,0,0,0,0,0,0,0,0,0,0,0,0,0,0,0,0,0,0,0,0,0,0,0,0,0,0,0,0,0,0,0,0,0,0,0,0,1,1,1,1,2,4,6,9,13,16,20,24,28,30,31,31,29,27,24,20,16,12,10,7,5,4,3,2,1,1,1,1,2,3,5,7,10,14,18,22,26,29,31,31,31,30,28,25,22,19,16,14,13,13,15,17,20,24,27,30,32,33,32,31,28,25,21,18,14,11,8,6,4,3,2,1,1,1,1,1,0,0,0,0,0,0,0,0,0,0,0,0,0,0,0,0,0,0,0,0,0,0,0,0,0,0,0,0,0,0,0,0,0,0,0,0,0,0,0,0,0,0,0,0,1,2,3,4,6,7,9,12,14,16,14,14,13,12,10,7,5,4,2,1,1,1,0,0,0,0,0,0,0,0,0,0,0,0,0,0,0,0,0,0,0,0,0,0,0,0,0,0,0,0,0,0,0,0,0,0,0,0,0,0,0,0,0,0,0,0,0,0,0,0,0,0,0,0,0,0,1,1,1,1,2,4,6,9,12,16,20,24,28,30,31,31,29,27,24,20,16,12,10,7,5,4,3,2,1,1,1,1,2,3,5,7,10,14,18,22,26,29,31,31,31,30,28,25,22,19,16,14,13,13,15,17,20,24,27,30,32,33,32,31,28,25
25,22,18,14,11,8,6,4,3,2,1,1,1,1,1,0,0,0,0,0,0,0,0,0,0,0,0,0,0,0,0,0,0,0,0,0,0,0,0,0,0,0,0,0,0,0,0,0,0,0,0,0,0,0,0,0,0,0,1,2,3,5,6,7,9,13,14,16,15,14,13,12,10,7,5,4,2,1,1,1,0,0,0,0,0,0,0,0,0,0,0,0,0,0,0,0,0,0,0,0,0,0,0,0,0,0,0,0,0,0,0,0,0,0,0,0,0,0,0,0,0,0,0,0,0,0,0,0,0,0,0,0,0,0,0,1,1,1,2,3,4,6,10,13,17,21,25,28,31,31,31,30,27,24,20,16,13,10,8,6,4,3,2,1,1,1,1,2,4,5,8,11,14,18,23,27,29,31,32,32,30,28,25,22,19,16,14,13,14,15,18,21,24,28,31,33,33,33,31,29,26,22,18,15,11,8,6,4,3,2,1,1,1,1,1,0,0,0,0,0,0,0,0,0,0,0,0,0,0,0,0,0,0,0,0,0,0,0,0,0,0,0,0,0,0,0,0,0,0,0,0,0,0,0,0,0,0,0,1,2,3,5,6,7,9,13,14,16,15,14,13,12,10,7,5,4,2,1,1,1,0,0,0,0,0,0,0,0,0,0,0,0,0,0,0,0,0,0,0,0,0,0,0,0,0,0,0,0,0,0,0,0,0,0,0,0,0,0,0,0,0,0,0,0,0,0,0,0,0,0,0,0,0,0,0,1,1,1,2,3,4,6,10,13,17,21,25,28,31,31,31,30,27,24,20,16,13,10,8,6,4,3,2,1,1,1,1,2,4,5,8,11,14,18,23,26,29,31,32,32,30,28,25,22,19,16,14,13,14,15,18,21,24,28,31,33,33,33,31,29
29,26,22,18,15,11,9,6,4,3,2,1,1,1,1,1,0,0,0,0,0,0,0,0,0,0,0,0,0,0,0,0,0,0,0,0,0,0,0,0,0,0,0,0,0,0,0,0,0,0,0,0,0,0,0,0,0,1,1,2,4,5,6,7,9,13,15,16,15,14,13,12,9,6,5,3,2,1,1,1,0,0,0,0,0,0,0,0,0,0,0,0,0,0,0,0,0,0,0,0,0,0,0,0,0,0,0,0,0,0,0,0,0,0,0,0,0,0,0,0,0,0,0,0,0,0,0,0,0,0,0,0,0,0,0,0,1,1,1,2,3,5,7,10,14,18,22,26,29,31,32,31,30,27,24,20,16,13,11,8,6,4,3,2,1,1,1,2,3,4,6,8,11,15,19,23,27,29,31,32,32,31,28,26,23,19,17,15,14,15,16,18,22,25,29,31,33,33,33,32,29,26,22,19,15,12,9,6,4,3,2,1,1,1,1,1,0,0,0,0,0,0,0,0,0,0,0,0,0,0,0,0,0,0,0,0,0,0,0,0,0,0,0,0,0,0,0,0,0,0,0,0,0,0,0,0,0,1,1,2,4,5,6,7,9,13,15,16,15,14,13,12,9,6,5,3,2,1,1,1,0,0,0,0,0,0,0,0,0,0,0,0,0,0,0,0,0,0,0,0,0,0,0,0,0,0,0,0,0,0,0,0,0,0,0,0,0,0,0,0,0,0,0,0,0,0,0,0,0,0,0,0,0,0,0,0,1,1,1,2,3,5,7,10,14,18,22,26,29,31,32,31,30,27,24,20,16,13,11,8,6,4,3,2,1,1,1,2,3,4,6,8,11,15,19,23,27,29,31,32,32,30,28,26,23,19,17,15,14,15,16,18,22,25,29,31,33,34,33,32
32,29,26,23,19,15,12,9,6,5,3,2,2,1,1,1,1,1,0,0,0,0,0,0,0,0,0,0,0,0,0,0,0,0,0,0,0,0,0,0,0,0,0,0,0,0,0,0,0,0,0,0,0,0,0,0,0,1,1,2,4,5,6,8,10,14,16,16,15,14,13,11,9,6,5,3,2,1,1,0,0,0,0,0,0,0,0,0,0,0,0,0,0,0,0,0,0,0,0,0,0,0,0,0,0,0,0,0,0,0,0,0,0,0,0,0,0,0,0,0,0,0,0,0,0,0,0,0,0,0,0,0,0,0,0,0,0,1,1,1,2,3,5,8,11,14,18,23,27,29,31,32,32,30,27,24,20,17,14,11,8,6,4,3,2,2,1,1,2,3,4,6,9,12,16,20,24,27,29,31,32,32,31,29,26,23,20,17,15,15,15,17,19,22,26,29,32,33,34,34,32,30,26,23,19,15,12,9,6,5,3,2,2,1,1,1,1,1,0,0,0,0,0,0,0,0,0,0,0,0,0,0,0,0,0,0,0,0,0,0,0,0,0,0,0,0,0,0,0,0,0,0,0,0,0,0,0,1,1,2,4,5,6,8,10,14,16,16,15,14,13,11,9,6,5,3,2,1,1,0,0,0,0,0,0,0,0,0,0,0,0,0,0,0,0,0,0,0,0,0,0,0,0,0,0,0,0,0,0,0,0,0,0,0,0,0,0,0,0,0,0,0,0,0,0,0,0,0,0,0,0,0,0,0,0,0,0,1,1,1,2,3,5,8,11,14,18,23,27,29,31,32,32,30,27,24,20,17,14,11,8,6,4,3,2,2,1,1,2,3,4,6,9,12,16,20,23,27,29,31,32,32,31,29,26,23,20,17,15,15,15,17,19,22,26,29,32,33,34,34
34,32,30,27,23,19,16,12,9,7,5,4,3,2,1,1,1,1,1,0,0,0,0,0,0,0,0,0,0,0,0,0,0,0,0,0,0,0,0,0,0,0,0,0,0,0,0,0,0,0,0,0,0,0,0,0,0,1,1,3,4,6,6,8,10,14,16,16,15,14,13,11,8,6,4,3,2,1,1,0,0,0,0,0,0,0,0,0,0,0,0,0,0,0,0,0,0,0,0,0,0,0,0,0,0,0,0,0,0,0,0,0,0,0,0,0,0,0,0,0,0,0,0,0,0,0,0,0,0,0,0,0,0,0,0,0,0,0,1,1,1,2,4,5,8,11,15,19,24,27,30,32,32,32,30,27,24,21,18,15,12,9,7,5,3,2,2,1,2,2,3,4,6,9,13,17,20,23,27,30,32,33,33,31,29,27,23,20,18,16,16,16,17,20,23,27,29,32,33,34,34,32,30,27,23,20,16,12,9,7,5,4,3,2,1,1,1,1,1,0,0,0,0,0,0,0,0,0,0,0,0,0,0,0,0,0,0,0,0,0,0,0,0,0,0,0,0,0,0,0,0,0,0,0,0,0,0,1,1,3,4,6,6,8,10,14,17,16,15,14,13,11,8,6,4,3,2,1,1,0,0,0,0,0,0,0,0,0,0,0,0,0,0,0,0,0,0,0,0,0,0,0,0,0,0,0,0,0,0,0,0,0,0,0,0,0,0,0,0,0,0,0,0,0,0,0,0,0,0,0,0,0,0,0,0,0,0,0,1,1,1,2,4,5,8,11,15,19,24,27,30,32,32,32,30,27,24,21,18,15,12,9,7,5,3,2,2,1,2,2,3,4,6,9,12,16,20,23,27,29,32,32,32,31,29,27,23,20,18,16,16,16,17,20,23,27,29,32,33,34
34,34,33,30,27,24,20,16,13,10,8,6,4,3,2,1,1,1,1,1,1,0,0,0,0,0,0,0,0,0,0,0,0,0,0,0,0,0,0,0,0,0,0,0,0,0,0,0,0,0,0,0,0,0,0,0,0,1,1,3,5,6,6,8,10,15,17,17,16,14,13,11,8,5,4,3,1,1,1,0,0,0,0,0,0,0,0,0,0,0,0,0,0,0,0,0,0,0,0,0,0,0,0,0,0,0,0,0,0,0,0,0,0,0,0,0,0,0,0,0,0,0,0,0,0,0,0,0,0,0,0,0,0,0,0,0,0,0,1,1,1,1,2,4,6,8,12,16,20,24,27,30,32,33,32,30,28,25,22,19,15,12,9,7,5,4,3,2,2,2,2,3,5,7,10,13,16,20,24,27,30,32,33,33,32,30,27,24,21,19,17,17,17,18,21,24,27,30,32,34,34,34,33,31,28,24,20,16,13,10,8,6,4,3,2,1,1,1,1,1,1,0,0,0,0,0,0,0,0,0,0,0,0,0,0,0,0,0,0,0,0,0,0,0,0,0,0,0,0,0,0,0,0,0,0,0,0,1,1,3,5,6,6,8,10,15,17,17,16,14,13,11,8,5,4,3,1,1,1,0,0,0,0,0,0,0,0,0,0,0,0,0,0,0,0,0,0,0,0,0,0,0,0,0,0,0,0,0,0,0,0,0,0,0,0,0,0,0,0,0,0,0,0,0,0,0,0,0,0,0,0,0,0,0,0,0,0,0,1,1,1,1,2,4,6,8,12,16,20,24,27,30,32,33,32,30,28,25,22,19,15,12,9,7,5,4,3,2,2,2,2,3,5,7,10,13,16,20,23,27,30,32,33,33,32,30,27,24,21,19,17,16,17,18,21,24,27,30,32,34
34,34,34,33,31,28,25,21,17,14,11,9,6,5,3,2,2,1,1,1,1,1,1,0,0,0,0,0,0,0,0,0,0,0,0,0,0,0,0,0,0,0,0,0,0,0,0,0,0,0,0,0,0,0,0,0,0,1,2,3,5,7,7,9,11,15,18,17,16,14,13,11,8,5,4,2,1,1,1,0,0,0,0,0,0,0,0,0,0,0,0,0,0,0,0,0,0,0,0,0,0,0,0,0,0,0,0,0,0,0,0,0,0,0,0,0,0,0,0,0,0,0,0,0,0,0,0,0,0,0,0,0,0,0,0,0,0,0,0,1,1,1,1,2,4,6,9,13,17,20,24,28,30,32,33,32,31,29,26,23,19,16,13,10,8,6,4,3,2,2,2,2,3,5,7,10,13,16,20,23,27,30,32,33,33,32,30,28,25,22,20,18,17,18,19,22,24,27,30,32,34,35,34,33,31,28,25,21,17,14,11,9,6,5,3,2,2,1,1,1,1,1,1,0,0,0,0,0,0,0,0,0,0,0,0,0,0,0,0,0,0,0,0,0,0,0,0,0,0,0,0,0,0,0,0,0,0,1,2,3,5,7,7,9,11,15,18,17,16,14,13,11,8,5,4,2,1,1,1,0,0,0,0,0,0,0,0,0,0,0,0,0,0,0,0,0,0,0,0,0,0,0,0,0,0,0,0,0,0,0,0,0,0,0,0,0,0,0,0,0,0,0,0,0,0,0,0,0,0,0,0,0,0,0,0,0,0,0,0,1,1,1,1,2,4,6,9,13,17,20,24,28,30,32,33,32,31,28,26,23,19,16,13,10,8,6,4,3,2,2,2,2,3,5,7,10,13,16,20,23,27,30,32,33,33,32,30,27,24,22,20,18,17,18,19,22,24,27,30,32
32,34,35,35,34,32,29,25,21,18,15,12,9,7,5,4,3,2,1,1,1,1,1,1,0,0,0,0,0,0,0,0,0,0,0,0,0,0,0,0,0,0,0,0,0,0,0,0,0,0,0,0,0,0,0,0,0,1,2,4,5,7,7,9,11,16,18,17,16,14,13,11,7,5,4,2,1,1,1,0,0,0,0,0,0,0,0,0,0,0,0,0,0,0,0,0,0,0,0,0,0,0,0,0,0,0,0,0,0,0,0,0,0,0,0,0,0,0,0,0,0,0,0,0,0,0,0,0,0,0,0,0,0,0,0,0,0,0,0,0,1,1,1,2,3,4,6,9,13,17,20,24,28,31,33,33,33,31,30,27,24,20,17,14,11,8,6,4,3,3,2,2,3,4,5,7,10,13,16,20,24,27,30,32,34,34,33,31,28,26,23,21,19,18,19,20,22,24,27,30,32,34,35,35,34,32,29,26,22,18,15,12,9,7,5,4,3,2,1,1,1,1,1,1,0,0,0,0,0,0,0,0,0,0,0,0,0,0,0,0,0,0,0,0,0,0,0,0,0,0,0,0,0,0,0,0,0,1,2,4,5,7,7,9,11,16,18,17,16,14,13,11,7,5,4,2,1,1,1,0,0,0,0,0,0,0,0,0,0,0,0,0,0,0,0,0,0,0,0,0,0,0,0,0,0,0,0,0,0,0,0,0,0,0,0,0,0,0,0,0,0,0,0,0,0,0,0,0,0,0,0,0,0,0,0,0,0,0,0,0,1,1,1,2,3,4,6,9,13,17,20,24,28,31,33,33,33,31,30,27,24,20,17,14,11,8,6,4,3,3,2,2,3,4,5,7,10,13,16,20,23,27,30,32,34,34,33,31,28,25,23,21,19,18,19,20,22,24,27,30
30,32,34,35,35,34,32,29,26,23,19,16,13,10,8,6,4,3,3,2,1,1,1,1,1,1,0,0,0,0,0,0,0,0,0,0,0,0,0,0,0,0,0,0,0,0,0,0,0,0,0,0,0,0,0,0,0,1,2,4,6,7,7,10,12,17,19,17,16,14,13,10,7,5,3,2,1,1,0,0,0,0,0,0,0,0,0,0,0,0,0,0,0,0,0,0,0,0,0,0,0,0,0,0,0,0,0,0,0,0,0,0,0,0,0,0,0,0,0,0,0,0,0,0,0,0,0,0,0,0,0,0,0,0,0,0,0,0,0,0,0,1,1,1,2,3,5,7,10,13,17,21,24,28,31,33,33,33,32,30,28,24,21,18,14,11,9,7,5,4,3,2,2,3,4,6,7,10,13,16,20,23,27,30,32,34,34,33,31,29,27,24,22,20,19,20,21,22,25,27,30,33,34,35,35,34,33,30,26,23,20,16,13,10,8,6,4,3,3,2,1,1,1,1,1,1,0,0,0,0,0,0,0,0,0,0,0,0,0,0,0,0,0,0,0,0,0,0,0,0,0,0,0,0,0,0,0,1,2,4,6,7,7,10,12,17,19,17,16,14,13,10,7,5,3,2,1,1,0,0,0,0,0,0,0,0,0,0,0,0,0,0,0,0,0,0,0,0,0,0,0,0,0,0,0,0,0,0,0,0,0,0,0,0,0,0,0,0,0,0,0,0,0,0,0,0,0,0,0,0,0,0,0,0,0,0,0,0,0,0,0,1,1,1,2,3,5,7,10,13,17,21,24,28,31,33,33,33,32,30,28,24,21,18,14,11,9,7,5,4,3,2,2,3,4,5,7,10,13,16,20,23,27,30,32,34,34,33,31,29,27,24,22,20,19,20,21,22,24,27
27,30,33,34,35,35,35,33,30,27,24,21,17,14,11,9,7,5,4,3,2,2,1,1,1,1,1,1,0,0,0,0,0,0,0,0,0,0,0,0,0,0,0,0,0,0,0,0,0,0,0,0,0,0,0,0,0,1,2,4,6,7,7,10,12,18,19,17,16,14,13,10,6,5,3,2,1,1,0,0,0,0,0,0,0,0,0,0,0,0,0,0,0,0,0,0,0,0,0,0,0,0,0,0,0,0,0,0,0,0,0,0,0,0,0,0,0,0,0,0,0,0,0,0,0,0,0,0,0,0,0,0,0,0,0,0,0,0,0,0,0,0,1,1,1,2,3,5,7,10,13,17,21,25,28,31,33,34,34,33,31,28,25,22,19,15,12,9,7,6,4,3,3,3,3,4,5,7,10,13,16,20,24,27,30,33,34,34,34,32,30,28,25,23,21,20,21,21,23,25,28,30,33,34,36,36,35,33,30,27,24,21,18,14,11,9,7,5,4,3,2,2,1,1,1,1,1,1,0,0,0,0,0,0,0,0,0,0,0,0,0,0,0,0,0,0,0,0,0,0,0,0,0,0,0,0,0,1,2,4,6,7,7,10,12,18,19,17,16,14,13,10,6,5,3,2,1,1,0,0,0,0,0,0,0,0,0,0,0,0,0,0,0,0,0,0,0,0,0,0,0,0,0,0,0,0,0,0,0,0,0,0,0,0,0,0,0,0,0,0,0,0,0,0,0,0,0,0,0,0,0,0,0,0,0,0,0,0,0,0,0,0,1,1,1,2,3,5,7,10,13,17,21,25,28,31,33,34,34,33,31,28,25,22,19,15,12,9,7,5,4,3,3,3,3,4,5,7,10,12,16,20,23,27,30,32,34,34,34,32,30,28,25,23,21,20,20,21,23,25
25,28,30,33,34,36,36,35,34,31,29,25,22,19,15,12,10,8,6,5,4,3,2,1,1,1,1,1,1,1,0,0,0,0,0,0,0,0,0,0,0,0,0,0,0,0,0,0,0,0,0,0,0,0,0,0,0,1,2,5,7,8,8,11,13,18,19,18,16,14,12,9,6,4,3,2,1,1,0,0,0,0,0,0,0,0,0,0,0,0,0,0,0,0,0,0,0,0,0,0,0,0,0,0,0,0,0,0,0,0,0,0,0,0,0,0,0,0,0,0,0,0,0,0,0,0,0,0,0,0,0,0,0,0,0,0,0,0,0,0,0,0,0,1,1,1,2,3,5,7,10,13,17,21,25,28,31,33,34,34,33,32,29,26,23,20,16,13,10,8,6,5,4,3,3,3,4,5,7,10,12,16,20,23,27,30,33,34,35,34,33,31,29,27,24,22,22,22,22,23,25,28,31,33,35,36,36,36,34,32,29,26,22,19,15,12,10,8,6,5,4,3,2,1,1,1,1,1,1,1,0,0,0,0,0,0,0,0,0,0,0,0,0,0,0,0,0,0,0,0,0,0,0,0,0,0,0,1,3,5,7,8,8,11,13,18,19,18,16,14,12,9,6,4,3,2,1,1,0,0,0,0,0,0,0,0,0,0,0,0,0,0,0,0,0,0,0,0,0,0,0,0,0,0,0,0,0,0,0,0,0,0,0,0,0,0,0,0,0,0,0,0,0,0,0,0,0,0,0,0,0,0,0,0,0,0,0,0,0,0,0,0,0,1,1,1,2,3,5,7,10,13,17,21,25,28,31,33,34,34,33,32,29,26,23,20,16,13,10,8,6,5,4,3,3,3,4,5,7,10,12,16,20,23,27,30,32,34,34,34,33,31,29,26,24,22,22,21,22,23
24,26,28,30,33,35,36,36,36,34,33,30,27,23,20,17,14,12,9,7,6,4,3,2,2,1,1,1,1,1,1,1,0,0,0,0,0,0,0,0,0,0,0,0,0,0,0,0,0,0,0,0,0,0,0,0,0,1,3,5,7,8,8,11,14,19,20,18,15,14,12,9,6,4,3,1,1,1,0,0,0,0,0,0,0,0,0,0,0,0,0,0,0,0,0,0,0,0,0,0,0,0,0,0,0,0,0,0,0,0,0,0,0,0,0,0,0,0,0,0,0,0,0,0,0,0,0,0,0,0,0,0,0,0,0,0,0,0,0,0,0,0,0,1,1,1,1,2,3,5,7,10,13,17,21,25,28,31,33,34,34,34,32,30,28,24,21,17,14,11,9,7,6,4,4,3,4,4,5,7,9,12,16,19,23,27,30,33,34,35,35,34,32,30,28,25,24,23,23,23,24,26,28,31,33,35,36,37,36,35,33,30,27,24,20,17,14,12,9,8,6,4,3,2,2,1,1,1,1,1,1,1,0,0,0,0,0,0,0,0,0,0,0,0,0,0,0,0,0,0,0,0,0,0,0,0,0,1,3,5,7,8,8,11,14,19,20,18,15,14,12,9,6,4,3,1,1,1,0,0,0,0,0,0,0,0,0,0,0,0,0,0,0,0,0,0,0,0,0,0,0,0,0,0,0,0,0,0,0,0,0,0,0,0,0,0,0,0,0,0,0,0,0,0,0,0,0,0,0,0,0,0,0,0,0,0,0,0,0,0,0,0,0,1,1,1,1,2,3,5,7,10,13,17,21,25,28,31,33,34,34,34,32,30,27,24,21,17,14,11,9,7,6,4,4,3,4,4,5,7,9,12,16,19,23,27,30,33,34,35,34,34,32,30,27,25,24,23,22,23
24,25,27,28,31,33,35,36,37,36,36,34,31,28,25,21,18,16,13,11,9,7,5,4,3,2,2,1,1,1,1,1,1,1,0,0,0,0,0,0,0,0,0,0,0,0,0,0,0,0,0,0,0,0,0,0,1,1,3,6,8,8,9,11,15,20,20,18,15,14,12,8,6,4,2,1,1,1,0,0,0,0,0,0,0,0,0,0,0,0,0,0,0,0,0,0,0,0,0,0,0,0,0,0,0,0,0,0,0,0,0,0,0,0,0,0,0,0,0,0,0,0,0,0,0,0,0,0,0,0,0,0,0,0,0,0,0,0,0,0,0,0,0,0,1,1,1,1,2,3,5,7,10,13,17,21,24,27,30,32,34,34,34,33,31,28,25,22,18,15,13,10,8,7,5,4,4,4,5,6,7,9,12,15,19,23,26,30,33,34,35,35,34,33,31,29,27,26,24,24,24,25,27,29,31,34,35,37,37,37,36,34,32,29,25,22,19,16,13,11,9,7,5,4,3,2,2,1,1,1,1,1,1,1,0,0,0,0,0,0,0,0,0,0,0,0,0,0,0,0,0,0,0,0,0,0,1,1,3,6,8,8,8,11,15,20,20,18,15,14,12,8,6,4,2,1,1,1,0,0,0,0,0,0,0,0,0,0,0,0,0,0,0,0,0,0,0,0,0,0,0,0,0,0,0,0,0,0,0,0,0,0,0,0,0,0,0,0,0,0,0,0,0,0,0,0,0,0,0,0,0,0,0,0,0,0,0,0,0,0,0,0,0,0,1,1,1,1,2,3,5,7,10,13,17,21,24,27,30,32,34,35,34,33,31,28,25,22,18,15,13,10,8,7,5,4,4,4,5,6,7,9,12,15,19,23,26,30,33,34,35,35,34,33,31,29,27,25,24,24
25,25,26,27,29,31,33,35,37,37,37,36,35,33,30,26,23,21,18,15,12,10,8,6,5,4,3,2,2,1,1,1,1,1,1,1,0,0,0,0,0,0,0,0,0,0,0,0,0,0,0,0,0,0,0,0,1,1,4,6,8,9,9,12,16,21,20,18,16,14,12,8,5,4,2,1,1,1,0,0,0,0,0,0,0,0,0,0,0,0,0,0,0,0,0,0,0,0,0,0,0,0,0,0,0,0,0,0,0,0,0,0,0,0,0,0,0,0,0,0,0,0,0,0,0,0,0,0,0,0,0,0,0,0,0,0,0,0,0,0,0,0,0,0,0,1,1,1,1,2,3,5,7,10,13,17,20,24,27,30,32,34,35,35,34,32,30,26,23,20,17,14,12,9,7,6,5,5,4,5,6,7,9,12,15,19,23,26,30,32,34,35,36,35,34,32,31,29,27,26,25,25,26,27,29,32,34,36,37,38,38,37,35,33,30,27,24,21,18,15,13,10,8,6,5,4,3,2,2,1,1,1,1,1,1,1,0,0,0,0,0,0,0,0,0,0,0,0,0,0,0,0,0,0,0,0,1,1,4,6,8,9,9,12,16,21,20,18,16,14,12,8,5,4,2,1,1,1,0,0,0,0,0,0,0,0,0,0,0,0,0,0,0,0,0,0,0,0,0,0,0,0,0,0,0,0,0,0,0,0,0,0,0,0,0,0,0,0,0,0,0,0,0,0,0,0,0,0,0,0,0,0,0,0,0,0,0,0,0,0,0,0,0,0,0,1,1,1,1,2,3,5,7,10,13,17,20,24,27,30,32,34,35,35,34,32,30,26,23,20,17,14,12,9,7,6,5,5,4,5,6,7,9,12,15,19,22,26,30,32,34,35,35,35,34,32,30,28,27,26
27,27,26,27,28,30,32,34,36,37,38,38,37,36,34,31,29,26,23,20,17,14,12,10,8,6,5,4,3,2,2,1,1,1,1,1,1,1,0,0,0,0,0,0,0,0,0,0,0,0,0,0,0,0,0,0,1,2,4,7,9,9,9,12,17,22,20,18,16,14,11,7,5,3,2,1,1,0,0,0,0,0,0,0,0,0,0,0,0,0,0,0,0,0,0,0,0,0,0,0,0,0,0,0,0,0,0,0,0,0,0,0,0,0,0,0,0,0,0,0,0,0,0,0,0,0,0,0,0,0,0,0,0,0,0,0,0,0,0,0,0,0,0,0,0,0,1,1,1,1,2,3,5,7,10,13,16,19,23,26,29,32,34,35,35,34,33,31,28,25,22,19,16,13,11,9,7,6,5,5,5,6,8,9,12,15,18,22,26,29,32,34,35,36,36,35,34,32,30,29,28,27,27,27,28,30,32,34,36,37,38,38,38,36,34,32,29,26,23,20,17,14,12,10,8,6,5,4,3,2,2,1,1,1,1,1,1,1,0,0,0,0,0,0,0,0,0,0,0,0,0,0,0,0,0,0,1,2,4,7,9,9,9,12,17,22,20,18,16,14,11,7,5,3,2,1,1,0,0,0,0,0,0,0,0,0,0,0,0,0,0,0,0,0,0,0,0,0,0,0,0,0,0,0,0,0,0,0,0,0,0,0,0,0,0,0,0,0,0,0,0,0,0,0,0,0,0,0,0,0,0,0,0,0,0,0,0,0,0,0,0,0,0,0,0,0,1,1,1,1,2,3,5,7,10,13,16,19,23,26,29,32,34,35,35,34,33,31,28,25,22,19,16,13,11,9,7,6,5,5,5,6,8,9,12,15,18,22,26,29,32,34,35,36,35,34,33,32,30,29
30,29,28,28,28,29,30,32,34,36,37,38,39,38,37,35,33,31,28,25,22,19,16,14,11,9,7,6,4,4,3,2,2,1,1,1,1,1,1,1,1,0,0,0,0,0,0,0,0,0,0,0,0,0,0,0,1,2,5,8,9,9,10,12,18,23,21,18,16,14,11,7,5,3,2,1,1,0,0,0,0,0,0,0,0,0,0,0,0,0,0,0,0,0,0,0,0,0,0,0,0,0,0,0,0,0,0,0,0,0,0,0,0,0,0,0,0,0,0,0,0,0,0,0,0,0,0,0,0,0,0,0,0,0,0,0,0,0,0,0,0,0,0,0,0,0,0,1,1,1,1,2,3,5,7,9,12,15,18,22,26,29,32,34,35,35,35,34,32,29,27,24,21,18,15,12,10,9,7,6,6,6,7,8,9,12,15,18,22,25,28,31,34,35,36,36,36,35,34,32,30,29,28,28,28,29,31,33,35,36,38,38,39,39,37,35,34,31,28,26,22,19,16,14,11,9,7,6,4,4,3,2,2,1,1,1,1,1,1,1,1,0,0,0,0,0,0,0,0,0,0,0,0,0,0,0,1,2,5,8,9,9,10,12,19,23,21,18,16,14,11,7,5,3,2,1,1,0,0,0,0,0,0,0,0,0,0,0,0,0,0,0,0,0,0,0,0,0,0,0,0,0,0,0,0,0,0,0,0,0,0,0,0,0,0,0,0,0,0,0,0,0,0,0,0,0,0,0,0,0,0,0,0,0,0,0,0,0,0,0,0,0,0,0,0,0,0,1,1,1,1,2,3,5,7,9,12,15,18,22,26,29,32,34,35,35,35,34,32,29,27,24,21,18,15,12,10,9,7,6,6,6,7,8,9,12,15,18,22,25,28,31,34,35,36,36,35,34,33,32
33,32,31,30,29,29,30,31,33,34,36,37,39,39,39,38,37,35,33,31,28,25,22,18,16,13,11,9,7,6,5,4,3,2,2,1,1,1,1,1,1,1,1,1,0,0,0,0,0,0,0,0,0,0,0,0,1,2,6,9,10,10,10,13,20,23,21,18,16,14,10,7,4,3,1,1,1,0,0,0,0,0,0,0,0,0,0,0,0,0,0,0,0,0,0,0,0,0,0,0,0,0,0,0,0,0,0,0,0,0,0,0,0,0,0,0,0,0,0,0,0,0,0,0,0,0,0,0,0,0,0,0,0,0,0,0,0,0,0,0,0,0,0,0,0,0,0,0,1,1,1,1,2,3,5,7,9,12,14,18,21,25,28,31,33,35,36,35,34,33,31,28,26,23,19,16,14,12,10,9,8,7,7,7,8,10,12,15,18,21,24,28,31,33,35,36,37,36,36,35,34,32,31,30,30,30,30,32,33,35,37,38,39,40,39,38,37,35,33,31,28,25,22,19,16,13,11,9,7,6,5,4,3,2,2,1,1,1,1,1,1,1,1,1,0,0,0,0,0,0,0,0,0,0,0,0,1,2,6,9,10,10,10,13,20,23,21,18,16,14,10,7,4,3,1,1,1,0,0,0,0,0,0,0,0,0,0,0,0,0,0,0,0,0,0,0,0,0,0,0,0,0,0,0,0,0,0,0,0,0,0,0,0,0,0,0,0,0,0,0,0,0,0,0,0,0,0,0,0,0,0,0,0,0,0,0,0,0,0,0,0,0,0,0,0,0,0,0,1,1,1,1,2,3,5,7,9,12,14,18,21,25,28,31,33,35,36,35,34,33,31,28,26,23,19,16,14,12,10,9,8,7,7,7,8,9,12,15,18,21,24,27,31,33,35,36,36,36,35,34
36,35,34,32,32,31,31,31,33,34,35,36,38,39,40,40,39,38,37,35,33,30,27,24,21,18,15,13,10,9,7,6,5,4,3,2,2,1,1,1,1,1,1,1,1,1,0,0,0,0,0,0,0,0,0,0,1,3,7,9,10,10,11,13,21,24,21,18,16,14,10,6,4,2,1,1,1,0,0,0,0,0,0,0,0,0,0,0,0,0,0,0,0,0,0,0,0,0,0,0,0,0,0,0,0,0,0,0,0,0,0,0,0,0,0,0,0,0,0,0,0,0,0,0,0,0,0,0,0,0,0,0,0,0,0,0,0,0,0,0,0,0,0,0,0,0,0,0,0,1,1,1,1,2,3,4,6,8,11,13,17,20,24,27,30,33,35,36,36,35,34,32,30,28,24,21,19,16,14,12,10,9,8,8,8,8,10,12,14,17,20,23,27,30,33,35,36,37,37,37,36,35,34,33,32,31,31,32,33,34,35,37,38,40,40,40,40,39,37,35,33,30,27,24,21,18,15,13,10,9,7,6,5,4,3,2,2,2,1,1,1,1,1,1,1,1,0,0,0,0,0,0,0,0,0,0,1,3,7,9,10,10,11,13,21,24,21,18,16,14,10,6,4,2,1,1,1,0,0,0,0,0,0,0,0,0,0,0,0,0,0,0,0,0,0,0,0,0,0,0,0,0,0,0,0,0,0,0,0,0,0,0,0,0,0,0,0,0,0,0,0,0,0,0,0,0,0,0,0,0,0,0,0,0,0,0,0,0,0,0,0,0,0,0,0,0,0,0,0,1,1,1,1,2,3,4,6,8,11,13,17,21,24,27,30,33,35,36,36,35,34,32,30,27,24,21,19,16,14,12,10,9,8,8,8,8,10,12,14,17,20,23,27,30,32,34,36,36,37,36
37,37,36,35,34,33,32,32,33,33,34,36,37,38,40,41,41,41,40,39,37,35,32,30,27,24,20,18,15,13,11,9,7,6,5,4,3,3,2,2,1,1,1,1,1,1,1,1,1,0,0,0,0,0,1,1,1,4,8,10,11,11,11,14,22,25,21,18,16,14,9,6,4,2,1,1,1,0,0,0,0,0,0,0,0,0,0,0,0,0,0,0,0,0,0,0,0,0,0,0,0,0,0,0,0,0,0,0,0,0,0,0,0,0,0,0,0,0,0,0,0,0,0,0,0,0,0,0,0,0,0,0,0,0,0,0,0,0,0,0,0,0,0,0,0,0,0,0,0,0,1,1,1,1,2,3,4,6,8,10,13,16,19,23,26,30,32,34,36,36,36,35,34,32,29,26,24,21,19,16,14,12,11,9,9,9,9,10,12,14,17,19,23,26,29,32,34,36,37,38,37,37,36,35,34,33,33,33,33,34,35,36,37,39,40,41,41,41,40,39,37,35,33,30,27,24,21,18,15,13,11,9,8,6,5,4,3,3,2,2,1,1,1,1,1,1,1,1,1,0,0,0,0,0,1,1,1,4,8,10,11,11,11,14,23,25,21,18,16,14,9,6,4,2,1,1,1,0,0,0,0,0,0,0,0,0,0,0,0,0,0,0,0,0,0,0,0,0,0,0,0,0,0,0,0,0,0,0,0,0,0,0,0,0,0,0,0,0,0,0,0,0,0,0,0,0,0,0,0,0,0,0,0,0,0,0,0,0,0,0,0,0,0,0,0,0,0,0,0,0,1,1,1,1,2,3,4,6,8,10,13,16,19,23,26,30,32,34,36,36,36,35,34,32,29,26,24,21,19,16,14,12,11,9,9,9,9,10,12,14,17,19,23,26,29,32,34,35,36,37
37,38,38,37,37,35,35,34,34,34,35,35,36,38,39,40,41,42,42,41,40,39,37,35,32,29,26,23,20,18,15,13,11,9,8,6,5,4,4,3,2,2,2,1,1,1,1,1,1,1,1,1,1,1,1,1,1,4,9,11,12,12,12,15,24,25,21,18,16,13,9,6,4,2,1,1,1,0,0,0,0,0,0,0,0,0,0,0,0,0,0,0,0,0,0,0,0,0,0,0,0,0,0,0,0,0,0,0,0,0,0,0,0,0,0,0,0,0,0,0,0,0,0,0,0,0,0,0,0,0,0,0,0,0,0,0,0,0,0,0,0,0,0,0,0,0,0,0,0,0,0,1,1,1,1,2,3,4,5,7,9,12,15,18,22,25,29,32,34,35,36,37,36,35,33,31,29,27,24,21,19,16,14,13,11,10,10,10,11,12,14,16,19,22,25,29,31,33,35,37,38,38,38,37,37,36,35,34,34,34,35,36,37,38,39,41,42,42,42,42,41,39,37,35,33,30,26,23,20,18,15,13,11,9,8,6,5,4,4,3,2,2,2,1,1,1,1,1,1,1,1,1,1,1,1,1,1,4,9,11,12,12,12,15,24,25,21,18,16,13,9,6,4,2,1,1,1,0,0,0,0,0,0,0,0,0,0,0,0,0,0,0,0,0,0,0,0,0,0,0,0,0,0,0,0,0,0,0,0,0,0,0,0,0,0,0,0,0,0,0,0,0,0,0,0,0,0,0,0,0,0,0,0,0,0,0,0,0,0,0,0,0,0,0,0,0,0,0,0,0,0,1,1,1,1,2,3,4,5,7,9,12,15,18,22,25,29,32,34,35,36,36,36,35,33,31,29,26,24,21,19,16,14,12,11,10,10,10,11,12,14,16,19,22,25,28,31,33,35,36
36,37,38,38,38,38,37,36,36,35,36,36,37,37,39,40,41,42,42,43,43,42,41,39,37,35,32,29,26,23,21,18,16,13,11,10,8,7,6,5,4,3,3,2,2,2,1,1,1,1,1,1,1,1,1,1,1,5,10,12,12,12,12,16,25,25,21,18,16,13,8,5,3,2,1,1,0,0,0,0,0,0,0,0,0,0,0,0,0,0,0,0,0,0,0,0,0,0,0,0,0,0,0,0,0,0,0,0,0,0,0,0,0,0,0,0,0,0,0,0,0,0,0,0,0,0,0,0,0,0,0,0,0,0,0,0,0,0,0,0,0,0,0,0,0,0,0,0,0,0,0,0,1,1,1,1,2,2,3,5,6,9,11,14,17,21,24,28,31,33,35,36,37,37,36,35,33,31,29,27,24,21,19,17,15,13,12,11,11,11,12,14,16,19,21,25,27,30,33,34,36,38,38,39,39,38,37,37,36,36,36,36,37,38,39,40,42,42,43,43,43,42,41,40,38,35,32,29,26,24,21,18,16,14,12,10,8,7,6,5,4,3,3,2,2,2,1,1,1,1,1,1,1,1,1,1,1,5,10,12,12,12,12,16,25,25,21,18,16,13,8,5,3,2,1,1,0,0,0,0,0,0,0,0,0,0,0,0,0,0,0,0,0,0,0,0,0,0,0,0,0,0,0,0,0,0,0,0,0,0,0,0,0,0,0,0,0,0,0,0,0,0,0,0,0,0,0,0,0,0,0,0,0,0,0,0,0,0,0,0,0,0,0,0,0,0,0,0,0,0,0,0,1,1,1,1,2,2,3,5,6,9,11,14,17,21,24,28,31,33,35,36,37,37,36,34,33,31,29,26,24,21,19,17,15,13,12,11,11,11,12,14,16,18,21,25,27,29,32,34
33,35,37,38,39,39,39,38,38,38,37,37,37,38,39,40,41,42,43,43,44,44,43,43,41,39,37,35,32,29,27,24,21,19,16,14,12,11,9,8,7,6,5,4,3,3,2,2,1,1,1,1,1,1,1,1,2,6,11,13,13,13,13,17,27,26,21,18,16,12,8,5,3,2,1,1,0,0,0,0,0,0,0,0,0,0,0,0,0,0,0,0,0,0,0,0,0,0,0,0,0,0,0,0,0,0,0,0,0,0,0,0,0,0,0,0,0,0,0,0,0,0,0,0,0,0,0,0,0,0,0,0,0,0,0,0,0,0,0,0,0,0,0,0,0,0,0,0,0,0,0,0,0,1,1,1,1,1,2,3,4,6,8,10,13,16,20,23,27,30,32,34,36,37,37,37,36,35,33,31,29,27,24,22,19,17,15,14,13,12,13,13,14,16,18,21,23,26,29,31,34,36,37,38,39,39,39,39,38,38,38,38,38,38,39,40,41,42,43,44,44,44,44,43,42,40,38,35,32,30,27,24,22,19,17,14,12,11,9,8,7,6,5,4,3,3,2,2,1,1,1,1,1,1,1,1,2,6,11,13,13,13,13,17,27,26,21,18,16,12,8,5,3,2,1,1,0,0,0,0,0,0,0,0,0,0,0,0,0,0,0,0,0,0,0,0,0,0,0,0,0,0,0,0,0,0,0,0,0,0,0,0,0,0,0,0,0,0,0,0,0,0,0,0,0,0,0,0,0,0,0,0,0,0,0,0,0,0,0,0,0,0,0,0,0,0,0,0,0,0,0,0,0,1,1,1,1,1,2,3,4,6,8,10,13,16,20,23,27,30,32,34,36,37,37,37,36,35,33,31,29,27,24,22,19,17,15,14,13,12,12,13,14,16,18,21,23,26,28,31
30,33,35,36,38,39,39,40,40,39,39,39,39,39,39,40,41,42,43,44,44,45,45,45,44,43,42,40,37,35,33,30,28,25,22,20,17,15,13,12,10,9,7,6,5,5,4,3,3,2,2,2,1,1,1,1,3,8,12,14,14,14,14,19,28,26,21,18,15,12,7,5,3,1,1,1,0,0,0,0,0,0,0,0,0,0,0,0,0,0,0,0,0,0,0,0,0,0,0,0,0,0,0,0,0,0,0,0,0,0,0,0,0,0,0,0,0,0,0,0,0,0,0,0,0,0,0,0,0,0,0,0,0,0,0,0,0,0,0,0,0,0,0,0,0,0,0,0,0,0,0,0,0,0,1,1,1,1,1,2,3,4,5,7,9,12,15,18,22,25,28,31,33,35,37,37,38,37,36,35,34,32,29,27,24,22,20,18,16,15,14,14,14,15,16,19,20,23,25,28,30,33,35,37,38,39,40,40,40,40,40,39,39,39,40,40,41,42,43,44,45,45,46,46,45,44,42,40,38,35,33,31,28,25,22,20,18,16,14,12,10,9,7,6,5,5,4,3,3,2,2,2,1,1,1,1,3,8,12,14,14,14,14,19,28,26,21,18,15,12,7,5,3,1,1,1,0,0,0,0,0,0,0,0,0,0,0,0,0,0,0,0,0,0,0,0,0,0,0,0,0,0,0,0,0,0,0,0,0,0,0,0,0,0,0,0,0,0,0,0,0,0,0,0,0,0,0,0,0,0,0,0,0,0,0,0,0,0,0,0,0,0,0,0,0,0,0,0,0,0,0,0,0,0,1,1,1,1,1,2,3,4,5,7,9,12,15,18,22,25,28,31,33,35,36,37,37,37,36,35,33,31,29,27,24,22,20,18,16,15,14,14,14,15,16,18,20,22,25,27
27,29,32,34,36,37,39,40,40,41,41,41,41,40,41,41,42,42,43,44,45,45,46,47,46,46,45,44,42,41,39,36,34,31,29,26,23,21,19,17,15,13,11,10,8,7,6,5,4,4,3,3,2,2,2,1,4,10,14,15,15,15,14,20,30,26,21,18,15,11,7,4,2,1,1,1,0,0,0,0,0,0,0,0,0,0,0,0,0,0,0,0,0,0,0,0,0,0,0,0,0,0,0,0,0,0,0,0,0,0,0,0,0,0,0,0,0,0,0,0,0,0,0,0,0,0,0,0,0,0,0,0,0,0,0,0,0,0,0,0,0,0,0,0,0,0,0,0,0,0,0,0,0,0,0,1,1,1,1,1,2,2,3,5,6,8,11,14,17,20,23,26,29,32,34,36,37,38,38,37,37,35,34,32,30,27,25,23,20,19,18,17,16,16,16,17,19,20,22,24,27,29,32,34,36,38,39,40,41,41,41,41,41,41,41,41,42,42,43,44,45,46,47,47,47,47,46,45,43,41,39,37,34,32,29,26,24,21,19,17,15,13,11,10,8,7,6,5,4,4,3,3,2,2,2,1,4,10,14,15,15,15,14,20,30,26,21,18,15,11,7,4,2,1,1,1,0,0,0,0,0,0,0,0,0,0,0,0,0,0,0,0,0,0,0,0,0,0,0,0,0,0,0,0,0,0,0,0,0,0,0,0,0,0,0,0,0,0,0,0,0,0,0,0,0,0,0,0,0,0,0,0,0,0,0,0,0,0,0,0,0,0,0,0,0,0,0,0,0,0,0,0,0,0,0,1,1,1,1,1,2,2,3,5,6,8,11,14,17,20,23,26,29,32,34,36,37,38,38,37,36,35,34,32,30,27,25,23,20,19,17,16,16,16,16,17,18,20,22,24
24,26,28,31,33,35,37,39,40,41,41,42,42,42,42,42,43,43,44,44,45,46,47,47,48,48,48,47,46,45,44,42,40,38,35,33,30,28,25,23,21,18,16,14,13,11,10,8,7,6,5,5,4,3,3,3,6,12,16,17,16,16,15,23,31,26,21,18,14,10,7,4,2,1,1,1,0,0,0,0,0,0,0,0,0,0,0,0,0,0,0,0,0,0,0,0,0,0,0,0,0,0,0,0,0,0,0,0,0,0,0,0,0,0,0,0,0,0,0,0,0,0,0,0,0,0,0,0,0,0,0,0,0,0,0,0,0,0,0,0,0,0,0,0,0,0,0,0,0,0,0,0,0,0,0,0,0,1,1,1,1,1,2,3,4,6,8,10,13,16,18,21,24,28,31,33,35,36,37,38,38,38,37,36,34,32,30,28,25,24,22,20,19,18,18,18,18,19,21,22,24,26,29,31,33,35,37,39,40,41,42,42,42,42,42,43,43,43,44,45,46,46,47,48,48,49,48,48,47,46,44,42,40,38,35,33,30,28,26,23,21,19,16,14,13,11,10,8,7,6,5,5,4,4,3,3,6,12,16,17,16,16,15,23,31,26,21,18,14,10,7,4,2,1,1,1,0,0,0,0,0,0,0,0,0,0,0,0,0,0,0,0,0,0,0,0,0,0,0,0,0,0,0,0,0,0,0,0,0,0,0,0,0,0,0,0,0,0,0,0,0,0,0,0,0,0,0,0,0,0,0,0,0,0,0,0,0,0,0,0,0,0,0,0,0,0,0,0,0,0,0,0,0,0,0,0,0,1,1,1,1,1,2,3,4,6,8,10,13,16,18,21,24,28,30,33,35,36,37,38,38,38,37,35,34,32,30,28,25,23,22,20,19,18,18,18,18,19,20,22
22,24,26,28,30,32,34,37,38,40,41,42,42,43,43,44,44,44,45,45,46,46,47,48,49,49,50,50,50,49,48,47,46,44,42,39,37,34,32,30,27,25,22,20,18,16,14,13,11,10,9,8,7,6,5,4,9,15,18,18,18,17,16,25,32,26,21,18,14,10,6,4,2,1,1,1,1,0,0,0,0,0,0,0,0,0,0,0,0,0,0,0,0,0,0,0,0,0,0,0,0,0,0,0,0,0,0,0,0,0,0,0,0,0,0,0,0,0,0,0,0,0,0,0,0,0,0,0,0,0,0,0,0,0,0,0,0,0,0,0,0,0,0,0,0,0,0,0,0,0,0,0,0,0,0,0,0,0,1,1,1,1,1,2,3,4,5,7,9,11,14,17,19,23,26,29,31,34,35,36,38,38,38,38,37,36,35,33,31,29,27,25,24,22,21,20,20,20,20,21,23,24,26,28,30,33,35,37,39,40,41,42,43,43,44,44,44,44,45,45,46,47,48,49,49,50,50,50,50,49,48,47,46,44,42,40,37,35,33,30,28,25,23,20,18,16,14,13,11,10,9,8,7,6,5,4,9,15,18,18,18,17,16,25,32,26,21,18,14,10,6,4,2,1,1,1,1,0,0,0,0,0,0,0,0,0,0,0,0,0,0,0,0,0,0,0,0,0,0,0,0,0,0,0,0,0,0,0,0,0,0,0,0,0,0,0,0,0,0,0,0,0,0,0,0,0,0,0,0,0,0,0,0,0,0,0,0,0,0,0,0,0,0,0,0,0,0,0,0,0,0,0,0,0,0,0,0,0,1,1,1,1,1,2,3,4,5,7,9,11,14,16,19,23,26,29,31,33,35,36,37,38,38,38,37,36,34,33,30,29,27,25,23,22,21,20,20,20,20,21
22,23,25,26,28,30,32,34,36,38,39,41,42,43,44,44,45,45,46,46,47,47,48,49,49,50,51,51,52,52,51,51,50,49,47,45,43,41,39,37,34,32,30,27,25,23,21,18,16,15,13,12,10,9,8,7,12,19,21,21,20,19,17,28,33,26,22,17,13,9,6,3,2,1,1,1,1,0,0,0,0,0,0,0,0,0,0,0,0,0,0,0,0,0,0,0,0,0,0,0,0,0,0,0,0,0,0,0,0,0,0,0,0,0,0,0,0,0,0,0,0,0,0,0,0,0,0,0,0,0,0,0,0,0,0,0,0,0,0,0,0,0,0,0,0,0,0,0,0,0,0,0,0,0,0,0,0,0,0,1,1,1,1,1,2,2,3,5,6,8,10,12,15,18,21,24,27,29,31,33,35,37,38,38,39,38,38,36,35,34,32,30,29,27,25,24,23,22,22,22,23,24,25,26,28,30,32,34,36,38,40,41,42,43,44,45,45,45,46,46,47,48,48,49,50,51,51,52,52,52,52,51,50,49,48,46,44,42,40,37,35,32,30,27,25,23,21,18,16,15,13,12,10,9,8,7,13,19,21,21,20,18,17,28,33,26,22,17,13,9,6,3,2,1,1,1,1,0,0,0,0,0,0,0,0,0,0,0,0,0,0,0,0,0,0,0,0,0,0,0,0,0,0,0,0,0,0,0,0,0,0,0,0,0,0,0,0,0,0,0,0,0,0,0,0,0,0,0,0,0,0,0,0,0,0,0,0,0,0,0,0,0,0,0,0,0,0,0,0,0,0,0,0,0,0,0,0,0,0,1,1,1,1,1,2,2,3,5,6,8,10,12,15,18,21,24,26,29,31,33,35,37,38,38,38,38,37,36,35,33,32,30,28,26,25,24,23,22,22,22
24,24,25,26,27,28,30,32,34,36,37,39,40,42,43,44,45,45,46,47,48,48,49,49,50,51,52,52,53,53,54,54,54,53,52,51,49,48,46,44,42,39,37,35,32,30,28,25,23,21,19,17,15,14,12,11,17,23,25,24,22,21,19,31,34,27,22,17,13,9,6,3,2,1,1,1,1,1,1,1,1,1,1,0,0,0,0,0,0,0,0,0,0,0,0,0,0,0,0,0,0,0,0,0,0,0,0,0,0,0,0,0,0,0,0,0,0,0,0,0,0,0,0,0,0,0,0,0,0,0,0,0,0,0,0,0,0,0,0,0,0,0,0,0,0,0,0,0,0,0,0,0,0,0,0,0,0,0,0,0,0,1,1,1,1,1,2,3,4,5,7,8,11,13,16,19,21,24,27,29,32,34,35,37,38,39,39,39,38,37,36,35,33,32,30,29,27,26,25,25,25,25,25,26,27,29,30,32,34,36,38,40,41,42,44,45,45,46,47,47,48,48,49,50,51,52,52,53,54,54,54,54,54,53,53,51,50,48,46,44,42,40,37,35,33,30,28,25,23,21,19,17,16,14,12,11,17,23,25,24,22,21,19,31,34,27,22,17,13,9,6,3,2,1,1,1,1,1,1,1,1,1,1,0,0,0,0,0,0,0,0,0,0,0,0,0,0,0,0,0,0,0,0,0,0,0,0,0,0,0,0,0,0,0,0,0,0,0,0,0,0,0,0,0,0,0,0,0,0,0,0,0,0,0,0,0,0,0,0,0,0,0,0,0,0,0,0,0,0,0,0,0,0,0,0,0,0,0,0,0,0,1,1,1,1,1,2,3,4,5,7,8,10,13,16,19,21,24,26,29,31,34,35,37,38,38,39,38,38,37,36,34,33,31,30,28,27,26,25,24
28,27,27,27,27,28,29,31,32,34,35,37,39,40,42,44,44,45,46,47,48,49,49,50,51,52,53,53,54,55,55,56,56,56,56,55,54,53,52,50,49,47,44,42,40,38,35,33,30,28,26,24,22,20,18,16,23,28,29,27,25,23,21,35,35,27,22,17,13,9,6,3,2,1,1,1,1,1,1,1,1,1,1,1,1,1,1,1,1,1,0,0,0,0,0,0,0,0,0,0,0,0,0,0,0,0,0,0,0,0,0,0,0,0,0,0,0,0,0,0,0,0,0,0,0,0,0,0,0,0,0,0,0,0,0,0,0,0,0,0,0,0,0,0,0,0,0,0,0,0,0,0,0,0,0,0,0,0,0,0,0,0,1,1,1,1,1,2,2,3,4,6,7,9,11,14,16,19,21,24,27,29,32,34,35,37,38,39,39,39,39,38,37,36,34,33,32,31,30,29,28,27,27,27,28,28,30,31,33,34,36,38,39,41,43,44,45,46,47,48,49,49,50,51,51,52,53,54,55,55,56,56,56,57,56,56,55,54,53,51,49,47,45,43,40,38,35,33,31,29,26,24,22,20,18,16,23,29,29,27,25,23,21,35,35,27,22,17,13,9,6,3,2,1,1,1,1,1,1,1,1,1,1,1,1,1,1,1,1,1,0,0,0,0,0,0,0,0,0,0,0,0,0,0,0,0,0,0,0,0,0,0,0,0,0,0,0,0,0,0,0,0,0,0,0,0,0,0,0,0,0,0,0,0,0,0,0,0,0,0,0,0,0,0,0,0,0,0,0,0,0,0,0,0,0,0,0,0,0,0,0,0,1,1,1,1,1,2,2,3,4,6,7,9,11,14,16,19,21,24,26,29,31,33,35,37,38,39,39,39,38,38,37,35,34,33,32,30,29,28
32,31,30,30,29,30,30,31,32,33,34,36,37,39,41,42,43,44,46,47,48,49,50,50,51,52,53,54,55,56,57,58,58,58,59,58,58,58,57,56,55,53,52,50,48,46,44,41,39,37,34,32,30,28,25,23,31,34,34,32,29,27,24,39,37,28,22,17,13,9,6,4,2,2,1,1,1,1,1,1,1,1,1,1,1,1,1,1,1,1,1,1,1,1,1,1,1,1,1,1,1,0,0,0,0,0,0,0,0,0,0,0,0,0,0,0,0,0,0,0,0,0,0,0,0,0,0,0,0,0,0,0,0,0,0,0,0,0,0,0,0,0,0,0,0,0,0,0,0,0,0,0,0,0,0,0,0,0,0,0,0,0,0,1,1,1,1,1,1,2,3,4,5,6,8,10,12,14,16,18,21,24,27,29,31,33,35,37,38,39,39,39,39,39,38,37,36,35,34,33,32,31,31,30,30,30,31,31,32,34,35,36,37,39,41,43,44,45,46,47,48,49,50,51,52,53,54,54,56,56,57,58,58,59,59,59,59,59,58,57,56,54,52,50,48,46,44,41,39,37,35,33,30,28,26,23,31,35,34,32,29,27,24,39,37,28,22,17,13,9,6,4,2,2,1,1,1,1,1,1,1,1,1,1,1,1,1,1,1,1,1,1,1,1,1,1,1,1,1,1,1,0,0,0,0,0,0,0,0,0,0,0,0,0,0,0,0,0,0,0,0,0,0,0,0,0,0,0,0,0,0,0,0,0,0,0,0,0,0,0,0,0,0,0,0,0,0,0,0,0,0,0,0,0,0,0,0,0,0,0,0,0,0,1,1,1,1,1,1,2,3,4,5,6,8,10,12,14,16,18,21,24,26,29,31,33,35,37,38,39,39,39,39,38,37,36,35,34,34,32
35,35,34,33,33,32,32,32,33,34,34,35,36,38,39,41,42,43,45,46,48,49,49,50,52,53,54,54,56,57,58,59,59,60,61,61,61,61,61,60,60,59,58,57,55,54,52,50,47,46,43,41,39,36,34,31,39,42,40,37,34,31,29,43,38,29,23,17,13,10,7,4,3,2,2,2,2,2,1,1,1,1,1,1,1,1,1,1,1,1,1,1,1,1,1,1,1,1,1,1,1,1,1,1,1,1,1,1,1,1,1,1,1,0,0,0,0,0,0,0,0,0,0,0,0,0,0,0,0,0,0,0,0,0,0,0,0,0,0,0,0,0,0,0,0,0,0,0,0,0,0,0,0,0,0,0,0,0,0,0,0,0,0,0,1,1,1,1,1,1,2,2,3,4,5,7,8,10,12,14,16,19,21,24,26,29,31,33,35,37,38,39,39,39,40,39,39,38,38,37,36,35,34,34,33,33,33,33,33,34,35,36,37,38,40,42,43,44,45,47,48,49,50,51,52,53,54,55,56,57,58,59,60,61,61,62,62,62,62,61,61,60,58,57,56,54,52,50,48,46,44,41,39,36,34,32,39,42,40,37,34,31,28,43,38,29,23,17,13,10,7,4,3,2,2,2,2,2,1,1,1,1,1,1,1,1,1,1,1,1,1,1,1,1,1,1,1,1,1,1,1,1,1,1,1,1,1,1,1,1,1,1,1,0,0,0,0,0,0,0,0,0,0,0,0,0,0,0,0,0,0,0,0,0,0,0,0,0,0,0,0,0,0,0,0,0,0,0,0,0,0,0,0,0,0,0,0,0,0,0,0,0,0,0,1,1,1,1,1,1,2,2,3,4,5,7,8,10,12,14,16,19,21,24,26,28,31,33,35,36,38,38,39,39,39,39,38,38,37,36
39,38,38,37,36,35,35,35,35,35,36,36,37,38,39,41,42,42,44,46,47,48,49,50,51,53,54,55,56,57,58,59,60,61,62,63,63,63,64,64,64,64,63,63,62,61,59,58,56,54,53,50,48,45,43,40,48,49,47,43,40,37,34,47,40,30,24,18,14,11,8,5,4,3,3,3,3,3,2,2,2,2,2,2,2,1,1,1,1,1,1,1,1,1,1,1,1,1,1,1,1,1,1,1,1,1,1,1,1,1,1,1,1,1,1,1,1,1,1,1,1,1,1,1,1,1,1,1,1,1,1,1,0,0,0,0,0,0,0,0,0,0,0,0,0,0,0,0,0,0,0,0,0,0,0,0,0,0,0,0,0,0,0,0,0,1,1,1,1,1,1,1,2,2,3,4,5,7,8,10,12,14,16,18,21,23,26,28,31,33,34,36,37,38,39,40,40,40,40,39,39,38,38,37,36,36,36,35,35,36,36,37,37,38,40,41,42,43,45,46,47,49,49,51,52,53,54,55,57,57,59,60,61,62,63,63,64,64,65,65,65,64,64,63,62,61,60,58,56,55,53,51,48,46,44,41,48,50,47,43,40,36,33,47,40,30,24,18,14,11,8,5,4,3,3,3,3,3,2,2,2,2,2,2,2,1,1,1,1,1,1,1,1,1,1,1,1,1,1,1,1,1,1,1,1,1,1,1,1,1,1,1,1,1,1,1,1,1,1,1,1,1,1,1,1,1,1,1,1,1,1,0,0,0,0,0,0,0,0,0,0,0,0,0,0,0,0,0,0,0,0,0,0,0,0,0,0,0,0,0,0,0,0,0,0,1,1,1,1,1,1,1,2,2,3,4,5,7,8,10,12,14,16,18,21,23,26,28,31,33,34,36,37,38,39,39,39,39,39,39
40,40,40,39,39,39,38,38,38,38,38,38,38,39,40,41,42,42,44,45,46,48,48,50,51,52,54,55,56,57,59,60,61,62,63,64,64,65,66,66,67,67,67,67,67,67,66,65,64,63,61,59,57,55,53,50,57,58,54,50,46,43,39,52,42,32,25,19,16,13,9,7,6,5,5,4,4,4,4,4,3,3,3,3,3,2,2,2,2,2,2,2,2,2,2,1,1,1,1,1,1,1,1,1,1,1,1,1,1,1,1,1,1,1,1,1,1,1,1,1,1,1,1,1,1,1,1,1,1,1,1,1,1,1,1,1,1,1,1,1,1,1,1,1,1,1,1,1,1,1,1,1,1,1,1,1,1,1,1,1,1,1,1,1,1,1,1,1,1,1,1,1,1,2,2,3,3,4,5,6,8,10,12,13,16,18,21,23,26,28,30,32,34,35,37,38,39,40,40,40,40,40,40,40,39,39,39,38,38,38,38,38,39,39,40,41,42,43,44,46,47,48,49,50,52,53,54,55,57,58,59,60,61,63,64,65,65,66,67,67,67,67,67,67,67,67,66,65,64,63,61,60,58,56,53,51,57,58,54,50,46,43,39,52,42,32,25,19,16,13,9,7,6,5,5,4,4,4,4,4,3,3,3,3,3,2,2,2,2,2,2,2,2,2,2,1,1,1,1,1,1,1,1,1,1,1,1,1,1,1,1,1,1,1,1,1,1,1,1,1,1,1,1,1,1,1,1,1,1,1,1,1,1,1,1,1,1,1,1,1,1,1,1,1,1,1,1,1,1,1,1,1,1,1,1,1,1,1,1,1,1,1,1,1,1,1,1,1,1,1,1,1,1,2,2,3,3,4,5,6,8,10,11,13,16,18,20,23,25,28,30,32,34,35,36,38,38,39,39,40
40,40,41,41,41,41,41,40,40,40,40,40,40,41,41,42,42,43,44,45,46,47,48,49,51,52,54,55,56,58,59,60,61,62,63,64,65,66,67,68,69,69,70,71,71,71,71,71,70,70,69,67,66,64,62,60,66,65,61,57,53,49,46,56,44,34,27,21,18,15,11,9,8,7,7,6,6,6,6,5,5,5,5,4,4,4,4,4,3,3,3,3,3,3,3,2,2,2,2,2,2,2,2,2,2,2,2,1,1,1,1,1,1,1,1,1,1,1,1,1,1,1,1,1,1,1,1,1,1,1,1,1,1,1,1,1,1,1,1,1,1,1,1,1,1,1,1,1,1,1,1,1,1,1,1,1,1,1,1,1,1,1,1,1,1,1,1,1,1,1,1,1,1,1,1,2,2,3,3,4,5,7,8,10,11,13,15,18,20,22,25,27,29,31,33,35,36,37,38,39,40,40,41,41,41,41,41,41,41,41,41,41,41,41,42,42,43,43,45,46,47,48,49,50,52,53,54,55,57,58,59,61,62,63,64,65,66,67,68,69,70,70,71,71,71,71,71,71,70,70,69,68,67,65,63,61,67,66,61,57,53,49,46,56,44,34,27,21,18,15,11,9,8,7,7,7,6,6,6,5,5,5,5,4,4,4,4,4,3,3,3,3,3,3,3,2,2,2,2,2,2,2,2,2,2,2,2,1,1,1,1,1,1,1,1,1,1,1,1,1,1,1,1,1,1,1,1,1,1,1,1,1,1,1,1,1,1,1,1,1,1,1,1,1,1,1,1,1,1,1,1,1,1,1,1,1,1,1,1,1,1,1,1,1,1,1,1,1,1,1,1,1,1,1,1,2,2,3,3,4,5,7,8,9,11,13,15,18,20,22,24,27,29,31,33,34,35,37,38,38
37,38,39,40,41,41,41,42,42,42,42,42,42,42,43,44,44,44,45,46,47,48,48,49,51,52,53,55,56,58,59,60,61,63,64,65,66,67,68,69,70,71,72,73,74,75,75,75,75,75,75,74,73,72,71,69,74,72,68,64,60,56,53,59,46,35,29,23,20,17,14,12,11,10,10,9,9,8,8,8,8,7,7,7,6,6,6,6,5,5,5,5,4,4,4,4,4,4,4,4,3,3,3,3,3,3,3,3,2,2,2,2,2,2,2,2,2,2,2,2,2,2,2,2,2,2,2,2,2,1,1,1,1,1,1,1,1,1,1,1,1,1,1,1,1,1,1,1,1,1,1,1,1,1,1,1,1,1,1,1,1,1,1,1,1,1,1,1,1,1,1,1,1,1,1,1,2,2,3,3,4,5,6,7,8,10,11,13,15,17,19,21,23,26,28,30,32,34,35,36,37,39,40,40,41,41,42,42,42,42,42,43,43,43,43,44,44,45,46,46,47,48,49,50,52,53,54,55,57,58,59,61,62,63,64,66,67,68,69,70,71,72,73,74,74,75,75,76,76,76,75,75,74,73,72,70,75,73,68,64,60,56,53,59,46,35,29,24,20,17,14,12,11,10,10,9,9,8,8,8,8,7,7,7,6,6,6,6,5,5,5,5,4,4,4,4,4,4,4,4,3,3,3,3,3,3,3,3,2,2,2,2,2,2,2,2,2,2,2,2,2,2,2,2,2,2,2,2,2,1,1,1,1,1,1,1,1,1,1,1,1,1,1,1,1,1,1,1,1,1,1,1,1,1,1,1,1,1,1,1,1,1,1,1,1,1,1,1,1,1,1,1,1,1,1,1,2,2,3,3,4,5,6,7,8,9,11,13,15,17,19,21,23,26,28,30,31,33,34,35
33,35,36,37,39,40,41,41,42,42,43,43,43,44,44,45,45,46,46,47,48,49,49,50,51,52,54,55,56,58,59,60,62,63,64,65,66,67,68,70,71,72,74,75,76,77,78,79,80,80,80,80,79,79,78,77,81,79,74,70,66,63,60,62,47,37,31,26,23,20,17,15,14,13,13,12,12,12,11,11,11,10,10,10,9,9,8,8,8,8,7,7,7,7,6,6,6,6,6,6,5,5,5,5,5,4,4,4,4,4,4,4,4,3,3,3,3,3,3,3,3,3,3,3,3,3,3,3,3,2,2,2,2,2,2,2,2,2,2,2,2,2,2,2,2,2,2,2,2,2,2,2,2,2,2,2,2,2,2,2,2,2,2,2,2,2,2,2,2,1,1,1,1,2,2,2,2,2,2,3,3,4,4,5,6,7,8,10,12,13,15,17,18,21,23,25,27,29,30,32,34,35,37,38,39,40,41,42,42,43,43,44,44,44,45,45,46,46,47,47,48,49,50,51,52,53,54,56,57,58,60,61,62,63,65,66,67,68,69,71,72,73,74,75,76,77,78,79,80,80,80,81,80,80,79,78,82,79,74,70,66,62,59,62,47,37,31,26,23,20,17,15,14,13,13,12,12,12,11,11,11,10,10,10,9,9,8,8,8,8,7,7,7,7,6,6,6,6,6,6,5,5,5,5,5,4,4,4,4,4,4,4,4,3,3,3,3,3,3,3,3,3,3,3,3,3,3,3,3,2,2,2,2,2,2,2,2,2,2,2,2,2,2,2,2,2,2,2,2,2,2,2,2,2,2,2,2,2,2,2,2,2,2,2,2,2,2,2,2,1,1,1,1,2,2,2,2,2,2,3,3,4,4,5,6,7,8,10,11,13,15,17,18,20,22,25,26,28,30,31
29,31,32,34,35,37,38,39,40,41,42,43,43,44,45,46,46,47,47,48,48,49,50,51,52,53,54,55,57,58,60,61,62,63,64,65,66,67,69,70,72,73,75,76,78,79,80,81,82,83,84,84,84,84,84,84,87,83,79,75,71,68,66,65,49,39,33,28,26,23,20,18,17,17,16,16,16,15,15,15,14,14,13,13,13,12,12,11,11,11,11,10,10,10,9,9,9,9,9,8,8,8,8,7,7,7,7,7,6,6,6,6,6,6,6,5,5,5,5,5,5,5,5,5,5,5,5,5,4,4,4,4,4,3,3,3,3,3,3,3,3,3,3,3,3,3,3,3,3,3,3,3,3,3,3,3,3,3,3,3,3,3,3,3,3,3,3,3,3,3,3,3,3,2,3,3,3,3,3,3,3,4,4,5,5,6,7,8,9,10,12,13,15,16,18,20,22,24,25,27,29,31,33,34,36,37,38,40,41,42,42,43,44,45,45,46,46,47,48,48,49,50,50,51,52,53,55,56,57,58,60,61,62,63,65,66,67,69,70,71,73,74,75,77,78,79,81,82,83,84,84,85,85,85,85,85,87,84,79,75,71,68,66,65,49,39,33,28,26,23,20,18,17,17,16,16,16,15,15,15,14,14,13,13,13,12,12,11,11,11,11,10,10,10,9,9,9,9,9,8,8,8,8,7,7,7,7,7,6,6,6,6,6,6,6,5,5,5,5,5,5,5,5,5,5,5,5,5,4,4,4,4,4,3,3,3,3,3,3,3,3,3,3,3,3,3,3,3,3,3,3,3,3,3,3,3,3,3,3,3,3,3,3,3,3,3,3,3,3,3,3,3,3,3,3,3,3,3,3,3,3,4,4,5,5,6,7,8,9,10,12,13,15,16,18,20,22,23,25,27
25,26,28,30,32,33,35,36,38,39,40,41,42,43,44,45,46,47,47,48,49,50,50,51,52,53,54,56,57,58,60,61,62,63,64,65,67,68,69,71,72,74,76,77,79,80,82,83,85,85,86,87,88,88,89,89,91,87,82,79,75,73,71,66,50,40,34,31,28,26,23,22,21,20,20,20,19,19,19,18,18,18,17,17,17,16,16,15,15,15,14,14,14,13,13,13,13,12,12,12,12,11,11,11,11,10,10,10,10,9,9,9,9,9,8,8,8,8,8,8,8,8,8,8,8,8,8,7,7,7,6,6,6,6,6,5,5,5,5,5,5,5,5,5,5,5,5,5,5,5,5,5,5,5,5,5,5,5,5,5,5,5,5,5,5,5,5,5,5,4,4,4,4,4,4,4,4,4,4,4,5,5,5,5,6,6,7,7,8,9,10,11,12,14,15,17,18,20,21,23,25,26,28,30,32,34,35,37,38,39,40,41,43,44,45,46,46,47,48,49,49,50,51,52,53,54,55,56,58,59,60,61,62,64,65,66,67,69,70,72,73,74,76,78,79,81,82,84,85,86,87,88,89,89,90,91,92,88,83,79,75,73,71,66,50,40,34,31,28,26,23,22,21,20,20,20,19,19,19,19,18,18,17,17,17,16,16,15,15,15,14,14,14,13,13,13,13,12,12,12,12,11,11,11,11,10,10,10,10,9,9,9,9,9,8,8,8,8,8,8,8,8,8,8,8,8,8,7,7,7,6,6,6,6,6,5,5,5,5,5,5,5,5,5,5,5,5,5,5,5,5,5,5,5,5,5,5,5,5,5,5,5,5,5,5,5,5,5,5,4,4,4,4,4,4,4,4,4,4,4,5,5,5,5,6,6,7,7,8,9,10,11,12,14,15,16,18,19,21,23
21,23,24,26,28,30,31,33,35,36,37,39,40,41,43,44,45,46,47,48,49,50,50,51,52,53,55,56,57,59,60,61,62,63,64,66,67,68,69,71,73,74,76,78,80,81,83,84,86,87,88,89,90,91,92,93,93,89,85,81,78,77,75,66,50,41,35,33,31,29,26,25,24,24,24,23,23,23,23,22,22,22,21,21,21,20,20,20,19,19,19,19,18,18,18,17,17,17,17,16,16,16,15,15,15,15,14,14,14,14,13,13,13,13,12,12,12,12,12,12,12,12,12,12,12,12,11,11,11,10,10,9,9,9,9,9,9,9,9,9,9,9,9,9,9,9,9,8,8,8,8,8,8,8,8,8,8,8,8,8,8,8,8,8,8,8,7,7,7,7,7,7,7,7,7,7,7,7,7,7,7,7,7,7,7,8,8,9,9,10,10,11,12,13,14,15,16,17,18,20,22,23,25,26,28,30,32,33,35,36,38,39,40,42,43,44,45,46,47,48,49,50,51,52,53,54,55,57,58,59,60,61,63,64,65,66,67,69,70,72,73,75,77,78,80,81,83,85,86,87,88,90,91,92,93,94,94,90,85,81,78,76,75,66,50,41,35,33,31,29,26,25,24,24,24,23,23,23,23,22,22,22,21,21,21,20,20,20,19,19,19,19,18,18,18,17,17,17,17,16,16,16,15,15,15,15,14,14,14,14,13,13,13,13,12,12,12,12,12,12,12,12,12,12,12,12,11,11,11,10,10,9,9,9,9,9,9,9,9,9,9,9,9,9,9,9,9,9,8,8,8,8,8,8,8,8,8,8,8,8,8,8,8,8,8,8,7,7,7,7,7,7,7,7,7,7,7,7,7,7,7,7,7,7,7,8,8,9,9,10,10,11,12,13,14,15,16,17,18,20
20,21,22,24,25,27,29,30,32,33,35,36,38,39,41,42,43,45,46,47,48,49,50,51,52,53,55,56,58,59,60,61,62,63,64,66,67,68,69,71,73,75,76,78,80,82,83,85,87,88,89,90,91,92,94,96,95,90,86,83,80,79,78,65,49,41,36,34,32,31,28,27,27,27,27,27,26,26,26,26,26,26,25,25,25,25,24,24,24,24,23,23,23,23,22,22,22,22,22,21,21,21,20,20,20,19,19,19,19,18,18,18,18,17,17,17,17,17,17,17,17,17,17,17,17,16,16,16,15,15,14,14,13,13,13,13,13,13,13,13,13,13,13,13,13,13,13,13,13,12,12,12,12,12,12,12,12,12,12,12,12,12,11,11,11,11,11,11,11,11,11,11,11,10,10,10,10,10,10,10,10,10,10,11,11,11,11,11,12,12,12,13,13,14,14,15,16,17,18,19,20,21,23,24,26,27,29,31,32,34,35,36,38,40,41,42,44,45,46,47,48,49,50,51,53,54,55,57,58,59,60,61,63,64,65,66,68,69,70,72,74,75,77,79,80,82,84,85,87,88,89,91,92,94,95,97,96,90,86,82,80,78,77,65,49,41,36,34,32,30,28,27,27,27,27,27,26,26,26,26,26,26,25,25,25,25,24,24,24,24,23,23,23,23,22,22,22,22,21,21,21,21,20,20,20,19,19,19,19,18,18,18,18,17,17,17,17,17,17,17,17,17,17,17,17,17,16,16,15,15,14,14,13,13,13,13,13,13,13,13,13,13,13,13,13,13,13,13,13,12,12,12,12,12,12,12,12,12,12,12,12,12,12,12,11,11,11,11,11,11,11,11,11,10,10,10,10,10,10,10,10,10,10,11,11,11,11,11,12,12,12,13,13,14,14,15,16,17,17,19
20,21,22,24,25,26,28,29,31,32,33,34,36,38,39,40,42,43,44,45,47,48,49,50,51,53,54,56,57,59,60,61,62,63,64,66,67,68,69,71,73,75,76,78,80,82,84,85,87,88,89,90,92,93,94,97,95,89,85,83,81,80,79,64,48,40,36,35,34,32,30,29,29,29,29,29,29,29,29,29,29,29,29,29,29,29,28,28,28,28,28,28,27,27,27,27,27,27,27,26,26,26,26,25,25,25,24,24,24,24,23,23,23,23,23,23,23,23,23,22,22,22,22,22,22,22,22,21,21,20,19,19,18,18,18,18,18,18,18,18,18,18,18,18,18,18,18,18,18,18,17,17,17,17,17,17,17,17,17,17,17,17,17,17,17,16,16,16,16,16,16,15,15,15,15,15,15,15,15,15,15,15,15,15,15,15,15,15,16,16,16,16,16,17,17,17,18,18,19,20,21,22,23,24,25,26,28,29,31,32,34,35,36,38,39,41,42,44,45,46,47,48,50,51,52,53,55,56,58,59,60,61,63,64,65,66,67,69,70,72,74,75,77,79,80,82,84,85,87,88,89,91,93,94,96,98,96,90,85,83,80,79,79,63,48,40,36,35,34,32,30,29,29,29,29,29,29,29,29,29,29,29,29,29,29,28,28,28,28,28,28,28,27,27,27,27,27,27,27,26,26,26,26,25,25,25,24,24,24,24,23,23,23,23,23,23,23,23,23,22,22,22,22,22,22,22,22,21,21,20,19,19,18,18,18,18,18,18,18,18,18,18,18,18,18,18,18,18,18,18,17,17,17,17,17,17,17,17,17,17,17,17,17,17,16,16,16,16,16,16,16,15,15,15,15,15,15,15,15,15,15,15,15,15,15,15,15,15,16,16,16,16,16,17,17,17,18,18,19,20
23,24,24,25,26,27,28,30,31,32,33,34,35,37,38,40,41,42,43,44,46,47,48,50,51,52,54,55,57,58,59,60,62,63,64,65,66,67,69,71,72,74,76,78,79,81,83,85,86,87,88,90,91,93,94,96,93,88,84,82,80,80,79,61,46,39,36,35,34,32,31,31,31,31,31,31,31,31,32,32,32,32,32,32,32,32,32,32,32,32,32,32,32,31,31,31,31,31,31,31,31,31,30,30,30,30,30,29,29,29,29,29,28,28,28,28,28,28,28,28,28,28,28,28,28,28,27,27,26,26,25,25,24,24,24,23,23,23,23,23,23,23,23,23,23,23,23,23,23,23,23,23,23,23,23,23,22,22,22,22,22,22,22,22,22,22,22,22,22,22,21,21,21,21,21,21,20,20,20,20,20,21,20,21,21,21,21,21,21,21,21,21,21,21,21,21,21,22,22,23,23,24,25,26,26,27,28,30,31,32,33,34,36,37,38,40,41,43,44,45,46,47,49,50,51,53,54,56,57,59,60,61,62,63,65,66,67,68,70,72,73,75,77,78,80,81,83,85,86,87,89,90,92,94,96,98,94,88,84,81,80,79,79,61,46,39,36,35,34,32,31,31,31,31,31,31,31,31,32,32,32,32,32,32,32,32,32,32,32,32,32,32,32,31,31,31,31,31,31,31,31,31,31,30,30,30,30,29,29,29,29,29,28,28,28,28,28,28,28,28,28,28,28,28,28,28,27,27,26,26,25,25,24,24,24,23,23,23,23,23,23,23,23,23,23,23,23,23,23,23,23,23,23,23,23,23,22,22,22,22,22,22,22,22,22,22,22,22,22,22,21,21,21,21,21,21,21,20,20,20,21,20,21,21,21,21,21,21,21,21,21,21,21,21,21,21,21,22,22,22
27,27,28,29,29,30,31,32,33,33,34,35,36,37,38,40,41,42,43,44,45,47,48,49,50,51,53,55,56,57,59,60,61,62,63,64,66,67,68,70,71,73,75,77,78,80,82,83,85,86,87,88,90,91,93,95,91,85,81,79,78,78,78,57,43,37,35,34,33,32,31,31,31,31,32,32,32,32,33,33,33,33,33,33,34,34,34,34,34,34,34,34,34,34,34,35,34,35,35,35,35,34,34,34,34,34,34,34,34,33,33,33,33,33,33,33,33,33,33,33,33,33,33,33,33,33,33,32,32,31,31,30,30,30,29,29,29,29,29,29,29,29,29,29,29,29,29,29,29,29,29,29,29,29,29,29,29,29,28,28,28,28,28,28,28,28,28,28,28,28,27,27,27,27,27,27,27,26,26,26,26,26,26,27,27,27,27,27,27,27,27,27,26,27,26,26,26,26,27,27,27,28,28,29,29,30,31,32,33,34,34,35,37,38,39,40,41,43,43,45,46,47,49,50,51,52,54,55,57,58,59,60,61,63,64,65,67,68,69,71,72,74,75,77,78,80,82,83,85,86,87,89,90,92,94,96,91,85,81,79,78,77,77,57,43,37,35,34,33,32,31,31,31,31,32,32,32,32,33,33,33,33,33,33,34,34,34,34,34,34,34,34,34,34,34,34,35,35,35,35,34,34,34,34,34,34,34,34,34,33,33,33,33,33,33,33,33,33,33,33,33,33,33,33,33,33,33,32,32,31,31,30,30,30,29,29,29,29,29,29,29,29,29,29,29,29,29,29,29,29,29,29,29,29,29,29,28,28,28,28,28,28,28,28,28,28,28,28,28,28,27,27,27,27,27,27,27,26,26,26,27,26,26,27,27,27,27,27,27,27,27,27,27,26,26,26,26,26,27,27
32,32,32,33,33,33,34,34,35,36,36,37,38,39,40,41,42,43,44,44,45,46,48,49,50,51,52,54,55,56,57,58,60,61,62,63,64,65,67,68,69,71,73,74,76,77,79,80,82,83,84,85,87,88,90,92,86,80,77,76,75,75,75,52,40,35,33,33,32,31,30,30,31,31,31,32,32,32,33,33,33,33,34,34,34,34,34,34,35,35,35,35,36,36,36,37,37,37,37,37,37,37,37,37,37,37,37,37,37,37,37,37,37,37,37,37,37,37,37,37,37,37,37,37,37,37,37,36,36,36,35,35,35,34,34,34,34,34,34,34,34,34,34,34,34,34,34,34,34,34,34,34,34,34,34,34,34,34,34,34,34,34,34,34,34,34,34,34,34,33,33,33,33,32,32,32,32,32,32,32,32,32,32,32,32,32,32,32,32,32,32,32,32,32,32,32,32,32,32,32,32,32,32,33,33,34,34,35,35,36,37,37,38,39,40,41,42,43,44,45,46,47,48,49,50,52,53,54,56,57,58,59,60,61,62,64,65,66,67,69,70,72,73,75,76,78,79,81,82,83,85,86,88,89,91,93,87,81,77,75,75,74,75,52,40,35,33,33,32,31,30,30,31,31,31,32,32,32,33,33,33,33,34,34,34,34,34,34,35,35,35,35,36,36,36,37,37,37,37,37,37,37,37,37,37,37,37,37,37,37,37,37,37,37,37,37,37,37,37,37,37,37,37,37,37,37,37,36,36,36,35,35,35,34,34,34,34,34,34,34,34,34,34,34,34,34,34,34,34,34,34,34,34,34,34,34,34,34,34,34,34,34,34,34,34,34,34,34,33,33,33,33,33,33,32,32,32,32,32,32,32,32,32,32,32,32,32,32,32,32,32,32,32,32,32,32,32,32,32,32
36,36,36,36,36,37,37,38,38,38,39,39,40,41,41,42,43,44,44,45,46,46,48,48,49,50,51,53,54,55,56,57,58,59,60,61,62,63,64,65,67,68,69,71,72,74,75,76,78,79,80,81,82,84,85,87,80,75,72,71,70,70,71,47,36,32,31,30,30,29,29,29,29,30,30,30,31,31,31,32,32,32,33,33,33,33,34,34,34,34,35,35,36,36,36,37,37,37,37,37,38,38,38,38,38,38,38,38,38,38,38,38,38,39,39,39,39,39,39,39,39,39,39,39,39,39,39,39,39,39,38,38,38,38,38,38,38,38,38,38,38,38,38,38,38,38,38,38,38,38,38,38,38,38,38,38,38,38,38,38,38,38,38,38,38,38,38,38,38,38,37,37,37,37,37,37,37,37,37,37,37,37,37,37,37,37,37,37,37,37,37,37,36,36,36,36,36,36,36,36,36,36,36,37,37,37,37,38,38,39,39,40,40,41,42,42,43,44,44,45,46,47,48,49,50,51,52,53,54,55,56,57,58,59,60,62,63,64,65,66,67,69,70,71,73,74,75,77,78,79,80,82,83,85,87,88,81,75,72,71,70,70,70,47,36,32,31,30,30,29,29,29,29,30,30,31,31,31,31,32,32,32,33,33,33,33,34,34,34,34,35,35,36,36,36,37,37,37,37,37,38,38,38,38,38,38,38,38,38,38,38,38,38,39,39,39,39,39,39,39,39,39,39,39,39,39,39,39,39,39,38,38,38,38,38,38,38,38,38,38,38,38,38,38,38,38,38,38,38,38,38,38,38,38,38,38,38,38,38,38,38,38,38,38,38,38,38,38,38,38,37,37,37,37,37,37,37,37,37,37,37,37,37,37,37,37,37,37,37,37,37,37,36,36,36,36,36,36,36,36
39,39,39,39,39,39,39,40,40,40,41,41,41,42,42,43,43,44,44,45,45,46,47,47,48,49,50,51,52,52,53,54,55,56,57,58,58,59,60,61,63,64,65,66,67,69,70,71,72,73,74,75,76,78,79,81,73,68,66,65,65,65,65,41,32,29,28,27,27,27,26,27,27,27,28,28,29,29,29,29,30,30,30,31,31,31,31,32,32,33,33,34,34,34,35,35,36,36,36,36,36,36,37,37,37,37,37,37,37,38,38,38,38,38,39,39,39,39,39,39,39,39,39,39,39,39,39,39,39,39,40,40,40,40,40,40,40,40,40,40,40,40,40,40,40,40,40,40,40,40,40,40,40,40,40,40,40,41,40,41,40,41,40,40,41,40,40,40,40,40,40,40,40,40,40,40,40,40,40,40,40,40,40,40,40,40,40,40,40,40,40,39,39,39,39,39,39,39,39,39,39,39,39,39,40,40,40,40,40,41,41,41,42,42,43,43,44,44,45,45,46,46,47,48,48,49,50,51,52,53,53,54,55,56,57,58,59,60,61,62,63,65,66,67,68,69,70,71,72,73,75,76,77,79,80,82,74,68,66,65,65,65,65,41,32,29,28,28,27,27,26,27,27,27,28,28,29,29,29,30,30,30,30,31,31,31,31,32,32,33,33,33,34,35,35,35,36,36,36,36,36,37,37,37,37,37,37,37,37,38,38,38,38,38,39,39,39,39,39,39,39,39,39,39,39,39,39,39,39,40,40,40,40,40,40,40,40,40,40,40,40,40,40,40,40,40,40,40,40,40,40,40,40,40,40,40,40,40,40,40,40,41,41,41,41,40,40,40,40,40,40,40,40,40,40,40,40,40,40,40,40,40,40,40,40,40,40,40,40,40,40,40,39,39,39,39,39,39,39,39
40,40,40,40,40,40,40,40,40,41,41,41,41,41,42,42,42,43,43,43,44,44,45,45,46,46,47,48,48,49,50,50,51,52,52,53,54,54,55,56,57,58,59,60,61,62,63,64,65,66,67,68,69,70,71,73,65,60,58,58,58,58,59,35,27,25,24,24,24,23,23,24,24,24,25,25,25,26,26,26,26,27,27,27,28,28,28,28,29,29,30,30,31,32,32,33,33,33,33,34,34,34,34,34,34,34,35,35,35,35,35,36,36,36,36,37,37,37,37,37,37,37,37,37,37,37,37,38,38,38,38,39,39,39,39,39,39,39,39,39,39,39,39,39,39,39,39,39,39,39,39,39,40,40,40,40,40,40,40,40,40,40,40,40,40,40,40,40,40,40,40,40,40,40,40,40,40,40,40,40,40,40,40,40,40,40,40,40,40,40,40,40,40,40,40,40,40,40,40,40,40,40,40,40,40,40,40,41,41,41,41,41,42,42,42,42,43,43,43,44,44,45,45,46,46,47,47,48,49,49,50,50,51,52,53,54,54,55,56,57,58,59,60,60,61,62,63,64,65,66,67,68,69,71,72,73,65,61,59,58,58,58,58,35,27,25,24,24,24,23,23,24,24,24,25,25,25,26,26,26,26,27,27,27,28,28,28,28,29,29,30,30,31,32,32,33,33,33,33,34,34,34,34,34,34,34,35,35,35,35,35,36,36,36,36,37,37,37,37,37,37,37,37,37,37,37,37,38,38,38,38,38,39,39,39,39,39,39,39,39,39,39,39,39,39,39,39,39,39,39,39,39,40,40,40,40,40,40,40,40,40,40,40,40,40,40,40,40,40,40,40,40,40,40,40,40,40,40,40,40,40,40,40,40,40,40,40,40,40,40,40,40,40,40,40,40,40,40,40,40
38,38,38,38,38,39,39,39,39,39,39,39,39,39,39,40,40,40,40,41,41,41,41,42,42,42,43,43,44,44,45,45,46,46,47,47,48,48,49,50,50,51,52,53,53,54,55,56,57,58,58,59,60,61,62,63,55,52,50,50,50,50,51,29,23,21,20,20,20,20,20,20,20,21,21,22,22,22,22,22,23,23,23,23,24,24,24,24,25,25,26,26,27,27,28,28,29,29,29,29,30,30,30,30,30,31,31,31,31,31,32,32,32,32,33,33,33,33,33,33,33,33,33,33,33,34,34,34,34,35,35,35,36,36,36,36,36,36,36,36,36,36,36,36,36,36,36,36,36,36,37,37,37,37,38,38,38,38,38,38,38,38,38,38,38,38,38,38,38,38,38,38,38,38,38,38,38,38,38,38,38,38,38,38,38,38,38,38,38,38,38,38,38,39,39,39,39,39,39,39,39,39,39,39,39,39,39,39,39,39,39,39,40,40,40,40,40,40,41,41,41,41,42,42,42,43,43,44,44,45,45,45,46,47,47,48,48,49,50,50,51,52,52,53,54,54,55,56,57,58,59,60,61,62,63,64,56,52,50,50,50,50,50,28,23,21,20,20,20,20,20,20,20,21,21,22,22,22,22,22,23,23,23,23,24,24,24,24,25,25,26,26,27,27,28,28,29,29,29,29,29,30,30,30,30,31,31,31,31,31,32,32,32,32,33,33,33,33,33,33,33,33,33,33,33,34,34,34,34,35,35,35,36,36,36,36,36,36,36,36,36,36,36,36,36,36,36,36,36,36,37,37,37,37,38,38,38,38,38,38,38,38,38,38,38,38,38,38,38,38,38,38,38,38,38,38,38,38,38,38,38,38,38,38,38,38,38,38,38,38,38,38,38,38,39,39,39,39,39,39
35,35,35,35,35,35,35,35,35,35,35,35,35,35,35,36,36,36,36,36,36,36,37,37,37,37,37,38,38,38,39,39,39,40,40,41,41,41,42,42,43,43,44,44,45,46,46,47,47,48,49,50,50,51,52,53,46,42,42,41,42,42,42,23,18,17,17,17,17,16,16,16,17,17,17,18,18,18,18,18,19,19,19,19,19,19,20,20,20,21,21,21,22,23,23,24,24,24,24,24,25,25,25,25,25,25,26,26,26,26,26,27,27,27,27,28,28,28,28,28,28,28,28,28,28,28,29,29,30,30,31,31,31,32,32,32,32,32,32,32,32,32,32,32,32,32,32,32,32,32,32,33,33,33,33,34,34,34,34,34,34,34,34,34,34,34,34,34,34,34,34,34,34,34,34,34,34,34,34,34,34,34,34,34,34,34,34,34,34,34,34,34,35,35,35,35,35,35,35,35,35,35,35,35,35,35,35,35,35,35,35,36,36,36,36,36,36,36,36,36,37,37,37,37,37,38,38,38,38,39,39,39,40,40,41,41,41,42,42,43,43,44,44,45,45,46,46,47,48,48,49,50,51,52,53,54,46,43,42,41,42,42,42,22,18,17,17,17,17,16,16,16,17,17,17,18,18,18,18,18,19,19,19,19,19,19,20,20,20,21,21,21,22,23,23,24,24,24,24,24,25,25,25,25,25,25,26,26,26,26,26,27,27,27,27,28,28,28,28,28,28,28,28,28,28,28,29,29,30,30,31,31,31,32,32,32,32,32,32,32,32,32,32,32,32,32,32,32,32,32,32,33,33,33,33,34,34,34,34,34,34,34,34,34,34,34,34,34,34,34,34,34,34,34,34,34,34,34,34,34,34,34,34,34,34,34,34,34,34,34,34,34,35,35,35,35,35,35,35,35
30,30,30,30,30,30,30,30,30,30,30,30,30,30,30,30,31,31,31,31,31,31,31,31,31,31,32,32,32,32,32,33,33,33,33,33,34,34,34,34,35,35,35,36,36,37,37,38,38,39,39,40,40,41,42,43,36,34,33,33,34,34,34,17,14,13,13,13,13,13,13,13,13,13,14,14,14,14,14,14,14,15,15,15,15,15,15,15,16,16,16,17,17,18,18,19,19,19,19,19,19,19,20,20,20,20,20,20,21,21,21,21,21,22,22,22,22,22,22,22,22,22,22,22,22,23,23,23,24,24,25,25,26,26,26,26,26,26,26,26,26,26,26,26,26,26,26,26,27,27,27,27,27,27,28,28,28,28,28,28,28,28,28,28,28,28,28,28,29,29,29,29,29,29,29,29,29,29,29,29,29,29,29,29,29,29,29,29,29,29,29,29,30,30,30,30,30,30,30,30,30,30,30,30,30,30,30,30,31,31,31,31,31,31,31,31,31,31,31,31,31,31,31,31,32,32,32,32,32,32,33,33,33,33,34,34,34,34,34,35,35,35,36,36,36,37,37,38,38,39,40,40,41,42,42,43,36,34,33,33,34,34,34,17,14,13,13,13,13,13,13,13,13,13,14,14,14,14,14,14,14,15,15,15,15,15,15,15,16,16,16,17,17,18,18,19,19,19,19,19,19,19,20,20,20,20,20,21,21,21,21,21,21,22,22,22,22,22,22,22,22,22,22,22,22,23,23,23,24,24,25,25,26,26,26,26,26,26,26,26,26,26,26,26,26,26,26,26,26,27,27,27,27,27,28,28,28,28,28,28,28,28,28,28,28,28,28,28,29,29,29,29,29,29,29,29,29,29,29,29,29,29,29,29,29,29,29,29,29,29,29,29,30,30,30,30,30,30,30,30
24,24,24,24,24,24,24,24,24,24,24,24,24,24,24,24,24,25,25,25,25,25,25,25,25,25,25,25,25,25,25,26,26,26,26,26,26,26,27,27,27,27,27,28,28,28,29,29,29,30,30,31,31,32,32,33,27,26,26,26,26,26,26,12,10,10,10,10,10,9,9,10,10,10,10,10,10,11,11,11,11,11,11,11,11,11,11,11,12,12,12,12,13,13,14,14,14,14,14,14,14,15,15,15,15,15,15,15,16,16,16,16,16,16,16,17,17,17,17,17,17,17,17,17,17,17,17,18,18,19,19,20,20,20,20,20,20,20,20,20,20,20,20,20,20,20,21,21,21,21,21,21,21,21,22,22,22,22,22,22,22,22,22,22,22,22,22,22,22,23,23,23,23,23,23,23,23,23,23,23,23,23,23,23,23,23,23,23,23,23,23,23,24,24,24,24,24,24,24,24,24,24,25,25,25,25,25,25,25,25,25,25,25,25,25,25,25,25,25,25,25,25,25,25,25,25,25,25,25,26,26,26,26,26,26,26,27,27,27,27,27,27,28,28,28,28,29,29,29,30,31,31,32,32,33,33,28,26,26,26,26,26,26,12,10,10,10,10,10,9,9,10,10,10,10,10,10,11,11,11,11,11,11,11,11,11,11,11,12,12,12,12,13,13,14,14,14,14,14,14,14,15,15,15,15,15,15,15,16,16,16,16,16,16,16,17,17,17,17,17,17,17,17,17,17,17,17,18,18,19,19,19,20,20,20,20,20,21,20,21,21,20,20,20,20,21,21,21,21,21,21,21,21,21,22,22,22,22,22,22,22,22,22,22,22,22,22,22,22,23,23,23,23,23,23,23,23,23,23,23,23,23,23,23,23,23,23,23,23,23,23,23,24,24,24,24,24,24,24,24
18,18,18,18,18,18,18,18,18,18,18,18,18,18,18,18,18,19,19,19,19,19,19,19,19,19,19,19,19,19,19,19,19,19,19,19,19,20,20,20,20,20,20,20,20,21,21,21,21,22,22,23,23,23,24,24,20,19,19,19,19,19,19,9,7,7,7,7,7,7,7,7,7,7,7,7,7,7,8,8,8,8,8,8,8,8,8,8,8,8,9,9,9,9,10,10,10,10,10,10,10,10,10,11,11,11,11,11,11,11,11,11,11,12,12,12,12,12,12,12,12,12,12,12,12,12,12,13,13,14,14,14,15,15,15,15,15,15,15,15,15,15,15,15,15,15,15,15,15,15,15,15,16,16,16,16,16,16,16,16,16,16,16,16,16,16,16,17,17,17,17,17,17,17,17,17,17,17,17,17,17,17,17,17,17,17,17,17,17,17,17,18,18,18,18,18,18,18,18,19,19,19,19,19,19,19,19,19,19,19,19,19,19,19,19,19,19,19,19,19,19,19,19,19,19,19,19,19,19,19,19,19,19,19,20,20,20,20,20,20,20,20,20,20,21,21,21,21,21,22,22,23,23,24,24,24,20,19,19,19,19,19,19,9,7,7,7,7,7,7,7,7,7,7,7,7,7,7,8,8,8,8,8,8,8,8,8,8,8,8,9,9,9,9,10,10,10,10,10,10,10,10,10,11,11,11,11,11,11,11,11,11,11,12,12,12,12,12,12,12,12,12,12,12,12,12,12,13,13,14,14,14,15,15,15,15,15,15,15,15,15,15,15,15,15,15,15,15,15,15,15,15,16,16,16,16,16,16,16,16,16,16,16,16,16,16,16,17,17,17,17,17,17,17,17,17,17,17,17,17,17,17,17,17,17,17,17,17,17,17,18,18,18,18,18,18,18,18,18,18
13,13,13,13,13,13,13,13,13,13,13,13,13,13,13,13,13,13,13,13,13,13,13,13,13,13,13,13,13,13,13,13,14,14,14,14,14,14,14,14,14,14,14,14,14,14,15,15,15,15,16,16,16,16,17,17,14,13,13,13,13,14,14,6,5,5,5,5,5,5,5,5,5,5,5,5,5,5,5,5,5,5,5,5,5,5,5,5,6,6,6,6,6,6,6,7,7,7,7,7,7,7,7,7,7,7,7,7,7,7,8,8,8,8,8,8,8,8,8,8,8,8,8,8,8,8,8,9,9,9,10,10,10,10,10,10,10,10,10,10,10,10,10,10,10,10,10,10,10,11,11,11,11,11,11,11,11,11,11,11,11,11,11,11,11,11,12,12,12,12,12,12,12,12,12,12,12,12,12,12,12,12,12,12,12,12,12,12,12,12,12,12,13,13,13,13,13,13,13,13,13,13,13,13,13,13,13,13,13,13,13,13,13,13,13,13,13,13,13,13,13,13,13,13,13,13,13,13,13,13,14,14,14,14,14,14,14,14,14,14,14,14,14,14,14,14,15,15,15,15,16,16,16,16,17,17,14,13,13,13,13,13,14,6,5,5,5,5,5,5,5,5,5,5,5,5,5,5,5,5,5,5,5,5,5,5,5,5,6,6,6,6,6,6,6,7,7,7,7,7,7,7,7,7,7,7,7,7,7,8,8,8,8,8,8,8,8,8,8,8,8,8,8,8,8,8,8,9,9,9,10,10,10,10,10,10,10,10,10,10,10,10,10,10,10,10,10,10,10,11,11,11,11,11,11,11,11,11,11,11,11,11,11,11,11,11,12,12,12,12,12,12,12,12,12,12,12,12,12,12,12,12,12,12,12,12,12,12,12,12,12,12,13,13,13,13,13,13,13,13
9,9,9,9,9,9,9,9,9,9,9,9,9,9,9,9,9,9,9,9,9,9,9,9,9,9,9,9,9,9,9,9,9,9,9,9,9,9,9,9,9,9,9,9,9,9,10,10,10,10,10,10,11,11,11,11,9,8,9,9,9,9,9,4,3,3,3,3,3,3,3,3,3,3,3,3,3,3,3,3,3,3,3,3,3,3,3,3,4,4,4,4,4,4,4,4,4,4,4,4,4,4,4,5,5,5,5,5,5,5,5,5,5,5,5,5,5,5,5,5,5,5,5,5,5,5,5,6,6,6,6,6,7,7,7,7,7,7,7,7,7,7,7,7,7,7,7,7,7,7,7,7,7,7,7,7,7,7,7,7,7,7,7,7,7,7,8,8,8,8,8,8,8,8,8,8,8,8,8,8,8,8,8,8,8,8,8,8,8,8,8,8,8,8,9,9,9,9,9,9,9,9,9,9,9,9,9,9,9,9,9,9,9,9,9,9,9,9,9,9,9,9,9,9,9,9,9,9,9,9,9,9,9,9,9,9,9,9,9,9,9,9,9,9,9,9,10,10,10,10,10,10,11,11,11,11,9,8,9,9,9,9,9,4,3,3,3,3,3,3,3,3,3,3,3,3,3,3,3,3,3,3,3,3,3,3,3,3,4,4,4,4,4,4,4,4,4,4,4,4,4,4,4,5,5,5,5,5,5,5,5,5,5,5,5,5,5,5,5,5,5,5,5,5,5,5,5,6,6,6,6,6,7,7,7,7,7,7,7,7,7,7,7,7,7,7,7,7,7,7,7,7,7,7,7,7,7,7,7,7,7,7,7,7,7,7,8,8,8,8,8,8,8,8,8,8,8,8,8,8,8,8,8,8,8,8,8,8,8,8,8,8,8,8,9,9,9,9,9,9
6,6,6,6,6,6,6,6,6,6,6,6,6,6,6,6,6,6,6,6,6,6,6,6,6,6,6,6,6,6,6,6,6,6,6,6,6,6,6,6,6,6,6,6,6,6,6,6,6,6,6,7,7,7,7,7,5,5,5,6,6,6,6,2,2,2,2,2,2,2,2,2,2,2,2,2,2,2,2,2,2,2,2,2,2,2,2,2,2,2,2,2,2,2,3,3,3,3,3,3,3,3,3,3,3,3,3,3,3,3,3,3,3,3,3,3,3,3,3,3,3,3,3,3,3,3,3,3,4,4,4,4,4,4,4,4,4,4,4,4,4,4,4,4,4,4,4,4,4,4,4,4,4,4,5,5,5,5,5,5,5,5,5,5,5,5,5,5,5,5,5,5,5,5,5,5,5,5,5,5,5,5,5,5,5,5,5,5,5,5,5,5,5,5,5,5,6,6,6,6,6,6,6,6,6,6,6,6,6,6,6,6,6,6,6,6,6,6,6,6,6,6,6,6,6,6,6,6,6,6,6,6,6,6,6,6,6,6,6,6,6,6,6,6,6,6,6,6,6,6,6,7,7,7,7,7,6,5,5,6,6,6,6,2,2,2,2,2,2,2,2,2,2,2,2,2,2,2,2,2,2,2,2,2,2,2,2,2,2,2,2,2,2,2,3,3,3,3,3,3,3,3,3,3,3,3,3,3,3,3,3,3,3,3,3,3,3,3,3,3,3,3,3,3,3,3,3,3,4,4,4,4,4,4,4,4,4,4,4,4,4,4,4,4,4,4,4,4,4,4,4,4,4,4,5,5,5,5,5,5,5,5,5,5,5,5,5,5,5,5,5,5,5,5,5,5,5,5,5,5,5,5,5,5,5,5,5,5,5,5,5,5,5,5,5,5,6,6,6,6
3,3,3,3,3,3,3,3,3,3,3,3,3,3,3,3,3,3,3,3,3,3,3,3,3,3,3,3,3,3,3,3,3,3,3,3,3,3,3,3,3,3,3,3,3,3,4,4,4,4,4,4,4,4,4,4,3,3,3,3,3,3,4,1,1,1,1,1,1,1,1,1,1,1,1,1,1,1,1,1,1,1,1,1,1,1,1,1,1,1,1,1,1,1,1,2,2,2,2,2,2,2,2,2,2,2,2,2,2,2,2,2,2,2,2,2,2,2,2,2,2,2,2,2,2,2,2,2,2,2,2,2,2,2,2,2,2,2,2,2,2,2,2,2,2,2,2,2,2,3,3,3,3,3,3,3,3,3,3,3,3,3,3,3,3,3,3,3,3,3,3,3,3,3,3,3,3,3,3,3,3,3,3,3,3,3,3,3,3,3,3,3,3,3,3,3,3,3,3,3,3,3,3,3,3,3,3,3,3,3,3,3,3,3,3,3,3,3,3,3,3,3,3,3,3,3,3,3,3,3,3,3,3,3,3,3,3,3,3,3,3,3,3,3,3,3,4,4,4,4,4,4,4,4,4,4,3,3,3,3,3,3,4,1,1,1,1,1,1,1,1,1,1,1,1,1,1,1,1,1,1,1,1,1,1,1,1,1,1,1,1,1,1,1,1,2,2,2,2,2,2,2,2,2,2,2,2,2,2,2,2,2,2,2,2,2,2,2,2,2,2,2,2,2,2,2,2,2,2,2,2,2,2,2,2,2,2,2,2,2,2,2,2,2,2,2,2,2,2,3,3,3,3,3,3,3,3,3,3,3,3,3,3,3,3,3,3,3,3,3,3,3,3,3,3,3,3,3,3,3,3,3,3,3,3,3,3,3,3,3,3,3,3,3,3,3,3,3,3,3
2,2,2,2,2,2,2,2,2,2,2,2,2,2,2,2,2,2,2,2,2,2,2,2,2,2,2,2,2,2,2,2,2,2,2,2,2,2,2,2,2,2,2,2,2,2,2,2,2,2,2,2,2,2,2,2,2,2,2,2,2,2,2,1,1,1,1,1,1,1,1,1,1,1,1,1,1,1,1,1,1,1,1,1,1,1,1,1,1,1,1,1,1,1,1,1,1,1,1,1,1,1,1,1,1,1,1,1,1,1,1,1,1,1,1,1,1,1,1,1,1,1,1,1,1,1,1,1,1,1,1,1,1,1,1,1,1,1,1,1,1,1,1,1,1,1,1,1,1,1,1,1,1,1,2,2,2,2,2,2,2,2,2,2,2,2,2,2,2,2,2,2,2,2,2,2,2,2,2,2,2,2,2,2,2,2,2,2,2,2,2,2,2,2,2,2,2,2,2,2,2,2,2,2,2,2,2,2,2,2,2,2,2,2,2,2,2,2,2,2,2,2,2,2,2,2,2,2,2,2,2,2,2,2,2,2,2,2,2,2,2,2,2,2,2,2,2,2,2,2,2,2,2,2,2,2,2,2,2,2,2,2,2,1,1,1,1,1,1,1,1,1,1,1,1,1,1,1,1,1,1,1,1,1,1,1,1,1,1,1,1,1,1,1,1,1,1,1,1,1,1,1,1,1,1,1,1,1,1,1,1,1,1,1,1,1,1,1,1,1,1,1,1,1,1,1,1,1,1,1,1,1,1,1,1,1,1,1,1,1,1,1,1,1,1,1,1,1,1,1,1,1,1,1,2,2,2,2,2,2,2,2,2,2,2,2,2,2,2,2,2,2,2,2,2,2,2,2,2,2,2,2,2,2,2,2,2,2,2,2,2,2,2,2,2,2,2,2,2,2
1,1,1,1,1,1,1,1,1,1,1,1,1,1,1,1,1,1,1,1,1,1,1,1,1,1,1,1,1,1,1,1,1,1,1,1,1,1,1,1,1,1,1,1,1,1,1,1,1,1,1,1,1,1,1,1,1,1,1,1,1,1,1,1,1,1,1,1,1,1,1,1,1,1,1,1,1,1,1,1,1,1,1,1,1,1,1,1,1,1,1,1,1,1,1,1,1,1,1,1,1,1,1,1,1,1,1,1,1,1,1,1,1,1,1,1,1,1,1,1,1,1,1,1,1,1,1,1,1,1,1,1,1,1,1,1,1,1,1,1,1,1,1,1,1,1,1,1,1,1,1,1,1,1,1,1,1,1,1,1,1,1,1,1,1,1,1,1,1,1,1,1,1,1,1,1,1,1,1,1,1,1,1,1,1,1,1,1,1,1,1,1,1,1,1,1,1,1,1,1,1,1,1,1,1,1,1,1,1,1,1,1,1,1,1,1,1,1,1,1,1,1,1,1,1,1,1,1,1,1,1,1,1,1,1,1,1,1,1,1,1,1,1,1,1,1,1,1,1,1,1,1,1,1,1,1,1,1,1,1,1,1,1,1,1,1,1,1,1,1,1,1,1,1,1,1,1,1,1,1,1,1,1,1,1,1,1,1,1,1,1,1,1,1,1,1,1,1,1,1,1,1,1,1,1,1,1,1,1,1,1,1,1,1,1,1,1,1,1,1,1,1,1,1,1,1,1,1,1,1,1,1,1,1,1,1,1,1,1,1,1,1,1,1,1,1,1,1,1,1,1,1,1,1,1,1,1,1,1,1,1,1,1,1,1,1,1,1,1,1,1,1,1,1,1,1,1,1,1,1,1,1,1,1,1,1,1,1,1,1,1,1,1,1,1,1,1,1,1,1
1,1,1,1,1,1,1,1,1,1,1,1,1,1,1,1,1,1,1,1,1,1,1,1,1,1,1,1,1,1,1,1,1,1,1,1,1,1,1,1,1,1,1,1,1,1,1,1,1,1,1,1,1,1,1,1,1,1,1,1,1,1,1,1,1,1,1,1,1,1,1,1,1,1,1,1,1,1,1,1,1,1,1,1,1,1,1,1,1,1,1,1,1,1,1,1,1,1,1,1,1,1,1,1,1,1,1,1,1,1,1,1,1,1,1,1,1,1,1,1,1,1,1,1,1,1,1,1,1,1,1,1,1,1,1,1,1,1,1,1,1,1,1,1,1,1,1,1,1,1,1,1,1,1,1,1,1,1,1,1,1,1,1,1,1,1,1,1,1,1,1,1,1,1,1,1,1,1,1,1,1,1,1,1,1,1,1,1,1,1,1,1,1,1,1,1,1,1,1,1,1,1,1,1,1,1,1,1,1,1,1,1,1,1,1,1,1,1,1,1,1,1,1,1,1,1,1,1,1,1,1,1,1,1,1,1,1,1,1,1,1,1,1,1,1,1,1,1,1,1,1,1,1,1,1,1,1,1,1,1,1,1,1,1,1,1,1,1,1,1,1,1,1,1,1,1,1,1,1,1,1,1,1,1,1,1,1,1,1,1,1,1,1,1,1,1,1,1,1,1,1,1,1,1,1,1,1,1,1,1,1,1,1,1,1,1,1,1,1,1,1,1,1,1,1,1,1,1,1,1,1,1,1,1,1,1,1,1,1,1,1,1,1,1,1,1,1,1,1,1,1,1,1,1,1,1,1,1,1,1,1,1,1,1,1,1,1,1,1,1,1,1,1,1,1,1,1,1,1,1,1,1,1,1,1,1,1,1,1,1,1,1,1,1,1,1,1,1,1,1
1,1,1,1,1,1,1,1,1,1,1,1,1,1,1,1,1,1,1,1,1,1,1,1,1,1,1,1,1,1,1,1,1,1,1,1,1,1,1,1,1,1,1,1,1,1,1,1,1,1,1,1,1,1,1,1,1,1,1,1,1,1,1,0,0,0,0,0,0,0,0,0,0,0,0,0,0,0,0,0,0,0,0,0,0,0,0,0,0,0,0,0,0,0,0,0,0,0,0,0,0,0,0,0,0,0,0,0,0,0,0,0,0,0,0,0,0,0,0,0,0,0,0,0,0,0,0,0,0,0,0,1,1,1,1,1,1,1,1,1,1,1,1,1,1,1,1,1,1,1,1,1,1,1,1,1,1,1,1,1,1,1,1,1,1,1,1,1,1,1,1,1,1,1,1,1,1,1,1,1,1,1,1,1,1,1,1,1,1,1,1,1,1,1,1,1,1,1,1,1,1,1,1,1,1,1,1,1,1,1,1,1,1,1,1,1,1,1,1,1,1,1,1,1,1,1,1,1,1,1,1,1,1,1,1,1,1,1,1,1,1,1,1,1,1,1,1,1,1,1,1,1,1,1,1,1,1,1,1,1,1,1,1,0,0,0,0,0,0,0,0,0,0,0,0,0,0,0,0,0,0,0,0,0,0,0,0,0,0,0,0,0,0,0,0,0,0,0,0,0,0,0,0,0,0,0,0,0,0,0,0,0,0,0,0,0,0,0,0,0,0,0,0,0,0,0,0,0,0,0,0,1,1,1,1,1,1,1,1,1,1,1,1,1,1,1,1,1,1,1,1,1,1,1,1,1,1,1,1,1,1,1,1,1,1,1,1,1,1,1,1,1,1,1,1,1,1,1,1,1,1,1,1,1,1,1,1,1,1,1,1,1,1,1,1,1,1,1,1,1
